solid OpenSCAD_Model
  facet normal -0.9914448613738103 -0.13052619222005207 0
    outer loop
      vertex 83.19999999999999 8 8
      vertex 83.19999999999999 8 2
      vertex 83.31074106456052 7.158838103416808 2
    endloop
  endfacet
  facet normal -0.9238795325112851 -0.38268343236509395 0
    outer loop
      vertex 83.31074106456052 7.158838103416808 8
      vertex 83.31074106456052 7.158838103416808 2
      vertex 83.63541743770057 6.375 2
    endloop
  endfacet
  facet normal -0.7933533402912406 -0.6087614290087134 0
    outer loop
      vertex 83.63541743770057 6.375 8
      vertex 83.63541743770057 6.375 2
      vertex 84.1519029611437 5.70190296114372 2
    endloop
  endfacet
  facet normal -0.6087614290087173 -0.7933533402912376 0
    outer loop
      vertex 84.82499999999999 5.185417437700575 8
      vertex 84.1519029611437 5.70190296114372 2
      vertex 84.82499999999999 5.185417437700575 2
    endloop
  endfacet
  facet normal -0.38268343236508756 -0.9238795325112875 0
    outer loop
      vertex 85.6088381034168 4.8607410645605285 8
      vertex 84.82499999999999 5.185417437700575 2
      vertex 85.6088381034168 4.8607410645605285 2
    endloop
  endfacet
  facet normal -0.9914448613738105 0.13052619222005196 0
    outer loop
      vertex 83.31074106456052 8.841161896583193 8
      vertex 83.31074106456052 8.841161896583193 2
      vertex 83.19999999999999 8 2
    endloop
  endfacet
  facet normal -0.9238795325112849 0.3826834323650943 0
    outer loop
      vertex 83.63541743770057 9.625 8
      vertex 83.63541743770057 9.625 2
      vertex 83.31074106456052 8.841161896583193 2
    endloop
  endfacet
  facet normal -0.7933533402912406 0.6087614290087134 0
    outer loop
      vertex 84.1519029611437 10.29809703885628 8
      vertex 84.1519029611437 10.29809703885628 2
      vertex 83.63541743770057 9.625 2
    endloop
  endfacet
  facet normal -0.6087614290087168 0.7933533402912382 0
    outer loop
      vertex 84.1519029611437 10.29809703885628 8
      vertex 84.82499999999999 10.814582562299424 2
      vertex 84.1519029611437 10.29809703885628 2
    endloop
  endfacet
  facet normal -0.3826834323650885 0.9238795325112872 0
    outer loop
      vertex 84.82499999999999 10.814582562299424 8
      vertex 85.6088381034168 11.139258935439472 2
      vertex 84.82499999999999 10.814582562299424 2
    endloop
  endfacet
  facet normal -0.13052619222005277 -0.9914448613738103 0
    outer loop
      vertex 86.44999999999999 4.75 8
      vertex 85.6088381034168 4.8607410645605285 2
      vertex 86.44999999999999 4.75 2
    endloop
  endfacet
  facet normal 0.13052619222005277 -0.9914448613738103 0
    outer loop
      vertex 87.29116189658318 4.8607410645605285 8
      vertex 86.44999999999999 4.75 2
      vertex 87.29116189658318 4.8607410645605285 2
    endloop
  endfacet
  facet normal 0.38268343236508756 -0.9238795325112875 0
    outer loop
      vertex 88.07499999999999 5.185417437700575 8
      vertex 87.29116189658318 4.8607410645605285 2
      vertex 88.07499999999999 5.185417437700575 2
    endloop
  endfacet
  facet normal 0.6087614290087173 -0.7933533402912376 0
    outer loop
      vertex 88.74809703885627 5.70190296114372 8
      vertex 88.07499999999999 5.185417437700575 2
      vertex 88.74809703885627 5.70190296114372 2
    endloop
  endfacet
  facet normal -0.13052619222005277 0.9914448613738103 0
    outer loop
      vertex 85.6088381034168 11.139258935439472 8
      vertex 86.44999999999999 11.25 2
      vertex 85.6088381034168 11.139258935439472 2
    endloop
  endfacet
  facet normal 0.13052619222005277 0.9914448613738103 0
    outer loop
      vertex 86.44999999999999 11.25 8
      vertex 87.29116189658318 11.139258935439472 2
      vertex 86.44999999999999 11.25 2
    endloop
  endfacet
  facet normal 0.3826834323650885 0.9238795325112872 0
    outer loop
      vertex 87.29116189658318 11.139258935439472 8
      vertex 88.07499999999999 10.814582562299424 2
      vertex 87.29116189658318 11.139258935439472 2
    endloop
  endfacet
  facet normal 0.6087614290087168 0.7933533402912382 0
    outer loop
      vertex 88.07499999999999 10.814582562299424 8
      vertex 88.74809703885627 10.29809703885628 2
      vertex 88.07499999999999 10.814582562299424 2
    endloop
  endfacet
  facet normal 0.7933533402912406 -0.6087614290087134 0
    outer loop
      vertex 88.74809703885627 5.70190296114372 8
      vertex 88.74809703885627 5.70190296114372 2
      vertex 89.26458256229941 6.375 2
    endloop
  endfacet
  facet normal 0.9238795325112851 -0.38268343236509395 0
    outer loop
      vertex 89.26458256229941 6.375 8
      vertex 89.26458256229941 6.375 2
      vertex 89.58925893543946 7.158838103416808 2
    endloop
  endfacet
  facet normal 0.9914448613738103 -0.13052619222005207 0
    outer loop
      vertex 89.58925893543946 7.158838103416808 8
      vertex 89.58925893543946 7.158838103416808 2
      vertex 89.69999999999999 8 2
    endloop
  endfacet
  facet normal 0.7933533402912406 0.6087614290087134 0
    outer loop
      vertex 89.26458256229941 9.625 8
      vertex 89.26458256229941 9.625 2
      vertex 88.74809703885627 10.29809703885628 2
    endloop
  endfacet
  facet normal 0.9238795325112849 0.3826834323650943 0
    outer loop
      vertex 89.58925893543946 8.841161896583193 8
      vertex 89.58925893543946 8.841161896583193 2
      vertex 89.26458256229941 9.625 2
    endloop
  endfacet
  facet normal 0.9914448613738105 0.13052619222005196 0
    outer loop
      vertex 89.69999999999999 8 8
      vertex 89.69999999999999 8 2
      vertex 89.58925893543946 8.841161896583193 2
    endloop
  endfacet
  facet normal -0.9914448613738103 -0.13052619222005207 1.0174596565736002e-18
    outer loop
      vertex 83.19999999999999 8 8
      vertex 83.31074106456052 7.158838103416808 2
      vertex 83.31074106456052 7.158838103416808 8
    endloop
  endfacet
  facet normal -0.9238795325112851 -0.38268343236509395 -6.759956586744756e-19
    outer loop
      vertex 83.31074106456052 7.158838103416808 8
      vertex 83.63541743770057 6.375 2
      vertex 83.63541743770057 6.375 8
    endloop
  endfacet
  facet normal -0.7933533402912406 -0.6087614290087134 4.7918816893443756e-18
    outer loop
      vertex 83.63541743770057 6.375 8
      vertex 84.1519029611437 5.70190296114372 2
      vertex 84.1519029611437 5.70190296114372 8
    endloop
  endfacet
  facet normal -0.6087614290087173 -0.7933533402912376 0
    outer loop
      vertex 84.1519029611437 5.70190296114372 8
      vertex 84.1519029611437 5.70190296114372 2
      vertex 84.82499999999999 5.185417437700575 8
    endloop
  endfacet
  facet normal -0.38268343236508756 -0.9238795325112875 0
    outer loop
      vertex 84.82499999999999 5.185417437700575 8
      vertex 84.82499999999999 5.185417437700575 2
      vertex 85.6088381034168 4.8607410645605285 8
    endloop
  endfacet
  facet normal -0.9914448613738105 0.13052619222005196 0
    outer loop
      vertex 83.19999999999999 8 8
      vertex 83.31074106456052 8.841161896583193 8
      vertex 83.19999999999999 8 2
    endloop
  endfacet
  facet normal -0.9238795325112849 0.3826834323650943 0
    outer loop
      vertex 83.31074106456052 8.841161896583193 8
      vertex 83.63541743770057 9.625 8
      vertex 83.31074106456052 8.841161896583193 2
    endloop
  endfacet
  facet normal -0.7933533402912406 0.6087614290087134 0
    outer loop
      vertex 83.63541743770057 9.625 8
      vertex 84.1519029611437 10.29809703885628 8
      vertex 83.63541743770057 9.625 2
    endloop
  endfacet
  facet normal -0.6087614290087168 0.7933533402912382 -2.4855754028990104e-18
    outer loop
      vertex 84.1519029611437 10.29809703885628 8
      vertex 84.82499999999999 10.814582562299424 8
      vertex 84.82499999999999 10.814582562299424 2
    endloop
  endfacet
  facet normal -0.3826834323650885 0.9238795325112872 -1.412588464466895e-18
    outer loop
      vertex 84.82499999999999 10.814582562299424 8
      vertex 85.6088381034168 11.139258935439472 8
      vertex 85.6088381034168 11.139258935439472 2
    endloop
  endfacet
  facet normal -0.13052619222005277 -0.9914448613738103 0
    outer loop
      vertex 85.6088381034168 4.8607410645605285 8
      vertex 85.6088381034168 4.8607410645605285 2
      vertex 86.44999999999999 4.75 8
    endloop
  endfacet
  facet normal 0.13052619222005277 -0.9914448613738103 0
    outer loop
      vertex 86.44999999999999 4.75 8
      vertex 86.44999999999999 4.75 2
      vertex 87.29116189658318 4.8607410645605285 8
    endloop
  endfacet
  facet normal 0.38268343236508756 -0.9238795325112875 0
    outer loop
      vertex 87.29116189658318 4.8607410645605285 8
      vertex 87.29116189658318 4.8607410645605285 2
      vertex 88.07499999999999 5.185417437700575 8
    endloop
  endfacet
  facet normal 0.6087614290087173 -0.7933533402912376 0
    outer loop
      vertex 88.07499999999999 5.185417437700575 8
      vertex 88.07499999999999 5.185417437700575 2
      vertex 88.74809703885627 5.70190296114372 8
    endloop
  endfacet
  facet normal -0.13052619222005277 0.9914448613738103 5.170083738957161e-19
    outer loop
      vertex 85.6088381034168 11.139258935439472 8
      vertex 86.44999999999999 11.25 8
      vertex 86.44999999999999 11.25 2
    endloop
  endfacet
  facet normal 0.13052619222005277 0.9914448613738103 -5.170083738957161e-19
    outer loop
      vertex 86.44999999999999 11.25 8
      vertex 87.29116189658318 11.139258935439472 8
      vertex 87.29116189658318 11.139258935439472 2
    endloop
  endfacet
  facet normal 0.3826834323650885 0.9238795325112872 1.412588464466895e-18
    outer loop
      vertex 87.29116189658318 11.139258935439472 8
      vertex 88.07499999999999 10.814582562299424 8
      vertex 88.07499999999999 10.814582562299424 2
    endloop
  endfacet
  facet normal 0.6087614290087168 0.7933533402912382 2.4855754028990104e-18
    outer loop
      vertex 88.07499999999999 10.814582562299424 8
      vertex 88.74809703885627 10.29809703885628 8
      vertex 88.74809703885627 10.29809703885628 2
    endloop
  endfacet
  facet normal 0.7933533402912406 -0.6087614290087134 -4.7918816893443756e-18
    outer loop
      vertex 88.74809703885627 5.70190296114372 8
      vertex 89.26458256229941 6.375 2
      vertex 89.26458256229941 6.375 8
    endloop
  endfacet
  facet normal 0.9238795325112851 -0.38268343236509395 6.759956586744756e-19
    outer loop
      vertex 89.26458256229941 6.375 8
      vertex 89.58925893543946 7.158838103416808 2
      vertex 89.58925893543946 7.158838103416808 8
    endloop
  endfacet
  facet normal 0.9914448613738103 -0.13052619222005207 -1.0174596565736002e-18
    outer loop
      vertex 89.58925893543946 7.158838103416808 8
      vertex 89.69999999999999 8 2
      vertex 89.69999999999999 8 8
    endloop
  endfacet
  facet normal 0.7933533402912406 0.6087614290087134 0
    outer loop
      vertex 88.74809703885627 10.29809703885628 8
      vertex 89.26458256229941 9.625 8
      vertex 88.74809703885627 10.29809703885628 2
    endloop
  endfacet
  facet normal 0.9914448613738105 0.13052619222005196 0
    outer loop
      vertex 89.58925893543946 8.841161896583193 8
      vertex 89.69999999999999 8 8
      vertex 89.58925893543946 8.841161896583193 2
    endloop
  endfacet
  facet normal 0.9238795325112849 0.3826834323650943 0
    outer loop
      vertex 89.26458256229941 9.625 8
      vertex 89.58925893543946 8.841161896583193 8
      vertex 89.26458256229941 9.625 2
    endloop
  endfacet
  facet normal 0 0 1
    outer loop
      vertex 83.31074106456052 7.158838103416808 8
      vertex 83.63541743770057 6.375 8
      vertex 83.31074106456052 8.841161896583193 8
    endloop
  endfacet
  facet normal 0 0 1
    outer loop
      vertex 83.63541743770057 6.375 8
      vertex 84.1519029611437 5.70190296114372 8
      vertex 83.63541743770057 9.625 8
    endloop
  endfacet
  facet normal 0 0 1
    outer loop
      vertex 84.1519029611437 5.70190296114372 8
      vertex 84.82499999999999 5.185417437700575 8
      vertex 84.1519029611437 10.29809703885628 8
    endloop
  endfacet
  facet normal 0 0 1
    outer loop
      vertex 84.82499999999999 5.185417437700575 8
      vertex 85.6088381034168 4.8607410645605285 8
      vertex 85.31862915010151 6.8686291501015235 8
    endloop
  endfacet
  facet normal 0 0 1
    outer loop
      vertex 84.82499999999999 5.185417437700575 8
      vertex 85.31862915010151 6.8686291501015235 8
      vertex 84.97179274798194 7.387706508215857 8
    endloop
  endfacet
  facet normal 0 0 1
    outer loop
      vertex 84.82499999999999 5.185417437700575 8
      vertex 84.97179274798194 7.387706508215857 8
      vertex 84.85 8 8
    endloop
  endfacet
  facet normal 0 0 1
    outer loop
      vertex 85.31862915010151 6.8686291501015235 8
      vertex 85.6088381034168 4.8607410645605285 8
      vertex 85.83770650821585 6.521792747981941 8
    endloop
  endfacet
  facet normal 0 0 1
    outer loop
      vertex 83.19999999999999 8 8
      vertex 83.31074106456052 7.158838103416808 8
      vertex 83.31074106456052 8.841161896583193 8
    endloop
  endfacet
  facet normal 0 0 1
    outer loop
      vertex 83.31074106456052 8.841161896583193 8
      vertex 83.63541743770057 6.375 8
      vertex 83.63541743770057 9.625 8
    endloop
  endfacet
  facet normal 0 0 1
    outer loop
      vertex 83.63541743770057 9.625 8
      vertex 84.1519029611437 5.70190296114372 8
      vertex 84.1519029611437 10.29809703885628 8
    endloop
  endfacet
  facet normal 0 0 1
    outer loop
      vertex 84.1519029611437 10.29809703885628 8
      vertex 84.82499999999999 5.185417437700575 8
      vertex 84.82499999999999 10.814582562299424 8
    endloop
  endfacet
  facet normal 0 0 1
    outer loop
      vertex 84.82499999999999 5.185417437700575 8
      vertex 84.85 8 8
      vertex 84.82499999999999 10.814582562299424 8
    endloop
  endfacet
  facet normal 0 0 1
    outer loop
      vertex 84.85 8 8
      vertex 84.97179274798194 8.612293491784143 8
      vertex 84.82499999999999 10.814582562299424 8
    endloop
  endfacet
  facet normal 0 0 1
    outer loop
      vertex 84.82499999999999 10.814582562299424 8
      vertex 84.97179274798194 8.612293491784143 8
      vertex 85.31862915010151 9.131370849898476 8
    endloop
  endfacet
  facet normal 0 0 1
    outer loop
      vertex 84.82499999999999 10.814582562299424 8
      vertex 85.31862915010151 9.131370849898476 8
      vertex 85.83770650821585 9.47820725201806 8
    endloop
  endfacet
  facet normal 0 0 1
    outer loop
      vertex 84.82499999999999 10.814582562299424 8
      vertex 85.83770650821585 9.47820725201806 8
      vertex 85.6088381034168 11.139258935439472 8
    endloop
  endfacet
  facet normal 0 0 1
    outer loop
      vertex 85.6088381034168 4.8607410645605285 8
      vertex 86.44999999999999 4.75 8
      vertex 85.83770650821585 6.521792747981941 8
    endloop
  endfacet
  facet normal 0 0 1
    outer loop
      vertex 85.83770650821585 6.521792747981941 8
      vertex 86.44999999999999 4.75 8
      vertex 86.44999999999999 6.4 8
    endloop
  endfacet
  facet normal 0 0 1
    outer loop
      vertex 86.44999999999999 4.75 8
      vertex 87.29116189658318 4.8607410645605285 8
      vertex 86.44999999999999 6.4 8
    endloop
  endfacet
  facet normal 0 0 1
    outer loop
      vertex 86.44999999999999 6.4 8
      vertex 87.29116189658318 4.8607410645605285 8
      vertex 87.06229349178413 6.521792747981941 8
    endloop
  endfacet
  facet normal 0 0 1
    outer loop
      vertex 87.06229349178413 6.521792747981941 8
      vertex 87.29116189658318 4.8607410645605285 8
      vertex 88.07499999999999 5.185417437700575 8
    endloop
  endfacet
  facet normal 0 0 1
    outer loop
      vertex 87.06229349178413 6.521792747981941 8
      vertex 88.07499999999999 5.185417437700575 8
      vertex 87.58137084989846 6.8686291501015235 8
    endloop
  endfacet
  facet normal 0 0 1
    outer loop
      vertex 87.58137084989846 6.8686291501015235 8
      vertex 88.07499999999999 5.185417437700575 8
      vertex 87.92820725201804 7.387706508215857 8
    endloop
  endfacet
  facet normal 0 0 1
    outer loop
      vertex 87.92820725201804 7.387706508215857 8
      vertex 88.07499999999999 5.185417437700575 8
      vertex 88.04999999999998 8 8
    endloop
  endfacet
  facet normal 0 0 1
    outer loop
      vertex 88.07499999999999 5.185417437700575 8
      vertex 88.74809703885627 5.70190296114372 8
      vertex 88.07499999999999 10.814582562299424 8
    endloop
  endfacet
  facet normal 0 0 1
    outer loop
      vertex 85.6088381034168 11.139258935439472 8
      vertex 85.83770650821585 9.47820725201806 8
      vertex 86.44999999999999 9.6 8
    endloop
  endfacet
  facet normal 0 0 1
    outer loop
      vertex 85.6088381034168 11.139258935439472 8
      vertex 86.44999999999999 9.6 8
      vertex 86.44999999999999 11.25 8
    endloop
  endfacet
  facet normal 0 0 1
    outer loop
      vertex 86.44999999999999 9.6 8
      vertex 87.06229349178413 9.47820725201806 8
      vertex 86.44999999999999 11.25 8
    endloop
  endfacet
  facet normal 0 0 1
    outer loop
      vertex 86.44999999999999 11.25 8
      vertex 87.06229349178413 9.47820725201806 8
      vertex 87.29116189658318 11.139258935439472 8
    endloop
  endfacet
  facet normal 0 0 1
    outer loop
      vertex 87.06229349178413 9.47820725201806 8
      vertex 87.58137084989846 9.131370849898476 8
      vertex 87.29116189658318 11.139258935439472 8
    endloop
  endfacet
  facet normal 0 0 1
    outer loop
      vertex 87.29116189658318 11.139258935439472 8
      vertex 87.58137084989846 9.131370849898476 8
      vertex 88.07499999999999 10.814582562299424 8
    endloop
  endfacet
  facet normal 0 0 1
    outer loop
      vertex 88.04999999999998 8 8
      vertex 88.07499999999999 5.185417437700575 8
      vertex 88.07499999999999 10.814582562299424 8
    endloop
  endfacet
  facet normal 0 0 1
    outer loop
      vertex 87.58137084989846 9.131370849898476 8
      vertex 87.92820725201804 8.612293491784143 8
      vertex 88.07499999999999 10.814582562299424 8
    endloop
  endfacet
  facet normal 0 0 1
    outer loop
      vertex 87.92820725201804 8.612293491784143 8
      vertex 88.04999999999998 8 8
      vertex 88.07499999999999 10.814582562299424 8
    endloop
  endfacet
  facet normal 0 0 1
    outer loop
      vertex 88.07499999999999 10.814582562299424 8
      vertex 88.74809703885627 5.70190296114372 8
      vertex 88.74809703885627 10.29809703885628 8
    endloop
  endfacet
  facet normal 0 0 1
    outer loop
      vertex 88.74809703885627 5.70190296114372 8
      vertex 89.26458256229941 6.375 8
      vertex 88.74809703885627 10.29809703885628 8
    endloop
  endfacet
  facet normal 0 0 1
    outer loop
      vertex 89.26458256229941 6.375 8
      vertex 89.58925893543946 7.158838103416808 8
      vertex 89.26458256229941 9.625 8
    endloop
  endfacet
  facet normal 0 0 1
    outer loop
      vertex 88.74809703885627 10.29809703885628 8
      vertex 89.26458256229941 6.375 8
      vertex 89.26458256229941 9.625 8
    endloop
  endfacet
  facet normal 0 0 1
    outer loop
      vertex 89.58925893543946 7.158838103416808 8
      vertex 89.69999999999999 8 8
      vertex 89.58925893543946 8.841161896583193 8
    endloop
  endfacet
  facet normal 0 0 1
    outer loop
      vertex 89.26458256229941 9.625 8
      vertex 89.58925893543946 7.158838103416808 8
      vertex 89.58925893543946 8.841161896583193 8
    endloop
  endfacet
  facet normal -0.9238795325112834 -0.38268343236509805 0
    outer loop
      vertex 83.31074106456052 221.7888381034168 8
      vertex 83.31074106456052 221.7888381034168 2
      vertex 83.63541743770057 221.005 2
    endloop
  endfacet
  facet normal -0.7933533402912359 -0.6087614290087195 0
    outer loop
      vertex 83.63541743770057 221.005 8
      vertex 83.63541743770057 221.005 2
      vertex 84.1519029611437 220.33190296114373 2
    endloop
  endfacet
  facet normal -0.9914448613738106 -0.1305261922200506 0
    outer loop
      vertex 83.19999999999999 222.63 8
      vertex 83.19999999999999 222.63 2
      vertex 83.31074106456052 221.7888381034168 2
    endloop
  endfacet
  facet normal -0.9914448613738106 0.1305261922200506 0
    outer loop
      vertex 83.31074106456052 223.4711618965832 8
      vertex 83.31074106456052 223.4711618965832 2
      vertex 83.19999999999999 222.63 2
    endloop
  endfacet
  facet normal -0.9238795325112834 0.38268343236509805 0
    outer loop
      vertex 83.63541743770057 224.255 8
      vertex 83.63541743770057 224.255 2
      vertex 83.31074106456052 223.4711618965832 2
    endloop
  endfacet
  facet normal -0.7933533402912359 0.6087614290087195 0
    outer loop
      vertex 84.1519029611437 224.92809703885627 8
      vertex 84.1519029611437 224.92809703885627 2
      vertex 83.63541743770057 224.255 2
    endloop
  endfacet
  facet normal -0.608761429008722 -0.793353340291234 0
    outer loop
      vertex 84.82499999999999 219.81541743770057 8
      vertex 84.1519029611437 220.33190296114373 2
      vertex 84.82499999999999 219.81541743770057 2
    endloop
  endfacet
  facet normal -0.3826834323650921 -0.9238795325112857 0
    outer loop
      vertex 85.6088381034168 219.49074106456052 8
      vertex 84.82499999999999 219.81541743770057 2
      vertex 85.6088381034168 219.49074106456052 2
    endloop
  endfacet
  facet normal -0.608761429008722 0.793353340291234 0
    outer loop
      vertex 84.1519029611437 224.92809703885627 8
      vertex 84.82499999999999 225.44458256229942 2
      vertex 84.1519029611437 224.92809703885627 2
    endloop
  endfacet
  facet normal -0.3826834323650921 0.9238795325112857 0
    outer loop
      vertex 84.82499999999999 225.44458256229942 8
      vertex 85.6088381034168 225.76925893543947 2
      vertex 84.82499999999999 225.44458256229942 2
    endloop
  endfacet
  facet normal -0.13052619222005277 -0.9914448613738103 0
    outer loop
      vertex 86.44999999999999 219.38 8
      vertex 85.6088381034168 219.49074106456052 2
      vertex 86.44999999999999 219.38 2
    endloop
  endfacet
  facet normal 0.13052619222005277 -0.9914448613738103 0
    outer loop
      vertex 87.29116189658318 219.49074106456052 8
      vertex 86.44999999999999 219.38 2
      vertex 87.29116189658318 219.49074106456052 2
    endloop
  endfacet
  facet normal -0.13052619222005277 0.9914448613738103 0
    outer loop
      vertex 85.6088381034168 225.76925893543947 8
      vertex 86.44999999999999 225.88 2
      vertex 85.6088381034168 225.76925893543947 2
    endloop
  endfacet
  facet normal 0.13052619222005277 0.9914448613738103 0
    outer loop
      vertex 86.44999999999999 225.88 8
      vertex 87.29116189658318 225.76925893543947 2
      vertex 86.44999999999999 225.88 2
    endloop
  endfacet
  facet normal 0.3826834323650921 -0.9238795325112857 0
    outer loop
      vertex 88.07499999999999 219.81541743770057 8
      vertex 87.29116189658318 219.49074106456052 2
      vertex 88.07499999999999 219.81541743770057 2
    endloop
  endfacet
  facet normal 0.608761429008722 -0.793353340291234 0
    outer loop
      vertex 88.74809703885627 220.33190296114373 8
      vertex 88.07499999999999 219.81541743770057 2
      vertex 88.74809703885627 220.33190296114373 2
    endloop
  endfacet
  facet normal 0.3826834323650921 0.9238795325112857 0
    outer loop
      vertex 87.29116189658318 225.76925893543947 8
      vertex 88.07499999999999 225.44458256229942 2
      vertex 87.29116189658318 225.76925893543947 2
    endloop
  endfacet
  facet normal 0.608761429008722 0.793353340291234 0
    outer loop
      vertex 88.07499999999999 225.44458256229942 8
      vertex 88.74809703885627 224.92809703885627 2
      vertex 88.07499999999999 225.44458256229942 2
    endloop
  endfacet
  facet normal 0.7933533402912359 -0.6087614290087195 0
    outer loop
      vertex 88.74809703885627 220.33190296114373 8
      vertex 88.74809703885627 220.33190296114373 2
      vertex 89.26458256229941 221.005 2
    endloop
  endfacet
  facet normal 0.9238795325112834 -0.38268343236509805 0
    outer loop
      vertex 89.26458256229941 221.005 8
      vertex 89.26458256229941 221.005 2
      vertex 89.58925893543946 221.7888381034168 2
    endloop
  endfacet
  facet normal 0.9914448613738106 -0.1305261922200506 0
    outer loop
      vertex 89.58925893543946 221.7888381034168 8
      vertex 89.58925893543946 221.7888381034168 2
      vertex 89.69999999999999 222.63 2
    endloop
  endfacet
  facet normal 0.7933533402912359 0.6087614290087195 0
    outer loop
      vertex 89.26458256229941 224.255 8
      vertex 89.26458256229941 224.255 2
      vertex 88.74809703885627 224.92809703885627 2
    endloop
  endfacet
  facet normal 0.9238795325112834 0.38268343236509805 0
    outer loop
      vertex 89.58925893543946 223.4711618965832 8
      vertex 89.58925893543946 223.4711618965832 2
      vertex 89.26458256229941 224.255 2
    endloop
  endfacet
  facet normal 0.9914448613738106 0.1305261922200506 0
    outer loop
      vertex 89.69999999999999 222.63 8
      vertex 89.69999999999999 222.63 2
      vertex 89.58925893543946 223.4711618965832 2
    endloop
  endfacet
  facet normal -0.9914448613738106 -0.1305261922200506 1.121847413271527e-18
    outer loop
      vertex 83.19999999999999 222.63 8
      vertex 83.31074106456052 221.7888381034168 2
      vertex 83.31074106456052 221.7888381034168 8
    endloop
  endfacet
  facet normal -0.9238795325112834 -0.38268343236509805 8.83846084085481e-19
    outer loop
      vertex 83.31074106456052 221.7888381034168 8
      vertex 83.63541743770057 221.005 2
      vertex 83.63541743770057 221.005 8
    endloop
  endfacet
  facet normal -0.7933533402912359 -0.6087614290087195 -4.311227106146844e-18
    outer loop
      vertex 83.63541743770057 221.005 8
      vertex 84.1519029611437 220.33190296114373 2
      vertex 84.1519029611437 220.33190296114373 8
    endloop
  endfacet
  facet normal -0.9914448613738106 0.1305261922200506 0
    outer loop
      vertex 83.19999999999999 222.63 8
      vertex 83.31074106456052 223.4711618965832 8
      vertex 83.19999999999999 222.63 2
    endloop
  endfacet
  facet normal -0.9238795325112834 0.38268343236509805 0
    outer loop
      vertex 83.31074106456052 223.4711618965832 8
      vertex 83.63541743770057 224.255 8
      vertex 83.31074106456052 223.4711618965832 2
    endloop
  endfacet
  facet normal -0.7933533402912359 0.6087614290087195 0
    outer loop
      vertex 83.63541743770057 224.255 8
      vertex 84.1519029611437 224.92809703885627 8
      vertex 83.63541743770057 224.255 2
    endloop
  endfacet
  facet normal -0.608761429008722 -0.793353340291234 0
    outer loop
      vertex 84.1519029611437 220.33190296114373 8
      vertex 84.1519029611437 220.33190296114373 2
      vertex 84.82499999999999 219.81541743770057 8
    endloop
  endfacet
  facet normal -0.3826834323650921 -0.9238795325112857 0
    outer loop
      vertex 84.82499999999999 219.81541743770057 8
      vertex 84.82499999999999 219.81541743770057 2
      vertex 85.6088381034168 219.49074106456052 8
    endloop
  endfacet
  facet normal -0.608761429008722 0.793353340291234 -7.7983497388391525e-19
    outer loop
      vertex 84.1519029611437 224.92809703885627 8
      vertex 84.82499999999999 225.44458256229942 8
      vertex 84.82499999999999 225.44458256229942 2
    endloop
  endfacet
  facet normal -0.3826834323650921 0.9238795325112857 3.9366859922155816e-19
    outer loop
      vertex 84.82499999999999 225.44458256229942 8
      vertex 85.6088381034168 225.76925893543947 8
      vertex 85.6088381034168 225.76925893543947 2
    endloop
  endfacet
  facet normal -0.13052619222005277 -0.9914448613738103 0
    outer loop
      vertex 85.6088381034168 219.49074106456052 8
      vertex 85.6088381034168 219.49074106456052 2
      vertex 86.44999999999999 219.38 8
    endloop
  endfacet
  facet normal 0.13052619222005277 -0.9914448613738103 0
    outer loop
      vertex 86.44999999999999 219.38 8
      vertex 86.44999999999999 219.38 2
      vertex 87.29116189658318 219.49074106456052 8
    endloop
  endfacet
  facet normal -0.13052619222005277 0.9914448613738103 5.170083738957161e-19
    outer loop
      vertex 85.6088381034168 225.76925893543947 8
      vertex 86.44999999999999 225.88 8
      vertex 86.44999999999999 225.88 2
    endloop
  endfacet
  facet normal 0.13052619222005277 0.9914448613738103 -5.170083738957161e-19
    outer loop
      vertex 86.44999999999999 225.88 8
      vertex 87.29116189658318 225.76925893543947 8
      vertex 87.29116189658318 225.76925893543947 2
    endloop
  endfacet
  facet normal 0.3826834323650921 -0.9238795325112857 0
    outer loop
      vertex 87.29116189658318 219.49074106456052 8
      vertex 87.29116189658318 219.49074106456052 2
      vertex 88.07499999999999 219.81541743770057 8
    endloop
  endfacet
  facet normal 0.608761429008722 -0.793353340291234 0
    outer loop
      vertex 88.07499999999999 219.81541743770057 8
      vertex 88.07499999999999 219.81541743770057 2
      vertex 88.74809703885627 220.33190296114373 8
    endloop
  endfacet
  facet normal 0.3826834323650921 0.9238795325112857 -3.9366859922155816e-19
    outer loop
      vertex 87.29116189658318 225.76925893543947 8
      vertex 88.07499999999999 225.44458256229942 8
      vertex 88.07499999999999 225.44458256229942 2
    endloop
  endfacet
  facet normal 0.608761429008722 0.793353340291234 7.7983497388391525e-19
    outer loop
      vertex 88.07499999999999 225.44458256229942 8
      vertex 88.74809703885627 224.92809703885627 8
      vertex 88.74809703885627 224.92809703885627 2
    endloop
  endfacet
  facet normal 0.7933533402912359 -0.6087614290087195 4.311227106146844e-18
    outer loop
      vertex 88.74809703885627 220.33190296114373 8
      vertex 89.26458256229941 221.005 2
      vertex 89.26458256229941 221.005 8
    endloop
  endfacet
  facet normal 0.9238795325112834 -0.38268343236509805 -8.83846084085481e-19
    outer loop
      vertex 89.26458256229941 221.005 8
      vertex 89.58925893543946 221.7888381034168 2
      vertex 89.58925893543946 221.7888381034168 8
    endloop
  endfacet
  facet normal 0.7933533402912359 0.6087614290087195 0
    outer loop
      vertex 88.74809703885627 224.92809703885627 8
      vertex 89.26458256229941 224.255 8
      vertex 88.74809703885627 224.92809703885627 2
    endloop
  endfacet
  facet normal 0.9238795325112834 0.38268343236509805 0
    outer loop
      vertex 89.26458256229941 224.255 8
      vertex 89.58925893543946 223.4711618965832 8
      vertex 89.26458256229941 224.255 2
    endloop
  endfacet
  facet normal 0.9914448613738106 0.1305261922200506 0
    outer loop
      vertex 89.58925893543946 223.4711618965832 8
      vertex 89.69999999999999 222.63 8
      vertex 89.58925893543946 223.4711618965832 2
    endloop
  endfacet
  facet normal 0.9914448613738106 -0.1305261922200506 -1.121847413271527e-18
    outer loop
      vertex 89.58925893543946 221.7888381034168 8
      vertex 89.69999999999999 222.63 2
      vertex 89.69999999999999 222.63 8
    endloop
  endfacet
  facet normal 0 0 1
    outer loop
      vertex 83.31074106456052 221.7888381034168 8
      vertex 83.63541743770057 221.005 8
      vertex 83.31074106456052 223.4711618965832 8
    endloop
  endfacet
  facet normal 0 0 1
    outer loop
      vertex 83.63541743770057 221.005 8
      vertex 84.1519029611437 220.33190296114373 8
      vertex 83.63541743770057 224.255 8
    endloop
  endfacet
  facet normal 0 0 1
    outer loop
      vertex 83.19999999999999 222.63 8
      vertex 83.31074106456052 221.7888381034168 8
      vertex 83.31074106456052 223.4711618965832 8
    endloop
  endfacet
  facet normal 0 0 1
    outer loop
      vertex 83.31074106456052 223.4711618965832 8
      vertex 83.63541743770057 221.005 8
      vertex 83.63541743770057 224.255 8
    endloop
  endfacet
  facet normal 0 0 1
    outer loop
      vertex 83.63541743770057 224.255 8
      vertex 84.1519029611437 220.33190296114373 8
      vertex 84.1519029611437 224.92809703885627 8
    endloop
  endfacet
  facet normal 0 0 1
    outer loop
      vertex 84.1519029611437 220.33190296114373 8
      vertex 84.82499999999999 219.81541743770057 8
      vertex 84.1519029611437 224.92809703885627 8
    endloop
  endfacet
  facet normal 0 0 1
    outer loop
      vertex 84.82499999999999 219.81541743770057 8
      vertex 85.31862915010151 221.49862915010152 8
      vertex 84.97179274798194 222.01770650821584 8
    endloop
  endfacet
  facet normal 0 0 1
    outer loop
      vertex 84.82499999999999 219.81541743770057 8
      vertex 84.97179274798194 222.01770650821584 8
      vertex 84.85 222.63 8
    endloop
  endfacet
  facet normal 0 0 1
    outer loop
      vertex 84.82499999999999 219.81541743770057 8
      vertex 85.6088381034168 219.49074106456052 8
      vertex 85.31862915010151 221.49862915010152 8
    endloop
  endfacet
  facet normal 0 0 1
    outer loop
      vertex 85.31862915010151 221.49862915010152 8
      vertex 85.6088381034168 219.49074106456052 8
      vertex 85.83770650821585 221.15179274798194 8
    endloop
  endfacet
  facet normal 0 0 1
    outer loop
      vertex 84.82499999999999 219.81541743770057 8
      vertex 84.85 222.63 8
      vertex 84.82499999999999 225.44458256229942 8
    endloop
  endfacet
  facet normal 0 0 1
    outer loop
      vertex 84.1519029611437 224.92809703885627 8
      vertex 84.82499999999999 219.81541743770057 8
      vertex 84.82499999999999 225.44458256229942 8
    endloop
  endfacet
  facet normal 0 0 1
    outer loop
      vertex 84.85 222.63 8
      vertex 84.97179274798194 223.24229349178415 8
      vertex 84.82499999999999 225.44458256229942 8
    endloop
  endfacet
  facet normal 0 0 1
    outer loop
      vertex 84.82499999999999 225.44458256229942 8
      vertex 84.97179274798194 223.24229349178415 8
      vertex 85.31862915010151 223.76137084989847 8
    endloop
  endfacet
  facet normal 0 0 1
    outer loop
      vertex 84.82499999999999 225.44458256229942 8
      vertex 85.31862915010151 223.76137084989847 8
      vertex 85.83770650821585 224.10820725201805 8
    endloop
  endfacet
  facet normal 0 0 1
    outer loop
      vertex 84.82499999999999 225.44458256229942 8
      vertex 85.83770650821585 224.10820725201805 8
      vertex 85.6088381034168 225.76925893543947 8
    endloop
  endfacet
  facet normal 0 0 1
    outer loop
      vertex 85.6088381034168 219.49074106456052 8
      vertex 86.44999999999999 219.38 8
      vertex 85.83770650821585 221.15179274798194 8
    endloop
  endfacet
  facet normal 0 0 1
    outer loop
      vertex 85.83770650821585 221.15179274798194 8
      vertex 86.44999999999999 219.38 8
      vertex 86.44999999999999 221.03 8
    endloop
  endfacet
  facet normal 0 0 1
    outer loop
      vertex 86.44999999999999 219.38 8
      vertex 87.29116189658318 219.49074106456052 8
      vertex 86.44999999999999 221.03 8
    endloop
  endfacet
  facet normal 0 0 1
    outer loop
      vertex 86.44999999999999 221.03 8
      vertex 87.29116189658318 219.49074106456052 8
      vertex 87.06229349178413 221.15179274798194 8
    endloop
  endfacet
  facet normal 0 0 1
    outer loop
      vertex 85.6088381034168 225.76925893543947 8
      vertex 85.83770650821585 224.10820725201805 8
      vertex 86.44999999999999 224.23 8
    endloop
  endfacet
  facet normal 0 0 1
    outer loop
      vertex 85.6088381034168 225.76925893543947 8
      vertex 86.44999999999999 224.23 8
      vertex 86.44999999999999 225.88 8
    endloop
  endfacet
  facet normal 0 0 1
    outer loop
      vertex 86.44999999999999 224.23 8
      vertex 87.06229349178413 224.10820725201805 8
      vertex 86.44999999999999 225.88 8
    endloop
  endfacet
  facet normal 0 0 1
    outer loop
      vertex 86.44999999999999 225.88 8
      vertex 87.06229349178413 224.10820725201805 8
      vertex 87.29116189658318 225.76925893543947 8
    endloop
  endfacet
  facet normal 0 0 1
    outer loop
      vertex 87.06229349178413 221.15179274798194 8
      vertex 87.29116189658318 219.49074106456052 8
      vertex 88.07499999999999 219.81541743770057 8
    endloop
  endfacet
  facet normal 0 0 1
    outer loop
      vertex 87.06229349178413 221.15179274798194 8
      vertex 88.07499999999999 219.81541743770057 8
      vertex 87.58137084989846 221.49862915010152 8
    endloop
  endfacet
  facet normal 0 0 1
    outer loop
      vertex 87.58137084989846 221.49862915010152 8
      vertex 88.07499999999999 219.81541743770057 8
      vertex 87.92820725201804 222.01770650821584 8
    endloop
  endfacet
  facet normal 0 0 1
    outer loop
      vertex 87.92820725201804 222.01770650821584 8
      vertex 88.07499999999999 219.81541743770057 8
      vertex 88.04999999999998 222.63 8
    endloop
  endfacet
  facet normal 0 0 1
    outer loop
      vertex 88.07499999999999 219.81541743770057 8
      vertex 88.74809703885627 220.33190296114373 8
      vertex 88.07499999999999 225.44458256229942 8
    endloop
  endfacet
  facet normal 0 0 1
    outer loop
      vertex 87.06229349178413 224.10820725201805 8
      vertex 87.58137084989846 223.76137084989847 8
      vertex 87.29116189658318 225.76925893543947 8
    endloop
  endfacet
  facet normal 0 0 1
    outer loop
      vertex 87.29116189658318 225.76925893543947 8
      vertex 87.58137084989846 223.76137084989847 8
      vertex 88.07499999999999 225.44458256229942 8
    endloop
  endfacet
  facet normal 0 0 1
    outer loop
      vertex 88.04999999999998 222.63 8
      vertex 88.07499999999999 219.81541743770057 8
      vertex 88.07499999999999 225.44458256229942 8
    endloop
  endfacet
  facet normal 0 0 1
    outer loop
      vertex 87.58137084989846 223.76137084989847 8
      vertex 87.92820725201804 223.24229349178415 8
      vertex 88.07499999999999 225.44458256229942 8
    endloop
  endfacet
  facet normal 0 0 1
    outer loop
      vertex 87.92820725201804 223.24229349178415 8
      vertex 88.04999999999998 222.63 8
      vertex 88.07499999999999 225.44458256229942 8
    endloop
  endfacet
  facet normal 0 0 1
    outer loop
      vertex 88.07499999999999 225.44458256229942 8
      vertex 88.74809703885627 220.33190296114373 8
      vertex 88.74809703885627 224.92809703885627 8
    endloop
  endfacet
  facet normal 0 0 1
    outer loop
      vertex 88.74809703885627 220.33190296114373 8
      vertex 89.26458256229941 221.005 8
      vertex 88.74809703885627 224.92809703885627 8
    endloop
  endfacet
  facet normal 0 0 1
    outer loop
      vertex 88.74809703885627 224.92809703885627 8
      vertex 89.26458256229941 221.005 8
      vertex 89.26458256229941 224.255 8
    endloop
  endfacet
  facet normal 0 0 1
    outer loop
      vertex 89.26458256229941 221.005 8
      vertex 89.58925893543946 221.7888381034168 8
      vertex 89.26458256229941 224.255 8
    endloop
  endfacet
  facet normal 0 0 1
    outer loop
      vertex 89.58925893543946 221.7888381034168 8
      vertex 89.69999999999999 222.63 8
      vertex 89.58925893543946 223.4711618965832 8
    endloop
  endfacet
  facet normal 0 0 1
    outer loop
      vertex 89.26458256229941 224.255 8
      vertex 89.58925893543946 221.7888381034168 8
      vertex 89.58925893543946 223.4711618965832 8
    endloop
  endfacet
  facet normal -0.9238795325112857 -0.3826834323650921 0
    outer loop
      vertex 83.31074106456052 77.84883810341681 8
      vertex 83.31074106456052 77.84883810341681 2
      vertex 83.63541743770057 77.065 2
    endloop
  endfacet
  facet normal -0.7933533402912422 -0.6087614290087114 0
    outer loop
      vertex 83.63541743770057 77.065 8
      vertex 83.63541743770057 77.065 2
      vertex 84.1519029611437 76.39190296114371 2
    endloop
  endfacet
  facet normal -0.6087614290087114 -0.7933533402912422 0
    outer loop
      vertex 84.82499999999999 75.87541743770058 8
      vertex 84.1519029611437 76.39190296114371 2
      vertex 84.82499999999999 75.87541743770058 2
    endloop
  endfacet
  facet normal -0.3826834323650921 -0.9238795325112857 0
    outer loop
      vertex 85.6088381034168 75.55074106456053 8
      vertex 84.82499999999999 75.87541743770058 2
      vertex 85.6088381034168 75.55074106456053 2
    endloop
  endfacet
  facet normal -0.13052619222005277 -0.9914448613738103 0
    outer loop
      vertex 86.44999999999999 75.44 8
      vertex 85.6088381034168 75.55074106456053 2
      vertex 86.44999999999999 75.44 2
    endloop
  endfacet
  facet normal 0.13052619222005277 -0.9914448613738103 0
    outer loop
      vertex 87.29116189658318 75.55074106456053 8
      vertex 86.44999999999999 75.44 2
      vertex 87.29116189658318 75.55074106456053 2
    endloop
  endfacet
  facet normal 0.3826834323650921 -0.9238795325112857 0
    outer loop
      vertex 88.07499999999999 75.87541743770058 8
      vertex 87.29116189658318 75.55074106456053 2
      vertex 88.07499999999999 75.87541743770058 2
    endloop
  endfacet
  facet normal 0.6087614290087114 -0.7933533402912422 0
    outer loop
      vertex 88.74809703885627 76.39190296114371 8
      vertex 88.07499999999999 75.87541743770058 2
      vertex 88.74809703885627 76.39190296114371 2
    endloop
  endfacet
  facet normal -0.9914448613738103 -0.13052619222005277 0
    outer loop
      vertex 83.19999999999999 78.69 8
      vertex 83.19999999999999 78.69 2
      vertex 83.31074106456052 77.84883810341681 2
    endloop
  endfacet
  facet normal -0.9914448613738103 0.13052619222005277 0
    outer loop
      vertex 83.31074106456052 79.53116189658319 8
      vertex 83.31074106456052 79.53116189658319 2
      vertex 83.19999999999999 78.69 2
    endloop
  endfacet
  facet normal -0.9238795325112857 0.3826834323650921 0
    outer loop
      vertex 83.63541743770057 80.315 8
      vertex 83.63541743770057 80.315 2
      vertex 83.31074106456052 79.53116189658319 2
    endloop
  endfacet
  facet normal -0.7933533402912422 0.6087614290087114 0
    outer loop
      vertex 84.1519029611437 80.98809703885628 8
      vertex 84.1519029611437 80.98809703885628 2
      vertex 83.63541743770057 80.315 2
    endloop
  endfacet
  facet normal -0.6087614290087114 0.7933533402912422 0
    outer loop
      vertex 84.1519029611437 80.98809703885628 8
      vertex 84.82499999999999 81.50458256229942 2
      vertex 84.1519029611437 80.98809703885628 2
    endloop
  endfacet
  facet normal -0.3826834323650921 0.9238795325112857 0
    outer loop
      vertex 84.82499999999999 81.50458256229942 8
      vertex 85.6088381034168 81.82925893543947 2
      vertex 84.82499999999999 81.50458256229942 2
    endloop
  endfacet
  facet normal -0.13052619222005277 0.9914448613738103 0
    outer loop
      vertex 85.6088381034168 81.82925893543947 8
      vertex 86.44999999999999 81.94 2
      vertex 85.6088381034168 81.82925893543947 2
    endloop
  endfacet
  facet normal 0.13052619222005277 0.9914448613738103 0
    outer loop
      vertex 86.44999999999999 81.94 8
      vertex 87.29116189658318 81.82925893543947 2
      vertex 86.44999999999999 81.94 2
    endloop
  endfacet
  facet normal 0.3826834323650921 0.9238795325112857 0
    outer loop
      vertex 87.29116189658318 81.82925893543947 8
      vertex 88.07499999999999 81.50458256229942 2
      vertex 87.29116189658318 81.82925893543947 2
    endloop
  endfacet
  facet normal 0.6087614290087114 0.7933533402912422 0
    outer loop
      vertex 88.07499999999999 81.50458256229942 8
      vertex 88.74809703885627 80.98809703885628 2
      vertex 88.07499999999999 81.50458256229942 2
    endloop
  endfacet
  facet normal 0.7933533402912422 -0.6087614290087114 0
    outer loop
      vertex 88.74809703885627 76.39190296114371 8
      vertex 88.74809703885627 76.39190296114371 2
      vertex 89.26458256229941 77.065 2
    endloop
  endfacet
  facet normal 0.9238795325112857 -0.3826834323650921 0
    outer loop
      vertex 89.26458256229941 77.065 8
      vertex 89.26458256229941 77.065 2
      vertex 89.58925893543946 77.84883810341681 2
    endloop
  endfacet
  facet normal 0.7933533402912422 0.6087614290087114 0
    outer loop
      vertex 89.26458256229941 80.315 8
      vertex 89.26458256229941 80.315 2
      vertex 88.74809703885627 80.98809703885628 2
    endloop
  endfacet
  facet normal 0.9914448613738103 -0.13052619222005277 0
    outer loop
      vertex 89.58925893543946 77.84883810341681 8
      vertex 89.58925893543946 77.84883810341681 2
      vertex 89.69999999999999 78.69 2
    endloop
  endfacet
  facet normal 0.9238795325112857 0.3826834323650921 0
    outer loop
      vertex 89.58925893543946 79.53116189658319 8
      vertex 89.58925893543946 79.53116189658319 2
      vertex 89.26458256229941 80.315 2
    endloop
  endfacet
  facet normal 0.9914448613738103 0.13052619222005277 0
    outer loop
      vertex 89.69999999999999 78.69 8
      vertex 89.69999999999999 78.69 2
      vertex 89.58925893543946 79.53116189658319 2
    endloop
  endfacet
  facet normal -0.9238795325112857 -0.3826834323650921 -3.9366859922155816e-19
    outer loop
      vertex 83.31074106456052 77.84883810341681 8
      vertex 83.63541743770057 77.065 2
      vertex 83.63541743770057 77.065 8
    endloop
  endfacet
  facet normal -0.7933533402912422 -0.6087614290087114 4.191315831914123e-18
    outer loop
      vertex 83.63541743770057 77.065 8
      vertex 84.1519029611437 76.39190296114371 2
      vertex 84.1519029611437 76.39190296114371 8
    endloop
  endfacet
  facet normal -0.6087614290087114 -0.7933533402912422 0
    outer loop
      vertex 84.1519029611437 76.39190296114371 8
      vertex 84.1519029611437 76.39190296114371 2
      vertex 84.82499999999999 75.87541743770058 8
    endloop
  endfacet
  facet normal -0.3826834323650921 -0.9238795325112857 0
    outer loop
      vertex 84.82499999999999 75.87541743770058 8
      vertex 84.82499999999999 75.87541743770058 2
      vertex 85.6088381034168 75.55074106456053 8
    endloop
  endfacet
  facet normal -0.13052619222005277 -0.9914448613738103 0
    outer loop
      vertex 85.6088381034168 75.55074106456053 8
      vertex 85.6088381034168 75.55074106456053 2
      vertex 86.44999999999999 75.44 8
    endloop
  endfacet
  facet normal 0.13052619222005277 -0.9914448613738103 0
    outer loop
      vertex 86.44999999999999 75.44 8
      vertex 86.44999999999999 75.44 2
      vertex 87.29116189658318 75.55074106456053 8
    endloop
  endfacet
  facet normal 0.3826834323650921 -0.9238795325112857 0
    outer loop
      vertex 87.29116189658318 75.55074106456053 8
      vertex 87.29116189658318 75.55074106456053 2
      vertex 88.07499999999999 75.87541743770058 8
    endloop
  endfacet
  facet normal 0.6087614290087114 -0.7933533402912422 0
    outer loop
      vertex 88.07499999999999 75.87541743770058 8
      vertex 88.07499999999999 75.87541743770058 2
      vertex 88.74809703885627 76.39190296114371 8
    endloop
  endfacet
  facet normal -0.9914448613738103 -0.13052619222005277 -5.170083738957161e-19
    outer loop
      vertex 83.19999999999999 78.69 8
      vertex 83.31074106456052 77.84883810341681 2
      vertex 83.31074106456052 77.84883810341681 8
    endloop
  endfacet
  facet normal -0.9914448613738103 0.13052619222005277 0
    outer loop
      vertex 83.19999999999999 78.69 8
      vertex 83.31074106456052 79.53116189658319 8
      vertex 83.19999999999999 78.69 2
    endloop
  endfacet
  facet normal -0.9238795325112857 0.3826834323650921 0
    outer loop
      vertex 83.31074106456052 79.53116189658319 8
      vertex 83.63541743770057 80.315 8
      vertex 83.31074106456052 79.53116189658319 2
    endloop
  endfacet
  facet normal -0.7933533402912422 0.6087614290087114 0
    outer loop
      vertex 83.63541743770057 80.315 8
      vertex 84.1519029611437 80.98809703885628 8
      vertex 83.63541743770057 80.315 2
    endloop
  endfacet
  facet normal -0.6087614290087114 0.7933533402912422 -4.191315831914123e-18
    outer loop
      vertex 84.1519029611437 80.98809703885628 8
      vertex 84.82499999999999 81.50458256229942 8
      vertex 84.82499999999999 81.50458256229942 2
    endloop
  endfacet
  facet normal -0.3826834323650921 0.9238795325112857 3.9366859922155816e-19
    outer loop
      vertex 84.82499999999999 81.50458256229942 8
      vertex 85.6088381034168 81.82925893543947 8
      vertex 85.6088381034168 81.82925893543947 2
    endloop
  endfacet
  facet normal -0.13052619222005277 0.9914448613738103 5.170083738957161e-19
    outer loop
      vertex 85.6088381034168 81.82925893543947 8
      vertex 86.44999999999999 81.94 8
      vertex 86.44999999999999 81.94 2
    endloop
  endfacet
  facet normal 0.13052619222005277 0.9914448613738103 -5.170083738957161e-19
    outer loop
      vertex 86.44999999999999 81.94 8
      vertex 87.29116189658318 81.82925893543947 8
      vertex 87.29116189658318 81.82925893543947 2
    endloop
  endfacet
  facet normal 0.3826834323650921 0.9238795325112857 -3.9366859922155816e-19
    outer loop
      vertex 87.29116189658318 81.82925893543947 8
      vertex 88.07499999999999 81.50458256229942 8
      vertex 88.07499999999999 81.50458256229942 2
    endloop
  endfacet
  facet normal 0.6087614290087114 0.7933533402912422 4.191315831914123e-18
    outer loop
      vertex 88.07499999999999 81.50458256229942 8
      vertex 88.74809703885627 80.98809703885628 8
      vertex 88.74809703885627 80.98809703885628 2
    endloop
  endfacet
  facet normal 0.7933533402912422 -0.6087614290087114 -4.191315831914123e-18
    outer loop
      vertex 88.74809703885627 76.39190296114371 8
      vertex 89.26458256229941 77.065 2
      vertex 89.26458256229941 77.065 8
    endloop
  endfacet
  facet normal 0.9238795325112857 -0.3826834323650921 3.9366859922155816e-19
    outer loop
      vertex 89.26458256229941 77.065 8
      vertex 89.58925893543946 77.84883810341681 2
      vertex 89.58925893543946 77.84883810341681 8
    endloop
  endfacet
  facet normal 0.7933533402912422 0.6087614290087114 0
    outer loop
      vertex 88.74809703885627 80.98809703885628 8
      vertex 89.26458256229941 80.315 8
      vertex 88.74809703885627 80.98809703885628 2
    endloop
  endfacet
  facet normal 0.9914448613738103 0.13052619222005277 0
    outer loop
      vertex 89.58925893543946 79.53116189658319 8
      vertex 89.69999999999999 78.69 8
      vertex 89.58925893543946 79.53116189658319 2
    endloop
  endfacet
  facet normal 0.9914448613738103 -0.13052619222005277 5.170083738957161e-19
    outer loop
      vertex 89.58925893543946 77.84883810341681 8
      vertex 89.69999999999999 78.69 2
      vertex 89.69999999999999 78.69 8
    endloop
  endfacet
  facet normal 0.9238795325112857 0.3826834323650921 0
    outer loop
      vertex 89.26458256229941 80.315 8
      vertex 89.58925893543946 79.53116189658319 8
      vertex 89.26458256229941 80.315 2
    endloop
  endfacet
  facet normal 0 0 1
    outer loop
      vertex 83.63541743770057 77.065 8
      vertex 84.1519029611437 76.39190296114371 8
      vertex 83.63541743770057 80.315 8
    endloop
  endfacet
  facet normal 0 0 1
    outer loop
      vertex 84.1519029611437 76.39190296114371 8
      vertex 84.82499999999999 75.87541743770058 8
      vertex 84.1519029611437 80.98809703885628 8
    endloop
  endfacet
  facet normal 0 0 1
    outer loop
      vertex 84.82499999999999 75.87541743770058 8
      vertex 85.31862915010151 77.55862915010152 8
      vertex 84.97179274798194 78.07770650821585 8
    endloop
  endfacet
  facet normal 0 0 1
    outer loop
      vertex 84.82499999999999 75.87541743770058 8
      vertex 84.97179274798194 78.07770650821585 8
      vertex 84.85 78.69 8
    endloop
  endfacet
  facet normal 0 0 1
    outer loop
      vertex 84.82499999999999 75.87541743770058 8
      vertex 85.6088381034168 75.55074106456053 8
      vertex 85.31862915010151 77.55862915010152 8
    endloop
  endfacet
  facet normal 0 0 1
    outer loop
      vertex 85.31862915010151 77.55862915010152 8
      vertex 85.6088381034168 75.55074106456053 8
      vertex 85.83770650821585 77.21179274798195 8
    endloop
  endfacet
  facet normal 0 0 1
    outer loop
      vertex 85.6088381034168 75.55074106456053 8
      vertex 86.44999999999999 75.44 8
      vertex 85.83770650821585 77.21179274798195 8
    endloop
  endfacet
  facet normal 0 0 1
    outer loop
      vertex 85.83770650821585 77.21179274798195 8
      vertex 86.44999999999999 75.44 8
      vertex 86.44999999999999 77.09 8
    endloop
  endfacet
  facet normal 0 0 1
    outer loop
      vertex 86.44999999999999 75.44 8
      vertex 87.29116189658318 75.55074106456053 8
      vertex 86.44999999999999 77.09 8
    endloop
  endfacet
  facet normal 0 0 1
    outer loop
      vertex 86.44999999999999 77.09 8
      vertex 87.29116189658318 75.55074106456053 8
      vertex 87.06229349178413 77.21179274798195 8
    endloop
  endfacet
  facet normal 0 0 1
    outer loop
      vertex 87.06229349178413 77.21179274798195 8
      vertex 87.29116189658318 75.55074106456053 8
      vertex 88.07499999999999 75.87541743770058 8
    endloop
  endfacet
  facet normal 0 0 1
    outer loop
      vertex 87.06229349178413 77.21179274798195 8
      vertex 88.07499999999999 75.87541743770058 8
      vertex 87.58137084989846 77.55862915010152 8
    endloop
  endfacet
  facet normal 0 0 1
    outer loop
      vertex 87.58137084989846 77.55862915010152 8
      vertex 88.07499999999999 75.87541743770058 8
      vertex 87.92820725201804 78.07770650821585 8
    endloop
  endfacet
  facet normal 0 0 1
    outer loop
      vertex 87.92820725201804 78.07770650821585 8
      vertex 88.07499999999999 75.87541743770058 8
      vertex 88.04999999999998 78.69 8
    endloop
  endfacet
  facet normal 0 0 1
    outer loop
      vertex 88.07499999999999 75.87541743770058 8
      vertex 88.74809703885627 76.39190296114371 8
      vertex 88.07499999999999 81.50458256229942 8
    endloop
  endfacet
  facet normal 0 0 1
    outer loop
      vertex 83.19999999999999 78.69 8
      vertex 83.31074106456052 77.84883810341681 8
      vertex 83.31074106456052 79.53116189658319 8
    endloop
  endfacet
  facet normal 0 0 1
    outer loop
      vertex 83.31074106456052 77.84883810341681 8
      vertex 83.63541743770057 77.065 8
      vertex 83.31074106456052 79.53116189658319 8
    endloop
  endfacet
  facet normal 0 0 1
    outer loop
      vertex 83.31074106456052 79.53116189658319 8
      vertex 83.63541743770057 77.065 8
      vertex 83.63541743770057 80.315 8
    endloop
  endfacet
  facet normal 0 0 1
    outer loop
      vertex 83.63541743770057 80.315 8
      vertex 84.1519029611437 76.39190296114371 8
      vertex 84.1519029611437 80.98809703885628 8
    endloop
  endfacet
  facet normal 0 0 1
    outer loop
      vertex 84.82499999999999 75.87541743770058 8
      vertex 84.85 78.69 8
      vertex 84.82499999999999 81.50458256229942 8
    endloop
  endfacet
  facet normal 0 0 1
    outer loop
      vertex 84.1519029611437 80.98809703885628 8
      vertex 84.82499999999999 75.87541743770058 8
      vertex 84.82499999999999 81.50458256229942 8
    endloop
  endfacet
  facet normal 0 0 1
    outer loop
      vertex 84.85 78.69 8
      vertex 84.97179274798194 79.30229349178414 8
      vertex 84.82499999999999 81.50458256229942 8
    endloop
  endfacet
  facet normal 0 0 1
    outer loop
      vertex 84.97179274798194 79.30229349178414 8
      vertex 85.31862915010151 79.82137084989847 8
      vertex 84.82499999999999 81.50458256229942 8
    endloop
  endfacet
  facet normal 0 0 1
    outer loop
      vertex 84.82499999999999 81.50458256229942 8
      vertex 85.31862915010151 79.82137084989847 8
      vertex 85.83770650821585 80.16820725201805 8
    endloop
  endfacet
  facet normal 0 0 1
    outer loop
      vertex 84.82499999999999 81.50458256229942 8
      vertex 85.83770650821585 80.16820725201805 8
      vertex 85.6088381034168 81.82925893543947 8
    endloop
  endfacet
  facet normal 0 0 1
    outer loop
      vertex 85.6088381034168 81.82925893543947 8
      vertex 85.83770650821585 80.16820725201805 8
      vertex 86.44999999999999 80.28999999999999 8
    endloop
  endfacet
  facet normal 0 0 1
    outer loop
      vertex 85.6088381034168 81.82925893543947 8
      vertex 86.44999999999999 80.28999999999999 8
      vertex 86.44999999999999 81.94 8
    endloop
  endfacet
  facet normal 0 0 1
    outer loop
      vertex 86.44999999999999 80.28999999999999 8
      vertex 87.06229349178413 80.16820725201805 8
      vertex 86.44999999999999 81.94 8
    endloop
  endfacet
  facet normal 0 0 1
    outer loop
      vertex 86.44999999999999 81.94 8
      vertex 87.06229349178413 80.16820725201805 8
      vertex 87.29116189658318 81.82925893543947 8
    endloop
  endfacet
  facet normal 0 0 1
    outer loop
      vertex 87.06229349178413 80.16820725201805 8
      vertex 87.58137084989846 79.82137084989847 8
      vertex 87.29116189658318 81.82925893543947 8
    endloop
  endfacet
  facet normal 0 0 1
    outer loop
      vertex 87.29116189658318 81.82925893543947 8
      vertex 87.58137084989846 79.82137084989847 8
      vertex 88.07499999999999 81.50458256229942 8
    endloop
  endfacet
  facet normal 0 0 1
    outer loop
      vertex 88.04999999999998 78.69 8
      vertex 88.07499999999999 75.87541743770058 8
      vertex 88.07499999999999 81.50458256229942 8
    endloop
  endfacet
  facet normal 0 0 1
    outer loop
      vertex 87.92820725201804 79.30229349178414 8
      vertex 88.04999999999998 78.69 8
      vertex 88.07499999999999 81.50458256229942 8
    endloop
  endfacet
  facet normal 0 0 1
    outer loop
      vertex 88.07499999999999 81.50458256229942 8
      vertex 88.74809703885627 76.39190296114371 8
      vertex 88.74809703885627 80.98809703885628 8
    endloop
  endfacet
  facet normal 0 0 1
    outer loop
      vertex 87.58137084989846 79.82137084989847 8
      vertex 87.92820725201804 79.30229349178414 8
      vertex 88.07499999999999 81.50458256229942 8
    endloop
  endfacet
  facet normal 0 0 1
    outer loop
      vertex 88.74809703885627 76.39190296114371 8
      vertex 89.26458256229941 77.065 8
      vertex 88.74809703885627 80.98809703885628 8
    endloop
  endfacet
  facet normal 0 0 1
    outer loop
      vertex 88.74809703885627 80.98809703885628 8
      vertex 89.26458256229941 77.065 8
      vertex 89.26458256229941 80.315 8
    endloop
  endfacet
  facet normal 0 0 1
    outer loop
      vertex 89.26458256229941 77.065 8
      vertex 89.58925893543946 77.84883810341681 8
      vertex 89.26458256229941 80.315 8
    endloop
  endfacet
  facet normal 0 0 1
    outer loop
      vertex 89.58925893543946 77.84883810341681 8
      vertex 89.69999999999999 78.69 8
      vertex 89.58925893543946 79.53116189658319 8
    endloop
  endfacet
  facet normal 0 0 1
    outer loop
      vertex 89.26458256229941 80.315 8
      vertex 89.58925893543946 77.84883810341681 8
      vertex 89.58925893543946 79.53116189658319 8
    endloop
  endfacet
  facet normal 0.9807852804032301 0.19509032201613002 0
    outer loop
      vertex 84.85 8 8
      vertex 84.97179274798194 7.387706508215857 2
      vertex 84.85 8 2
    endloop
  endfacet
  facet normal 0.831469612302549 0.5555702330195967 0
    outer loop
      vertex 84.97179274798194 7.387706508215857 8
      vertex 85.31862915010151 6.8686291501015235 2
      vertex 84.97179274798194 7.387706508215857 2
    endloop
  endfacet
  facet normal 0.5555702330196036 0.8314696123025443 0
    outer loop
      vertex 85.31862915010151 6.8686291501015235 8
      vertex 85.83770650821585 6.521792747981941 2
      vertex 85.31862915010151 6.8686291501015235 2
    endloop
  endfacet
  facet normal 0.9807852804032301 -0.19509032201613002 0
    outer loop
      vertex 84.97179274798194 8.612293491784143 8
      vertex 84.85 8 2
      vertex 84.97179274798194 8.612293491784143 2
    endloop
  endfacet
  facet normal 0.8314696123025485 -0.5555702330195973 0
    outer loop
      vertex 85.31862915010151 9.131370849898476 8
      vertex 84.97179274798194 8.612293491784143 2
      vertex 85.31862915010151 9.131370849898476 2
    endloop
  endfacet
  facet normal 0.1950903220161273 0.9807852804032307 0
    outer loop
      vertex 85.83770650821585 6.521792747981941 8
      vertex 86.44999999999999 6.4 2
      vertex 85.83770650821585 6.521792747981941 2
    endloop
  endfacet
  facet normal -0.1950903220161273 0.9807852804032307 0
    outer loop
      vertex 86.44999999999999 6.4 8
      vertex 87.06229349178413 6.521792747981941 2
      vertex 86.44999999999999 6.4 2
    endloop
  endfacet
  facet normal -0.5555702330196036 0.8314696123025443 0
    outer loop
      vertex 87.06229349178413 6.521792747981941 8
      vertex 87.58137084989846 6.8686291501015235 2
      vertex 87.06229349178413 6.521792747981941 2
    endloop
  endfacet
  facet normal -0.831469612302549 0.5555702330195967 0
    outer loop
      vertex 87.58137084989846 6.8686291501015235 8
      vertex 87.92820725201804 7.387706508215857 2
      vertex 87.58137084989846 6.8686291501015235 2
    endloop
  endfacet
  facet normal -0.9807852804032301 0.19509032201613002 0
    outer loop
      vertex 87.92820725201804 7.387706508215857 8
      vertex 88.04999999999998 8 2
      vertex 87.92820725201804 7.387706508215857 2
    endloop
  endfacet
  facet normal 0.5555702330196045 -0.8314696123025437 0
    outer loop
      vertex 85.83770650821585 9.47820725201806 8
      vertex 85.31862915010151 9.131370849898476 2
      vertex 85.83770650821585 9.47820725201806 2
    endloop
  endfacet
  facet normal 0.1950903220161273 -0.9807852804032307 0
    outer loop
      vertex 86.44999999999999 9.6 8
      vertex 85.83770650821585 9.47820725201806 2
      vertex 86.44999999999999 9.6 2
    endloop
  endfacet
  facet normal -0.1950903220161273 -0.9807852804032307 0
    outer loop
      vertex 87.06229349178413 9.47820725201806 8
      vertex 86.44999999999999 9.6 2
      vertex 87.06229349178413 9.47820725201806 2
    endloop
  endfacet
  facet normal -0.5555702330196045 -0.8314696123025437 0
    outer loop
      vertex 87.58137084989846 9.131370849898476 8
      vertex 87.06229349178413 9.47820725201806 2
      vertex 87.58137084989846 9.131370849898476 2
    endloop
  endfacet
  facet normal -0.9807852804032301 -0.19509032201613002 0
    outer loop
      vertex 88.04999999999998 8 8
      vertex 87.92820725201804 8.612293491784143 2
      vertex 88.04999999999998 8 2
    endloop
  endfacet
  facet normal -0.8314696123025485 -0.5555702330195973 0
    outer loop
      vertex 87.92820725201804 8.612293491784143 8
      vertex 87.58137084989846 9.131370849898476 2
      vertex 87.92820725201804 8.612293491784143 2
    endloop
  endfacet
  facet normal 0.9807852804032301 0.19509032201613002 1.197916705114116e-18
    outer loop
      vertex 84.85 8 8
      vertex 84.97179274798194 7.387706508215857 8
      vertex 84.97179274798194 7.387706508215857 2
    endloop
  endfacet
  facet normal 0.831469612302549 0.5555702330195967 8.560114807266376e-19
    outer loop
      vertex 84.97179274798194 7.387706508215857 8
      vertex 85.31862915010151 6.8686291501015235 8
      vertex 85.31862915010151 6.8686291501015235 2
    endloop
  endfacet
  facet normal 0.9807852804032301 -0.19509032201613002 0
    outer loop
      vertex 84.85 8 8
      vertex 84.85 8 2
      vertex 84.97179274798194 8.612293491784143 8
    endloop
  endfacet
  facet normal 0.8314696123025485 -0.5555702330195973 0
    outer loop
      vertex 84.97179274798194 8.612293491784143 8
      vertex 84.97179274798194 8.612293491784143 2
      vertex 85.31862915010151 9.131370849898476 8
    endloop
  endfacet
  facet normal 0.5555702330196045 -0.8314696123025437 0
    outer loop
      vertex 85.31862915010151 9.131370849898476 8
      vertex 85.31862915010151 9.131370849898476 2
      vertex 85.83770650821585 9.47820725201806 8
    endloop
  endfacet
  facet normal 0.5555702330196036 0.8314696123025443 2.6634182207240895e-18
    outer loop
      vertex 85.31862915010151 6.8686291501015235 8
      vertex 85.83770650821585 6.521792747981941 8
      vertex 85.83770650821585 6.521792747981941 2
    endloop
  endfacet
  facet normal 0.1950903220161273 0.9807852804032307 -1.1229914379268943e-18
    outer loop
      vertex 85.83770650821585 6.521792747981941 8
      vertex 86.44999999999999 6.4 8
      vertex 86.44999999999999 6.4 2
    endloop
  endfacet
  facet normal -0.1950903220161273 0.9807852804032307 1.1229914379268943e-18
    outer loop
      vertex 86.44999999999999 6.4 8
      vertex 87.06229349178413 6.521792747981941 8
      vertex 87.06229349178413 6.521792747981941 2
    endloop
  endfacet
  facet normal -0.5555702330196036 0.8314696123025443 -2.6634182207240895e-18
    outer loop
      vertex 87.06229349178413 6.521792747981941 8
      vertex 87.58137084989846 6.8686291501015235 8
      vertex 87.58137084989846 6.8686291501015235 2
    endloop
  endfacet
  facet normal -0.831469612302549 0.5555702330195967 -8.560114807266376e-19
    outer loop
      vertex 87.58137084989846 6.8686291501015235 8
      vertex 87.92820725201804 7.387706508215857 8
      vertex 87.92820725201804 7.387706508215857 2
    endloop
  endfacet
  facet normal -0.9807852804032301 0.19509032201613002 -1.197916705114116e-18
    outer loop
      vertex 87.92820725201804 7.387706508215857 8
      vertex 88.04999999999998 8 8
      vertex 88.04999999999998 8 2
    endloop
  endfacet
  facet normal 0.1950903220161273 -0.9807852804032307 0
    outer loop
      vertex 85.83770650821585 9.47820725201806 8
      vertex 85.83770650821585 9.47820725201806 2
      vertex 86.44999999999999 9.6 8
    endloop
  endfacet
  facet normal -0.1950903220161273 -0.9807852804032307 0
    outer loop
      vertex 86.44999999999999 9.6 8
      vertex 86.44999999999999 9.6 2
      vertex 87.06229349178413 9.47820725201806 8
    endloop
  endfacet
  facet normal -0.5555702330196045 -0.8314696123025437 0
    outer loop
      vertex 87.06229349178413 9.47820725201806 8
      vertex 87.06229349178413 9.47820725201806 2
      vertex 87.58137084989846 9.131370849898476 8
    endloop
  endfacet
  facet normal -0.8314696123025485 -0.5555702330195973 0
    outer loop
      vertex 87.58137084989846 9.131370849898476 8
      vertex 87.58137084989846 9.131370849898476 2
      vertex 87.92820725201804 8.612293491784143 8
    endloop
  endfacet
  facet normal -0.9807852804032301 -0.19509032201613002 0
    outer loop
      vertex 87.92820725201804 8.612293491784143 8
      vertex 87.92820725201804 8.612293491784143 2
      vertex 88.04999999999998 8 8
    endloop
  endfacet
  facet normal 0.8314696123025406 0.5555702330196092 0
    outer loop
      vertex 84.97179274798194 222.01770650821584 8
      vertex 85.31862915010151 221.49862915010152 2
      vertex 84.97179274798194 222.01770650821584 2
    endloop
  endfacet
  facet normal 0.5555702330195987 0.8314696123025477 0
    outer loop
      vertex 85.31862915010151 221.49862915010152 8
      vertex 85.83770650821585 221.15179274798194 2
      vertex 85.31862915010151 221.49862915010152 2
    endloop
  endfacet
  facet normal 0.980785280403231 0.19509032201612567 0
    outer loop
      vertex 84.85 222.63 8
      vertex 84.97179274798194 222.01770650821584 2
      vertex 84.85 222.63 2
    endloop
  endfacet
  facet normal 0.980785280403231 -0.19509032201612567 0
    outer loop
      vertex 84.97179274798194 223.24229349178415 8
      vertex 84.85 222.63 2
      vertex 84.97179274798194 223.24229349178415 2
    endloop
  endfacet
  facet normal 0.8314696123025406 -0.5555702330196092 0
    outer loop
      vertex 85.31862915010151 223.76137084989847 8
      vertex 84.97179274798194 223.24229349178415 2
      vertex 85.31862915010151 223.76137084989847 2
    endloop
  endfacet
  facet normal 0.19509032201613002 0.9807852804032301 0
    outer loop
      vertex 85.83770650821585 221.15179274798194 8
      vertex 86.44999999999999 221.03 2
      vertex 85.83770650821585 221.15179274798194 2
    endloop
  endfacet
  facet normal -0.19509032201613002 0.9807852804032301 0
    outer loop
      vertex 86.44999999999999 221.03 8
      vertex 87.06229349178413 221.15179274798194 2
      vertex 86.44999999999999 221.03 2
    endloop
  endfacet
  facet normal 0.5555702330195987 -0.8314696123025477 0
    outer loop
      vertex 85.83770650821585 224.10820725201805 8
      vertex 85.31862915010151 223.76137084989847 2
      vertex 85.83770650821585 224.10820725201805 2
    endloop
  endfacet
  facet normal 0.19509032201613002 -0.9807852804032301 0
    outer loop
      vertex 86.44999999999999 224.23 8
      vertex 85.83770650821585 224.10820725201805 2
      vertex 86.44999999999999 224.23 2
    endloop
  endfacet
  facet normal -0.19509032201613002 -0.9807852804032301 0
    outer loop
      vertex 87.06229349178413 224.10820725201805 8
      vertex 86.44999999999999 224.23 2
      vertex 87.06229349178413 224.10820725201805 2
    endloop
  endfacet
  facet normal -0.5555702330195987 0.8314696123025477 0
    outer loop
      vertex 87.06229349178413 221.15179274798194 8
      vertex 87.58137084989846 221.49862915010152 2
      vertex 87.06229349178413 221.15179274798194 2
    endloop
  endfacet
  facet normal -0.8314696123025406 0.5555702330196092 0
    outer loop
      vertex 87.58137084989846 221.49862915010152 8
      vertex 87.92820725201804 222.01770650821584 2
      vertex 87.58137084989846 221.49862915010152 2
    endloop
  endfacet
  facet normal -0.5555702330195987 -0.8314696123025477 0
    outer loop
      vertex 87.58137084989846 223.76137084989847 8
      vertex 87.06229349178413 224.10820725201805 2
      vertex 87.58137084989846 223.76137084989847 2
    endloop
  endfacet
  facet normal -0.980785280403231 0.19509032201612567 0
    outer loop
      vertex 87.92820725201804 222.01770650821584 8
      vertex 88.04999999999998 222.63 2
      vertex 87.92820725201804 222.01770650821584 2
    endloop
  endfacet
  facet normal -0.980785280403231 -0.19509032201612567 0
    outer loop
      vertex 88.04999999999998 222.63 8
      vertex 87.92820725201804 223.24229349178415 2
      vertex 88.04999999999998 222.63 2
    endloop
  endfacet
  facet normal -0.8314696123025406 -0.5555702330196092 0
    outer loop
      vertex 87.92820725201804 223.24229349178415 8
      vertex 87.58137084989846 223.76137084989847 2
      vertex 87.92820725201804 223.24229349178415 2
    endloop
  endfacet
  facet normal 0.8314696123025406 0.5555702330196092 -5.887240550333412e-20
    outer loop
      vertex 84.97179274798194 222.01770650821584 8
      vertex 85.31862915010151 221.49862915010152 8
      vertex 85.31862915010151 221.49862915010152 2
    endloop
  endfacet
  facet normal 0.980785280403231 0.19509032201612567 -1.4539956525362302e-18
    outer loop
      vertex 84.85 222.63 8
      vertex 84.97179274798194 222.01770650821584 8
      vertex 84.97179274798194 222.01770650821584 2
    endloop
  endfacet
  facet normal 0.980785280403231 -0.19509032201612567 0
    outer loop
      vertex 84.85 222.63 8
      vertex 84.85 222.63 2
      vertex 84.97179274798194 223.24229349178415 8
    endloop
  endfacet
  facet normal 0.8314696123025406 -0.5555702330196092 0
    outer loop
      vertex 84.97179274798194 223.24229349178415 8
      vertex 84.97179274798194 223.24229349178415 2
      vertex 85.31862915010151 223.76137084989847 8
    endloop
  endfacet
  facet normal 0.5555702330195987 -0.8314696123025477 0
    outer loop
      vertex 85.31862915010151 223.76137084989847 8
      vertex 85.31862915010151 223.76137084989847 2
      vertex 85.83770650821585 224.10820725201805 8
    endloop
  endfacet
  facet normal 0.5555702330195987 0.8314696123025477 3.0515296008697135e-18
    outer loop
      vertex 85.31862915010151 221.49862915010152 8
      vertex 85.83770650821585 221.15179274798194 8
      vertex 85.83770650821585 221.15179274798194 2
    endloop
  endfacet
  facet normal 0.19509032201613002 0.9807852804032301 1.197916705114116e-18
    outer loop
      vertex 85.83770650821585 221.15179274798194 8
      vertex 86.44999999999999 221.03 8
      vertex 86.44999999999999 221.03 2
    endloop
  endfacet
  facet normal -0.19509032201613002 0.9807852804032301 -1.197916705114116e-18
    outer loop
      vertex 86.44999999999999 221.03 8
      vertex 87.06229349178413 221.15179274798194 8
      vertex 87.06229349178413 221.15179274798194 2
    endloop
  endfacet
  facet normal 0.19509032201613002 -0.9807852804032301 0
    outer loop
      vertex 85.83770650821585 224.10820725201805 8
      vertex 85.83770650821585 224.10820725201805 2
      vertex 86.44999999999999 224.23 8
    endloop
  endfacet
  facet normal -0.19509032201613002 -0.9807852804032301 0
    outer loop
      vertex 86.44999999999999 224.23 8
      vertex 86.44999999999999 224.23 2
      vertex 87.06229349178413 224.10820725201805 8
    endloop
  endfacet
  facet normal -0.5555702330195987 0.8314696123025477 -3.0515296008697135e-18
    outer loop
      vertex 87.06229349178413 221.15179274798194 8
      vertex 87.58137084989846 221.49862915010152 8
      vertex 87.58137084989846 221.49862915010152 2
    endloop
  endfacet
  facet normal -0.8314696123025406 0.5555702330196092 5.887240550333412e-20
    outer loop
      vertex 87.58137084989846 221.49862915010152 8
      vertex 87.92820725201804 222.01770650821584 8
      vertex 87.92820725201804 222.01770650821584 2
    endloop
  endfacet
  facet normal -0.5555702330195987 -0.8314696123025477 0
    outer loop
      vertex 87.06229349178413 224.10820725201805 8
      vertex 87.06229349178413 224.10820725201805 2
      vertex 87.58137084989846 223.76137084989847 8
    endloop
  endfacet
  facet normal -0.8314696123025406 -0.5555702330196092 0
    outer loop
      vertex 87.58137084989846 223.76137084989847 8
      vertex 87.58137084989846 223.76137084989847 2
      vertex 87.92820725201804 223.24229349178415 8
    endloop
  endfacet
  facet normal -0.980785280403231 -0.19509032201612567 0
    outer loop
      vertex 87.92820725201804 223.24229349178415 8
      vertex 87.92820725201804 223.24229349178415 2
      vertex 88.04999999999998 222.63 8
    endloop
  endfacet
  facet normal -0.980785280403231 0.19509032201612567 1.4539956525362302e-18
    outer loop
      vertex 87.92820725201804 222.01770650821584 8
      vertex 88.04999999999998 222.63 8
      vertex 88.04999999999998 222.63 2
    endloop
  endfacet
  facet normal 0.8314696123025477 0.5555702330195987 0
    outer loop
      vertex 84.97179274798194 78.07770650821585 8
      vertex 85.31862915010151 77.55862915010152 2
      vertex 84.97179274798194 78.07770650821585 2
    endloop
  endfacet
  facet normal 0.5555702330195987 0.8314696123025477 0
    outer loop
      vertex 85.31862915010151 77.55862915010152 8
      vertex 85.83770650821585 77.21179274798195 2
      vertex 85.31862915010151 77.55862915010152 2
    endloop
  endfacet
  facet normal 0.19509032201613002 0.9807852804032301 0
    outer loop
      vertex 85.83770650821585 77.21179274798195 8
      vertex 86.44999999999999 77.09 2
      vertex 85.83770650821585 77.21179274798195 2
    endloop
  endfacet
  facet normal -0.19509032201613002 0.9807852804032301 0
    outer loop
      vertex 86.44999999999999 77.09 8
      vertex 87.06229349178413 77.21179274798195 2
      vertex 86.44999999999999 77.09 2
    endloop
  endfacet
  facet normal -0.5555702330195987 0.8314696123025477 0
    outer loop
      vertex 87.06229349178413 77.21179274798195 8
      vertex 87.58137084989846 77.55862915010152 2
      vertex 87.06229349178413 77.21179274798195 2
    endloop
  endfacet
  facet normal -0.8314696123025477 0.5555702330195987 0
    outer loop
      vertex 87.58137084989846 77.55862915010152 8
      vertex 87.92820725201804 78.07770650821585 2
      vertex 87.58137084989846 77.55862915010152 2
    endloop
  endfacet
  facet normal 0.9807852804032301 0.19509032201613002 0
    outer loop
      vertex 84.85 78.69 8
      vertex 84.97179274798194 78.07770650821585 2
      vertex 84.85 78.69 2
    endloop
  endfacet
  facet normal 0.9807852804032301 -0.19509032201613002 0
    outer loop
      vertex 84.97179274798194 79.30229349178414 8
      vertex 84.85 78.69 2
      vertex 84.97179274798194 79.30229349178414 2
    endloop
  endfacet
  facet normal 0.8314696123025477 -0.5555702330195987 0
    outer loop
      vertex 85.31862915010151 79.82137084989847 8
      vertex 84.97179274798194 79.30229349178414 2
      vertex 85.31862915010151 79.82137084989847 2
    endloop
  endfacet
  facet normal 0.5555702330195987 -0.8314696123025477 0
    outer loop
      vertex 85.83770650821585 80.16820725201805 8
      vertex 85.31862915010151 79.82137084989847 2
      vertex 85.83770650821585 80.16820725201805 2
    endloop
  endfacet
  facet normal 0.19509032201613002 -0.9807852804032301 0
    outer loop
      vertex 86.44999999999999 80.28999999999999 8
      vertex 85.83770650821585 80.16820725201805 2
      vertex 86.44999999999999 80.28999999999999 2
    endloop
  endfacet
  facet normal -0.19509032201613002 -0.9807852804032301 0
    outer loop
      vertex 87.06229349178413 80.16820725201805 8
      vertex 86.44999999999999 80.28999999999999 2
      vertex 87.06229349178413 80.16820725201805 2
    endloop
  endfacet
  facet normal -0.5555702330195987 -0.8314696123025477 0
    outer loop
      vertex 87.58137084989846 79.82137084989847 8
      vertex 87.06229349178413 80.16820725201805 2
      vertex 87.58137084989846 79.82137084989847 2
    endloop
  endfacet
  facet normal -0.9807852804032301 0.19509032201613002 0
    outer loop
      vertex 87.92820725201804 78.07770650821585 8
      vertex 88.04999999999998 78.69 2
      vertex 87.92820725201804 78.07770650821585 2
    endloop
  endfacet
  facet normal -0.9807852804032301 -0.19509032201613002 0
    outer loop
      vertex 88.04999999999998 78.69 8
      vertex 87.92820725201804 79.30229349178414 2
      vertex 88.04999999999998 78.69 2
    endloop
  endfacet
  facet normal -0.8314696123025477 -0.5555702330195987 0
    outer loop
      vertex 87.92820725201804 79.30229349178414 8
      vertex 87.58137084989846 79.82137084989847 2
      vertex 87.92820725201804 79.30229349178414 2
    endloop
  endfacet
  facet normal 0.8314696123025477 0.5555702330195987 3.0515296008697135e-18
    outer loop
      vertex 84.97179274798194 78.07770650821585 8
      vertex 85.31862915010151 77.55862915010152 8
      vertex 85.31862915010151 77.55862915010152 2
    endloop
  endfacet
  facet normal 0.5555702330195987 0.8314696123025477 3.0515296008697135e-18
    outer loop
      vertex 85.31862915010151 77.55862915010152 8
      vertex 85.83770650821585 77.21179274798195 8
      vertex 85.83770650821585 77.21179274798195 2
    endloop
  endfacet
  facet normal 0.19509032201613002 0.9807852804032301 1.197916705114116e-18
    outer loop
      vertex 85.83770650821585 77.21179274798195 8
      vertex 86.44999999999999 77.09 8
      vertex 86.44999999999999 77.09 2
    endloop
  endfacet
  facet normal -0.19509032201613002 0.9807852804032301 -1.197916705114116e-18
    outer loop
      vertex 86.44999999999999 77.09 8
      vertex 87.06229349178413 77.21179274798195 8
      vertex 87.06229349178413 77.21179274798195 2
    endloop
  endfacet
  facet normal -0.5555702330195987 0.8314696123025477 -3.0515296008697135e-18
    outer loop
      vertex 87.06229349178413 77.21179274798195 8
      vertex 87.58137084989846 77.55862915010152 8
      vertex 87.58137084989846 77.55862915010152 2
    endloop
  endfacet
  facet normal -0.8314696123025477 0.5555702330195987 -3.0515296008697135e-18
    outer loop
      vertex 87.58137084989846 77.55862915010152 8
      vertex 87.92820725201804 78.07770650821585 8
      vertex 87.92820725201804 78.07770650821585 2
    endloop
  endfacet
  facet normal 0.9807852804032301 0.19509032201613002 1.197916705114116e-18
    outer loop
      vertex 84.85 78.69 8
      vertex 84.97179274798194 78.07770650821585 8
      vertex 84.97179274798194 78.07770650821585 2
    endloop
  endfacet
  facet normal 0.9807852804032301 -0.19509032201613002 0
    outer loop
      vertex 84.85 78.69 8
      vertex 84.85 78.69 2
      vertex 84.97179274798194 79.30229349178414 8
    endloop
  endfacet
  facet normal 0.8314696123025477 -0.5555702330195987 0
    outer loop
      vertex 84.97179274798194 79.30229349178414 8
      vertex 84.97179274798194 79.30229349178414 2
      vertex 85.31862915010151 79.82137084989847 8
    endloop
  endfacet
  facet normal 0.5555702330195987 -0.8314696123025477 0
    outer loop
      vertex 85.31862915010151 79.82137084989847 8
      vertex 85.31862915010151 79.82137084989847 2
      vertex 85.83770650821585 80.16820725201805 8
    endloop
  endfacet
  facet normal 0.19509032201613002 -0.9807852804032301 0
    outer loop
      vertex 85.83770650821585 80.16820725201805 8
      vertex 85.83770650821585 80.16820725201805 2
      vertex 86.44999999999999 80.28999999999999 8
    endloop
  endfacet
  facet normal -0.19509032201613002 -0.9807852804032301 0
    outer loop
      vertex 86.44999999999999 80.28999999999999 8
      vertex 86.44999999999999 80.28999999999999 2
      vertex 87.06229349178413 80.16820725201805 8
    endloop
  endfacet
  facet normal -0.8314696123025477 -0.5555702330195987 0
    outer loop
      vertex 87.58137084989846 79.82137084989847 8
      vertex 87.58137084989846 79.82137084989847 2
      vertex 87.92820725201804 79.30229349178414 8
    endloop
  endfacet
  facet normal -0.5555702330195987 -0.8314696123025477 0
    outer loop
      vertex 87.06229349178413 80.16820725201805 8
      vertex 87.06229349178413 80.16820725201805 2
      vertex 87.58137084989846 79.82137084989847 8
    endloop
  endfacet
  facet normal -0.9807852804032301 0.19509032201613002 -1.197916705114116e-18
    outer loop
      vertex 87.92820725201804 78.07770650821585 8
      vertex 88.04999999999998 78.69 8
      vertex 88.04999999999998 78.69 2
    endloop
  endfacet
  facet normal -0.9807852804032301 -0.19509032201613002 0
    outer loop
      vertex 87.92820725201804 79.30229349178414 8
      vertex 87.92820725201804 79.30229349178414 2
      vertex 88.04999999999998 78.69 8
    endloop
  endfacet
  facet normal 0 0 -1
    outer loop
      vertex 0 0 0
      vertex 0 18 0
      vertex 5.99 17.75 0
    endloop
  endfacet
  facet normal 0 0 -1
    outer loop
      vertex 0 0 0
      vertex 5.99 17.75 0
      vertex 6 0 0
    endloop
  endfacet
  facet normal -1 0 0
    outer loop
      vertex 0 0 0
      vertex 0 18 2
      vertex 0 18 0
    endloop
  endfacet
  facet normal 0 -1 0
    outer loop
      vertex 0 0 0
      vertex 6 0 0
      vertex 6 0 2
    endloop
  endfacet
  facet normal 0 0 -1
    outer loop
      vertex 0 18 0
      vertex 5.99 18 0
      vertex 5.99 17.75 0
    endloop
  endfacet
  facet normal 0 1 0
    outer loop
      vertex 0 18 0
      vertex 0 18 2
      vertex 5.99 18 0
    endloop
  endfacet
  facet normal 0 0 -1
    outer loop
      vertex 6 0 0
      vertex 5.99 17.75 0
      vertex 6 17.75 0
    endloop
  endfacet
  facet normal -1 0 0
    outer loop
      vertex 0 0 0
      vertex 0 0 2
      vertex 0 18 2
    endloop
  endfacet
  facet normal 0 -1 0
    outer loop
      vertex 0 0 0
      vertex 6 0 2
      vertex 0 0 2
    endloop
  endfacet
  facet normal 0 1 0
    outer loop
      vertex 5.99 18 0
      vertex 0 18 2
      vertex 5.99 18 2
    endloop
  endfacet
  facet normal 0 0 1
    outer loop
      vertex 0 0 2
      vertex 6 0 2
      vertex 0 18 2
    endloop
  endfacet
  facet normal 0 0 1
    outer loop
      vertex 0 18 2
      vertex 6 0 2
      vertex 5.99 17.75 2
    endloop
  endfacet
  facet normal 0 0 1
    outer loop
      vertex 0 18 2
      vertex 5.99 17.75 2
      vertex 5.99 18 2
    endloop
  endfacet
  facet normal 0 0 1
    outer loop
      vertex 6 0 2
      vertex 6 17.75 2
      vertex 5.99 17.75 2
    endloop
  endfacet
  facet normal 0 0 -1
    outer loop
      vertex 0 36 0
      vertex 5.99 36.25 0
      vertex 5.99 36 0
    endloop
  endfacet
  facet normal 0 0 -1
    outer loop
      vertex 0 36 0
      vertex 5.99 53.75 0
      vertex 5.99 36.25 0
    endloop
  endfacet
  facet normal 0 -1 0
    outer loop
      vertex 0 36 0
      vertex 5.99 36 0
      vertex 5.99 36 2
    endloop
  endfacet
  facet normal 0 0 -1
    outer loop
      vertex 0 36 0
      vertex 0 54 0
      vertex 5.99 53.75 0
    endloop
  endfacet
  facet normal 0 0 -1
    outer loop
      vertex 0 54 0
      vertex 5.99 54 0
      vertex 5.99 53.75 0
    endloop
  endfacet
  facet normal -1 0 0
    outer loop
      vertex 0 36 0
      vertex 0 54 2
      vertex 0 54 0
    endloop
  endfacet
  facet normal 0 1 0
    outer loop
      vertex 0 54 0
      vertex 0 54 2
      vertex 5.99 54 0
    endloop
  endfacet
  facet normal 0 0 -1
    outer loop
      vertex 5.99 36.25 0
      vertex 5.99 53.75 0
      vertex 6 36.25 0
    endloop
  endfacet
  facet normal 0 0 -1
    outer loop
      vertex 6 36.25 0
      vertex 5.99 53.75 0
      vertex 6 53.75 0
    endloop
  endfacet
  facet normal 0 -1 0
    outer loop
      vertex 0 36 0
      vertex 5.99 36 2
      vertex 0 36 2
    endloop
  endfacet
  facet normal -1 0 0
    outer loop
      vertex 0 36 0
      vertex 0 36 2
      vertex 0 54 2
    endloop
  endfacet
  facet normal 0 1 0
    outer loop
      vertex 5.99 54 0
      vertex 0 54 2
      vertex 5.99 54 2
    endloop
  endfacet
  facet normal 0 0 1
    outer loop
      vertex 0 36 2
      vertex 5.99 36.25 2
      vertex 0 54 2
    endloop
  endfacet
  facet normal 0 0 1
    outer loop
      vertex 0 36 2
      vertex 5.99 36 2
      vertex 5.99 36.25 2
    endloop
  endfacet
  facet normal 0 0 1
    outer loop
      vertex 0 54 2
      vertex 5.99 36.25 2
      vertex 5.99 53.75 2
    endloop
  endfacet
  facet normal 0 0 1
    outer loop
      vertex 0 54 2
      vertex 5.99 53.75 2
      vertex 5.99 54 2
    endloop
  endfacet
  facet normal 0 0 1
    outer loop
      vertex 5.99 36.25 2
      vertex 6 36.25 2
      vertex 6 53.75 2
    endloop
  endfacet
  facet normal 0 0 1
    outer loop
      vertex 5.99 36.25 2
      vertex 6 53.75 2
      vertex 5.99 53.75 2
    endloop
  endfacet
  facet normal 0 0 -1
    outer loop
      vertex 0 72 0
      vertex 5.99 72.25 0
      vertex 5.99 72 0
    endloop
  endfacet
  facet normal 0 -1 0
    outer loop
      vertex 0 72 0
      vertex 5.99 72 0
      vertex 5.99 72 2
    endloop
  endfacet
  facet normal 0 0 -1
    outer loop
      vertex 0 72 0
      vertex 0 90 0
      vertex 5.99 89.75 0
    endloop
  endfacet
  facet normal 0 0 -1
    outer loop
      vertex 0 72 0
      vertex 5.99 89.75 0
      vertex 5.99 72.25 0
    endloop
  endfacet
  facet normal 0 0 -1
    outer loop
      vertex 0 90 0
      vertex 5.99 90 0
      vertex 5.99 89.75 0
    endloop
  endfacet
  facet normal -1 0 0
    outer loop
      vertex 0 72 0
      vertex 0 90 2
      vertex 0 90 0
    endloop
  endfacet
  facet normal 0 1 0
    outer loop
      vertex 0 90 0
      vertex 0 90 2
      vertex 5.99 90 0
    endloop
  endfacet
  facet normal 0 0 -1
    outer loop
      vertex 5.99 72.25 0
      vertex 5.99 89.75 0
      vertex 6 72.25 0
    endloop
  endfacet
  facet normal 0 0 -1
    outer loop
      vertex 6 72.25 0
      vertex 5.99 89.75 0
      vertex 6 89.75 0
    endloop
  endfacet
  facet normal 0 -1 0
    outer loop
      vertex 0 72 0
      vertex 5.99 72 2
      vertex 0 72 2
    endloop
  endfacet
  facet normal -1 0 0
    outer loop
      vertex 0 72 0
      vertex 0 72 2
      vertex 0 90 2
    endloop
  endfacet
  facet normal 0 1 0
    outer loop
      vertex 5.99 90 0
      vertex 0 90 2
      vertex 5.99 90 2
    endloop
  endfacet
  facet normal 0 0 1
    outer loop
      vertex 0 72 2
      vertex 5.99 72 2
      vertex 5.99 72.25 2
    endloop
  endfacet
  facet normal 0 0 1
    outer loop
      vertex 0 72 2
      vertex 5.99 72.25 2
      vertex 0 90 2
    endloop
  endfacet
  facet normal 0 0 1
    outer loop
      vertex 0 90 2
      vertex 5.99 72.25 2
      vertex 5.99 89.75 2
    endloop
  endfacet
  facet normal 0 0 1
    outer loop
      vertex 0 90 2
      vertex 5.99 89.75 2
      vertex 5.99 90 2
    endloop
  endfacet
  facet normal 0 0 1
    outer loop
      vertex 5.99 72.25 2
      vertex 6 72.25 2
      vertex 6 89.75 2
    endloop
  endfacet
  facet normal 0 0 1
    outer loop
      vertex 5.99 72.25 2
      vertex 6 89.75 2
      vertex 5.99 89.75 2
    endloop
  endfacet
  facet normal 0 0 -1
    outer loop
      vertex 0 108 0
      vertex 5.99 108.25 0
      vertex 5.99 108 0
    endloop
  endfacet
  facet normal 0 -1 0
    outer loop
      vertex 0 108 0
      vertex 5.99 108 0
      vertex 5.99 108 2
    endloop
  endfacet
  facet normal 0 0 -1
    outer loop
      vertex 0 108 0
      vertex 0 126 0
      vertex 5.99 125.75 0
    endloop
  endfacet
  facet normal 0 0 -1
    outer loop
      vertex 0 108 0
      vertex 5.99 125.75 0
      vertex 5.99 108.25 0
    endloop
  endfacet
  facet normal -1 0 0
    outer loop
      vertex 0 108 0
      vertex 0 126 2
      vertex 0 126 0
    endloop
  endfacet
  facet normal 0 0 -1
    outer loop
      vertex 5.99 108.25 0
      vertex 5.99 125.75 0
      vertex 6 108.25 0
    endloop
  endfacet
  facet normal 0 0 -1
    outer loop
      vertex 6 108.25 0
      vertex 5.99 125.75 0
      vertex 6 125.75 0
    endloop
  endfacet
  facet normal 0 -1 0
    outer loop
      vertex 0 108 0
      vertex 5.99 108 2
      vertex 0 108 2
    endloop
  endfacet
  facet normal -1 0 0
    outer loop
      vertex 0 108 0
      vertex 0 108 2
      vertex 0 126 2
    endloop
  endfacet
  facet normal 0 0 1
    outer loop
      vertex 0 108 2
      vertex 5.99 108 2
      vertex 5.99 108.25 2
    endloop
  endfacet
  facet normal 0 0 1
    outer loop
      vertex 0 108 2
      vertex 5.99 108.25 2
      vertex 0 126 2
    endloop
  endfacet
  facet normal 0 0 1
    outer loop
      vertex 5.99 108.25 2
      vertex 5.99 125.75 2
      vertex 0 126 2
    endloop
  endfacet
  facet normal 0 0 1
    outer loop
      vertex 5.99 108.25 2
      vertex 6 108.25 2
      vertex 6 125.75 2
    endloop
  endfacet
  facet normal 0 0 1
    outer loop
      vertex 5.99 108.25 2
      vertex 6 125.75 2
      vertex 5.99 125.75 2
    endloop
  endfacet
  facet normal 0 0 -1
    outer loop
      vertex 0 126 0
      vertex 5.99 126 0
      vertex 5.99 125.75 0
    endloop
  endfacet
  facet normal 0 1 0
    outer loop
      vertex 0 126 0
      vertex 0 126 2
      vertex 5.99 126 0
    endloop
  endfacet
  facet normal 0 1 0
    outer loop
      vertex 5.99 126 0
      vertex 0 126 2
      vertex 5.99 126 2
    endloop
  endfacet
  facet normal 0 0 1
    outer loop
      vertex 0 126 2
      vertex 5.99 125.75 2
      vertex 5.99 126 2
    endloop
  endfacet
  facet normal 0 0 -1
    outer loop
      vertex 0 144 0
      vertex 0 162 0
      vertex 5.99 161.75 0
    endloop
  endfacet
  facet normal 0 0 -1
    outer loop
      vertex 0 144 0
      vertex 5.99 144.25 0
      vertex 5.99 144 0
    endloop
  endfacet
  facet normal 0 0 -1
    outer loop
      vertex 0 144 0
      vertex 5.99 161.75 0
      vertex 5.99 144.25 0
    endloop
  endfacet
  facet normal 0 -1 0
    outer loop
      vertex 0 144 0
      vertex 5.99 144 0
      vertex 5.99 144 2
    endloop
  endfacet
  facet normal 0 0 -1
    outer loop
      vertex 5.99 144.25 0
      vertex 5.99 161.75 0
      vertex 6 144.25 0
    endloop
  endfacet
  facet normal 0 0 -1
    outer loop
      vertex 6 144.25 0
      vertex 5.99 161.75 0
      vertex 6 161.75 0
    endloop
  endfacet
  facet normal 0 -1 0
    outer loop
      vertex 0 144 0
      vertex 5.99 144 2
      vertex 0 144 2
    endloop
  endfacet
  facet normal -1 0 0
    outer loop
      vertex 0 144 0
      vertex 0 144 2
      vertex 0 162 2
    endloop
  endfacet
  facet normal 0 0 -1
    outer loop
      vertex 0 162 0
      vertex 5.99 162 0
      vertex 5.99 161.75 0
    endloop
  endfacet
  facet normal -1 0 0
    outer loop
      vertex 0 144 0
      vertex 0 162 2
      vertex 0 162 0
    endloop
  endfacet
  facet normal 0 1 0
    outer loop
      vertex 0 162 0
      vertex 0 162 2
      vertex 5.99 162 0
    endloop
  endfacet
  facet normal 0 1 0
    outer loop
      vertex 5.99 162 0
      vertex 0 162 2
      vertex 5.99 162 2
    endloop
  endfacet
  facet normal 0 0 1
    outer loop
      vertex 0 144 2
      vertex 5.99 144.25 2
      vertex 0 162 2
    endloop
  endfacet
  facet normal 0 0 1
    outer loop
      vertex 0 144 2
      vertex 5.99 144 2
      vertex 5.99 144.25 2
    endloop
  endfacet
  facet normal 0 0 1
    outer loop
      vertex 5.99 144.25 2
      vertex 6 144.25 2
      vertex 6 161.75 2
    endloop
  endfacet
  facet normal 0 0 1
    outer loop
      vertex 5.99 144.25 2
      vertex 6 161.75 2
      vertex 5.99 161.75 2
    endloop
  endfacet
  facet normal 0 0 1
    outer loop
      vertex 5.99 144.25 2
      vertex 5.99 161.75 2
      vertex 0 162 2
    endloop
  endfacet
  facet normal 0 0 1
    outer loop
      vertex 0 162 2
      vertex 5.99 161.75 2
      vertex 5.99 162 2
    endloop
  endfacet
  facet normal 0 0 -1
    outer loop
      vertex 0 180 0
      vertex 5.99 180.25 0
      vertex 5.99 180 0
    endloop
  endfacet
  facet normal 0 0 -1
    outer loop
      vertex 0 180 0
      vertex 5.99 197.75 0
      vertex 5.99 180.25 0
    endloop
  endfacet
  facet normal 0 -1 0
    outer loop
      vertex 0 180 0
      vertex 5.99 180 0
      vertex 5.99 180 2
    endloop
  endfacet
  facet normal 0 0 -1
    outer loop
      vertex 5.99 180.25 0
      vertex 5.99 197.75 0
      vertex 6 180.25 0
    endloop
  endfacet
  facet normal -1 0 0
    outer loop
      vertex 0 180 0
      vertex 0 180 2
      vertex 0 198 2
    endloop
  endfacet
  facet normal 0 -1 0
    outer loop
      vertex 0 180 0
      vertex 5.99 180 2
      vertex 0 180 2
    endloop
  endfacet
  facet normal 0 0 1
    outer loop
      vertex 0 180 2
      vertex 5.99 180.25 2
      vertex 0 198 2
    endloop
  endfacet
  facet normal 0 0 1
    outer loop
      vertex 0 180 2
      vertex 5.99 180 2
      vertex 5.99 180.25 2
    endloop
  endfacet
  facet normal 0 0 1
    outer loop
      vertex 5.99 180.25 2
      vertex 6 180.25 2
      vertex 6 197.75 2
    endloop
  endfacet
  facet normal 0 0 -1
    outer loop
      vertex 0 180 0
      vertex 0 198 0
      vertex 5.99 197.75 0
    endloop
  endfacet
  facet normal 0 0 -1
    outer loop
      vertex 0 198 0
      vertex 5.99 198 0
      vertex 5.99 197.75 0
    endloop
  endfacet
  facet normal -1 0 0
    outer loop
      vertex 0 180 0
      vertex 0 198 2
      vertex 0 198 0
    endloop
  endfacet
  facet normal 0 1 0
    outer loop
      vertex 0 198 0
      vertex 0 198 2
      vertex 5.99 198 0
    endloop
  endfacet
  facet normal 0 0 -1
    outer loop
      vertex 6 180.25 0
      vertex 5.99 197.75 0
      vertex 6 197.75 0
    endloop
  endfacet
  facet normal 0 1 0
    outer loop
      vertex 5.99 198 0
      vertex 0 198 2
      vertex 5.99 198 2
    endloop
  endfacet
  facet normal 0 0 1
    outer loop
      vertex 5.99 180.25 2
      vertex 5.99 197.75 2
      vertex 0 198 2
    endloop
  endfacet
  facet normal 0 0 1
    outer loop
      vertex 0 198 2
      vertex 5.99 197.75 2
      vertex 5.99 198 2
    endloop
  endfacet
  facet normal 0 0 1
    outer loop
      vertex 5.99 180.25 2
      vertex 6 197.75 2
      vertex 5.99 197.75 2
    endloop
  endfacet
  facet normal 0 0 -1
    outer loop
      vertex 0 216 0
      vertex 5.99 216.25 0
      vertex 5.99 216 0
    endloop
  endfacet
  facet normal 0 -1 0
    outer loop
      vertex 0 216 0
      vertex 5.99 216 0
      vertex 5.99 216 2
    endloop
  endfacet
  facet normal 0 -1 0
    outer loop
      vertex 0 216 0
      vertex 5.99 216 2
      vertex 0 216 2
    endloop
  endfacet
  facet normal 0 0 -1
    outer loop
      vertex 0 216 0
      vertex 0 234 0
      vertex 6 234 0
    endloop
  endfacet
  facet normal 0 0 -1
    outer loop
      vertex 0 216 0
      vertex 6 234 0
      vertex 5.99 216.25 0
    endloop
  endfacet
  facet normal -1 0 0
    outer loop
      vertex 0 216 0
      vertex 0 234 2
      vertex 0 234 0
    endloop
  endfacet
  facet normal 0 1 0
    outer loop
      vertex 0 234 0
      vertex 0 234 2
      vertex 6 234 0
    endloop
  endfacet
  facet normal 0 0 -1
    outer loop
      vertex 5.99 216.25 0
      vertex 6 234 0
      vertex 6 216.25 0
    endloop
  endfacet
  facet normal -1 0 0
    outer loop
      vertex 0 216 0
      vertex 0 216 2
      vertex 0 234 2
    endloop
  endfacet
  facet normal 0 1 0
    outer loop
      vertex 6 234 0
      vertex 0 234 2
      vertex 6 234 2
    endloop
  endfacet
  facet normal 0 0 1
    outer loop
      vertex 0 216 2
      vertex 5.99 216 2
      vertex 5.99 216.25 2
    endloop
  endfacet
  facet normal 0 0 1
    outer loop
      vertex 0 216 2
      vertex 5.99 216.25 2
      vertex 0 234 2
    endloop
  endfacet
  facet normal 0 0 1
    outer loop
      vertex 5.99 216.25 2
      vertex 6 234 2
      vertex 0 234 2
    endloop
  endfacet
  facet normal 0 0 1
    outer loop
      vertex 5.99 216.25 2
      vertex 6 216.25 2
      vertex 6 234 2
    endloop
  endfacet
  facet normal 0 0 -1
    outer loop
      vertex 6 0 0
      vertex 6 17.75 0
      vertex 12.01 17.75 0
    endloop
  endfacet
  facet normal 0 0 -1
    outer loop
      vertex 6 36.25 0
      vertex 6 53.75 0
      vertex 12.01 53.75 0
    endloop
  endfacet
  facet normal 0 0 1
    outer loop
      vertex 6 36.25 2
      vertex 12.01 36.25 2
      vertex 6 53.75 2
    endloop
  endfacet
  facet normal 0 0 -1
    outer loop
      vertex 6 72.25 0
      vertex 6 89.75 0
      vertex 12.01 89.75 0
    endloop
  endfacet
  facet normal 0 0 -1
    outer loop
      vertex 6 108.25 0
      vertex 6 125.75 0
      vertex 12.01 125.75 0
    endloop
  endfacet
  facet normal 0 0 1
    outer loop
      vertex 6 72.25 2
      vertex 12.01 72.25 2
      vertex 6 89.75 2
    endloop
  endfacet
  facet normal 0 0 1
    outer loop
      vertex 6 108.25 2
      vertex 12.01 108.25 2
      vertex 6 125.75 2
    endloop
  endfacet
  facet normal 0 -1 0
    outer loop
      vertex 6 0 0
      vertex 94.44999999999999 0 2
      vertex 6 0 2
    endloop
  endfacet
  facet normal 0 0 1
    outer loop
      vertex 6 53.75 2
      vertex 12.01 36.25 2
      vertex 83.31074106456052 7.158838103416808 2
    endloop
  endfacet
  facet normal 0 0 1
    outer loop
      vertex 6 53.75 2
      vertex 83.31074106456052 7.158838103416808 2
      vertex 12.01 53.75 2
    endloop
  endfacet
  facet normal 0 0 1
    outer loop
      vertex 6 89.75 2
      vertex 12.01 72.25 2
      vertex 84.82499999999999 10.814582562299424 2
    endloop
  endfacet
  facet normal 0 0 1
    outer loop
      vertex 6 0 2
      vertex 94.44999999999999 0 2
      vertex 6 17.75 2
    endloop
  endfacet
  facet normal 0 0 1
    outer loop
      vertex 6 17.75 2
      vertex 94.44999999999999 0 2
      vertex 12.01 17.75 2
    endloop
  endfacet
  facet normal 0 0 1
    outer loop
      vertex 12.01 17.75 2
      vertex 94.44999999999999 0 2
      vertex 12.01 36.25 2
    endloop
  endfacet
  facet normal 0 0 1
    outer loop
      vertex 12.01 53.75 2
      vertex 83.63541743770057 9.625 2
      vertex 12.01 72.25 2
    endloop
  endfacet
  facet normal 0 0 -1
    outer loop
      vertex 6 0 0
      vertex 12.01 17.75 0
      vertex 94.44999999999999 249.49 0
    endloop
  endfacet
  facet normal 0 0 -1
    outer loop
      vertex 6 36.25 0
      vertex 94.44999999999999 249.49 0
      vertex 12.01 36.25 0
    endloop
  endfacet
  facet normal 0 0 -1
    outer loop
      vertex 12.01 17.75 0
      vertex 12.01 36.25 0
      vertex 94.44999999999999 249.49 0
    endloop
  endfacet
  facet normal 0 0 -1
    outer loop
      vertex 6 36.25 0
      vertex 12.01 53.75 0
      vertex 94.44999999999999 249.49 0
    endloop
  endfacet
  facet normal 0 0 1
    outer loop
      vertex 6 89.75 2
      vertex 84.82499999999999 10.814582562299424 2
      vertex 12.01 89.75 2
    endloop
  endfacet
  facet normal 0 0 1
    outer loop
      vertex 12.01 108.25 2
      vertex 87.29116189658318 11.139258935439472 2
      vertex 6 125.75 2
    endloop
  endfacet
  facet normal 0 0 1
    outer loop
      vertex 6 125.75 2
      vertex 87.29116189658318 11.139258935439472 2
      vertex 12.01 125.75 2
    endloop
  endfacet
  facet normal 0 0 1
    outer loop
      vertex 12.01 89.75 2
      vertex 86.44999999999999 11.25 2
      vertex 12.01 108.25 2
    endloop
  endfacet
  facet normal 0 0 1
    outer loop
      vertex 12.01 125.75 2
      vertex 88.74809703885627 10.29809703885628 2
      vertex 12.01 144.25 2
    endloop
  endfacet
  facet normal 0 0 1
    outer loop
      vertex 6 161.75 2
      vertex 12.01 144.25 2
      vertex 89.26458256229941 9.625 2
    endloop
  endfacet
  facet normal 0 0 1
    outer loop
      vertex 6 161.75 2
      vertex 89.26458256229941 9.625 2
      vertex 12.01 161.75 2
    endloop
  endfacet
  facet normal 0 0 1
    outer loop
      vertex 12.01 161.75 2
      vertex 94.44999999999999 0 2
      vertex 12.01 180.25 2
    endloop
  endfacet
  facet normal 0 0 -1
    outer loop
      vertex 6 144.25 0
      vertex 6 161.75 0
      vertex 12.01 161.75 0
    endloop
  endfacet
  facet normal 0 0 1
    outer loop
      vertex 6 144.25 2
      vertex 12.01 144.25 2
      vertex 6 161.75 2
    endloop
  endfacet
  facet normal 0 0 1
    outer loop
      vertex 6 180.25 2
      vertex 12.01 180.25 2
      vertex 6 197.75 2
    endloop
  endfacet
  facet normal 0 0 -1
    outer loop
      vertex 6 180.25 0
      vertex 6 197.75 0
      vertex 12.01 197.75 0
    endloop
  endfacet
  facet normal -1 0 0
    outer loop
      vertex 6 234 0
      vertex 6 249.49 2
      vertex 6 249.49 0
    endloop
  endfacet
  facet normal -1 0 0
    outer loop
      vertex 6 234 0
      vertex 6 234 2
      vertex 6 245.49 2
    endloop
  endfacet
  facet normal -1 0 0
    outer loop
      vertex 6 234 0
      vertex 6 245.49 2
      vertex 6 249.49 2
    endloop
  endfacet
  facet normal 0 0 1
    outer loop
      vertex 6 216.25 2
      vertex 12.01 216.25 2
      vertex 6 234 2
    endloop
  endfacet
  facet normal 0 0 -1
    outer loop
      vertex 6 72.25 0
      vertex 94.44999999999999 249.49 0
      vertex 12.01 72.25 0
    endloop
  endfacet
  facet normal 0 0 -1
    outer loop
      vertex 6 72.25 0
      vertex 12.01 89.75 0
      vertex 94.44999999999999 249.49 0
    endloop
  endfacet
  facet normal 0 0 -1
    outer loop
      vertex 12.01 53.75 0
      vertex 12.01 72.25 0
      vertex 94.44999999999999 249.49 0
    endloop
  endfacet
  facet normal 0 0 -1
    outer loop
      vertex 6 108.25 0
      vertex 94.44999999999999 249.49 0
      vertex 12.01 108.25 0
    endloop
  endfacet
  facet normal 0 0 -1
    outer loop
      vertex 12.01 89.75 0
      vertex 12.01 108.25 0
      vertex 94.44999999999999 249.49 0
    endloop
  endfacet
  facet normal 0 0 -1
    outer loop
      vertex 6 108.25 0
      vertex 12.01 125.75 0
      vertex 94.44999999999999 249.49 0
    endloop
  endfacet
  facet normal 0 0 -1
    outer loop
      vertex 6 144.25 0
      vertex 94.44999999999999 249.49 0
      vertex 12.01 144.25 0
    endloop
  endfacet
  facet normal 0 0 -1
    outer loop
      vertex 6 144.25 0
      vertex 12.01 161.75 0
      vertex 94.44999999999999 249.49 0
    endloop
  endfacet
  facet normal 0 0 -1
    outer loop
      vertex 12.01 125.75 0
      vertex 12.01 144.25 0
      vertex 94.44999999999999 249.49 0
    endloop
  endfacet
  facet normal 0 0 1
    outer loop
      vertex 12.01 180.25 2
      vertex 94.44999999999999 0 2
      vertex 6 197.75 2
    endloop
  endfacet
  facet normal 0 0 1
    outer loop
      vertex 6 197.75 2
      vertex 94.44999999999999 0 2
      vertex 12.01 197.75 2
    endloop
  endfacet
  facet normal 0 0 1
    outer loop
      vertex 12.01 197.75 2
      vertex 94.44999999999999 0 2
      vertex 12.01 216.25 2
    endloop
  endfacet
  facet normal 0 0 1
    outer loop
      vertex 6 234 2
      vertex 12.01 216.25 2
      vertex 94.44999999999999 0 2
    endloop
  endfacet
  facet normal 0 0 -1
    outer loop
      vertex 12.01 161.75 0
      vertex 12.01 180.25 0
      vertex 94.44999999999999 249.49 0
    endloop
  endfacet
  facet normal 0 0 -1
    outer loop
      vertex 6 180.25 0
      vertex 94.44999999999999 249.49 0
      vertex 12.01 180.25 0
    endloop
  endfacet
  facet normal 0 0 -1
    outer loop
      vertex 6 180.25 0
      vertex 12.01 197.75 0
      vertex 94.44999999999999 249.49 0
    endloop
  endfacet
  facet normal 0 0 -1
    outer loop
      vertex 6 216.25 0
      vertex 6 234 0
      vertex 94.44999999999999 249.49 0
    endloop
  endfacet
  facet normal 0 0 -1
    outer loop
      vertex 6 216.25 0
      vertex 94.44999999999999 249.49 0
      vertex 12.01 216.25 0
    endloop
  endfacet
  facet normal 0 0 -1
    outer loop
      vertex 12.01 197.75 0
      vertex 12.01 216.25 0
      vertex 94.44999999999999 249.49 0
    endloop
  endfacet
  facet normal 0 0 -1
    outer loop
      vertex 6 234 0
      vertex 6 249.49 0
      vertex 94.44999999999999 249.49 0
    endloop
  endfacet
  facet normal 0 1 0
    outer loop
      vertex 6 249.49 0
      vertex 6 249.49 2
      vertex 94.44999999999999 249.49 0
    endloop
  endfacet
  facet normal 0 0 1
    outer loop
      vertex 6 234 2
      vertex 94.44999999999999 245.49 2
      vertex 6 245.49 2
    endloop
  endfacet
  facet normal 0 -1 0
    outer loop
      vertex 6 0 0
      vertex 94.44999999999999 0 0
      vertex 94.44999999999999 0 2
    endloop
  endfacet
  facet normal 0 0 1
    outer loop
      vertex 12.01 36.25 2
      vertex 94.44999999999999 0 2
      vertex 84.82499999999999 5.185417437700575 2
    endloop
  endfacet
  facet normal 0 0 1
    outer loop
      vertex 12.01 36.25 2
      vertex 83.63541743770057 6.375 2
      vertex 83.31074106456052 7.158838103416808 2
    endloop
  endfacet
  facet normal 0 0 1
    outer loop
      vertex 12.01 36.25 2
      vertex 84.1519029611437 5.70190296114372 2
      vertex 83.63541743770057 6.375 2
    endloop
  endfacet
  facet normal 0 0 1
    outer loop
      vertex 12.01 36.25 2
      vertex 84.82499999999999 5.185417437700575 2
      vertex 84.1519029611437 5.70190296114372 2
    endloop
  endfacet
  facet normal 0 0 1
    outer loop
      vertex 12.01 53.75 2
      vertex 83.31074106456052 7.158838103416808 2
      vertex 83.19999999999999 8 2
    endloop
  endfacet
  facet normal 0 0 1
    outer loop
      vertex 12.01 53.75 2
      vertex 83.19999999999999 8 2
      vertex 83.31074106456052 8.841161896583193 2
    endloop
  endfacet
  facet normal 0 0 1
    outer loop
      vertex 12.01 53.75 2
      vertex 83.31074106456052 8.841161896583193 2
      vertex 83.63541743770057 9.625 2
    endloop
  endfacet
  facet normal 0 0 1
    outer loop
      vertex 12.01 72.25 2
      vertex 83.63541743770057 9.625 2
      vertex 84.1519029611437 10.29809703885628 2
    endloop
  endfacet
  facet normal 0 0 1
    outer loop
      vertex 12.01 72.25 2
      vertex 84.1519029611437 10.29809703885628 2
      vertex 84.82499999999999 10.814582562299424 2
    endloop
  endfacet
  facet normal 0 0 1
    outer loop
      vertex 12.01 89.75 2
      vertex 84.82499999999999 10.814582562299424 2
      vertex 85.6088381034168 11.139258935439472 2
    endloop
  endfacet
  facet normal 0 0 1
    outer loop
      vertex 12.01 89.75 2
      vertex 85.6088381034168 11.139258935439472 2
      vertex 86.44999999999999 11.25 2
    endloop
  endfacet
  facet normal 0 0 1
    outer loop
      vertex 12.01 108.25 2
      vertex 86.44999999999999 11.25 2
      vertex 87.29116189658318 11.139258935439472 2
    endloop
  endfacet
  facet normal 0 0 1
    outer loop
      vertex 12.01 125.75 2
      vertex 87.29116189658318 11.139258935439472 2
      vertex 88.07499999999999 10.814582562299424 2
    endloop
  endfacet
  facet normal 0 0 1
    outer loop
      vertex 12.01 125.75 2
      vertex 88.07499999999999 10.814582562299424 2
      vertex 88.74809703885627 10.29809703885628 2
    endloop
  endfacet
  facet normal 0 0 1
    outer loop
      vertex 12.01 144.25 2
      vertex 88.74809703885627 10.29809703885628 2
      vertex 89.26458256229941 9.625 2
    endloop
  endfacet
  facet normal 0 0 1
    outer loop
      vertex 12.01 161.75 2
      vertex 89.26458256229941 9.625 2
      vertex 94.44999999999999 0 2
    endloop
  endfacet
  facet normal 0 0 -1
    outer loop
      vertex 6 0 0
      vertex 94.44999999999999 249.49 0
      vertex 94.44999999999999 0 0
    endloop
  endfacet
  facet normal 0 0 1
    outer loop
      vertex 6 234 2
      vertex 94.44999999999999 0 2
      vertex 83.63541743770057 77.065 2
    endloop
  endfacet
  facet normal 0 0 1
    outer loop
      vertex 84.85 8 2
      vertex 84.97179274798194 7.387706508215857 2
      vertex 85.83770650821585 6.521792747981941 2
    endloop
  endfacet
  facet normal 0 0 1
    outer loop
      vertex 84.97179274798194 7.387706508215857 2
      vertex 85.31862915010151 6.8686291501015235 2
      vertex 85.83770650821585 6.521792747981941 2
    endloop
  endfacet
  facet normal 0 0 1
    outer loop
      vertex 84.85 8 2
      vertex 85.83770650821585 6.521792747981941 2
      vertex 86.44999999999999 6.4 2
    endloop
  endfacet
  facet normal 0 0 1
    outer loop
      vertex 84.85 8 2
      vertex 87.06229349178413 6.521792747981941 2
      vertex 84.97179274798194 8.612293491784143 2
    endloop
  endfacet
  facet normal 0 0 1
    outer loop
      vertex 87.06229349178413 6.521792747981941 2
      vertex 84.85 8 2
      vertex 86.44999999999999 6.4 2
    endloop
  endfacet
  facet normal 0 0 1
    outer loop
      vertex 84.97179274798194 8.612293491784143 2
      vertex 87.06229349178413 6.521792747981941 2
      vertex 87.58137084989846 6.8686291501015235 2
    endloop
  endfacet
  facet normal 0 0 1
    outer loop
      vertex 87.92820725201804 7.387706508215857 2
      vertex 84.97179274798194 8.612293491784143 2
      vertex 87.58137084989846 6.8686291501015235 2
    endloop
  endfacet
  facet normal 0 0 1
    outer loop
      vertex 94.44999999999999 0 2
      vertex 85.6088381034168 4.8607410645605285 2
      vertex 84.82499999999999 5.185417437700575 2
    endloop
  endfacet
  facet normal 0 0 1
    outer loop
      vertex 87.92820725201804 7.387706508215857 2
      vertex 85.31862915010151 9.131370849898476 2
      vertex 84.97179274798194 8.612293491784143 2
    endloop
  endfacet
  facet normal 0 0 1
    outer loop
      vertex 85.31862915010151 9.131370849898476 2
      vertex 87.92820725201804 7.387706508215857 2
      vertex 85.83770650821585 9.47820725201806 2
    endloop
  endfacet
  facet normal 0 0 1
    outer loop
      vertex 85.83770650821585 9.47820725201806 2
      vertex 87.92820725201804 7.387706508215857 2
      vertex 86.44999999999999 9.6 2
    endloop
  endfacet
  facet normal 0 0 1
    outer loop
      vertex 86.44999999999999 9.6 2
      vertex 88.04999999999998 8 2
      vertex 87.06229349178413 9.47820725201806 2
    endloop
  endfacet
  facet normal 0 0 1
    outer loop
      vertex 86.44999999999999 9.6 2
      vertex 87.92820725201804 7.387706508215857 2
      vertex 88.04999999999998 8 2
    endloop
  endfacet
  facet normal 0 0 1
    outer loop
      vertex 87.92820725201804 8.612293491784143 2
      vertex 87.06229349178413 9.47820725201806 2
      vertex 88.04999999999998 8 2
    endloop
  endfacet
  facet normal 0 0 1
    outer loop
      vertex 87.06229349178413 9.47820725201806 2
      vertex 87.92820725201804 8.612293491784143 2
      vertex 87.58137084989846 9.131370849898476 2
    endloop
  endfacet
  facet normal 0 0 1
    outer loop
      vertex 94.44999999999999 0 2
      vertex 86.44999999999999 4.75 2
      vertex 85.6088381034168 4.8607410645605285 2
    endloop
  endfacet
  facet normal 0 0 1
    outer loop
      vertex 94.44999999999999 0 2
      vertex 87.29116189658318 4.8607410645605285 2
      vertex 86.44999999999999 4.75 2
    endloop
  endfacet
  facet normal 0 0 1
    outer loop
      vertex 94.44999999999999 0 2
      vertex 88.07499999999999 5.185417437700575 2
      vertex 87.29116189658318 4.8607410645605285 2
    endloop
  endfacet
  facet normal 0 0 1
    outer loop
      vertex 94.44999999999999 0 2
      vertex 88.74809703885627 5.70190296114372 2
      vertex 88.07499999999999 5.185417437700575 2
    endloop
  endfacet
  facet normal 0 0 1
    outer loop
      vertex 94.44999999999999 0 2
      vertex 89.26458256229941 6.375 2
      vertex 88.74809703885627 5.70190296114372 2
    endloop
  endfacet
  facet normal 0 0 1
    outer loop
      vertex 94.44999999999999 0 2
      vertex 89.58925893543946 7.158838103416808 2
      vertex 89.26458256229941 6.375 2
    endloop
  endfacet
  facet normal 0 0 1
    outer loop
      vertex 94.44999999999999 0 2
      vertex 89.69999999999999 8 2
      vertex 89.58925893543946 7.158838103416808 2
    endloop
  endfacet
  facet normal 0 0 1
    outer loop
      vertex 94.44999999999999 0 2
      vertex 89.58925893543946 8.841161896583193 2
      vertex 89.69999999999999 8 2
    endloop
  endfacet
  facet normal 0 0 1
    outer loop
      vertex 94.44999999999999 0 2
      vertex 89.26458256229941 9.625 2
      vertex 89.58925893543946 8.841161896583193 2
    endloop
  endfacet
  facet normal 0 0 1
    outer loop
      vertex 94.44999999999999 0 2
      vertex 85.6088381034168 75.55074106456053 2
      vertex 84.82499999999999 75.87541743770058 2
    endloop
  endfacet
  facet normal 0 0 1
    outer loop
      vertex 94.44999999999999 0 2
      vertex 84.1519029611437 76.39190296114371 2
      vertex 83.63541743770057 77.065 2
    endloop
  endfacet
  facet normal 0 0 1
    outer loop
      vertex 94.44999999999999 0 2
      vertex 84.82499999999999 75.87541743770058 2
      vertex 84.1519029611437 76.39190296114371 2
    endloop
  endfacet
  facet normal 0 0 1
    outer loop
      vertex 94.44999999999999 0 2
      vertex 86.44999999999999 75.44 2
      vertex 85.6088381034168 75.55074106456053 2
    endloop
  endfacet
  facet normal 0 0 1
    outer loop
      vertex 94.44999999999999 0 2
      vertex 87.29116189658318 75.55074106456053 2
      vertex 86.44999999999999 75.44 2
    endloop
  endfacet
  facet normal 0 0 1
    outer loop
      vertex 94.44999999999999 0 2
      vertex 88.07499999999999 75.87541743770058 2
      vertex 87.29116189658318 75.55074106456053 2
    endloop
  endfacet
  facet normal 0 0 1
    outer loop
      vertex 94.44999999999999 0 2
      vertex 88.74809703885627 76.39190296114371 2
      vertex 88.07499999999999 75.87541743770058 2
    endloop
  endfacet
  facet normal 0 0 1
    outer loop
      vertex 94.44999999999999 0 2
      vertex 89.26458256229941 77.065 2
      vertex 88.74809703885627 76.39190296114371 2
    endloop
  endfacet
  facet normal 0 0 1
    outer loop
      vertex 94.44999999999999 0 2
      vertex 89.58925893543946 77.84883810341681 2
      vertex 89.26458256229941 77.065 2
    endloop
  endfacet
  facet normal 0 0 1
    outer loop
      vertex 94.44999999999999 0 2
      vertex 89.69999999999999 78.69 2
      vertex 89.58925893543946 77.84883810341681 2
    endloop
  endfacet
  facet normal 1 0 0
    outer loop
      vertex 94.44999999999999 0 0
      vertex 94.44999999999999 249.49 0
      vertex 94.44999999999999 0 2
    endloop
  endfacet
  facet normal 0 0 1
    outer loop
      vertex 84.97179274798194 78.07770650821585 2
      vertex 85.31862915010151 77.55862915010152 2
      vertex 85.83770650821585 77.21179274798195 2
    endloop
  endfacet
  facet normal 0 0 1
    outer loop
      vertex 84.97179274798194 79.30229349178414 2
      vertex 85.83770650821585 77.21179274798195 2
      vertex 86.44999999999999 77.09 2
    endloop
  endfacet
  facet normal 0 0 1
    outer loop
      vertex 84.97179274798194 79.30229349178414 2
      vertex 86.44999999999999 77.09 2
      vertex 87.06229349178413 77.21179274798195 2
    endloop
  endfacet
  facet normal 0 0 1
    outer loop
      vertex 84.85 78.69 2
      vertex 84.97179274798194 78.07770650821585 2
      vertex 85.83770650821585 77.21179274798195 2
    endloop
  endfacet
  facet normal 0 0 1
    outer loop
      vertex 84.85 78.69 2
      vertex 85.83770650821585 77.21179274798195 2
      vertex 84.97179274798194 79.30229349178414 2
    endloop
  endfacet
  facet normal 0 0 1
    outer loop
      vertex 84.97179274798194 79.30229349178414 2
      vertex 87.06229349178413 77.21179274798195 2
      vertex 85.31862915010151 79.82137084989847 2
    endloop
  endfacet
  facet normal 0 0 1
    outer loop
      vertex 85.31862915010151 79.82137084989847 2
      vertex 87.06229349178413 77.21179274798195 2
      vertex 85.83770650821585 80.16820725201805 2
    endloop
  endfacet
  facet normal 0 0 1
    outer loop
      vertex 85.83770650821585 80.16820725201805 2
      vertex 87.58137084989846 77.55862915010152 2
      vertex 86.44999999999999 80.28999999999999 2
    endloop
  endfacet
  facet normal 0 0 1
    outer loop
      vertex 85.83770650821585 80.16820725201805 2
      vertex 87.06229349178413 77.21179274798195 2
      vertex 87.58137084989846 77.55862915010152 2
    endloop
  endfacet
  facet normal 0 0 1
    outer loop
      vertex 86.44999999999999 80.28999999999999 2
      vertex 87.58137084989846 77.55862915010152 2
      vertex 87.92820725201804 78.07770650821585 2
    endloop
  endfacet
  facet normal 0 0 1
    outer loop
      vertex 86.44999999999999 80.28999999999999 2
      vertex 87.92820725201804 78.07770650821585 2
      vertex 87.06229349178413 80.16820725201805 2
    endloop
  endfacet
  facet normal 0 0 1
    outer loop
      vertex 87.06229349178413 80.16820725201805 2
      vertex 87.92820725201804 79.30229349178414 2
      vertex 87.58137084989846 79.82137084989847 2
    endloop
  endfacet
  facet normal 0 0 1
    outer loop
      vertex 87.06229349178413 80.16820725201805 2
      vertex 87.92820725201804 78.07770650821585 2
      vertex 88.04999999999998 78.69 2
    endloop
  endfacet
  facet normal 0 0 1
    outer loop
      vertex 87.06229349178413 80.16820725201805 2
      vertex 88.04999999999998 78.69 2
      vertex 87.92820725201804 79.30229349178414 2
    endloop
  endfacet
  facet normal 0 0 1
    outer loop
      vertex 94.44999999999999 0 2
      vertex 94.44999999999999 245.49 2
      vertex 89.69999999999999 78.69 2
    endloop
  endfacet
  facet normal 0 0 1
    outer loop
      vertex 6 234 2
      vertex 83.31074106456052 77.84883810341681 2
      vertex 83.19999999999999 78.69 2
    endloop
  endfacet
  facet normal 0 0 1
    outer loop
      vertex 6 234 2
      vertex 83.19999999999999 78.69 2
      vertex 83.31074106456052 79.53116189658319 2
    endloop
  endfacet
  facet normal 0 0 1
    outer loop
      vertex 6 234 2
      vertex 83.63541743770057 77.065 2
      vertex 83.31074106456052 77.84883810341681 2
    endloop
  endfacet
  facet normal 0 0 1
    outer loop
      vertex 6 234 2
      vertex 83.31074106456052 79.53116189658319 2
      vertex 83.63541743770057 80.315 2
    endloop
  endfacet
  facet normal 0 0 1
    outer loop
      vertex 6 234 2
      vertex 83.63541743770057 80.315 2
      vertex 84.1519029611437 80.98809703885628 2
    endloop
  endfacet
  facet normal 0 0 1
    outer loop
      vertex 6 234 2
      vertex 84.1519029611437 80.98809703885628 2
      vertex 84.1519029611437 220.33190296114373 2
    endloop
  endfacet
  facet normal 0 1 0
    outer loop
      vertex 6 249.49 2
      vertex 94.44999999999999 249.49 2
      vertex 94.44999999999999 249.49 0
    endloop
  endfacet
  facet normal 0 0 1
    outer loop
      vertex 6 234 2
      vertex 83.63541743770057 221.005 2
      vertex 83.31074106456052 221.7888381034168 2
    endloop
  endfacet
  facet normal 0 0 1
    outer loop
      vertex 6 234 2
      vertex 84.1519029611437 220.33190296114373 2
      vertex 83.63541743770057 221.005 2
    endloop
  endfacet
  facet normal 0 0 1
    outer loop
      vertex 6 234 2
      vertex 83.31074106456052 221.7888381034168 2
      vertex 83.19999999999999 222.63 2
    endloop
  endfacet
  facet normal 0 0 1
    outer loop
      vertex 6 234 2
      vertex 83.19999999999999 222.63 2
      vertex 83.31074106456052 223.4711618965832 2
    endloop
  endfacet
  facet normal 0 0 1
    outer loop
      vertex 6 234 2
      vertex 83.31074106456052 223.4711618965832 2
      vertex 83.63541743770057 224.255 2
    endloop
  endfacet
  facet normal 0 0 1
    outer loop
      vertex 6 234 2
      vertex 83.63541743770057 224.255 2
      vertex 84.1519029611437 224.92809703885627 2
    endloop
  endfacet
  facet normal 0 0 1
    outer loop
      vertex 6 234 2
      vertex 84.1519029611437 224.92809703885627 2
      vertex 84.82499999999999 225.44458256229942 2
    endloop
  endfacet
  facet normal 0 0 1
    outer loop
      vertex 6 234 2
      vertex 84.82499999999999 225.44458256229942 2
      vertex 85.6088381034168 225.76925893543947 2
    endloop
  endfacet
  facet normal 0 0 1
    outer loop
      vertex 6 234 2
      vertex 85.6088381034168 225.76925893543947 2
      vertex 86.44999999999999 225.88 2
    endloop
  endfacet
  facet normal 0 0 1
    outer loop
      vertex 6 234 2
      vertex 86.44999999999999 225.88 2
      vertex 94.44999999999999 245.49 2
    endloop
  endfacet
  facet normal 1 0 0
    outer loop
      vertex 94.44999999999999 0 2
      vertex 94.44999999999999 249.49 0
      vertex 94.44999999999999 245.49 2
    endloop
  endfacet
  facet normal 0 0 1
    outer loop
      vertex 84.1519029611437 80.98809703885628 2
      vertex 84.82499999999999 81.50458256229942 2
      vertex 84.82499999999999 219.81541743770057 2
    endloop
  endfacet
  facet normal 0 0 1
    outer loop
      vertex 84.82499999999999 81.50458256229942 2
      vertex 85.6088381034168 81.82925893543947 2
      vertex 85.6088381034168 219.49074106456052 2
    endloop
  endfacet
  facet normal 0 0 1
    outer loop
      vertex 85.6088381034168 81.82925893543947 2
      vertex 86.44999999999999 81.94 2
      vertex 86.44999999999999 219.38 2
    endloop
  endfacet
  facet normal 0 0 1
    outer loop
      vertex 86.44999999999999 81.94 2
      vertex 87.29116189658318 81.82925893543947 2
      vertex 87.29116189658318 219.49074106456052 2
    endloop
  endfacet
  facet normal 0 0 1
    outer loop
      vertex 87.29116189658318 81.82925893543947 2
      vertex 88.07499999999999 81.50458256229942 2
      vertex 88.07499999999999 219.81541743770057 2
    endloop
  endfacet
  facet normal 0 0 1
    outer loop
      vertex 88.07499999999999 81.50458256229942 2
      vertex 88.74809703885627 80.98809703885628 2
      vertex 88.07499999999999 219.81541743770057 2
    endloop
  endfacet
  facet normal 0 0 1
    outer loop
      vertex 88.74809703885627 80.98809703885628 2
      vertex 89.26458256229941 80.315 2
      vertex 89.26458256229941 221.005 2
    endloop
  endfacet
  facet normal 0 0 1
    outer loop
      vertex 89.69999999999999 78.69 2
      vertex 89.58925893543946 221.7888381034168 2
      vertex 89.58925893543946 79.53116189658319 2
    endloop
  endfacet
  facet normal 0 0 1
    outer loop
      vertex 89.26458256229941 80.315 2
      vertex 89.58925893543946 79.53116189658319 2
      vertex 89.58925893543946 221.7888381034168 2
    endloop
  endfacet
  facet normal 0 0 1
    outer loop
      vertex 84.1519029611437 80.98809703885628 2
      vertex 84.82499999999999 219.81541743770057 2
      vertex 84.1519029611437 220.33190296114373 2
    endloop
  endfacet
  facet normal 0 0 1
    outer loop
      vertex 84.82499999999999 81.50458256229942 2
      vertex 85.6088381034168 219.49074106456052 2
      vertex 84.82499999999999 219.81541743770057 2
    endloop
  endfacet
  facet normal 0 0 1
    outer loop
      vertex 85.6088381034168 81.82925893543947 2
      vertex 86.44999999999999 219.38 2
      vertex 85.6088381034168 219.49074106456052 2
    endloop
  endfacet
  facet normal 0 0 1
    outer loop
      vertex 86.44999999999999 219.38 2
      vertex 86.44999999999999 81.94 2
      vertex 87.29116189658318 219.49074106456052 2
    endloop
  endfacet
  facet normal 0 0 1
    outer loop
      vertex 87.29116189658318 81.82925893543947 2
      vertex 88.07499999999999 219.81541743770057 2
      vertex 87.29116189658318 219.49074106456052 2
    endloop
  endfacet
  facet normal 0 0 1
    outer loop
      vertex 88.74809703885627 80.98809703885628 2
      vertex 88.74809703885627 220.33190296114373 2
      vertex 88.07499999999999 219.81541743770057 2
    endloop
  endfacet
  facet normal 0 0 1
    outer loop
      vertex 88.74809703885627 80.98809703885628 2
      vertex 89.26458256229941 221.005 2
      vertex 88.74809703885627 220.33190296114373 2
    endloop
  endfacet
  facet normal 0 0 1
    outer loop
      vertex 89.26458256229941 80.315 2
      vertex 89.58925893543946 221.7888381034168 2
      vertex 89.26458256229941 221.005 2
    endloop
  endfacet
  facet normal 0 0 1
    outer loop
      vertex 89.69999999999999 78.69 2
      vertex 89.69999999999999 222.63 2
      vertex 89.58925893543946 221.7888381034168 2
    endloop
  endfacet
  facet normal 0 0 1
    outer loop
      vertex 94.44999999999999 245.49 2
      vertex 89.69999999999999 222.63 2
      vertex 89.69999999999999 78.69 2
    endloop
  endfacet
  facet normal 1 0 0
    outer loop
      vertex 94.44999999999999 249.49 0
      vertex 94.44999999999999 249.49 2
      vertex 94.44999999999999 245.49 2
    endloop
  endfacet
  facet normal 0 0 1
    outer loop
      vertex 84.85 222.63 2
      vertex 84.97179274798194 222.01770650821584 2
      vertex 85.31862915010151 221.49862915010152 2
    endloop
  endfacet
  facet normal 0 0 1
    outer loop
      vertex 84.85 222.63 2
      vertex 85.31862915010151 221.49862915010152 2
      vertex 85.83770650821585 221.15179274798194 2
    endloop
  endfacet
  facet normal 0 0 1
    outer loop
      vertex 84.85 222.63 2
      vertex 85.83770650821585 221.15179274798194 2
      vertex 86.44999999999999 221.03 2
    endloop
  endfacet
  facet normal 0 0 1
    outer loop
      vertex 84.85 222.63 2
      vertex 86.44999999999999 221.03 2
      vertex 87.06229349178413 221.15179274798194 2
    endloop
  endfacet
  facet normal 0 0 1
    outer loop
      vertex 84.85 222.63 2
      vertex 87.06229349178413 221.15179274798194 2
      vertex 84.97179274798194 223.24229349178415 2
    endloop
  endfacet
  facet normal 0 0 1
    outer loop
      vertex 84.97179274798194 223.24229349178415 2
      vertex 87.06229349178413 221.15179274798194 2
      vertex 85.31862915010151 223.76137084989847 2
    endloop
  endfacet
  facet normal 0 0 1
    outer loop
      vertex 85.31862915010151 223.76137084989847 2
      vertex 87.06229349178413 221.15179274798194 2
      vertex 85.83770650821585 224.10820725201805 2
    endloop
  endfacet
  facet normal 0 0 1
    outer loop
      vertex 85.83770650821585 224.10820725201805 2
      vertex 87.06229349178413 224.10820725201805 2
      vertex 86.44999999999999 224.23 2
    endloop
  endfacet
  facet normal 0 0 1
    outer loop
      vertex 85.83770650821585 224.10820725201805 2
      vertex 87.06229349178413 221.15179274798194 2
      vertex 87.58137084989846 221.49862915010152 2
    endloop
  endfacet
  facet normal 0 0 1
    outer loop
      vertex 85.83770650821585 224.10820725201805 2
      vertex 87.58137084989846 223.76137084989847 2
      vertex 87.06229349178413 224.10820725201805 2
    endloop
  endfacet
  facet normal 0 0 1
    outer loop
      vertex 85.83770650821585 224.10820725201805 2
      vertex 87.58137084989846 221.49862915010152 2
      vertex 87.92820725201804 222.01770650821584 2
    endloop
  endfacet
  facet normal 0 0 1
    outer loop
      vertex 85.83770650821585 224.10820725201805 2
      vertex 87.92820725201804 222.01770650821584 2
      vertex 88.04999999999998 222.63 2
    endloop
  endfacet
  facet normal 0 0 1
    outer loop
      vertex 85.83770650821585 224.10820725201805 2
      vertex 87.92820725201804 223.24229349178415 2
      vertex 87.58137084989846 223.76137084989847 2
    endloop
  endfacet
  facet normal 0 0 1
    outer loop
      vertex 85.83770650821585 224.10820725201805 2
      vertex 88.04999999999998 222.63 2
      vertex 87.92820725201804 223.24229349178415 2
    endloop
  endfacet
  facet normal 0 0 1
    outer loop
      vertex 94.44999999999999 245.49 2
      vertex 86.44999999999999 225.88 2
      vertex 87.29116189658318 225.76925893543947 2
    endloop
  endfacet
  facet normal 0 0 1
    outer loop
      vertex 94.44999999999999 245.49 2
      vertex 87.29116189658318 225.76925893543947 2
      vertex 88.07499999999999 225.44458256229942 2
    endloop
  endfacet
  facet normal 0 0 1
    outer loop
      vertex 94.44999999999999 245.49 2
      vertex 88.07499999999999 225.44458256229942 2
      vertex 88.74809703885627 224.92809703885627 2
    endloop
  endfacet
  facet normal 0 0 1
    outer loop
      vertex 94.44999999999999 245.49 2
      vertex 88.74809703885627 224.92809703885627 2
      vertex 89.26458256229941 224.255 2
    endloop
  endfacet
  facet normal 0 0 1
    outer loop
      vertex 94.44999999999999 245.49 2
      vertex 89.26458256229941 224.255 2
      vertex 89.58925893543946 223.4711618965832 2
    endloop
  endfacet
  facet normal 0 0 1
    outer loop
      vertex 94.44999999999999 245.49 2
      vertex 89.58925893543946 223.4711618965832 2
      vertex 89.69999999999999 222.63 2
    endloop
  endfacet
  facet normal -1 0 0
    outer loop
      vertex 6 245.49 2
      vertex 6 249.49 7
      vertex 6 249.49 2
    endloop
  endfacet
  facet normal 0 1 0
    outer loop
      vertex 6 249.49 2
      vertex 6 249.49 7
      vertex 94.44999999999999 249.49 2
    endloop
  endfacet
  facet normal -1 0 0
    outer loop
      vertex 6 245.49 2
      vertex 6 245.49 7
      vertex 6 249.49 7
    endloop
  endfacet
  facet normal 0 -1 0
    outer loop
      vertex 6 245.49 2
      vertex 94.44999999999999 245.49 7
      vertex 6 245.49 7
    endloop
  endfacet
  facet normal 0 0 1
    outer loop
      vertex 6 245.49 7
      vertex 94.44999999999999 245.49 7
      vertex 6 249.49 7
    endloop
  endfacet
  facet normal 0 -1 0
    outer loop
      vertex 6 245.49 2
      vertex 94.44999999999999 245.49 2
      vertex 94.44999999999999 245.49 7
    endloop
  endfacet
  facet normal 1 0 0
    outer loop
      vertex 94.44999999999999 245.49 2
      vertex 94.44999999999999 249.49 2
      vertex 94.44999999999999 245.49 7
    endloop
  endfacet
  facet normal 0 1 0
    outer loop
      vertex 6 249.49 7
      vertex 94.44999999999999 249.49 7
      vertex 94.44999999999999 249.49 2
    endloop
  endfacet
  facet normal 0 0 1
    outer loop
      vertex 6 249.49 7
      vertex 94.44999999999999 245.49 7
      vertex 94.44999999999999 249.49 7
    endloop
  endfacet
  facet normal 1 0 0
    outer loop
      vertex 94.44999999999999 249.49 2
      vertex 94.44999999999999 249.49 7
      vertex 94.44999999999999 245.49 7
    endloop
  endfacet
  facet normal 0 1 0
    outer loop
      vertex 5.99 17.75 0
      vertex 5.99 17.75 2
      vertex 6 17.75 0
    endloop
  endfacet
  facet normal 1 0 0
    outer loop
      vertex 5.99 17.75 0
      vertex 5.99 18 0
      vertex 5.99 17.75 2
    endloop
  endfacet
  facet normal 0 1 0
    outer loop
      vertex 6 17.75 0
      vertex 6 17.75 2
      vertex 12.01 17.75 0
    endloop
  endfacet
  facet normal 1 0 0
    outer loop
      vertex 5.99 18 0
      vertex 5.99 18 2
      vertex 5.99 17.75 2
    endloop
  endfacet
  facet normal 0 1 0
    outer loop
      vertex 6 17.75 0
      vertex 5.99 17.75 2
      vertex 6 17.75 2
    endloop
  endfacet
  facet normal 0 1 0
    outer loop
      vertex 12.01 17.75 0
      vertex 6 17.75 2
      vertex 12.01 17.75 2
    endloop
  endfacet
  facet normal 1 0 0
    outer loop
      vertex 5.99 36 0
      vertex 5.99 36.25 0
      vertex 5.99 36 2
    endloop
  endfacet
  facet normal 0 -1 0
    outer loop
      vertex 5.99 36.25 0
      vertex 6 36.25 0
      vertex 6 36.25 2
    endloop
  endfacet
  facet normal 0 -1 0
    outer loop
      vertex 6 36.25 0
      vertex 12.01 36.25 0
      vertex 12.01 36.25 2
    endloop
  endfacet
  facet normal 1 0 0
    outer loop
      vertex 5.99 36.25 0
      vertex 5.99 36.25 2
      vertex 5.99 36 2
    endloop
  endfacet
  facet normal 0 -1 0
    outer loop
      vertex 5.99 36.25 0
      vertex 6 36.25 2
      vertex 5.99 36.25 2
    endloop
  endfacet
  facet normal 0 -1 0
    outer loop
      vertex 6 36.25 0
      vertex 12.01 36.25 2
      vertex 6 36.25 2
    endloop
  endfacet
  facet normal -1 0 0
    outer loop
      vertex 12.01 17.75 0
      vertex 12.01 17.75 2
      vertex 12.01 36.25 0
    endloop
  endfacet
  facet normal -1 0 0
    outer loop
      vertex 12.01 36.25 0
      vertex 12.01 17.75 2
      vertex 12.01 36.25 2
    endloop
  endfacet
  facet normal 1 0 0
    outer loop
      vertex 5.99 53.75 0
      vertex 5.99 54 0
      vertex 5.99 53.75 2
    endloop
  endfacet
  facet normal 0 1 0
    outer loop
      vertex 5.99 53.75 0
      vertex 5.99 53.75 2
      vertex 6 53.75 0
    endloop
  endfacet
  facet normal 0 1 0
    outer loop
      vertex 6 53.75 0
      vertex 6 53.75 2
      vertex 12.01 53.75 0
    endloop
  endfacet
  facet normal 1 0 0
    outer loop
      vertex 5.99 54 0
      vertex 5.99 54 2
      vertex 5.99 53.75 2
    endloop
  endfacet
  facet normal 0 1 0
    outer loop
      vertex 6 53.75 0
      vertex 5.99 53.75 2
      vertex 6 53.75 2
    endloop
  endfacet
  facet normal 0 1 0
    outer loop
      vertex 12.01 53.75 0
      vertex 6 53.75 2
      vertex 12.01 53.75 2
    endloop
  endfacet
  facet normal -1 0 0
    outer loop
      vertex 12.01 53.75 0
      vertex 12.01 53.75 2
      vertex 12.01 72.25 0
    endloop
  endfacet
  facet normal 1 0 0
    outer loop
      vertex 5.99 72 0
      vertex 5.99 72.25 0
      vertex 5.99 72 2
    endloop
  endfacet
  facet normal 0 -1 0
    outer loop
      vertex 5.99 72.25 0
      vertex 6 72.25 0
      vertex 6 72.25 2
    endloop
  endfacet
  facet normal 0 -1 0
    outer loop
      vertex 6 72.25 0
      vertex 12.01 72.25 0
      vertex 12.01 72.25 2
    endloop
  endfacet
  facet normal 1 0 0
    outer loop
      vertex 5.99 72.25 0
      vertex 5.99 72.25 2
      vertex 5.99 72 2
    endloop
  endfacet
  facet normal 0 -1 0
    outer loop
      vertex 5.99 72.25 0
      vertex 6 72.25 2
      vertex 5.99 72.25 2
    endloop
  endfacet
  facet normal 0 -1 0
    outer loop
      vertex 6 72.25 0
      vertex 12.01 72.25 2
      vertex 6 72.25 2
    endloop
  endfacet
  facet normal -1 0 0
    outer loop
      vertex 12.01 53.75 2
      vertex 12.01 72.25 2
      vertex 12.01 72.25 0
    endloop
  endfacet
  facet normal 1 0 0
    outer loop
      vertex 5.99 89.75 0
      vertex 5.99 90 0
      vertex 5.99 89.75 2
    endloop
  endfacet
  facet normal 0 1 0
    outer loop
      vertex 5.99 89.75 0
      vertex 5.99 89.75 2
      vertex 6 89.75 0
    endloop
  endfacet
  facet normal 0 1 0
    outer loop
      vertex 6 89.75 0
      vertex 6 89.75 2
      vertex 12.01 89.75 0
    endloop
  endfacet
  facet normal 1 0 0
    outer loop
      vertex 5.99 90 0
      vertex 5.99 90 2
      vertex 5.99 89.75 2
    endloop
  endfacet
  facet normal 0 1 0
    outer loop
      vertex 6 89.75 0
      vertex 5.99 89.75 2
      vertex 6 89.75 2
    endloop
  endfacet
  facet normal 0 1 0
    outer loop
      vertex 12.01 89.75 0
      vertex 6 89.75 2
      vertex 12.01 89.75 2
    endloop
  endfacet
  facet normal 1 0 0
    outer loop
      vertex 5.99 108 0
      vertex 5.99 108.25 0
      vertex 5.99 108 2
    endloop
  endfacet
  facet normal 0 -1 0
    outer loop
      vertex 5.99 108.25 0
      vertex 6 108.25 0
      vertex 6 108.25 2
    endloop
  endfacet
  facet normal 0 -1 0
    outer loop
      vertex 6 108.25 0
      vertex 12.01 108.25 0
      vertex 12.01 108.25 2
    endloop
  endfacet
  facet normal 1 0 0
    outer loop
      vertex 5.99 108.25 0
      vertex 5.99 108.25 2
      vertex 5.99 108 2
    endloop
  endfacet
  facet normal 0 -1 0
    outer loop
      vertex 5.99 108.25 0
      vertex 6 108.25 2
      vertex 5.99 108.25 2
    endloop
  endfacet
  facet normal 0 -1 0
    outer loop
      vertex 6 108.25 0
      vertex 12.01 108.25 2
      vertex 6 108.25 2
    endloop
  endfacet
  facet normal -1 0 0
    outer loop
      vertex 12.01 89.75 0
      vertex 12.01 89.75 2
      vertex 12.01 108.25 0
    endloop
  endfacet
  facet normal -1 0 0
    outer loop
      vertex 12.01 108.25 0
      vertex 12.01 89.75 2
      vertex 12.01 108.25 2
    endloop
  endfacet
  facet normal 1 0 0
    outer loop
      vertex 5.99 125.75 0
      vertex 5.99 126 0
      vertex 5.99 125.75 2
    endloop
  endfacet
  facet normal 0 1 0
    outer loop
      vertex 5.99 125.75 0
      vertex 5.99 125.75 2
      vertex 6 125.75 0
    endloop
  endfacet
  facet normal 0 1 0
    outer loop
      vertex 6 125.75 0
      vertex 6 125.75 2
      vertex 12.01 125.75 0
    endloop
  endfacet
  facet normal 1 0 0
    outer loop
      vertex 5.99 144 0
      vertex 5.99 144.25 0
      vertex 5.99 144 2
    endloop
  endfacet
  facet normal 0 -1 0
    outer loop
      vertex 5.99 144.25 0
      vertex 6 144.25 0
      vertex 6 144.25 2
    endloop
  endfacet
  facet normal 0 -1 0
    outer loop
      vertex 6 144.25 0
      vertex 12.01 144.25 0
      vertex 12.01 144.25 2
    endloop
  endfacet
  facet normal 1 0 0
    outer loop
      vertex 5.99 126 0
      vertex 5.99 126 2
      vertex 5.99 125.75 2
    endloop
  endfacet
  facet normal 0 1 0
    outer loop
      vertex 6 125.75 0
      vertex 5.99 125.75 2
      vertex 6 125.75 2
    endloop
  endfacet
  facet normal 0 1 0
    outer loop
      vertex 12.01 125.75 0
      vertex 6 125.75 2
      vertex 12.01 125.75 2
    endloop
  endfacet
  facet normal 1 0 0
    outer loop
      vertex 5.99 144.25 0
      vertex 5.99 144.25 2
      vertex 5.99 144 2
    endloop
  endfacet
  facet normal 0 -1 0
    outer loop
      vertex 5.99 144.25 0
      vertex 6 144.25 2
      vertex 5.99 144.25 2
    endloop
  endfacet
  facet normal 0 -1 0
    outer loop
      vertex 6 144.25 0
      vertex 12.01 144.25 2
      vertex 6 144.25 2
    endloop
  endfacet
  facet normal -1 0 0
    outer loop
      vertex 12.01 125.75 0
      vertex 12.01 125.75 2
      vertex 12.01 144.25 0
    endloop
  endfacet
  facet normal -1 0 0
    outer loop
      vertex 12.01 144.25 0
      vertex 12.01 125.75 2
      vertex 12.01 144.25 2
    endloop
  endfacet
  facet normal 0 1 0
    outer loop
      vertex 5.99 161.75 0
      vertex 5.99 161.75 2
      vertex 6 161.75 0
    endloop
  endfacet
  facet normal 1 0 0
    outer loop
      vertex 5.99 161.75 0
      vertex 5.99 162 0
      vertex 5.99 161.75 2
    endloop
  endfacet
  facet normal 0 1 0
    outer loop
      vertex 6 161.75 0
      vertex 6 161.75 2
      vertex 12.01 161.75 0
    endloop
  endfacet
  facet normal 1 0 0
    outer loop
      vertex 5.99 180 0
      vertex 5.99 180.25 0
      vertex 5.99 180 2
    endloop
  endfacet
  facet normal 0 -1 0
    outer loop
      vertex 5.99 180.25 0
      vertex 6 180.25 0
      vertex 6 180.25 2
    endloop
  endfacet
  facet normal 0 -1 0
    outer loop
      vertex 6 180.25 0
      vertex 12.01 180.25 0
      vertex 12.01 180.25 2
    endloop
  endfacet
  facet normal 0 1 0
    outer loop
      vertex 6 161.75 0
      vertex 5.99 161.75 2
      vertex 6 161.75 2
    endloop
  endfacet
  facet normal 1 0 0
    outer loop
      vertex 5.99 162 0
      vertex 5.99 162 2
      vertex 5.99 161.75 2
    endloop
  endfacet
  facet normal 0 1 0
    outer loop
      vertex 12.01 161.75 0
      vertex 6 161.75 2
      vertex 12.01 161.75 2
    endloop
  endfacet
  facet normal 1 0 0
    outer loop
      vertex 5.99 180.25 0
      vertex 5.99 180.25 2
      vertex 5.99 180 2
    endloop
  endfacet
  facet normal 0 -1 0
    outer loop
      vertex 5.99 180.25 0
      vertex 6 180.25 2
      vertex 5.99 180.25 2
    endloop
  endfacet
  facet normal 0 -1 0
    outer loop
      vertex 6 180.25 0
      vertex 12.01 180.25 2
      vertex 6 180.25 2
    endloop
  endfacet
  facet normal -1 0 0
    outer loop
      vertex 12.01 161.75 0
      vertex 12.01 161.75 2
      vertex 12.01 180.25 0
    endloop
  endfacet
  facet normal -1 0 0
    outer loop
      vertex 12.01 180.25 0
      vertex 12.01 161.75 2
      vertex 12.01 180.25 2
    endloop
  endfacet
  facet normal 1 0 0
    outer loop
      vertex 5.99 197.75 0
      vertex 5.99 198 0
      vertex 5.99 197.75 2
    endloop
  endfacet
  facet normal 0 1 0
    outer loop
      vertex 5.99 197.75 0
      vertex 5.99 197.75 2
      vertex 6 197.75 0
    endloop
  endfacet
  facet normal 0 1 0
    outer loop
      vertex 6 197.75 0
      vertex 6 197.75 2
      vertex 12.01 197.75 0
    endloop
  endfacet
  facet normal 1 0 0
    outer loop
      vertex 5.99 216 0
      vertex 5.99 216.25 0
      vertex 5.99 216 2
    endloop
  endfacet
  facet normal 0 -1 0
    outer loop
      vertex 5.99 216.25 0
      vertex 6 216.25 0
      vertex 6 216.25 2
    endloop
  endfacet
  facet normal 0 -1 0
    outer loop
      vertex 6 216.25 0
      vertex 12.01 216.25 0
      vertex 12.01 216.25 2
    endloop
  endfacet
  facet normal 0 1 0
    outer loop
      vertex 6 197.75 0
      vertex 5.99 197.75 2
      vertex 6 197.75 2
    endloop
  endfacet
  facet normal 1 0 0
    outer loop
      vertex 5.99 198 0
      vertex 5.99 198 2
      vertex 5.99 197.75 2
    endloop
  endfacet
  facet normal 0 1 0
    outer loop
      vertex 12.01 197.75 0
      vertex 6 197.75 2
      vertex 12.01 197.75 2
    endloop
  endfacet
  facet normal 1 0 0
    outer loop
      vertex 5.99 216.25 0
      vertex 5.99 216.25 2
      vertex 5.99 216 2
    endloop
  endfacet
  facet normal 0 -1 0
    outer loop
      vertex 5.99 216.25 0
      vertex 6 216.25 2
      vertex 5.99 216.25 2
    endloop
  endfacet
  facet normal 0 -1 0
    outer loop
      vertex 6 216.25 0
      vertex 12.01 216.25 2
      vertex 6 216.25 2
    endloop
  endfacet
  facet normal -1 0 0
    outer loop
      vertex 12.01 197.75 0
      vertex 12.01 197.75 2
      vertex 12.01 216.25 0
    endloop
  endfacet
  facet normal -1 0 0
    outer loop
      vertex 12.01 216.25 0
      vertex 12.01 197.75 2
      vertex 12.01 216.25 2
    endloop
  endfacet
endsolid OpenSCAD_Model
