solid OpenSCAD_Model
  facet normal -0.7933533402912325 -0.6087614290087241 0
    outer loop
      vertex 142.15541743770058 6.375 8
      vertex 142.15541743770058 6.375 2
      vertex 142.67190296114373 5.70190296114372 2
    endloop
  endfacet
  facet normal -0.9238795325112851 -0.38268343236509395 0
    outer loop
      vertex 141.83074106456053 7.158838103416808 8
      vertex 141.83074106456053 7.158838103416808 2
      vertex 142.15541743770058 6.375 2
    endloop
  endfacet
  facet normal -0.9914448613738103 -0.13052619222005207 0
    outer loop
      vertex 141.72 8 8
      vertex 141.72 8 2
      vertex 141.83074106456053 7.158838103416808 2
    endloop
  endfacet
  facet normal -0.9914448613738105 0.13052619222005196 0
    outer loop
      vertex 141.83074106456053 8.841161896583193 8
      vertex 141.83074106456053 8.841161896583193 2
      vertex 141.72 8 2
    endloop
  endfacet
  facet normal -0.9238795325112849 0.3826834323650943 0
    outer loop
      vertex 142.15541743770058 9.625 8
      vertex 142.15541743770058 9.625 2
      vertex 141.83074106456053 8.841161896583193 2
    endloop
  endfacet
  facet normal -0.7933533402912325 0.6087614290087241 0
    outer loop
      vertex 142.67190296114373 10.29809703885628 8
      vertex 142.67190296114373 10.29809703885628 2
      vertex 142.15541743770058 9.625 2
    endloop
  endfacet
  facet normal -0.6087614290087254 -0.7933533402912313 0
    outer loop
      vertex 143.345 5.185417437700575 8
      vertex 142.67190296114373 5.70190296114372 2
      vertex 143.345 5.185417437700575 2
    endloop
  endfacet
  facet normal -0.38268343236509356 -0.9238795325112852 0
    outer loop
      vertex 144.1288381034168 4.8607410645605285 8
      vertex 143.345 5.185417437700575 2
      vertex 144.1288381034168 4.8607410645605285 2
    endloop
  endfacet
  facet normal -0.1305261922200506 -0.9914448613738106 0
    outer loop
      vertex 144.97 4.75 8
      vertex 144.1288381034168 4.8607410645605285 2
      vertex 144.97 4.75 2
    endloop
  endfacet
  facet normal 0.1305261922200506 -0.9914448613738106 0
    outer loop
      vertex 145.8111618965832 4.8607410645605285 8
      vertex 144.97 4.75 2
      vertex 145.8111618965832 4.8607410645605285 2
    endloop
  endfacet
  facet normal 0.38268343236509356 -0.9238795325112852 0
    outer loop
      vertex 146.595 5.185417437700575 8
      vertex 145.8111618965832 4.8607410645605285 2
      vertex 146.595 5.185417437700575 2
    endloop
  endfacet
  facet normal 0.6087614290087254 -0.7933533402912313 0
    outer loop
      vertex 147.26809703885627 5.70190296114372 8
      vertex 146.595 5.185417437700575 2
      vertex 147.26809703885627 5.70190296114372 2
    endloop
  endfacet
  facet normal 0.7933533402912325 -0.6087614290087241 0
    outer loop
      vertex 147.26809703885627 5.70190296114372 8
      vertex 147.26809703885627 5.70190296114372 2
      vertex 147.78458256229942 6.375 2
    endloop
  endfacet
  facet normal 0.9238795325112851 -0.38268343236509395 0
    outer loop
      vertex 147.78458256229942 6.375 8
      vertex 147.78458256229942 6.375 2
      vertex 148.10925893543947 7.158838103416808 2
    endloop
  endfacet
  facet normal 0.9914448613738103 -0.13052619222005207 0
    outer loop
      vertex 148.10925893543947 7.158838103416808 8
      vertex 148.10925893543947 7.158838103416808 2
      vertex 148.22 8 2
    endloop
  endfacet
  facet normal -0.6087614290087248 0.7933533402912318 0
    outer loop
      vertex 142.67190296114373 10.29809703885628 8
      vertex 143.345 10.814582562299424 2
      vertex 142.67190296114373 10.29809703885628 2
    endloop
  endfacet
  facet normal -0.38268343236509444 0.9238795325112849 0
    outer loop
      vertex 143.345 10.814582562299424 8
      vertex 144.1288381034168 11.139258935439472 2
      vertex 143.345 10.814582562299424 2
    endloop
  endfacet
  facet normal -0.1305261922200506 0.9914448613738106 0
    outer loop
      vertex 144.1288381034168 11.139258935439472 8
      vertex 144.97 11.25 2
      vertex 144.1288381034168 11.139258935439472 2
    endloop
  endfacet
  facet normal 0.1305261922200506 0.9914448613738106 0
    outer loop
      vertex 144.97 11.25 8
      vertex 145.8111618965832 11.139258935439472 2
      vertex 144.97 11.25 2
    endloop
  endfacet
  facet normal 0.6087614290087248 0.7933533402912318 0
    outer loop
      vertex 146.595 10.814582562299424 8
      vertex 147.26809703885627 10.29809703885628 2
      vertex 146.595 10.814582562299424 2
    endloop
  endfacet
  facet normal 0.38268343236509444 0.9238795325112849 0
    outer loop
      vertex 145.8111618965832 11.139258935439472 8
      vertex 146.595 10.814582562299424 2
      vertex 145.8111618965832 11.139258935439472 2
    endloop
  endfacet
  facet normal 0.7933533402912325 0.6087614290087241 0
    outer loop
      vertex 147.78458256229942 9.625 8
      vertex 147.78458256229942 9.625 2
      vertex 147.26809703885627 10.29809703885628 2
    endloop
  endfacet
  facet normal 0.9914448613738105 0.13052619222005196 0
    outer loop
      vertex 148.22 8 8
      vertex 148.22 8 2
      vertex 148.10925893543947 8.841161896583193 2
    endloop
  endfacet
  facet normal 0.9238795325112849 0.3826834323650943 0
    outer loop
      vertex 148.10925893543947 8.841161896583193 8
      vertex 148.10925893543947 8.841161896583193 2
      vertex 147.78458256229942 9.625 2
    endloop
  endfacet
  facet normal -0.9238795325112851 -0.38268343236509395 -6.759956586744756e-19
    outer loop
      vertex 141.83074106456053 7.158838103416808 8
      vertex 142.15541743770058 6.375 2
      vertex 142.15541743770058 6.375 8
    endloop
  endfacet
  facet normal -0.7933533402912325 -0.6087614290087241 1.3804008313240686e-18
    outer loop
      vertex 142.15541743770058 6.375 8
      vertex 142.67190296114373 5.70190296114372 2
      vertex 142.67190296114373 5.70190296114372 8
    endloop
  endfacet
  facet normal -0.9914448613738103 -0.13052619222005207 0
    outer loop
      vertex 141.83074106456053 7.158838103416808 8
      vertex 141.72 8 8
      vertex 141.83074106456053 7.158838103416808 2
    endloop
  endfacet
  facet normal -0.9914448613738105 0.13052619222005196 0
    outer loop
      vertex 141.72 8 8
      vertex 141.83074106456053 8.841161896583193 8
      vertex 141.72 8 2
    endloop
  endfacet
  facet normal -0.9238795325112849 0.3826834323650943 0
    outer loop
      vertex 141.83074106456053 8.841161896583193 8
      vertex 142.15541743770058 9.625 8
      vertex 141.83074106456053 8.841161896583193 2
    endloop
  endfacet
  facet normal -0.7933533402912325 0.6087614290087241 0
    outer loop
      vertex 142.15541743770058 9.625 8
      vertex 142.67190296114373 10.29809703885628 8
      vertex 142.15541743770058 9.625 2
    endloop
  endfacet
  facet normal 0 0 1
    outer loop
      vertex 141.83074106456053 7.158838103416808 8
      vertex 142.15541743770058 6.375 8
      vertex 141.83074106456053 8.841161896583193 8
    endloop
  endfacet
  facet normal 0 0 1
    outer loop
      vertex 142.15541743770058 6.375 8
      vertex 142.67190296114373 5.70190296114372 8
      vertex 142.15541743770058 9.625 8
    endloop
  endfacet
  facet normal 0 0 1
    outer loop
      vertex 141.83074106456053 7.158838103416808 8
      vertex 141.83074106456053 8.841161896583193 8
      vertex 141.72 8 8
    endloop
  endfacet
  facet normal 0 0 1
    outer loop
      vertex 141.83074106456053 8.841161896583193 8
      vertex 142.15541743770058 6.375 8
      vertex 142.15541743770058 9.625 8
    endloop
  endfacet
  facet normal 0 0 1
    outer loop
      vertex 142.67190296114373 5.70190296114372 8
      vertex 142.67190296114373 10.29809703885628 8
      vertex 142.15541743770058 9.625 8
    endloop
  endfacet
  facet normal -0.6087614290087254 -0.7933533402912313 0
    outer loop
      vertex 142.67190296114373 5.70190296114372 8
      vertex 142.67190296114373 5.70190296114372 2
      vertex 143.345 5.185417437700575 8
    endloop
  endfacet
  facet normal -0.38268343236509356 -0.9238795325112852 0
    outer loop
      vertex 143.345 5.185417437700575 8
      vertex 143.345 5.185417437700575 2
      vertex 144.1288381034168 4.8607410645605285 8
    endloop
  endfacet
  facet normal -0.1305261922200506 -0.9914448613738106 0
    outer loop
      vertex 144.1288381034168 4.8607410645605285 8
      vertex 144.1288381034168 4.8607410645605285 2
      vertex 144.97 4.75 8
    endloop
  endfacet
  facet normal 0.1305261922200506 -0.9914448613738106 0
    outer loop
      vertex 144.97 4.75 8
      vertex 144.97 4.75 2
      vertex 145.8111618965832 4.8607410645605285 8
    endloop
  endfacet
  facet normal 0.38268343236509356 -0.9238795325112852 0
    outer loop
      vertex 145.8111618965832 4.8607410645605285 8
      vertex 145.8111618965832 4.8607410645605285 2
      vertex 146.595 5.185417437700575 8
    endloop
  endfacet
  facet normal 0.6087614290087254 -0.7933533402912313 0
    outer loop
      vertex 146.595 5.185417437700575 8
      vertex 146.595 5.185417437700575 2
      vertex 147.26809703885627 5.70190296114372 8
    endloop
  endfacet
  facet normal 0.7933533402912325 -0.6087614290087241 -1.3804008313240686e-18
    outer loop
      vertex 147.26809703885627 5.70190296114372 8
      vertex 147.78458256229942 6.375 2
      vertex 147.78458256229942 6.375 8
    endloop
  endfacet
  facet normal 0.9238795325112851 -0.38268343236509395 6.759956586744756e-19
    outer loop
      vertex 147.78458256229942 6.375 8
      vertex 148.10925893543947 7.158838103416808 2
      vertex 148.10925893543947 7.158838103416808 8
    endloop
  endfacet
  facet normal 0.9914448613738103 -0.13052619222005207 -1.0174596565736002e-18
    outer loop
      vertex 148.10925893543947 7.158838103416808 8
      vertex 148.22 8 2
      vertex 148.22 8 8
    endloop
  endfacet
  facet normal -0.6087614290087248 0.7933533402912318 -4.887838832639847e-18
    outer loop
      vertex 142.67190296114373 10.29809703885628 8
      vertex 143.345 10.814582562299424 8
      vertex 143.345 10.814582562299424 2
    endloop
  endfacet
  facet normal -0.38268343236509444 0.9238795325112849 -2.6901031477640465e-18
    outer loop
      vertex 143.345 10.814582562299424 8
      vertex 144.1288381034168 11.139258935439472 8
      vertex 144.1288381034168 11.139258935439472 2
    endloop
  endfacet
  facet normal -0.1305261922200506 0.9914448613738106 -1.121847413271527e-18
    outer loop
      vertex 144.1288381034168 11.139258935439472 8
      vertex 144.97 11.25 8
      vertex 144.97 11.25 2
    endloop
  endfacet
  facet normal 0.1305261922200506 0.9914448613738106 1.121847413271527e-18
    outer loop
      vertex 144.97 11.25 8
      vertex 145.8111618965832 11.139258935439472 8
      vertex 145.8111618965832 11.139258935439472 2
    endloop
  endfacet
  facet normal 0.38268343236509444 0.9238795325112849 2.6901031477640465e-18
    outer loop
      vertex 145.8111618965832 11.139258935439472 8
      vertex 146.595 10.814582562299424 8
      vertex 146.595 10.814582562299424 2
    endloop
  endfacet
  facet normal 0.6087614290087248 0.7933533402912318 4.887838832639847e-18
    outer loop
      vertex 146.595 10.814582562299424 8
      vertex 147.26809703885627 10.29809703885628 8
      vertex 147.26809703885627 10.29809703885628 2
    endloop
  endfacet
  facet normal 0.7933533402912325 0.6087614290087241 1.3804008313240686e-18
    outer loop
      vertex 147.78458256229942 9.625 8
      vertex 147.26809703885627 10.29809703885628 2
      vertex 147.26809703885627 10.29809703885628 8
    endloop
  endfacet
  facet normal 0.9914448613738105 0.13052619222005196 7.791129442783704e-19
    outer loop
      vertex 148.22 8 8
      vertex 148.10925893543947 8.841161896583193 2
      vertex 148.10925893543947 8.841161896583193 8
    endloop
  endfacet
  facet normal 0.9238795325112849 0.3826834323650943 1.448500202991304e-18
    outer loop
      vertex 148.10925893543947 8.841161896583193 8
      vertex 147.78458256229942 9.625 2
      vertex 147.78458256229942 9.625 8
    endloop
  endfacet
  facet normal 0 0 1
    outer loop
      vertex 143.345 5.185417437700575 8
      vertex 144.1288381034168 4.8607410645605285 8
      vertex 143.83862915010153 6.8686291501015235 8
    endloop
  endfacet
  facet normal 0 0 1
    outer loop
      vertex 142.67190296114373 5.70190296114372 8
      vertex 143.345 5.185417437700575 8
      vertex 142.67190296114373 10.29809703885628 8
    endloop
  endfacet
  facet normal 0 0 1
    outer loop
      vertex 143.345 5.185417437700575 8
      vertex 143.83862915010153 6.8686291501015235 8
      vertex 143.49179274798195 7.387706508215857 8
    endloop
  endfacet
  facet normal 0 0 1
    outer loop
      vertex 143.83862915010153 6.8686291501015235 8
      vertex 144.1288381034168 4.8607410645605285 8
      vertex 144.35770650821584 6.521792747981941 8
    endloop
  endfacet
  facet normal 0 0 1
    outer loop
      vertex 143.345 5.185417437700575 8
      vertex 143.49179274798195 7.387706508215857 8
      vertex 143.37 8 8
    endloop
  endfacet
  facet normal 0 0 1
    outer loop
      vertex 144.1288381034168 4.8607410645605285 8
      vertex 144.97 4.75 8
      vertex 144.35770650821584 6.521792747981941 8
    endloop
  endfacet
  facet normal 0 0 1
    outer loop
      vertex 144.97 4.75 8
      vertex 145.8111618965832 4.8607410645605285 8
      vertex 144.97 6.4 8
    endloop
  endfacet
  facet normal 0 0 1
    outer loop
      vertex 145.58229349178416 6.521792747981941 8
      vertex 145.8111618965832 4.8607410645605285 8
      vertex 146.595 5.185417437700575 8
    endloop
  endfacet
  facet normal 0 0 1
    outer loop
      vertex 144.35770650821584 6.521792747981941 8
      vertex 144.97 4.75 8
      vertex 144.97 6.4 8
    endloop
  endfacet
  facet normal 0 0 1
    outer loop
      vertex 144.97 6.4 8
      vertex 145.8111618965832 4.8607410645605285 8
      vertex 145.58229349178416 6.521792747981941 8
    endloop
  endfacet
  facet normal 0 0 1
    outer loop
      vertex 145.58229349178416 6.521792747981941 8
      vertex 146.595 5.185417437700575 8
      vertex 146.10137084989847 6.8686291501015235 8
    endloop
  endfacet
  facet normal 0 0 1
    outer loop
      vertex 146.10137084989847 6.8686291501015235 8
      vertex 146.595 5.185417437700575 8
      vertex 146.44820725201805 7.387706508215857 8
    endloop
  endfacet
  facet normal 0 0 1
    outer loop
      vertex 146.595 5.185417437700575 8
      vertex 146.57 8 8
      vertex 146.44820725201805 7.387706508215857 8
    endloop
  endfacet
  facet normal 0 0 1
    outer loop
      vertex 146.595 5.185417437700575 8
      vertex 147.26809703885627 5.70190296114372 8
      vertex 146.595 10.814582562299424 8
    endloop
  endfacet
  facet normal 0 0 1
    outer loop
      vertex 147.26809703885627 5.70190296114372 8
      vertex 147.78458256229942 6.375 8
      vertex 147.26809703885627 10.29809703885628 8
    endloop
  endfacet
  facet normal 0 0 1
    outer loop
      vertex 147.78458256229942 6.375 8
      vertex 148.10925893543947 7.158838103416808 8
      vertex 147.78458256229942 9.625 8
    endloop
  endfacet
  facet normal 0 0 1
    outer loop
      vertex 143.345 5.185417437700575 8
      vertex 143.37 8 8
      vertex 143.345 10.814582562299424 8
    endloop
  endfacet
  facet normal 0 0 1
    outer loop
      vertex 143.345 5.185417437700575 8
      vertex 143.345 10.814582562299424 8
      vertex 142.67190296114373 10.29809703885628 8
    endloop
  endfacet
  facet normal 0 0 1
    outer loop
      vertex 143.37 8 8
      vertex 143.49179274798195 8.612293491784143 8
      vertex 143.345 10.814582562299424 8
    endloop
  endfacet
  facet normal 0 0 1
    outer loop
      vertex 143.49179274798195 8.612293491784143 8
      vertex 143.83862915010153 9.131370849898476 8
      vertex 143.345 10.814582562299424 8
    endloop
  endfacet
  facet normal 0 0 1
    outer loop
      vertex 143.83862915010153 9.131370849898476 8
      vertex 144.35770650821584 9.47820725201806 8
      vertex 143.345 10.814582562299424 8
    endloop
  endfacet
  facet normal 0 0 1
    outer loop
      vertex 143.345 10.814582562299424 8
      vertex 144.35770650821584 9.47820725201806 8
      vertex 144.1288381034168 11.139258935439472 8
    endloop
  endfacet
  facet normal 0 0 1
    outer loop
      vertex 144.35770650821584 9.47820725201806 8
      vertex 144.97 9.6 8
      vertex 144.1288381034168 11.139258935439472 8
    endloop
  endfacet
  facet normal 0 0 1
    outer loop
      vertex 144.97 9.6 8
      vertex 144.97 11.25 8
      vertex 144.1288381034168 11.139258935439472 8
    endloop
  endfacet
  facet normal 0 0 1
    outer loop
      vertex 144.97 9.6 8
      vertex 145.58229349178416 9.47820725201806 8
      vertex 144.97 11.25 8
    endloop
  endfacet
  facet normal 0 0 1
    outer loop
      vertex 144.97 11.25 8
      vertex 145.58229349178416 9.47820725201806 8
      vertex 145.8111618965832 11.139258935439472 8
    endloop
  endfacet
  facet normal 0 0 1
    outer loop
      vertex 145.58229349178416 9.47820725201806 8
      vertex 146.10137084989847 9.131370849898476 8
      vertex 145.8111618965832 11.139258935439472 8
    endloop
  endfacet
  facet normal 0 0 1
    outer loop
      vertex 146.595 5.185417437700575 8
      vertex 146.595 10.814582562299424 8
      vertex 146.57 8 8
    endloop
  endfacet
  facet normal 0 0 1
    outer loop
      vertex 146.10137084989847 9.131370849898476 8
      vertex 146.44820725201805 8.612293491784143 8
      vertex 146.595 10.814582562299424 8
    endloop
  endfacet
  facet normal 0 0 1
    outer loop
      vertex 146.57 8 8
      vertex 146.595 10.814582562299424 8
      vertex 146.44820725201805 8.612293491784143 8
    endloop
  endfacet
  facet normal 0 0 1
    outer loop
      vertex 147.78458256229942 6.375 8
      vertex 147.78458256229942 9.625 8
      vertex 147.26809703885627 10.29809703885628 8
    endloop
  endfacet
  facet normal 0 0 1
    outer loop
      vertex 147.26809703885627 5.70190296114372 8
      vertex 147.26809703885627 10.29809703885628 8
      vertex 146.595 10.814582562299424 8
    endloop
  endfacet
  facet normal 0 0 1
    outer loop
      vertex 146.10137084989847 9.131370849898476 8
      vertex 146.595 10.814582562299424 8
      vertex 145.8111618965832 11.139258935439472 8
    endloop
  endfacet
  facet normal 0 0 1
    outer loop
      vertex 148.10925893543947 7.158838103416808 8
      vertex 148.22 8 8
      vertex 148.10925893543947 8.841161896583193 8
    endloop
  endfacet
  facet normal 0 0 1
    outer loop
      vertex 148.10925893543947 7.158838103416808 8
      vertex 148.10925893543947 8.841161896583193 8
      vertex 147.78458256229942 9.625 8
    endloop
  endfacet
  facet normal -0.9914448613738103 -0.13052619222005207 0
    outer loop
      vertex 17.26 8 8
      vertex 17.26 8 2
      vertex 17.37074106456053 7.158838103416808 2
    endloop
  endfacet
  facet normal -0.9238795325112865 -0.3826834323650904 0
    outer loop
      vertex 17.37074106456053 7.158838103416808 8
      vertex 17.37074106456053 7.158838103416808 2
      vertex 17.695417437700577 6.375 2
    endloop
  endfacet
  facet normal -0.6087614290087194 -0.7933533402912362 0
    outer loop
      vertex 18.885 5.185417437700575 8
      vertex 18.21190296114372 5.70190296114372 2
      vertex 18.885 5.185417437700575 2
    endloop
  endfacet
  facet normal -0.3826834323650891 -0.9238795325112871 0
    outer loop
      vertex 19.66883810341681 4.8607410645605285 8
      vertex 18.885 5.185417437700575 2
      vertex 19.66883810341681 4.8607410645605285 2
    endloop
  endfacet
  facet normal -0.7933533402912366 -0.6087614290087188 0
    outer loop
      vertex 17.695417437700577 6.375 8
      vertex 17.695417437700577 6.375 2
      vertex 18.21190296114372 5.70190296114372 2
    endloop
  endfacet
  facet normal -0.1305261922200522 -0.9914448613738103 0
    outer loop
      vertex 20.51 4.75 8
      vertex 19.66883810341681 4.8607410645605285 2
      vertex 20.51 4.75 2
    endloop
  endfacet
  facet normal 0.1305261922200522 -0.9914448613738103 0
    outer loop
      vertex 21.351161896583193 4.8607410645605285 8
      vertex 20.51 4.75 2
      vertex 21.351161896583193 4.8607410645605285 2
    endloop
  endfacet
  facet normal -0.9914448613738105 0.13052619222005196 0
    outer loop
      vertex 17.37074106456053 8.841161896583193 8
      vertex 17.37074106456053 8.841161896583193 2
      vertex 17.26 8 2
    endloop
  endfacet
  facet normal -0.9238795325112863 0.3826834323650907 0
    outer loop
      vertex 17.695417437700577 9.625 8
      vertex 17.695417437700577 9.625 2
      vertex 17.37074106456053 8.841161896583193 2
    endloop
  endfacet
  facet normal -0.7933533402912366 0.6087614290087188 0
    outer loop
      vertex 18.21190296114372 10.29809703885628 8
      vertex 18.21190296114372 10.29809703885628 2
      vertex 17.695417437700577 9.625 2
    endloop
  endfacet
  facet normal -0.6087614290087188 0.7933533402912366 0
    outer loop
      vertex 18.21190296114372 10.29809703885628 8
      vertex 18.885 10.814582562299424 2
      vertex 18.21190296114372 10.29809703885628 2
    endloop
  endfacet
  facet normal -0.38268343236508995 0.9238795325112866 0
    outer loop
      vertex 18.885 10.814582562299424 8
      vertex 19.66883810341681 11.139258935439472 2
      vertex 18.885 10.814582562299424 2
    endloop
  endfacet
  facet normal -0.1305261922200522 0.9914448613738103 0
    outer loop
      vertex 19.66883810341681 11.139258935439472 8
      vertex 20.51 11.25 2
      vertex 19.66883810341681 11.139258935439472 2
    endloop
  endfacet
  facet normal 0.1305261922200522 0.9914448613738103 0
    outer loop
      vertex 20.51 11.25 8
      vertex 21.351161896583193 11.139258935439472 2
      vertex 20.51 11.25 2
    endloop
  endfacet
  facet normal 0.3826834323650891 -0.9238795325112871 0
    outer loop
      vertex 22.135 5.185417437700575 8
      vertex 21.351161896583193 4.8607410645605285 2
      vertex 22.135 5.185417437700575 2
    endloop
  endfacet
  facet normal 0.6087614290087194 -0.7933533402912362 0
    outer loop
      vertex 22.808097038856282 5.70190296114372 8
      vertex 22.135 5.185417437700575 2
      vertex 22.808097038856282 5.70190296114372 2
    endloop
  endfacet
  facet normal 0.7933533402912366 -0.6087614290087188 0
    outer loop
      vertex 22.808097038856282 5.70190296114372 8
      vertex 22.808097038856282 5.70190296114372 2
      vertex 23.324582562299426 6.375 2
    endloop
  endfacet
  facet normal 0.9238795325112865 -0.3826834323650904 0
    outer loop
      vertex 23.324582562299426 6.375 8
      vertex 23.324582562299426 6.375 2
      vertex 23.649258935439473 7.158838103416808 2
    endloop
  endfacet
  facet normal 0.9914448613738103 -0.13052619222005207 0
    outer loop
      vertex 23.649258935439473 7.158838103416808 8
      vertex 23.649258935439473 7.158838103416808 2
      vertex 23.76 8 2
    endloop
  endfacet
  facet normal 0.38268343236508995 0.9238795325112866 0
    outer loop
      vertex 21.351161896583193 11.139258935439472 8
      vertex 22.135 10.814582562299424 2
      vertex 21.351161896583193 11.139258935439472 2
    endloop
  endfacet
  facet normal 0.6087614290087188 0.7933533402912366 0
    outer loop
      vertex 22.135 10.814582562299424 8
      vertex 22.808097038856282 10.29809703885628 2
      vertex 22.135 10.814582562299424 2
    endloop
  endfacet
  facet normal 0.7933533402912366 0.6087614290087188 0
    outer loop
      vertex 23.324582562299426 9.625 8
      vertex 23.324582562299426 9.625 2
      vertex 22.808097038856282 10.29809703885628 2
    endloop
  endfacet
  facet normal 0.9914448613738105 0.13052619222005196 0
    outer loop
      vertex 23.76 8 8
      vertex 23.76 8 2
      vertex 23.649258935439473 8.841161896583193 2
    endloop
  endfacet
  facet normal 0.9238795325112863 0.3826834323650907 0
    outer loop
      vertex 23.649258935439473 8.841161896583193 8
      vertex 23.649258935439473 8.841161896583193 2
      vertex 23.324582562299426 9.625 2
    endloop
  endfacet
  facet normal -0.9238795325112865 -0.3826834323650904 0
    outer loop
      vertex 17.695417437700577 6.375 8
      vertex 17.37074106456053 7.158838103416808 8
      vertex 17.695417437700577 6.375 2
    endloop
  endfacet
  facet normal -0.9914448613738103 -0.13052619222005207 0
    outer loop
      vertex 17.37074106456053 7.158838103416808 8
      vertex 17.26 8 8
      vertex 17.37074106456053 7.158838103416808 2
    endloop
  endfacet
  facet normal -0.6087614290087194 -0.7933533402912362 0
    outer loop
      vertex 18.21190296114372 5.70190296114372 8
      vertex 18.21190296114372 5.70190296114372 2
      vertex 18.885 5.185417437700575 8
    endloop
  endfacet
  facet normal -0.3826834323650891 -0.9238795325112871 0
    outer loop
      vertex 18.885 5.185417437700575 8
      vertex 18.885 5.185417437700575 2
      vertex 19.66883810341681 4.8607410645605285 8
    endloop
  endfacet
  facet normal -0.7933533402912366 -0.6087614290087188 3.0861412603342134e-18
    outer loop
      vertex 17.695417437700577 6.375 8
      vertex 18.21190296114372 5.70190296114372 2
      vertex 18.21190296114372 5.70190296114372 8
    endloop
  endfacet
  facet normal -0.1305261922200522 -0.9914448613738103 0
    outer loop
      vertex 19.66883810341681 4.8607410645605285 8
      vertex 19.66883810341681 4.8607410645605285 2
      vertex 20.51 4.75 8
    endloop
  endfacet
  facet normal 0.1305261922200522 -0.9914448613738103 0
    outer loop
      vertex 20.51 4.75 8
      vertex 20.51 4.75 2
      vertex 21.351161896583193 4.8607410645605285 8
    endloop
  endfacet
  facet normal -0.9914448613738105 0.13052619222005196 0
    outer loop
      vertex 17.26 8 8
      vertex 17.37074106456053 8.841161896583193 8
      vertex 17.26 8 2
    endloop
  endfacet
  facet normal -0.9238795325112863 0.3826834323650907 0
    outer loop
      vertex 17.37074106456053 8.841161896583193 8
      vertex 17.695417437700577 9.625 8
      vertex 17.37074106456053 8.841161896583193 2
    endloop
  endfacet
  facet normal -0.7933533402912366 0.6087614290087188 0
    outer loop
      vertex 17.695417437700577 9.625 8
      vertex 18.21190296114372 10.29809703885628 8
      vertex 17.695417437700577 9.625 2
    endloop
  endfacet
  facet normal -0.6087614290087188 0.7933533402912366 -3.0861412603342134e-18
    outer loop
      vertex 18.21190296114372 10.29809703885628 8
      vertex 18.885 10.814582562299424 8
      vertex 18.885 10.814582562299424 2
    endloop
  endfacet
  facet normal -0.38268343236508995 0.9238795325112866 9.942344566542744e-19
    outer loop
      vertex 18.885 10.814582562299424 8
      vertex 19.66883810341681 11.139258935439472 8
      vertex 19.66883810341681 11.139258935439472 2
    endloop
  endfacet
  facet normal -0.1305261922200522 0.9914448613738103 -1.2558063688688304e-18
    outer loop
      vertex 19.66883810341681 11.139258935439472 8
      vertex 20.51 11.25 8
      vertex 20.51 11.25 2
    endloop
  endfacet
  facet normal 0.1305261922200522 0.9914448613738103 1.2558063688688304e-18
    outer loop
      vertex 20.51 11.25 8
      vertex 21.351161896583193 11.139258935439472 8
      vertex 21.351161896583193 11.139258935439472 2
    endloop
  endfacet
  facet normal 0.3826834323650891 -0.9238795325112871 0
    outer loop
      vertex 21.351161896583193 4.8607410645605285 8
      vertex 21.351161896583193 4.8607410645605285 2
      vertex 22.135 5.185417437700575 8
    endloop
  endfacet
  facet normal 0.6087614290087194 -0.7933533402912362 0
    outer loop
      vertex 22.135 5.185417437700575 8
      vertex 22.135 5.185417437700575 2
      vertex 22.808097038856282 5.70190296114372 8
    endloop
  endfacet
  facet normal 0.7933533402912366 -0.6087614290087188 -3.0861412603342134e-18
    outer loop
      vertex 22.808097038856282 5.70190296114372 8
      vertex 23.324582562299426 6.375 2
      vertex 23.324582562299426 6.375 8
    endloop
  endfacet
  facet normal 0.9238795325112865 -0.3826834323650904 -1.1302614050108864e-18
    outer loop
      vertex 23.324582562299426 6.375 8
      vertex 23.649258935439473 7.158838103416808 2
      vertex 23.649258935439473 7.158838103416808 8
    endloop
  endfacet
  facet normal 0.9914448613738103 -0.13052619222005207 -1.0174596565736002e-18
    outer loop
      vertex 23.649258935439473 7.158838103416808 8
      vertex 23.76 8 2
      vertex 23.76 8 8
    endloop
  endfacet
  facet normal 0.38268343236508995 0.9238795325112866 -9.942344566542744e-19
    outer loop
      vertex 21.351161896583193 11.139258935439472 8
      vertex 22.135 10.814582562299424 8
      vertex 22.135 10.814582562299424 2
    endloop
  endfacet
  facet normal 0.6087614290087188 0.7933533402912366 3.0861412603342134e-18
    outer loop
      vertex 22.135 10.814582562299424 8
      vertex 22.808097038856282 10.29809703885628 8
      vertex 22.808097038856282 10.29809703885628 2
    endloop
  endfacet
  facet normal 0.7933533402912366 0.6087614290087188 3.0861412603342134e-18
    outer loop
      vertex 23.324582562299426 9.625 8
      vertex 22.808097038856282 10.29809703885628 2
      vertex 22.808097038856282 10.29809703885628 8
    endloop
  endfacet
  facet normal 0.9914448613738105 0.13052619222005196 7.791129442783704e-19
    outer loop
      vertex 23.76 8 8
      vertex 23.649258935439473 8.841161896583193 2
      vertex 23.649258935439473 8.841161896583193 8
    endloop
  endfacet
  facet normal 0.9238795325112863 0.3826834323650907 0
    outer loop
      vertex 23.324582562299426 9.625 8
      vertex 23.649258935439473 8.841161896583193 8
      vertex 23.324582562299426 9.625 2
    endloop
  endfacet
  facet normal 0 0 1
    outer loop
      vertex 17.695417437700577 6.375 8
      vertex 17.37074106456053 8.841161896583193 8
      vertex 17.37074106456053 7.158838103416808 8
    endloop
  endfacet
  facet normal 0 0 1
    outer loop
      vertex 18.885 5.185417437700575 8
      vertex 19.66883810341681 4.8607410645605285 8
      vertex 19.378629150101524 6.8686291501015235 8
    endloop
  endfacet
  facet normal 0 0 1
    outer loop
      vertex 17.695417437700577 6.375 8
      vertex 18.21190296114372 5.70190296114372 8
      vertex 17.695417437700577 9.625 8
    endloop
  endfacet
  facet normal 0 0 1
    outer loop
      vertex 18.21190296114372 5.70190296114372 8
      vertex 18.885 5.185417437700575 8
      vertex 18.21190296114372 10.29809703885628 8
    endloop
  endfacet
  facet normal 0 0 1
    outer loop
      vertex 18.885 5.185417437700575 8
      vertex 19.378629150101524 6.8686291501015235 8
      vertex 19.031792747981942 7.387706508215857 8
    endloop
  endfacet
  facet normal 0 0 1
    outer loop
      vertex 18.885 5.185417437700575 8
      vertex 19.031792747981942 7.387706508215857 8
      vertex 18.91 8 8
    endloop
  endfacet
  facet normal 0 0 1
    outer loop
      vertex 19.66883810341681 4.8607410645605285 8
      vertex 20.51 4.75 8
      vertex 19.897706508215858 6.521792747981941 8
    endloop
  endfacet
  facet normal 0 0 1
    outer loop
      vertex 20.51 4.75 8
      vertex 21.351161896583193 4.8607410645605285 8
      vertex 20.51 6.4 8
    endloop
  endfacet
  facet normal 0 0 1
    outer loop
      vertex 19.66883810341681 4.8607410645605285 8
      vertex 19.897706508215858 6.521792747981941 8
      vertex 19.378629150101524 6.8686291501015235 8
    endloop
  endfacet
  facet normal 0 0 1
    outer loop
      vertex 19.897706508215858 6.521792747981941 8
      vertex 20.51 4.75 8
      vertex 20.51 6.4 8
    endloop
  endfacet
  facet normal 0 0 1
    outer loop
      vertex 20.51 6.4 8
      vertex 21.351161896583193 4.8607410645605285 8
      vertex 21.122293491784145 6.521792747981941 8
    endloop
  endfacet
  facet normal 0 0 1
    outer loop
      vertex 17.37074106456053 7.158838103416808 8
      vertex 17.37074106456053 8.841161896583193 8
      vertex 17.26 8 8
    endloop
  endfacet
  facet normal 0 0 1
    outer loop
      vertex 17.695417437700577 6.375 8
      vertex 17.695417437700577 9.625 8
      vertex 17.37074106456053 8.841161896583193 8
    endloop
  endfacet
  facet normal 0 0 1
    outer loop
      vertex 18.21190296114372 5.70190296114372 8
      vertex 18.21190296114372 10.29809703885628 8
      vertex 17.695417437700577 9.625 8
    endloop
  endfacet
  facet normal 0 0 1
    outer loop
      vertex 18.885 5.185417437700575 8
      vertex 18.885 10.814582562299424 8
      vertex 18.21190296114372 10.29809703885628 8
    endloop
  endfacet
  facet normal 0 0 1
    outer loop
      vertex 18.885 5.185417437700575 8
      vertex 18.91 8 8
      vertex 18.885 10.814582562299424 8
    endloop
  endfacet
  facet normal 0 0 1
    outer loop
      vertex 18.91 8 8
      vertex 19.031792747981942 8.612293491784143 8
      vertex 18.885 10.814582562299424 8
    endloop
  endfacet
  facet normal 0 0 1
    outer loop
      vertex 19.031792747981942 8.612293491784143 8
      vertex 19.378629150101524 9.131370849898476 8
      vertex 18.885 10.814582562299424 8
    endloop
  endfacet
  facet normal 0 0 1
    outer loop
      vertex 18.885 10.814582562299424 8
      vertex 19.378629150101524 9.131370849898476 8
      vertex 19.897706508215858 9.47820725201806 8
    endloop
  endfacet
  facet normal 0 0 1
    outer loop
      vertex 18.885 10.814582562299424 8
      vertex 19.897706508215858 9.47820725201806 8
      vertex 19.66883810341681 11.139258935439472 8
    endloop
  endfacet
  facet normal 0 0 1
    outer loop
      vertex 19.897706508215858 9.47820725201806 8
      vertex 20.51 9.6 8
      vertex 19.66883810341681 11.139258935439472 8
    endloop
  endfacet
  facet normal 0 0 1
    outer loop
      vertex 19.66883810341681 11.139258935439472 8
      vertex 20.51 9.6 8
      vertex 20.51 11.25 8
    endloop
  endfacet
  facet normal 0 0 1
    outer loop
      vertex 20.51 9.6 8
      vertex 21.122293491784145 9.47820725201806 8
      vertex 20.51 11.25 8
    endloop
  endfacet
  facet normal 0 0 1
    outer loop
      vertex 21.122293491784145 9.47820725201806 8
      vertex 21.64137084989848 9.131370849898476 8
      vertex 21.351161896583193 11.139258935439472 8
    endloop
  endfacet
  facet normal 0 0 1
    outer loop
      vertex 21.122293491784145 9.47820725201806 8
      vertex 21.351161896583193 11.139258935439472 8
      vertex 20.51 11.25 8
    endloop
  endfacet
  facet normal 0 0 1
    outer loop
      vertex 21.351161896583193 4.8607410645605285 8
      vertex 22.135 5.185417437700575 8
      vertex 21.122293491784145 6.521792747981941 8
    endloop
  endfacet
  facet normal 0 0 1
    outer loop
      vertex 21.122293491784145 6.521792747981941 8
      vertex 22.135 5.185417437700575 8
      vertex 21.64137084989848 6.8686291501015235 8
    endloop
  endfacet
  facet normal 0 0 1
    outer loop
      vertex 22.135 5.185417437700575 8
      vertex 21.98820725201806 7.387706508215857 8
      vertex 21.64137084989848 6.8686291501015235 8
    endloop
  endfacet
  facet normal 0 0 1
    outer loop
      vertex 22.135 5.185417437700575 8
      vertex 22.110000000000003 8 8
      vertex 21.98820725201806 7.387706508215857 8
    endloop
  endfacet
  facet normal 0 0 1
    outer loop
      vertex 22.135 5.185417437700575 8
      vertex 22.808097038856282 5.70190296114372 8
      vertex 22.135 10.814582562299424 8
    endloop
  endfacet
  facet normal 0 0 1
    outer loop
      vertex 22.808097038856282 5.70190296114372 8
      vertex 23.324582562299426 6.375 8
      vertex 22.808097038856282 10.29809703885628 8
    endloop
  endfacet
  facet normal 0 0 1
    outer loop
      vertex 23.324582562299426 6.375 8
      vertex 23.649258935439473 7.158838103416808 8
      vertex 23.324582562299426 9.625 8
    endloop
  endfacet
  facet normal 0 0 1
    outer loop
      vertex 22.135 5.185417437700575 8
      vertex 22.135 10.814582562299424 8
      vertex 22.110000000000003 8 8
    endloop
  endfacet
  facet normal 0 0 1
    outer loop
      vertex 22.110000000000003 8 8
      vertex 22.135 10.814582562299424 8
      vertex 21.98820725201806 8.612293491784143 8
    endloop
  endfacet
  facet normal 0 0 1
    outer loop
      vertex 21.64137084989848 9.131370849898476 8
      vertex 21.98820725201806 8.612293491784143 8
      vertex 22.135 10.814582562299424 8
    endloop
  endfacet
  facet normal 0 0 1
    outer loop
      vertex 23.324582562299426 6.375 8
      vertex 23.324582562299426 9.625 8
      vertex 22.808097038856282 10.29809703885628 8
    endloop
  endfacet
  facet normal 0 0 1
    outer loop
      vertex 22.808097038856282 5.70190296114372 8
      vertex 22.808097038856282 10.29809703885628 8
      vertex 22.135 10.814582562299424 8
    endloop
  endfacet
  facet normal 0 0 1
    outer loop
      vertex 21.351161896583193 11.139258935439472 8
      vertex 21.64137084989848 9.131370849898476 8
      vertex 22.135 10.814582562299424 8
    endloop
  endfacet
  facet normal 0 0 1
    outer loop
      vertex 23.324582562299426 9.625 8
      vertex 23.649258935439473 7.158838103416808 8
      vertex 23.649258935439473 8.841161896583193 8
    endloop
  endfacet
  facet normal 0 0 1
    outer loop
      vertex 23.649258935439473 7.158838103416808 8
      vertex 23.76 8 8
      vertex 23.649258935439473 8.841161896583193 8
    endloop
  endfacet
  facet normal -0.793353340291234 -0.608761429008722 0
    outer loop
      vertex 142.15541743770058 66.065 8
      vertex 142.15541743770058 66.065 2
      vertex 142.67190296114373 65.39190296114371 2
    endloop
  endfacet
  facet normal -0.9238795325112857 -0.3826834323650921 0
    outer loop
      vertex 141.83074106456053 66.84883810341681 8
      vertex 141.83074106456053 66.84883810341681 2
      vertex 142.15541743770058 66.065 2
    endloop
  endfacet
  facet normal -0.9914448613738103 -0.13052619222005277 0
    outer loop
      vertex 141.72 67.69 8
      vertex 141.72 67.69 2
      vertex 141.83074106456053 66.84883810341681 2
    endloop
  endfacet
  facet normal -0.9914448613738103 0.13052619222005277 0
    outer loop
      vertex 141.83074106456053 68.53116189658319 8
      vertex 141.83074106456053 68.53116189658319 2
      vertex 141.72 67.69 2
    endloop
  endfacet
  facet normal -0.9238795325112857 0.3826834323650921 0
    outer loop
      vertex 142.15541743770058 69.315 8
      vertex 142.15541743770058 69.315 2
      vertex 141.83074106456053 68.53116189658319 2
    endloop
  endfacet
  facet normal -0.793353340291234 0.608761429008722 0
    outer loop
      vertex 142.67190296114373 69.98809703885628 8
      vertex 142.67190296114373 69.98809703885628 2
      vertex 142.15541743770058 69.315 2
    endloop
  endfacet
  facet normal -0.6087614290087195 -0.7933533402912359 0
    outer loop
      vertex 143.345 64.87541743770058 8
      vertex 142.67190296114373 65.39190296114371 2
      vertex 143.345 64.87541743770058 2
    endloop
  endfacet
  facet normal -0.38268343236509805 -0.9238795325112834 0
    outer loop
      vertex 144.1288381034168 64.55074106456053 8
      vertex 143.345 64.87541743770058 2
      vertex 144.1288381034168 64.55074106456053 2
    endloop
  endfacet
  facet normal -0.1305261922200506 -0.9914448613738106 0
    outer loop
      vertex 144.97 64.44 8
      vertex 144.1288381034168 64.55074106456053 2
      vertex 144.97 64.44 2
    endloop
  endfacet
  facet normal 0.1305261922200506 -0.9914448613738106 0
    outer loop
      vertex 145.8111618965832 64.55074106456053 8
      vertex 144.97 64.44 2
      vertex 145.8111618965832 64.55074106456053 2
    endloop
  endfacet
  facet normal -0.6087614290087195 0.7933533402912359 0
    outer loop
      vertex 142.67190296114373 69.98809703885628 8
      vertex 143.345 70.50458256229942 2
      vertex 142.67190296114373 69.98809703885628 2
    endloop
  endfacet
  facet normal 0.38268343236509805 -0.9238795325112834 0
    outer loop
      vertex 146.595 64.87541743770058 8
      vertex 145.8111618965832 64.55074106456053 2
      vertex 146.595 64.87541743770058 2
    endloop
  endfacet
  facet normal 0.6087614290087195 -0.7933533402912359 0
    outer loop
      vertex 147.26809703885627 65.39190296114371 8
      vertex 146.595 64.87541743770058 2
      vertex 147.26809703885627 65.39190296114371 2
    endloop
  endfacet
  facet normal 0.793353340291234 -0.608761429008722 0
    outer loop
      vertex 147.26809703885627 65.39190296114371 8
      vertex 147.26809703885627 65.39190296114371 2
      vertex 147.78458256229942 66.065 2
    endloop
  endfacet
  facet normal 0.793353340291234 0.608761429008722 0
    outer loop
      vertex 147.78458256229942 69.315 8
      vertex 147.78458256229942 69.315 2
      vertex 147.26809703885627 69.98809703885628 2
    endloop
  endfacet
  facet normal 0.9238795325112857 -0.3826834323650921 0
    outer loop
      vertex 147.78458256229942 66.065 8
      vertex 147.78458256229942 66.065 2
      vertex 148.10925893543947 66.84883810341681 2
    endloop
  endfacet
  facet normal 0.9914448613738103 -0.13052619222005277 0
    outer loop
      vertex 148.10925893543947 66.84883810341681 8
      vertex 148.10925893543947 66.84883810341681 2
      vertex 148.22 67.69 2
    endloop
  endfacet
  facet normal 0.9914448613738103 0.13052619222005277 0
    outer loop
      vertex 148.22 67.69 8
      vertex 148.22 67.69 2
      vertex 148.10925893543947 68.53116189658319 2
    endloop
  endfacet
  facet normal 0.9238795325112857 0.3826834323650921 0
    outer loop
      vertex 148.10925893543947 68.53116189658319 8
      vertex 148.10925893543947 68.53116189658319 2
      vertex 147.78458256229942 69.315 2
    endloop
  endfacet
  facet normal -0.38268343236509805 0.9238795325112834 0
    outer loop
      vertex 143.345 70.50458256229942 8
      vertex 144.1288381034168 70.82925893543947 2
      vertex 143.345 70.50458256229942 2
    endloop
  endfacet
  facet normal -0.1305261922200506 0.9914448613738106 0
    outer loop
      vertex 144.1288381034168 70.82925893543947 8
      vertex 144.97 70.94 2
      vertex 144.1288381034168 70.82925893543947 2
    endloop
  endfacet
  facet normal 0.1305261922200506 0.9914448613738106 0
    outer loop
      vertex 144.97 70.94 8
      vertex 145.8111618965832 70.82925893543947 2
      vertex 144.97 70.94 2
    endloop
  endfacet
  facet normal 0.38268343236509805 0.9238795325112834 0
    outer loop
      vertex 145.8111618965832 70.82925893543947 8
      vertex 146.595 70.50458256229942 2
      vertex 145.8111618965832 70.82925893543947 2
    endloop
  endfacet
  facet normal 0.6087614290087195 0.7933533402912359 0
    outer loop
      vertex 146.595 70.50458256229942 8
      vertex 147.26809703885627 69.98809703885628 2
      vertex 146.595 70.50458256229942 2
    endloop
  endfacet
  facet normal -0.793353340291234 -0.608761429008722 7.7983497388391525e-19
    outer loop
      vertex 142.15541743770058 66.065 8
      vertex 142.67190296114373 65.39190296114371 2
      vertex 142.67190296114373 65.39190296114371 8
    endloop
  endfacet
  facet normal -0.9238795325112857 -0.3826834323650921 -3.9366859922155816e-19
    outer loop
      vertex 141.83074106456053 66.84883810341681 8
      vertex 142.15541743770058 66.065 2
      vertex 142.15541743770058 66.065 8
    endloop
  endfacet
  facet normal -0.9914448613738103 -0.13052619222005277 0
    outer loop
      vertex 141.83074106456053 66.84883810341681 8
      vertex 141.72 67.69 8
      vertex 141.83074106456053 66.84883810341681 2
    endloop
  endfacet
  facet normal -0.9914448613738103 0.13052619222005277 0
    outer loop
      vertex 141.72 67.69 8
      vertex 141.83074106456053 68.53116189658319 8
      vertex 141.72 67.69 2
    endloop
  endfacet
  facet normal -0.9238795325112857 0.3826834323650921 0
    outer loop
      vertex 141.83074106456053 68.53116189658319 8
      vertex 142.15541743770058 69.315 8
      vertex 141.83074106456053 68.53116189658319 2
    endloop
  endfacet
  facet normal -0.793353340291234 0.608761429008722 0
    outer loop
      vertex 142.15541743770058 69.315 8
      vertex 142.67190296114373 69.98809703885628 8
      vertex 142.15541743770058 69.315 2
    endloop
  endfacet
  facet normal 0 0 1
    outer loop
      vertex 141.83074106456053 66.84883810341681 8
      vertex 142.15541743770058 66.065 8
      vertex 141.83074106456053 68.53116189658319 8
    endloop
  endfacet
  facet normal 0 0 1
    outer loop
      vertex 142.15541743770058 66.065 8
      vertex 142.67190296114373 65.39190296114371 8
      vertex 142.15541743770058 69.315 8
    endloop
  endfacet
  facet normal 0 0 1
    outer loop
      vertex 141.83074106456053 66.84883810341681 8
      vertex 141.83074106456053 68.53116189658319 8
      vertex 141.72 67.69 8
    endloop
  endfacet
  facet normal 0 0 1
    outer loop
      vertex 141.83074106456053 68.53116189658319 8
      vertex 142.15541743770058 66.065 8
      vertex 142.15541743770058 69.315 8
    endloop
  endfacet
  facet normal 0 0 1
    outer loop
      vertex 142.67190296114373 65.39190296114371 8
      vertex 142.67190296114373 69.98809703885628 8
      vertex 142.15541743770058 69.315 8
    endloop
  endfacet
  facet normal -0.6087614290087195 -0.7933533402912359 0
    outer loop
      vertex 142.67190296114373 65.39190296114371 8
      vertex 142.67190296114373 65.39190296114371 2
      vertex 143.345 64.87541743770058 8
    endloop
  endfacet
  facet normal -0.38268343236509805 -0.9238795325112834 0
    outer loop
      vertex 143.345 64.87541743770058 8
      vertex 143.345 64.87541743770058 2
      vertex 144.1288381034168 64.55074106456053 8
    endloop
  endfacet
  facet normal -0.1305261922200506 -0.9914448613738106 0
    outer loop
      vertex 144.1288381034168 64.55074106456053 8
      vertex 144.1288381034168 64.55074106456053 2
      vertex 144.97 64.44 8
    endloop
  endfacet
  facet normal 0.1305261922200506 -0.9914448613738106 0
    outer loop
      vertex 144.97 64.44 8
      vertex 144.97 64.44 2
      vertex 145.8111618965832 64.55074106456053 8
    endloop
  endfacet
  facet normal 0.38268343236509805 -0.9238795325112834 0
    outer loop
      vertex 145.8111618965832 64.55074106456053 8
      vertex 145.8111618965832 64.55074106456053 2
      vertex 146.595 64.87541743770058 8
    endloop
  endfacet
  facet normal 0.6087614290087195 -0.7933533402912359 0
    outer loop
      vertex 146.595 64.87541743770058 8
      vertex 146.595 64.87541743770058 2
      vertex 147.26809703885627 65.39190296114371 8
    endloop
  endfacet
  facet normal 0.793353340291234 -0.608761429008722 -7.7983497388391525e-19
    outer loop
      vertex 147.26809703885627 65.39190296114371 8
      vertex 147.78458256229942 66.065 2
      vertex 147.78458256229942 66.065 8
    endloop
  endfacet
  facet normal 0.6087614290087195 0.7933533402912359 -4.311227106146844e-18
    outer loop
      vertex 146.595 70.50458256229942 8
      vertex 147.26809703885627 69.98809703885628 8
      vertex 147.26809703885627 69.98809703885628 2
    endloop
  endfacet
  facet normal 0.793353340291234 0.608761429008722 0
    outer loop
      vertex 147.26809703885627 69.98809703885628 8
      vertex 147.78458256229942 69.315 8
      vertex 147.26809703885627 69.98809703885628 2
    endloop
  endfacet
  facet normal 0.9238795325112857 -0.3826834323650921 3.9366859922155816e-19
    outer loop
      vertex 147.78458256229942 66.065 8
      vertex 148.10925893543947 66.84883810341681 2
      vertex 148.10925893543947 66.84883810341681 8
    endloop
  endfacet
  facet normal 0.9914448613738103 -0.13052619222005277 5.170083738957161e-19
    outer loop
      vertex 148.10925893543947 66.84883810341681 8
      vertex 148.22 67.69 2
      vertex 148.22 67.69 8
    endloop
  endfacet
  facet normal 0.9914448613738103 0.13052619222005277 -5.170083738957161e-19
    outer loop
      vertex 148.22 67.69 8
      vertex 148.10925893543947 68.53116189658319 2
      vertex 148.10925893543947 68.53116189658319 8
    endloop
  endfacet
  facet normal 0.9238795325112857 0.3826834323650921 -3.9366859922155816e-19
    outer loop
      vertex 148.10925893543947 68.53116189658319 8
      vertex 147.78458256229942 69.315 2
      vertex 147.78458256229942 69.315 8
    endloop
  endfacet
  facet normal -0.6087614290087195 0.7933533402912359 4.311227106146844e-18
    outer loop
      vertex 142.67190296114373 69.98809703885628 8
      vertex 143.345 70.50458256229942 8
      vertex 143.345 70.50458256229942 2
    endloop
  endfacet
  facet normal -0.38268343236509805 0.9238795325112834 -8.83846084085481e-19
    outer loop
      vertex 143.345 70.50458256229942 8
      vertex 144.1288381034168 70.82925893543947 8
      vertex 144.1288381034168 70.82925893543947 2
    endloop
  endfacet
  facet normal -0.1305261922200506 0.9914448613738106 -1.121847413271527e-18
    outer loop
      vertex 144.1288381034168 70.82925893543947 8
      vertex 144.97 70.94 8
      vertex 144.97 70.94 2
    endloop
  endfacet
  facet normal 0.1305261922200506 0.9914448613738106 1.121847413271527e-18
    outer loop
      vertex 144.97 70.94 8
      vertex 145.8111618965832 70.82925893543947 8
      vertex 145.8111618965832 70.82925893543947 2
    endloop
  endfacet
  facet normal 0.38268343236509805 0.9238795325112834 0
    outer loop
      vertex 146.595 70.50458256229942 8
      vertex 146.595 70.50458256229942 2
      vertex 145.8111618965832 70.82925893543947 8
    endloop
  endfacet
  facet normal 0 0 1
    outer loop
      vertex 143.345 64.87541743770058 8
      vertex 144.1288381034168 64.55074106456053 8
      vertex 143.83862915010153 66.55862915010152 8
    endloop
  endfacet
  facet normal 0 0 1
    outer loop
      vertex 143.345 64.87541743770058 8
      vertex 143.83862915010153 66.55862915010152 8
      vertex 143.49179274798195 67.07770650821585 8
    endloop
  endfacet
  facet normal 0 0 1
    outer loop
      vertex 143.83862915010153 66.55862915010152 8
      vertex 144.1288381034168 64.55074106456053 8
      vertex 144.35770650821584 66.21179274798195 8
    endloop
  endfacet
  facet normal 0 0 1
    outer loop
      vertex 144.1288381034168 64.55074106456053 8
      vertex 144.97 64.44 8
      vertex 144.35770650821584 66.21179274798195 8
    endloop
  endfacet
  facet normal 0 0 1
    outer loop
      vertex 144.97 64.44 8
      vertex 144.97 66.09 8
      vertex 144.35770650821584 66.21179274798195 8
    endloop
  endfacet
  facet normal 0 0 1
    outer loop
      vertex 144.97 64.44 8
      vertex 145.8111618965832 64.55074106456053 8
      vertex 144.97 66.09 8
    endloop
  endfacet
  facet normal 0 0 1
    outer loop
      vertex 145.8111618965832 64.55074106456053 8
      vertex 146.595 64.87541743770058 8
      vertex 145.58229349178416 66.21179274798195 8
    endloop
  endfacet
  facet normal 0 0 1
    outer loop
      vertex 144.97 66.09 8
      vertex 145.8111618965832 64.55074106456053 8
      vertex 145.58229349178416 66.21179274798195 8
    endloop
  endfacet
  facet normal 0 0 1
    outer loop
      vertex 142.67190296114373 65.39190296114371 8
      vertex 143.345 64.87541743770058 8
      vertex 142.67190296114373 69.98809703885628 8
    endloop
  endfacet
  facet normal 0 0 1
    outer loop
      vertex 143.345 64.87541743770058 8
      vertex 143.37 67.69 8
      vertex 143.345 70.50458256229942 8
    endloop
  endfacet
  facet normal 0 0 1
    outer loop
      vertex 143.345 64.87541743770058 8
      vertex 143.49179274798195 67.07770650821585 8
      vertex 143.37 67.69 8
    endloop
  endfacet
  facet normal 0 0 1
    outer loop
      vertex 143.345 64.87541743770058 8
      vertex 143.345 70.50458256229942 8
      vertex 142.67190296114373 69.98809703885628 8
    endloop
  endfacet
  facet normal 0 0 1
    outer loop
      vertex 143.37 67.69 8
      vertex 143.49179274798195 68.30229349178414 8
      vertex 143.345 70.50458256229942 8
    endloop
  endfacet
  facet normal 0 0 1
    outer loop
      vertex 143.49179274798195 68.30229349178414 8
      vertex 143.83862915010153 68.82137084989847 8
      vertex 143.345 70.50458256229942 8
    endloop
  endfacet
  facet normal 0 0 1
    outer loop
      vertex 143.345 70.50458256229942 8
      vertex 143.83862915010153 68.82137084989847 8
      vertex 144.35770650821584 69.16820725201805 8
    endloop
  endfacet
  facet normal 0 0 1
    outer loop
      vertex 143.345 70.50458256229942 8
      vertex 144.35770650821584 69.16820725201805 8
      vertex 144.1288381034168 70.82925893543947 8
    endloop
  endfacet
  facet normal 0 0 1
    outer loop
      vertex 144.35770650821584 69.16820725201805 8
      vertex 144.97 69.28999999999999 8
      vertex 144.1288381034168 70.82925893543947 8
    endloop
  endfacet
  facet normal 0 0 1
    outer loop
      vertex 144.97 69.28999999999999 8
      vertex 145.58229349178416 69.16820725201805 8
      vertex 144.97 70.94 8
    endloop
  endfacet
  facet normal 0 0 1
    outer loop
      vertex 145.58229349178416 69.16820725201805 8
      vertex 146.10137084989847 68.82137084989847 8
      vertex 145.8111618965832 70.82925893543947 8
    endloop
  endfacet
  facet normal 0 0 1
    outer loop
      vertex 145.58229349178416 66.21179274798195 8
      vertex 146.595 64.87541743770058 8
      vertex 146.10137084989847 66.55862915010152 8
    endloop
  endfacet
  facet normal 0 0 1
    outer loop
      vertex 146.10137084989847 66.55862915010152 8
      vertex 146.595 64.87541743770058 8
      vertex 146.44820725201805 67.07770650821585 8
    endloop
  endfacet
  facet normal 0 0 1
    outer loop
      vertex 146.595 64.87541743770058 8
      vertex 146.57 67.69 8
      vertex 146.44820725201805 67.07770650821585 8
    endloop
  endfacet
  facet normal 0 0 1
    outer loop
      vertex 146.595 64.87541743770058 8
      vertex 147.26809703885627 65.39190296114371 8
      vertex 146.595 70.50458256229942 8
    endloop
  endfacet
  facet normal 0 0 1
    outer loop
      vertex 146.595 64.87541743770058 8
      vertex 146.595 70.50458256229942 8
      vertex 146.57 67.69 8
    endloop
  endfacet
  facet normal 0 0 1
    outer loop
      vertex 147.26809703885627 65.39190296114371 8
      vertex 147.78458256229942 66.065 8
      vertex 147.26809703885627 69.98809703885628 8
    endloop
  endfacet
  facet normal 0 0 1
    outer loop
      vertex 146.57 67.69 8
      vertex 146.595 70.50458256229942 8
      vertex 146.44820725201805 68.30229349178414 8
    endloop
  endfacet
  facet normal 0 0 1
    outer loop
      vertex 146.10137084989847 68.82137084989847 8
      vertex 146.44820725201805 68.30229349178414 8
      vertex 146.595 70.50458256229942 8
    endloop
  endfacet
  facet normal 0 0 1
    outer loop
      vertex 146.10137084989847 68.82137084989847 8
      vertex 146.595 70.50458256229942 8
      vertex 145.8111618965832 70.82925893543947 8
    endloop
  endfacet
  facet normal 0 0 1
    outer loop
      vertex 147.26809703885627 65.39190296114371 8
      vertex 147.26809703885627 69.98809703885628 8
      vertex 146.595 70.50458256229942 8
    endloop
  endfacet
  facet normal 0 0 1
    outer loop
      vertex 147.78458256229942 66.065 8
      vertex 147.78458256229942 69.315 8
      vertex 147.26809703885627 69.98809703885628 8
    endloop
  endfacet
  facet normal 0 0 1
    outer loop
      vertex 147.78458256229942 66.065 8
      vertex 148.10925893543947 66.84883810341681 8
      vertex 147.78458256229942 69.315 8
    endloop
  endfacet
  facet normal 0 0 1
    outer loop
      vertex 148.10925893543947 66.84883810341681 8
      vertex 148.22 67.69 8
      vertex 148.10925893543947 68.53116189658319 8
    endloop
  endfacet
  facet normal 0 0 1
    outer loop
      vertex 148.10925893543947 66.84883810341681 8
      vertex 148.10925893543947 68.53116189658319 8
      vertex 147.78458256229942 69.315 8
    endloop
  endfacet
  facet normal 0 0 1
    outer loop
      vertex 144.97 69.28999999999999 8
      vertex 144.97 70.94 8
      vertex 144.1288381034168 70.82925893543947 8
    endloop
  endfacet
  facet normal 0 0 1
    outer loop
      vertex 145.58229349178416 69.16820725201805 8
      vertex 145.8111618965832 70.82925893543947 8
      vertex 144.97 70.94 8
    endloop
  endfacet
  facet normal -0.9238795325112872 -0.3826834323650885 0
    outer loop
      vertex 17.37074106456053 66.84883810341681 8
      vertex 17.37074106456053 66.84883810341681 2
      vertex 17.695417437700577 66.065 2
    endloop
  endfacet
  facet normal -0.9914448613738103 -0.13052619222005277 0
    outer loop
      vertex 17.26 67.69 8
      vertex 17.26 67.69 2
      vertex 17.37074106456053 66.84883810341681 2
    endloop
  endfacet
  facet normal -0.9914448613738103 0.13052619222005277 0
    outer loop
      vertex 17.37074106456053 68.53116189658319 8
      vertex 17.37074106456053 68.53116189658319 2
      vertex 17.26 67.69 2
    endloop
  endfacet
  facet normal -0.9238795325112872 0.3826834323650885 0
    outer loop
      vertex 17.695417437700577 69.315 8
      vertex 17.695417437700577 69.315 2
      vertex 17.37074106456053 68.53116189658319 2
    endloop
  endfacet
  facet normal -0.6087614290087134 -0.7933533402912406 0
    outer loop
      vertex 18.885 64.87541743770058 8
      vertex 18.21190296114372 65.39190296114371 2
      vertex 18.885 64.87541743770058 2
    endloop
  endfacet
  facet normal -0.7933533402912382 -0.6087614290087168 0
    outer loop
      vertex 17.695417437700577 66.065 8
      vertex 17.695417437700577 66.065 2
      vertex 18.21190296114372 65.39190296114371 2
    endloop
  endfacet
  facet normal -0.38268343236509356 -0.9238795325112852 0
    outer loop
      vertex 19.66883810341681 64.55074106456053 8
      vertex 18.885 64.87541743770058 2
      vertex 19.66883810341681 64.55074106456053 2
    endloop
  endfacet
  facet normal -0.1305261922200522 -0.9914448613738103 0
    outer loop
      vertex 20.51 64.44 8
      vertex 19.66883810341681 64.55074106456053 2
      vertex 20.51 64.44 2
    endloop
  endfacet
  facet normal 0.1305261922200522 -0.9914448613738103 0
    outer loop
      vertex 21.351161896583193 64.55074106456053 8
      vertex 20.51 64.44 2
      vertex 21.351161896583193 64.55074106456053 2
    endloop
  endfacet
  facet normal -0.7933533402912382 0.6087614290087168 0
    outer loop
      vertex 18.21190296114372 69.98809703885628 8
      vertex 18.21190296114372 69.98809703885628 2
      vertex 17.695417437700577 69.315 2
    endloop
  endfacet
  facet normal -0.6087614290087134 0.7933533402912406 0
    outer loop
      vertex 18.21190296114372 69.98809703885628 8
      vertex 18.885 70.50458256229942 2
      vertex 18.21190296114372 69.98809703885628 2
    endloop
  endfacet
  facet normal -0.38268343236509356 0.9238795325112852 0
    outer loop
      vertex 18.885 70.50458256229942 8
      vertex 19.66883810341681 70.82925893543947 2
      vertex 18.885 70.50458256229942 2
    endloop
  endfacet
  facet normal -0.1305261922200522 0.9914448613738103 0
    outer loop
      vertex 19.66883810341681 70.82925893543947 8
      vertex 20.51 70.94 2
      vertex 19.66883810341681 70.82925893543947 2
    endloop
  endfacet
  facet normal 0.1305261922200522 0.9914448613738103 0
    outer loop
      vertex 20.51 70.94 8
      vertex 21.351161896583193 70.82925893543947 2
      vertex 20.51 70.94 2
    endloop
  endfacet
  facet normal 0.38268343236509356 -0.9238795325112852 0
    outer loop
      vertex 22.135 64.87541743770058 8
      vertex 21.351161896583193 64.55074106456053 2
      vertex 22.135 64.87541743770058 2
    endloop
  endfacet
  facet normal 0.6087614290087134 -0.7933533402912406 0
    outer loop
      vertex 22.808097038856282 65.39190296114371 8
      vertex 22.135 64.87541743770058 2
      vertex 22.808097038856282 65.39190296114371 2
    endloop
  endfacet
  facet normal 0.7933533402912382 -0.6087614290087168 0
    outer loop
      vertex 22.808097038856282 65.39190296114371 8
      vertex 22.808097038856282 65.39190296114371 2
      vertex 23.324582562299426 66.065 2
    endloop
  endfacet
  facet normal 0.7933533402912382 0.6087614290087168 0
    outer loop
      vertex 23.324582562299426 69.315 8
      vertex 23.324582562299426 69.315 2
      vertex 22.808097038856282 69.98809703885628 2
    endloop
  endfacet
  facet normal 0.9238795325112872 -0.3826834323650885 0
    outer loop
      vertex 23.324582562299426 66.065 8
      vertex 23.324582562299426 66.065 2
      vertex 23.649258935439473 66.84883810341681 2
    endloop
  endfacet
  facet normal 0.9914448613738103 -0.13052619222005277 0
    outer loop
      vertex 23.649258935439473 66.84883810341681 8
      vertex 23.649258935439473 66.84883810341681 2
      vertex 23.76 67.69 2
    endloop
  endfacet
  facet normal 0.9914448613738103 0.13052619222005277 0
    outer loop
      vertex 23.76 67.69 8
      vertex 23.76 67.69 2
      vertex 23.649258935439473 68.53116189658319 2
    endloop
  endfacet
  facet normal 0.9238795325112872 0.3826834323650885 0
    outer loop
      vertex 23.649258935439473 68.53116189658319 8
      vertex 23.649258935439473 68.53116189658319 2
      vertex 23.324582562299426 69.315 2
    endloop
  endfacet
  facet normal 0.38268343236509356 0.9238795325112852 0
    outer loop
      vertex 21.351161896583193 70.82925893543947 8
      vertex 22.135 70.50458256229942 2
      vertex 21.351161896583193 70.82925893543947 2
    endloop
  endfacet
  facet normal 0.6087614290087134 0.7933533402912406 0
    outer loop
      vertex 22.135 70.50458256229942 8
      vertex 22.808097038856282 69.98809703885628 2
      vertex 22.135 70.50458256229942 2
    endloop
  endfacet
  facet normal -0.9914448613738103 -0.13052619222005277 0
    outer loop
      vertex 17.37074106456053 66.84883810341681 8
      vertex 17.26 67.69 8
      vertex 17.37074106456053 66.84883810341681 2
    endloop
  endfacet
  facet normal -0.9238795325112872 -0.3826834323650885 1.412588464466895e-18
    outer loop
      vertex 17.37074106456053 66.84883810341681 8
      vertex 17.695417437700577 66.065 2
      vertex 17.695417437700577 66.065 8
    endloop
  endfacet
  facet normal -0.9914448613738103 0.13052619222005277 0
    outer loop
      vertex 17.26 67.69 8
      vertex 17.37074106456053 68.53116189658319 8
      vertex 17.26 67.69 2
    endloop
  endfacet
  facet normal -0.9238795325112872 0.3826834323650885 0
    outer loop
      vertex 17.37074106456053 68.53116189658319 8
      vertex 17.695417437700577 69.315 8
      vertex 17.37074106456053 68.53116189658319 2
    endloop
  endfacet
  facet normal -0.6087614290087134 -0.7933533402912406 0
    outer loop
      vertex 18.21190296114372 65.39190296114371 8
      vertex 18.21190296114372 65.39190296114371 2
      vertex 18.885 64.87541743770058 8
    endloop
  endfacet
  facet normal -0.7933533402912382 -0.6087614290087168 2.4855754028990104e-18
    outer loop
      vertex 17.695417437700577 66.065 8
      vertex 18.21190296114372 65.39190296114371 2
      vertex 18.21190296114372 65.39190296114371 8
    endloop
  endfacet
  facet normal -0.38268343236509356 -0.9238795325112852 0
    outer loop
      vertex 18.885 64.87541743770058 8
      vertex 18.885 64.87541743770058 2
      vertex 19.66883810341681 64.55074106456053 8
    endloop
  endfacet
  facet normal -0.1305261922200522 -0.9914448613738103 0
    outer loop
      vertex 19.66883810341681 64.55074106456053 8
      vertex 19.66883810341681 64.55074106456053 2
      vertex 20.51 64.44 8
    endloop
  endfacet
  facet normal 0.1305261922200522 -0.9914448613738103 0
    outer loop
      vertex 20.51 64.44 8
      vertex 20.51 64.44 2
      vertex 21.351161896583193 64.55074106456053 8
    endloop
  endfacet
  facet normal -0.7933533402912382 0.6087614290087168 0
    outer loop
      vertex 17.695417437700577 69.315 8
      vertex 18.21190296114372 69.98809703885628 8
      vertex 17.695417437700577 69.315 2
    endloop
  endfacet
  facet normal -0.6087614290087134 0.7933533402912406 -4.7918816893443756e-18
    outer loop
      vertex 18.21190296114372 69.98809703885628 8
      vertex 18.885 70.50458256229942 8
      vertex 18.885 70.50458256229942 2
    endloop
  endfacet
  facet normal -0.38268343236509356 0.9238795325112852 2.8004915203402513e-18
    outer loop
      vertex 18.885 70.50458256229942 8
      vertex 19.66883810341681 70.82925893543947 8
      vertex 19.66883810341681 70.82925893543947 2
    endloop
  endfacet
  facet normal -0.1305261922200522 0.9914448613738103 -1.2558063688688304e-18
    outer loop
      vertex 19.66883810341681 70.82925893543947 8
      vertex 20.51 70.94 8
      vertex 20.51 70.94 2
    endloop
  endfacet
  facet normal 0.1305261922200522 0.9914448613738103 1.2558063688688304e-18
    outer loop
      vertex 20.51 70.94 8
      vertex 21.351161896583193 70.82925893543947 8
      vertex 21.351161896583193 70.82925893543947 2
    endloop
  endfacet
  facet normal 0.38268343236509356 -0.9238795325112852 0
    outer loop
      vertex 21.351161896583193 64.55074106456053 8
      vertex 21.351161896583193 64.55074106456053 2
      vertex 22.135 64.87541743770058 8
    endloop
  endfacet
  facet normal 0.6087614290087134 -0.7933533402912406 0
    outer loop
      vertex 22.135 64.87541743770058 8
      vertex 22.135 64.87541743770058 2
      vertex 22.808097038856282 65.39190296114371 8
    endloop
  endfacet
  facet normal 0.7933533402912382 -0.6087614290087168 -2.4855754028990104e-18
    outer loop
      vertex 22.808097038856282 65.39190296114371 8
      vertex 23.324582562299426 66.065 2
      vertex 23.324582562299426 66.065 8
    endloop
  endfacet
  facet normal 0.6087614290087134 0.7933533402912406 4.7918816893443756e-18
    outer loop
      vertex 22.135 70.50458256229942 8
      vertex 22.808097038856282 69.98809703885628 8
      vertex 22.808097038856282 69.98809703885628 2
    endloop
  endfacet
  facet normal 0.7933533402912382 0.6087614290087168 0
    outer loop
      vertex 22.808097038856282 69.98809703885628 8
      vertex 23.324582562299426 69.315 8
      vertex 22.808097038856282 69.98809703885628 2
    endloop
  endfacet
  facet normal 0.9238795325112872 -0.3826834323650885 -1.412588464466895e-18
    outer loop
      vertex 23.324582562299426 66.065 8
      vertex 23.649258935439473 66.84883810341681 2
      vertex 23.649258935439473 66.84883810341681 8
    endloop
  endfacet
  facet normal 0.9914448613738103 -0.13052619222005277 5.170083738957161e-19
    outer loop
      vertex 23.649258935439473 66.84883810341681 8
      vertex 23.76 67.69 2
      vertex 23.76 67.69 8
    endloop
  endfacet
  facet normal 0.9238795325112872 0.3826834323650885 0
    outer loop
      vertex 23.324582562299426 69.315 8
      vertex 23.649258935439473 68.53116189658319 8
      vertex 23.324582562299426 69.315 2
    endloop
  endfacet
  facet normal 0.9914448613738103 0.13052619222005277 -5.170083738957161e-19
    outer loop
      vertex 23.76 67.69 8
      vertex 23.649258935439473 68.53116189658319 2
      vertex 23.649258935439473 68.53116189658319 8
    endloop
  endfacet
  facet normal 0.38268343236509356 0.9238795325112852 -2.8004915203402513e-18
    outer loop
      vertex 21.351161896583193 70.82925893543947 8
      vertex 22.135 70.50458256229942 8
      vertex 22.135 70.50458256229942 2
    endloop
  endfacet
  facet normal 0 0 1
    outer loop
      vertex 17.37074106456053 66.84883810341681 8
      vertex 17.695417437700577 66.065 8
      vertex 17.37074106456053 68.53116189658319 8
    endloop
  endfacet
  facet normal 0 0 1
    outer loop
      vertex 17.37074106456053 66.84883810341681 8
      vertex 17.37074106456053 68.53116189658319 8
      vertex 17.26 67.69 8
    endloop
  endfacet
  facet normal 0 0 1
    outer loop
      vertex 17.695417437700577 66.065 8
      vertex 17.695417437700577 69.315 8
      vertex 17.37074106456053 68.53116189658319 8
    endloop
  endfacet
  facet normal 0 0 1
    outer loop
      vertex 18.885 64.87541743770058 8
      vertex 19.378629150101524 66.55862915010152 8
      vertex 19.031792747981942 67.07770650821585 8
    endloop
  endfacet
  facet normal 0 0 1
    outer loop
      vertex 18.885 64.87541743770058 8
      vertex 19.66883810341681 64.55074106456053 8
      vertex 19.378629150101524 66.55862915010152 8
    endloop
  endfacet
  facet normal 0 0 1
    outer loop
      vertex 19.66883810341681 64.55074106456053 8
      vertex 20.51 64.44 8
      vertex 19.897706508215858 66.21179274798195 8
    endloop
  endfacet
  facet normal 0 0 1
    outer loop
      vertex 19.66883810341681 64.55074106456053 8
      vertex 19.897706508215858 66.21179274798195 8
      vertex 19.378629150101524 66.55862915010152 8
    endloop
  endfacet
  facet normal 0 0 1
    outer loop
      vertex 19.897706508215858 66.21179274798195 8
      vertex 20.51 64.44 8
      vertex 20.51 66.09 8
    endloop
  endfacet
  facet normal 0 0 1
    outer loop
      vertex 20.51 64.44 8
      vertex 21.351161896583193 64.55074106456053 8
      vertex 20.51 66.09 8
    endloop
  endfacet
  facet normal 0 0 1
    outer loop
      vertex 21.351161896583193 64.55074106456053 8
      vertex 21.122293491784145 66.21179274798195 8
      vertex 20.51 66.09 8
    endloop
  endfacet
  facet normal 0 0 1
    outer loop
      vertex 17.695417437700577 66.065 8
      vertex 18.21190296114372 65.39190296114371 8
      vertex 17.695417437700577 69.315 8
    endloop
  endfacet
  facet normal 0 0 1
    outer loop
      vertex 18.21190296114372 65.39190296114371 8
      vertex 18.885 64.87541743770058 8
      vertex 18.21190296114372 69.98809703885628 8
    endloop
  endfacet
  facet normal 0 0 1
    outer loop
      vertex 18.885 64.87541743770058 8
      vertex 19.031792747981942 67.07770650821585 8
      vertex 18.91 67.69 8
    endloop
  endfacet
  facet normal 0 0 1
    outer loop
      vertex 18.885 64.87541743770058 8
      vertex 18.91 67.69 8
      vertex 18.885 70.50458256229942 8
    endloop
  endfacet
  facet normal 0 0 1
    outer loop
      vertex 18.21190296114372 65.39190296114371 8
      vertex 18.21190296114372 69.98809703885628 8
      vertex 17.695417437700577 69.315 8
    endloop
  endfacet
  facet normal 0 0 1
    outer loop
      vertex 18.885 64.87541743770058 8
      vertex 18.885 70.50458256229942 8
      vertex 18.21190296114372 69.98809703885628 8
    endloop
  endfacet
  facet normal 0 0 1
    outer loop
      vertex 18.91 67.69 8
      vertex 19.031792747981942 68.30229349178414 8
      vertex 18.885 70.50458256229942 8
    endloop
  endfacet
  facet normal 0 0 1
    outer loop
      vertex 19.031792747981942 68.30229349178414 8
      vertex 19.378629150101524 68.82137084989847 8
      vertex 18.885 70.50458256229942 8
    endloop
  endfacet
  facet normal 0 0 1
    outer loop
      vertex 18.885 70.50458256229942 8
      vertex 19.378629150101524 68.82137084989847 8
      vertex 19.897706508215858 69.16820725201805 8
    endloop
  endfacet
  facet normal 0 0 1
    outer loop
      vertex 18.885 70.50458256229942 8
      vertex 19.897706508215858 69.16820725201805 8
      vertex 19.66883810341681 70.82925893543947 8
    endloop
  endfacet
  facet normal 0 0 1
    outer loop
      vertex 19.897706508215858 69.16820725201805 8
      vertex 20.51 69.28999999999999 8
      vertex 19.66883810341681 70.82925893543947 8
    endloop
  endfacet
  facet normal 0 0 1
    outer loop
      vertex 20.51 69.28999999999999 8
      vertex 21.122293491784145 69.16820725201805 8
      vertex 20.51 70.94 8
    endloop
  endfacet
  facet normal 0 0 1
    outer loop
      vertex 21.122293491784145 69.16820725201805 8
      vertex 21.64137084989848 68.82137084989847 8
      vertex 21.351161896583193 70.82925893543947 8
    endloop
  endfacet
  facet normal 0 0 1
    outer loop
      vertex 20.51 69.28999999999999 8
      vertex 20.51 70.94 8
      vertex 19.66883810341681 70.82925893543947 8
    endloop
  endfacet
  facet normal 0 0 1
    outer loop
      vertex 21.122293491784145 69.16820725201805 8
      vertex 21.351161896583193 70.82925893543947 8
      vertex 20.51 70.94 8
    endloop
  endfacet
  facet normal 0 0 1
    outer loop
      vertex 21.351161896583193 64.55074106456053 8
      vertex 22.135 64.87541743770058 8
      vertex 21.122293491784145 66.21179274798195 8
    endloop
  endfacet
  facet normal 0 0 1
    outer loop
      vertex 21.122293491784145 66.21179274798195 8
      vertex 22.135 64.87541743770058 8
      vertex 21.64137084989848 66.55862915010152 8
    endloop
  endfacet
  facet normal 0 0 1
    outer loop
      vertex 22.135 64.87541743770058 8
      vertex 21.98820725201806 67.07770650821585 8
      vertex 21.64137084989848 66.55862915010152 8
    endloop
  endfacet
  facet normal 0 0 1
    outer loop
      vertex 22.135 64.87541743770058 8
      vertex 22.110000000000003 67.69 8
      vertex 21.98820725201806 67.07770650821585 8
    endloop
  endfacet
  facet normal 0 0 1
    outer loop
      vertex 22.135 64.87541743770058 8
      vertex 22.135 70.50458256229942 8
      vertex 22.110000000000003 67.69 8
    endloop
  endfacet
  facet normal 0 0 1
    outer loop
      vertex 22.135 64.87541743770058 8
      vertex 22.808097038856282 65.39190296114371 8
      vertex 22.135 70.50458256229942 8
    endloop
  endfacet
  facet normal 0 0 1
    outer loop
      vertex 22.808097038856282 65.39190296114371 8
      vertex 23.324582562299426 66.065 8
      vertex 22.808097038856282 69.98809703885628 8
    endloop
  endfacet
  facet normal 0 0 1
    outer loop
      vertex 22.110000000000003 67.69 8
      vertex 22.135 70.50458256229942 8
      vertex 21.98820725201806 68.30229349178414 8
    endloop
  endfacet
  facet normal 0 0 1
    outer loop
      vertex 21.351161896583193 70.82925893543947 8
      vertex 21.64137084989848 68.82137084989847 8
      vertex 22.135 70.50458256229942 8
    endloop
  endfacet
  facet normal 0 0 1
    outer loop
      vertex 21.98820725201806 68.30229349178414 8
      vertex 22.135 70.50458256229942 8
      vertex 21.64137084989848 68.82137084989847 8
    endloop
  endfacet
  facet normal 0 0 1
    outer loop
      vertex 22.808097038856282 65.39190296114371 8
      vertex 22.808097038856282 69.98809703885628 8
      vertex 22.135 70.50458256229942 8
    endloop
  endfacet
  facet normal 0 0 1
    outer loop
      vertex 23.324582562299426 66.065 8
      vertex 23.324582562299426 69.315 8
      vertex 22.808097038856282 69.98809703885628 8
    endloop
  endfacet
  facet normal 0 0 1
    outer loop
      vertex 23.324582562299426 66.065 8
      vertex 23.649258935439473 66.84883810341681 8
      vertex 23.324582562299426 69.315 8
    endloop
  endfacet
  facet normal 0 0 1
    outer loop
      vertex 23.649258935439473 66.84883810341681 8
      vertex 23.76 67.69 8
      vertex 23.649258935439473 68.53116189658319 8
    endloop
  endfacet
  facet normal 0 0 1
    outer loop
      vertex 23.324582562299426 69.315 8
      vertex 23.649258935439473 66.84883810341681 8
      vertex 23.649258935439473 68.53116189658319 8
    endloop
  endfacet
  facet normal -0.6087614290087241 -0.7933533402912325 0
    outer loop
      vertex 18.885 232.51541743770062 8
      vertex 18.21190296114372 233.03190296114377 2
      vertex 18.885 232.51541743770062 2
    endloop
  endfacet
  facet normal -0.7933533402912318 -0.6087614290087248 0
    outer loop
      vertex 17.695417437700577 233.70500000000004 8
      vertex 17.695417437700577 233.70500000000004 2
      vertex 18.21190296114372 233.03190296114377 2
    endloop
  endfacet
  facet normal -0.38268343236509356 -0.9238795325112852 0
    outer loop
      vertex 19.66883810341681 232.19074106456057 8
      vertex 18.885 232.51541743770062 2
      vertex 19.66883810341681 232.19074106456057 2
    endloop
  endfacet
  facet normal -0.1305261922200522 -0.9914448613738103 0
    outer loop
      vertex 20.51 232.08000000000004 8
      vertex 19.66883810341681 232.19074106456057 2
      vertex 20.51 232.08000000000004 2
    endloop
  endfacet
  facet normal 0.1305261922200522 -0.9914448613738103 0
    outer loop
      vertex 21.351161896583193 232.19074106456057 8
      vertex 20.51 232.08000000000004 2
      vertex 21.351161896583193 232.19074106456057 2
    endloop
  endfacet
  facet normal 0.38268343236509356 -0.9238795325112852 0
    outer loop
      vertex 22.135 232.51541743770062 8
      vertex 21.351161896583193 232.19074106456057 2
      vertex 22.135 232.51541743770062 2
    endloop
  endfacet
  facet normal 0.6087614290087241 -0.7933533402912325 0
    outer loop
      vertex 22.808097038856282 233.03190296114377 8
      vertex 22.135 232.51541743770062 2
      vertex 22.808097038856282 233.03190296114377 2
    endloop
  endfacet
  facet normal 0.7933533402912318 -0.6087614290087248 0
    outer loop
      vertex 22.808097038856282 233.03190296114377 8
      vertex 22.808097038856282 233.03190296114377 2
      vertex 23.324582562299426 233.70500000000004 2
    endloop
  endfacet
  facet normal -0.9238795325112849 -0.38268343236509444 0
    outer loop
      vertex 17.37074106456053 234.48883810341684 8
      vertex 17.37074106456053 234.48883810341684 2
      vertex 17.695417437700577 233.70500000000004 2
    endloop
  endfacet
  facet normal -0.9914448613738106 -0.1305261922200506 0
    outer loop
      vertex 17.26 235.33000000000004 8
      vertex 17.26 235.33000000000004 2
      vertex 17.37074106456053 234.48883810341684 2
    endloop
  endfacet
  facet normal -0.9914448613738106 0.1305261922200506 0
    outer loop
      vertex 17.37074106456053 236.17116189658324 8
      vertex 17.37074106456053 236.17116189658324 2
      vertex 17.26 235.33000000000004 2
    endloop
  endfacet
  facet normal -0.9238795325112849 0.38268343236509444 0
    outer loop
      vertex 17.695417437700577 236.95500000000004 8
      vertex 17.695417437700577 236.95500000000004 2
      vertex 17.37074106456053 236.17116189658324 2
    endloop
  endfacet
  facet normal -0.7933533402912318 0.6087614290087248 0
    outer loop
      vertex 18.21190296114372 237.6280970388563 8
      vertex 18.21190296114372 237.6280970388563 2
      vertex 17.695417437700577 236.95500000000004 2
    endloop
  endfacet
  facet normal -0.6087614290087241 0.7933533402912325 0
    outer loop
      vertex 18.21190296114372 237.6280970388563 8
      vertex 18.885 238.14458256229946 2
      vertex 18.21190296114372 237.6280970388563 2
    endloop
  endfacet
  facet normal -0.38268343236509356 0.9238795325112852 0
    outer loop
      vertex 18.885 238.14458256229946 8
      vertex 19.66883810341681 238.4692589354395 2
      vertex 18.885 238.14458256229946 2
    endloop
  endfacet
  facet normal -0.1305261922200522 0.9914448613738103 0
    outer loop
      vertex 19.66883810341681 238.4692589354395 8
      vertex 20.51 238.58000000000004 2
      vertex 19.66883810341681 238.4692589354395 2
    endloop
  endfacet
  facet normal 0.1305261922200522 0.9914448613738103 0
    outer loop
      vertex 20.51 238.58000000000004 8
      vertex 21.351161896583193 238.4692589354395 2
      vertex 20.51 238.58000000000004 2
    endloop
  endfacet
  facet normal 0.7933533402912318 0.6087614290087248 0
    outer loop
      vertex 23.324582562299426 236.95500000000004 8
      vertex 23.324582562299426 236.95500000000004 2
      vertex 22.808097038856282 237.6280970388563 2
    endloop
  endfacet
  facet normal 0.9238795325112849 -0.38268343236509444 0
    outer loop
      vertex 23.324582562299426 233.70500000000004 8
      vertex 23.324582562299426 233.70500000000004 2
      vertex 23.649258935439473 234.48883810341684 2
    endloop
  endfacet
  facet normal 0.9914448613738106 -0.1305261922200506 0
    outer loop
      vertex 23.649258935439473 234.48883810341684 8
      vertex 23.649258935439473 234.48883810341684 2
      vertex 23.76 235.33000000000004 2
    endloop
  endfacet
  facet normal 0.9914448613738106 0.1305261922200506 0
    outer loop
      vertex 23.76 235.33000000000004 8
      vertex 23.76 235.33000000000004 2
      vertex 23.649258935439473 236.17116189658324 2
    endloop
  endfacet
  facet normal 0.9238795325112849 0.38268343236509444 0
    outer loop
      vertex 23.649258935439473 236.17116189658324 8
      vertex 23.649258935439473 236.17116189658324 2
      vertex 23.324582562299426 236.95500000000004 2
    endloop
  endfacet
  facet normal 0.38268343236509356 0.9238795325112852 0
    outer loop
      vertex 21.351161896583193 238.4692589354395 8
      vertex 22.135 238.14458256229946 2
      vertex 21.351161896583193 238.4692589354395 2
    endloop
  endfacet
  facet normal 0.6087614290087241 0.7933533402912325 0
    outer loop
      vertex 22.135 238.14458256229946 8
      vertex 22.808097038856282 237.6280970388563 2
      vertex 22.135 238.14458256229946 2
    endloop
  endfacet
  facet normal -0.6087614290087241 -0.7933533402912325 0
    outer loop
      vertex 18.21190296114372 233.03190296114377 8
      vertex 18.21190296114372 233.03190296114377 2
      vertex 18.885 232.51541743770062 8
    endloop
  endfacet
  facet normal -0.7933533402912318 -0.6087614290087248 0
    outer loop
      vertex 18.21190296114372 233.03190296114377 8
      vertex 17.695417437700577 233.70500000000004 8
      vertex 18.21190296114372 233.03190296114377 2
    endloop
  endfacet
  facet normal -0.38268343236509356 -0.9238795325112852 0
    outer loop
      vertex 18.885 232.51541743770062 8
      vertex 18.885 232.51541743770062 2
      vertex 19.66883810341681 232.19074106456057 8
    endloop
  endfacet
  facet normal -0.1305261922200522 -0.9914448613738103 0
    outer loop
      vertex 19.66883810341681 232.19074106456057 8
      vertex 19.66883810341681 232.19074106456057 2
      vertex 20.51 232.08000000000004 8
    endloop
  endfacet
  facet normal 0.1305261922200522 -0.9914448613738103 0
    outer loop
      vertex 20.51 232.08000000000004 8
      vertex 20.51 232.08000000000004 2
      vertex 21.351161896583193 232.19074106456057 8
    endloop
  endfacet
  facet normal 0.38268343236509356 -0.9238795325112852 0
    outer loop
      vertex 21.351161896583193 232.19074106456057 8
      vertex 21.351161896583193 232.19074106456057 2
      vertex 22.135 232.51541743770062 8
    endloop
  endfacet
  facet normal 0.6087614290087241 -0.7933533402912325 0
    outer loop
      vertex 22.135 232.51541743770062 8
      vertex 22.135 232.51541743770062 2
      vertex 22.808097038856282 233.03190296114377 8
    endloop
  endfacet
  facet normal 0.7933533402912318 -0.6087614290087248 -4.887838832639847e-18
    outer loop
      vertex 22.808097038856282 233.03190296114377 8
      vertex 23.324582562299426 233.70500000000004 2
      vertex 23.324582562299426 233.70500000000004 8
    endloop
  endfacet
  facet normal -0.9914448613738106 -0.1305261922200506 0
    outer loop
      vertex 17.37074106456053 234.48883810341684 8
      vertex 17.26 235.33000000000004 8
      vertex 17.37074106456053 234.48883810341684 2
    endloop
  endfacet
  facet normal -0.9238795325112849 -0.38268343236509444 0
    outer loop
      vertex 17.695417437700577 233.70500000000004 8
      vertex 17.37074106456053 234.48883810341684 8
      vertex 17.695417437700577 233.70500000000004 2
    endloop
  endfacet
  facet normal -0.9914448613738106 0.1305261922200506 0
    outer loop
      vertex 17.26 235.33000000000004 8
      vertex 17.37074106456053 236.17116189658324 8
      vertex 17.26 235.33000000000004 2
    endloop
  endfacet
  facet normal -0.9238795325112849 0.38268343236509444 0
    outer loop
      vertex 17.37074106456053 236.17116189658324 8
      vertex 17.695417437700577 236.95500000000004 8
      vertex 17.37074106456053 236.17116189658324 2
    endloop
  endfacet
  facet normal -0.7933533402912318 0.6087614290087248 0
    outer loop
      vertex 17.695417437700577 236.95500000000004 8
      vertex 18.21190296114372 237.6280970388563 8
      vertex 17.695417437700577 236.95500000000004 2
    endloop
  endfacet
  facet normal -0.6087614290087241 0.7933533402912325 -1.3804008313240686e-18
    outer loop
      vertex 18.21190296114372 237.6280970388563 8
      vertex 18.885 238.14458256229946 8
      vertex 18.885 238.14458256229946 2
    endloop
  endfacet
  facet normal -0.38268343236509356 0.9238795325112852 2.8004915203402513e-18
    outer loop
      vertex 18.885 238.14458256229946 8
      vertex 19.66883810341681 238.4692589354395 8
      vertex 19.66883810341681 238.4692589354395 2
    endloop
  endfacet
  facet normal -0.1305261922200522 0.9914448613738103 -1.2558063688688304e-18
    outer loop
      vertex 19.66883810341681 238.4692589354395 8
      vertex 20.51 238.58000000000004 8
      vertex 20.51 238.58000000000004 2
    endloop
  endfacet
  facet normal 0.1305261922200522 0.9914448613738103 1.2558063688688304e-18
    outer loop
      vertex 20.51 238.58000000000004 8
      vertex 21.351161896583193 238.4692589354395 8
      vertex 21.351161896583193 238.4692589354395 2
    endloop
  endfacet
  facet normal 0.7933533402912318 0.6087614290087248 0
    outer loop
      vertex 22.808097038856282 237.6280970388563 8
      vertex 23.324582562299426 236.95500000000004 8
      vertex 22.808097038856282 237.6280970388563 2
    endloop
  endfacet
  facet normal 0.9238795325112849 -0.38268343236509444 -2.6901031477640465e-18
    outer loop
      vertex 23.324582562299426 233.70500000000004 8
      vertex 23.649258935439473 234.48883810341684 2
      vertex 23.649258935439473 234.48883810341684 8
    endloop
  endfacet
  facet normal 0.9914448613738106 -0.1305261922200506 -1.121847413271527e-18
    outer loop
      vertex 23.649258935439473 234.48883810341684 8
      vertex 23.76 235.33000000000004 2
      vertex 23.76 235.33000000000004 8
    endloop
  endfacet
  facet normal 0.9238795325112849 0.38268343236509444 0
    outer loop
      vertex 23.324582562299426 236.95500000000004 8
      vertex 23.649258935439473 236.17116189658324 8
      vertex 23.324582562299426 236.95500000000004 2
    endloop
  endfacet
  facet normal 0.9914448613738106 0.1305261922200506 1.121847413271527e-18
    outer loop
      vertex 23.76 235.33000000000004 8
      vertex 23.649258935439473 236.17116189658324 2
      vertex 23.649258935439473 236.17116189658324 8
    endloop
  endfacet
  facet normal 0.38268343236509356 0.9238795325112852 -2.8004915203402513e-18
    outer loop
      vertex 21.351161896583193 238.4692589354395 8
      vertex 22.135 238.14458256229946 8
      vertex 22.135 238.14458256229946 2
    endloop
  endfacet
  facet normal 0.6087614290087241 0.7933533402912325 1.3804008313240686e-18
    outer loop
      vertex 22.135 238.14458256229946 8
      vertex 22.808097038856282 237.6280970388563 8
      vertex 22.808097038856282 237.6280970388563 2
    endloop
  endfacet
  facet normal 0 0 1
    outer loop
      vertex 18.885 232.51541743770062 8
      vertex 19.378629150101524 234.19862915010157 8
      vertex 19.031792747981942 234.71770650821588 8
    endloop
  endfacet
  facet normal 0 0 1
    outer loop
      vertex 18.885 232.51541743770062 8
      vertex 19.66883810341681 232.19074106456057 8
      vertex 19.378629150101524 234.19862915010157 8
    endloop
  endfacet
  facet normal 0 0 1
    outer loop
      vertex 19.66883810341681 232.19074106456057 8
      vertex 20.51 232.08000000000004 8
      vertex 19.897706508215858 233.851792747982 8
    endloop
  endfacet
  facet normal 0 0 1
    outer loop
      vertex 19.66883810341681 232.19074106456057 8
      vertex 19.897706508215858 233.851792747982 8
      vertex 19.378629150101524 234.19862915010157 8
    endloop
  endfacet
  facet normal 0 0 1
    outer loop
      vertex 19.897706508215858 233.851792747982 8
      vertex 20.51 232.08000000000004 8
      vertex 20.51 233.73000000000005 8
    endloop
  endfacet
  facet normal 0 0 1
    outer loop
      vertex 20.51 232.08000000000004 8
      vertex 21.351161896583193 232.19074106456057 8
      vertex 20.51 233.73000000000005 8
    endloop
  endfacet
  facet normal 0 0 1
    outer loop
      vertex 21.351161896583193 232.19074106456057 8
      vertex 21.122293491784145 233.851792747982 8
      vertex 20.51 233.73000000000005 8
    endloop
  endfacet
  facet normal 0 0 1
    outer loop
      vertex 21.351161896583193 232.19074106456057 8
      vertex 22.135 232.51541743770062 8
      vertex 21.122293491784145 233.851792747982 8
    endloop
  endfacet
  facet normal 0 0 1
    outer loop
      vertex 21.122293491784145 233.851792747982 8
      vertex 22.135 232.51541743770062 8
      vertex 21.64137084989848 234.19862915010157 8
    endloop
  endfacet
  facet normal 0 0 1
    outer loop
      vertex 22.135 232.51541743770062 8
      vertex 21.98820725201806 234.71770650821588 8
      vertex 21.64137084989848 234.19862915010157 8
    endloop
  endfacet
  facet normal 0 0 1
    outer loop
      vertex 17.695417437700577 233.70500000000004 8
      vertex 17.37074106456053 236.17116189658324 8
      vertex 17.37074106456053 234.48883810341684 8
    endloop
  endfacet
  facet normal 0 0 1
    outer loop
      vertex 17.37074106456053 234.48883810341684 8
      vertex 17.37074106456053 236.17116189658324 8
      vertex 17.26 235.33000000000004 8
    endloop
  endfacet
  facet normal 0 0 1
    outer loop
      vertex 17.695417437700577 233.70500000000004 8
      vertex 17.695417437700577 236.95500000000004 8
      vertex 17.37074106456053 236.17116189658324 8
    endloop
  endfacet
  facet normal 0 0 1
    outer loop
      vertex 18.21190296114372 233.03190296114377 8
      vertex 17.695417437700577 236.95500000000004 8
      vertex 17.695417437700577 233.70500000000004 8
    endloop
  endfacet
  facet normal 0 0 1
    outer loop
      vertex 18.21190296114372 233.03190296114377 8
      vertex 18.885 232.51541743770062 8
      vertex 18.21190296114372 237.6280970388563 8
    endloop
  endfacet
  facet normal 0 0 1
    outer loop
      vertex 18.885 232.51541743770062 8
      vertex 19.031792747981942 234.71770650821588 8
      vertex 18.91 235.33000000000004 8
    endloop
  endfacet
  facet normal 0 0 1
    outer loop
      vertex 18.885 232.51541743770062 8
      vertex 18.91 235.33000000000004 8
      vertex 18.885 238.14458256229946 8
    endloop
  endfacet
  facet normal 0 0 1
    outer loop
      vertex 18.21190296114372 233.03190296114377 8
      vertex 18.21190296114372 237.6280970388563 8
      vertex 17.695417437700577 236.95500000000004 8
    endloop
  endfacet
  facet normal 0 0 1
    outer loop
      vertex 18.885 232.51541743770062 8
      vertex 18.885 238.14458256229946 8
      vertex 18.21190296114372 237.6280970388563 8
    endloop
  endfacet
  facet normal 0 0 1
    outer loop
      vertex 18.91 235.33000000000004 8
      vertex 19.031792747981942 235.9422934917842 8
      vertex 18.885 238.14458256229946 8
    endloop
  endfacet
  facet normal 0 0 1
    outer loop
      vertex 19.031792747981942 235.9422934917842 8
      vertex 19.378629150101524 236.46137084989851 8
      vertex 18.885 238.14458256229946 8
    endloop
  endfacet
  facet normal 0 0 1
    outer loop
      vertex 18.885 238.14458256229946 8
      vertex 19.378629150101524 236.46137084989851 8
      vertex 19.897706508215858 236.8082072520181 8
    endloop
  endfacet
  facet normal 0 0 1
    outer loop
      vertex 19.66883810341681 238.4692589354395 8
      vertex 19.897706508215858 236.8082072520181 8
      vertex 20.51 236.93000000000004 8
    endloop
  endfacet
  facet normal 0 0 1
    outer loop
      vertex 20.51 236.93000000000004 8
      vertex 21.122293491784145 236.8082072520181 8
      vertex 20.51 238.58000000000004 8
    endloop
  endfacet
  facet normal 0 0 1
    outer loop
      vertex 21.122293491784145 236.8082072520181 8
      vertex 21.64137084989848 236.46137084989851 8
      vertex 21.351161896583193 238.4692589354395 8
    endloop
  endfacet
  facet normal 0 0 1
    outer loop
      vertex 18.885 238.14458256229946 8
      vertex 19.897706508215858 236.8082072520181 8
      vertex 19.66883810341681 238.4692589354395 8
    endloop
  endfacet
  facet normal 0 0 1
    outer loop
      vertex 19.66883810341681 238.4692589354395 8
      vertex 20.51 236.93000000000004 8
      vertex 20.51 238.58000000000004 8
    endloop
  endfacet
  facet normal 0 0 1
    outer loop
      vertex 20.51 238.58000000000004 8
      vertex 21.122293491784145 236.8082072520181 8
      vertex 21.351161896583193 238.4692589354395 8
    endloop
  endfacet
  facet normal 0 0 1
    outer loop
      vertex 22.135 232.51541743770062 8
      vertex 22.110000000000003 235.33000000000004 8
      vertex 21.98820725201806 234.71770650821588 8
    endloop
  endfacet
  facet normal 0 0 1
    outer loop
      vertex 22.135 232.51541743770062 8
      vertex 22.135 238.14458256229946 8
      vertex 22.110000000000003 235.33000000000004 8
    endloop
  endfacet
  facet normal 0 0 1
    outer loop
      vertex 22.135 232.51541743770062 8
      vertex 22.808097038856282 233.03190296114377 8
      vertex 22.135 238.14458256229946 8
    endloop
  endfacet
  facet normal 0 0 1
    outer loop
      vertex 22.808097038856282 233.03190296114377 8
      vertex 23.324582562299426 233.70500000000004 8
      vertex 22.808097038856282 237.6280970388563 8
    endloop
  endfacet
  facet normal 0 0 1
    outer loop
      vertex 22.110000000000003 235.33000000000004 8
      vertex 22.135 238.14458256229946 8
      vertex 21.98820725201806 235.9422934917842 8
    endloop
  endfacet
  facet normal 0 0 1
    outer loop
      vertex 21.351161896583193 238.4692589354395 8
      vertex 21.64137084989848 236.46137084989851 8
      vertex 22.135 238.14458256229946 8
    endloop
  endfacet
  facet normal 0 0 1
    outer loop
      vertex 21.64137084989848 236.46137084989851 8
      vertex 21.98820725201806 235.9422934917842 8
      vertex 22.135 238.14458256229946 8
    endloop
  endfacet
  facet normal 0 0 1
    outer loop
      vertex 22.808097038856282 233.03190296114377 8
      vertex 22.808097038856282 237.6280970388563 8
      vertex 22.135 238.14458256229946 8
    endloop
  endfacet
  facet normal 0 0 1
    outer loop
      vertex 23.324582562299426 233.70500000000004 8
      vertex 23.324582562299426 236.95500000000004 8
      vertex 22.808097038856282 237.6280970388563 8
    endloop
  endfacet
  facet normal 0 0 1
    outer loop
      vertex 23.324582562299426 233.70500000000004 8
      vertex 23.649258935439473 234.48883810341684 8
      vertex 23.324582562299426 236.95500000000004 8
    endloop
  endfacet
  facet normal 0 0 1
    outer loop
      vertex 23.649258935439473 234.48883810341684 8
      vertex 23.76 235.33000000000004 8
      vertex 23.649258935439473 236.17116189658324 8
    endloop
  endfacet
  facet normal 0 0 1
    outer loop
      vertex 23.324582562299426 236.95500000000004 8
      vertex 23.649258935439473 234.48883810341684 8
      vertex 23.649258935439473 236.17116189658324 8
    endloop
  endfacet
  facet normal -0.7933533402912278 -0.6087614290087301 0
    outer loop
      vertex 142.15541743770058 233.70500000000004 8
      vertex 142.15541743770058 233.70500000000004 2
      vertex 142.67190296114373 233.03190296114377 2
    endloop
  endfacet
  facet normal -0.9238795325112834 -0.38268343236509805 0
    outer loop
      vertex 141.83074106456053 234.48883810341684 8
      vertex 141.83074106456053 234.48883810341684 2
      vertex 142.15541743770058 233.70500000000004 2
    endloop
  endfacet
  facet normal -0.9914448613738106 -0.1305261922200506 0
    outer loop
      vertex 141.72 235.33000000000004 8
      vertex 141.72 235.33000000000004 2
      vertex 141.83074106456053 234.48883810341684 2
    endloop
  endfacet
  facet normal -0.9914448613738106 0.1305261922200506 0
    outer loop
      vertex 141.83074106456053 236.17116189658324 8
      vertex 141.83074106456053 236.17116189658324 2
      vertex 141.72 235.33000000000004 2
    endloop
  endfacet
  facet normal -0.9238795325112834 0.38268343236509805 0
    outer loop
      vertex 142.15541743770058 236.95500000000004 8
      vertex 142.15541743770058 236.95500000000004 2
      vertex 141.83074106456053 236.17116189658324 2
    endloop
  endfacet
  facet normal -0.7933533402912278 0.6087614290087301 0
    outer loop
      vertex 142.67190296114373 237.6280970388563 8
      vertex 142.67190296114373 237.6280970388563 2
      vertex 142.15541743770058 236.95500000000004 2
    endloop
  endfacet
  facet normal -0.6087614290087301 -0.7933533402912278 0
    outer loop
      vertex 143.345 232.51541743770062 8
      vertex 142.67190296114373 233.03190296114377 2
      vertex 143.345 232.51541743770062 2
    endloop
  endfacet
  facet normal -0.38268343236509805 -0.9238795325112834 0
    outer loop
      vertex 144.1288381034168 232.19074106456057 8
      vertex 143.345 232.51541743770062 2
      vertex 144.1288381034168 232.19074106456057 2
    endloop
  endfacet
  facet normal -0.1305261922200506 -0.9914448613738106 0
    outer loop
      vertex 144.97 232.08000000000004 8
      vertex 144.1288381034168 232.19074106456057 2
      vertex 144.97 232.08000000000004 2
    endloop
  endfacet
  facet normal 0.1305261922200506 -0.9914448613738106 0
    outer loop
      vertex 145.8111618965832 232.19074106456057 8
      vertex 144.97 232.08000000000004 2
      vertex 145.8111618965832 232.19074106456057 2
    endloop
  endfacet
  facet normal 0.38268343236509805 -0.9238795325112834 0
    outer loop
      vertex 146.595 232.51541743770062 8
      vertex 145.8111618965832 232.19074106456057 2
      vertex 146.595 232.51541743770062 2
    endloop
  endfacet
  facet normal 0.6087614290087301 -0.7933533402912278 0
    outer loop
      vertex 147.26809703885627 233.03190296114377 8
      vertex 146.595 232.51541743770062 2
      vertex 147.26809703885627 233.03190296114377 2
    endloop
  endfacet
  facet normal 0.7933533402912278 -0.6087614290087301 0
    outer loop
      vertex 147.26809703885627 233.03190296114377 8
      vertex 147.26809703885627 233.03190296114377 2
      vertex 147.78458256229942 233.70500000000004 2
    endloop
  endfacet
  facet normal -0.6087614290087301 0.7933533402912278 0
    outer loop
      vertex 142.67190296114373 237.6280970388563 8
      vertex 143.345 238.14458256229946 2
      vertex 142.67190296114373 237.6280970388563 2
    endloop
  endfacet
  facet normal -0.38268343236509805 0.9238795325112834 0
    outer loop
      vertex 143.345 238.14458256229946 8
      vertex 144.1288381034168 238.4692589354395 2
      vertex 143.345 238.14458256229946 2
    endloop
  endfacet
  facet normal -0.1305261922200506 0.9914448613738106 0
    outer loop
      vertex 144.1288381034168 238.4692589354395 8
      vertex 144.97 238.58000000000004 2
      vertex 144.1288381034168 238.4692589354395 2
    endloop
  endfacet
  facet normal 0.1305261922200506 0.9914448613738106 0
    outer loop
      vertex 144.97 238.58000000000004 8
      vertex 145.8111618965832 238.4692589354395 2
      vertex 144.97 238.58000000000004 2
    endloop
  endfacet
  facet normal 0.7933533402912278 0.6087614290087301 0
    outer loop
      vertex 147.78458256229942 236.95500000000004 8
      vertex 147.78458256229942 236.95500000000004 2
      vertex 147.26809703885627 237.6280970388563 2
    endloop
  endfacet
  facet normal 0.9238795325112834 -0.38268343236509805 0
    outer loop
      vertex 147.78458256229942 233.70500000000004 8
      vertex 147.78458256229942 233.70500000000004 2
      vertex 148.10925893543947 234.48883810341684 2
    endloop
  endfacet
  facet normal 0.9914448613738106 -0.1305261922200506 0
    outer loop
      vertex 148.10925893543947 234.48883810341684 8
      vertex 148.10925893543947 234.48883810341684 2
      vertex 148.22 235.33000000000004 2
    endloop
  endfacet
  facet normal 0.9914448613738106 0.1305261922200506 0
    outer loop
      vertex 148.22 235.33000000000004 8
      vertex 148.22 235.33000000000004 2
      vertex 148.10925893543947 236.17116189658324 2
    endloop
  endfacet
  facet normal 0.9238795325112834 0.38268343236509805 0
    outer loop
      vertex 148.10925893543947 236.17116189658324 8
      vertex 148.10925893543947 236.17116189658324 2
      vertex 147.78458256229942 236.95500000000004 2
    endloop
  endfacet
  facet normal 0.38268343236509805 0.9238795325112834 0
    outer loop
      vertex 145.8111618965832 238.4692589354395 8
      vertex 146.595 238.14458256229946 2
      vertex 145.8111618965832 238.4692589354395 2
    endloop
  endfacet
  facet normal 0.6087614290087301 0.7933533402912278 0
    outer loop
      vertex 146.595 238.14458256229946 8
      vertex 147.26809703885627 237.6280970388563 2
      vertex 146.595 238.14458256229946 2
    endloop
  endfacet
  facet normal -0.7933533402912278 -0.6087614290087301 0
    outer loop
      vertex 142.67190296114373 233.03190296114377 8
      vertex 142.15541743770058 233.70500000000004 8
      vertex 142.67190296114373 233.03190296114377 2
    endloop
  endfacet
  facet normal -0.9238795325112834 -0.38268343236509805 8.83846084085481e-19
    outer loop
      vertex 141.83074106456053 234.48883810341684 8
      vertex 142.15541743770058 233.70500000000004 2
      vertex 142.15541743770058 233.70500000000004 8
    endloop
  endfacet
  facet normal -0.9914448613738106 -0.1305261922200506 0
    outer loop
      vertex 141.83074106456053 234.48883810341684 8
      vertex 141.72 235.33000000000004 8
      vertex 141.83074106456053 234.48883810341684 2
    endloop
  endfacet
  facet normal -0.9914448613738106 0.1305261922200506 0
    outer loop
      vertex 141.72 235.33000000000004 8
      vertex 141.83074106456053 236.17116189658324 8
      vertex 141.72 235.33000000000004 2
    endloop
  endfacet
  facet normal -0.9238795325112834 0.38268343236509805 0
    outer loop
      vertex 141.83074106456053 236.17116189658324 8
      vertex 142.15541743770058 236.95500000000004 8
      vertex 141.83074106456053 236.17116189658324 2
    endloop
  endfacet
  facet normal -0.7933533402912278 0.6087614290087301 0
    outer loop
      vertex 142.15541743770058 236.95500000000004 8
      vertex 142.67190296114373 237.6280970388563 8
      vertex 142.15541743770058 236.95500000000004 2
    endloop
  endfacet
  facet normal 0 0 1
    outer loop
      vertex 141.83074106456053 234.48883810341684 8
      vertex 142.15541743770058 233.70500000000004 8
      vertex 141.83074106456053 236.17116189658324 8
    endloop
  endfacet
  facet normal 0 0 1
    outer loop
      vertex 142.67190296114373 233.03190296114377 8
      vertex 142.15541743770058 236.95500000000004 8
      vertex 142.15541743770058 233.70500000000004 8
    endloop
  endfacet
  facet normal 0 0 1
    outer loop
      vertex 141.83074106456053 234.48883810341684 8
      vertex 141.83074106456053 236.17116189658324 8
      vertex 141.72 235.33000000000004 8
    endloop
  endfacet
  facet normal 0 0 1
    outer loop
      vertex 141.83074106456053 236.17116189658324 8
      vertex 142.15541743770058 233.70500000000004 8
      vertex 142.15541743770058 236.95500000000004 8
    endloop
  endfacet
  facet normal 0 0 1
    outer loop
      vertex 142.67190296114373 233.03190296114377 8
      vertex 142.67190296114373 237.6280970388563 8
      vertex 142.15541743770058 236.95500000000004 8
    endloop
  endfacet
  facet normal -0.6087614290087301 -0.7933533402912278 0
    outer loop
      vertex 142.67190296114373 233.03190296114377 8
      vertex 142.67190296114373 233.03190296114377 2
      vertex 143.345 232.51541743770062 8
    endloop
  endfacet
  facet normal -0.38268343236509805 -0.9238795325112834 0
    outer loop
      vertex 143.345 232.51541743770062 8
      vertex 143.345 232.51541743770062 2
      vertex 144.1288381034168 232.19074106456057 8
    endloop
  endfacet
  facet normal -0.1305261922200506 -0.9914448613738106 0
    outer loop
      vertex 144.1288381034168 232.19074106456057 8
      vertex 144.1288381034168 232.19074106456057 2
      vertex 144.97 232.08000000000004 8
    endloop
  endfacet
  facet normal 0.1305261922200506 -0.9914448613738106 0
    outer loop
      vertex 144.97 232.08000000000004 8
      vertex 144.97 232.08000000000004 2
      vertex 145.8111618965832 232.19074106456057 8
    endloop
  endfacet
  facet normal 0.38268343236509805 -0.9238795325112834 0
    outer loop
      vertex 145.8111618965832 232.19074106456057 8
      vertex 145.8111618965832 232.19074106456057 2
      vertex 146.595 232.51541743770062 8
    endloop
  endfacet
  facet normal 0.6087614290087301 -0.7933533402912278 0
    outer loop
      vertex 146.595 232.51541743770062 8
      vertex 146.595 232.51541743770062 2
      vertex 147.26809703885627 233.03190296114377 8
    endloop
  endfacet
  facet normal 0.7933533402912278 -0.6087614290087301 -3.182098403644553e-18
    outer loop
      vertex 147.26809703885627 233.03190296114377 8
      vertex 147.78458256229942 233.70500000000004 2
      vertex 147.78458256229942 233.70500000000004 8
    endloop
  endfacet
  facet normal -0.6087614290087301 0.7933533402912278 -3.182098403644553e-18
    outer loop
      vertex 142.67190296114373 237.6280970388563 8
      vertex 143.345 238.14458256229946 8
      vertex 143.345 238.14458256229946 2
    endloop
  endfacet
  facet normal -0.38268343236509805 0.9238795325112834 -8.83846084085481e-19
    outer loop
      vertex 143.345 238.14458256229946 8
      vertex 144.1288381034168 238.4692589354395 8
      vertex 144.1288381034168 238.4692589354395 2
    endloop
  endfacet
  facet normal -0.1305261922200506 0.9914448613738106 -1.121847413271527e-18
    outer loop
      vertex 144.1288381034168 238.4692589354395 8
      vertex 144.97 238.58000000000004 8
      vertex 144.97 238.58000000000004 2
    endloop
  endfacet
  facet normal 0.1305261922200506 0.9914448613738106 1.121847413271527e-18
    outer loop
      vertex 144.97 238.58000000000004 8
      vertex 145.8111618965832 238.4692589354395 8
      vertex 145.8111618965832 238.4692589354395 2
    endloop
  endfacet
  facet normal 0.7933533402912278 0.6087614290087301 0
    outer loop
      vertex 147.26809703885627 237.6280970388563 8
      vertex 147.78458256229942 236.95500000000004 8
      vertex 147.26809703885627 237.6280970388563 2
    endloop
  endfacet
  facet normal 0.9238795325112834 -0.38268343236509805 -8.83846084085481e-19
    outer loop
      vertex 147.78458256229942 233.70500000000004 8
      vertex 148.10925893543947 234.48883810341684 2
      vertex 148.10925893543947 234.48883810341684 8
    endloop
  endfacet
  facet normal 0.9914448613738106 -0.1305261922200506 -1.121847413271527e-18
    outer loop
      vertex 148.10925893543947 234.48883810341684 8
      vertex 148.22 235.33000000000004 2
      vertex 148.22 235.33000000000004 8
    endloop
  endfacet
  facet normal 0.9914448613738106 0.1305261922200506 1.121847413271527e-18
    outer loop
      vertex 148.22 235.33000000000004 8
      vertex 148.10925893543947 236.17116189658324 2
      vertex 148.10925893543947 236.17116189658324 8
    endloop
  endfacet
  facet normal 0.9238795325112834 0.38268343236509805 8.83846084085481e-19
    outer loop
      vertex 148.10925893543947 236.17116189658324 8
      vertex 147.78458256229942 236.95500000000004 2
      vertex 147.78458256229942 236.95500000000004 8
    endloop
  endfacet
  facet normal 0.38268343236509805 0.9238795325112834 8.83846084085481e-19
    outer loop
      vertex 145.8111618965832 238.4692589354395 8
      vertex 146.595 238.14458256229946 8
      vertex 146.595 238.14458256229946 2
    endloop
  endfacet
  facet normal 0.6087614290087301 0.7933533402912278 3.182098403644553e-18
    outer loop
      vertex 146.595 238.14458256229946 8
      vertex 147.26809703885627 237.6280970388563 8
      vertex 147.26809703885627 237.6280970388563 2
    endloop
  endfacet
  facet normal 0 0 1
    outer loop
      vertex 143.345 232.51541743770062 8
      vertex 144.1288381034168 232.19074106456057 8
      vertex 143.83862915010153 234.19862915010157 8
    endloop
  endfacet
  facet normal 0 0 1
    outer loop
      vertex 143.345 232.51541743770062 8
      vertex 143.83862915010153 234.19862915010157 8
      vertex 143.49179274798195 234.71770650821588 8
    endloop
  endfacet
  facet normal 0 0 1
    outer loop
      vertex 143.83862915010153 234.19862915010157 8
      vertex 144.1288381034168 232.19074106456057 8
      vertex 144.35770650821584 233.851792747982 8
    endloop
  endfacet
  facet normal 0 0 1
    outer loop
      vertex 144.1288381034168 232.19074106456057 8
      vertex 144.97 232.08000000000004 8
      vertex 144.35770650821584 233.851792747982 8
    endloop
  endfacet
  facet normal 0 0 1
    outer loop
      vertex 144.97 232.08000000000004 8
      vertex 144.97 233.73000000000005 8
      vertex 144.35770650821584 233.851792747982 8
    endloop
  endfacet
  facet normal 0 0 1
    outer loop
      vertex 144.97 232.08000000000004 8
      vertex 145.8111618965832 232.19074106456057 8
      vertex 144.97 233.73000000000005 8
    endloop
  endfacet
  facet normal 0 0 1
    outer loop
      vertex 145.8111618965832 232.19074106456057 8
      vertex 146.595 232.51541743770062 8
      vertex 145.58229349178416 233.851792747982 8
    endloop
  endfacet
  facet normal 0 0 1
    outer loop
      vertex 144.97 233.73000000000005 8
      vertex 145.8111618965832 232.19074106456057 8
      vertex 145.58229349178416 233.851792747982 8
    endloop
  endfacet
  facet normal 0 0 1
    outer loop
      vertex 145.58229349178416 233.851792747982 8
      vertex 146.595 232.51541743770062 8
      vertex 146.10137084989847 234.19862915010157 8
    endloop
  endfacet
  facet normal 0 0 1
    outer loop
      vertex 146.10137084989847 234.19862915010157 8
      vertex 146.595 232.51541743770062 8
      vertex 146.44820725201805 234.71770650821588 8
    endloop
  endfacet
  facet normal 0 0 1
    outer loop
      vertex 142.67190296114373 233.03190296114377 8
      vertex 143.345 232.51541743770062 8
      vertex 142.67190296114373 237.6280970388563 8
    endloop
  endfacet
  facet normal 0 0 1
    outer loop
      vertex 143.345 232.51541743770062 8
      vertex 143.37 235.33000000000004 8
      vertex 143.345 238.14458256229946 8
    endloop
  endfacet
  facet normal 0 0 1
    outer loop
      vertex 143.345 232.51541743770062 8
      vertex 143.49179274798195 234.71770650821588 8
      vertex 143.37 235.33000000000004 8
    endloop
  endfacet
  facet normal 0 0 1
    outer loop
      vertex 143.345 232.51541743770062 8
      vertex 143.345 238.14458256229946 8
      vertex 142.67190296114373 237.6280970388563 8
    endloop
  endfacet
  facet normal 0 0 1
    outer loop
      vertex 143.37 235.33000000000004 8
      vertex 143.49179274798195 235.9422934917842 8
      vertex 143.345 238.14458256229946 8
    endloop
  endfacet
  facet normal 0 0 1
    outer loop
      vertex 143.49179274798195 235.9422934917842 8
      vertex 143.83862915010153 236.46137084989851 8
      vertex 143.345 238.14458256229946 8
    endloop
  endfacet
  facet normal 0 0 1
    outer loop
      vertex 143.83862915010153 236.46137084989851 8
      vertex 144.35770650821584 236.8082072520181 8
      vertex 143.345 238.14458256229946 8
    endloop
  endfacet
  facet normal 0 0 1
    outer loop
      vertex 144.35770650821584 236.8082072520181 8
      vertex 144.97 236.93000000000004 8
      vertex 144.1288381034168 238.4692589354395 8
    endloop
  endfacet
  facet normal 0 0 1
    outer loop
      vertex 144.97 236.93000000000004 8
      vertex 145.58229349178416 236.8082072520181 8
      vertex 144.97 238.58000000000004 8
    endloop
  endfacet
  facet normal 0 0 1
    outer loop
      vertex 146.10137084989847 236.46137084989851 8
      vertex 145.8111618965832 238.4692589354395 8
      vertex 145.58229349178416 236.8082072520181 8
    endloop
  endfacet
  facet normal 0 0 1
    outer loop
      vertex 143.345 238.14458256229946 8
      vertex 144.35770650821584 236.8082072520181 8
      vertex 144.1288381034168 238.4692589354395 8
    endloop
  endfacet
  facet normal 0 0 1
    outer loop
      vertex 144.1288381034168 238.4692589354395 8
      vertex 144.97 236.93000000000004 8
      vertex 144.97 238.58000000000004 8
    endloop
  endfacet
  facet normal 0 0 1
    outer loop
      vertex 144.97 238.58000000000004 8
      vertex 145.58229349178416 236.8082072520181 8
      vertex 145.8111618965832 238.4692589354395 8
    endloop
  endfacet
  facet normal 0 0 1
    outer loop
      vertex 146.595 232.51541743770062 8
      vertex 146.57 235.33000000000004 8
      vertex 146.44820725201805 234.71770650821588 8
    endloop
  endfacet
  facet normal 0 0 1
    outer loop
      vertex 146.595 232.51541743770062 8
      vertex 147.26809703885627 233.03190296114377 8
      vertex 146.595 238.14458256229946 8
    endloop
  endfacet
  facet normal 0 0 1
    outer loop
      vertex 146.595 232.51541743770062 8
      vertex 146.595 238.14458256229946 8
      vertex 146.57 235.33000000000004 8
    endloop
  endfacet
  facet normal 0 0 1
    outer loop
      vertex 147.26809703885627 233.03190296114377 8
      vertex 147.78458256229942 233.70500000000004 8
      vertex 147.26809703885627 237.6280970388563 8
    endloop
  endfacet
  facet normal 0 0 1
    outer loop
      vertex 146.57 235.33000000000004 8
      vertex 146.595 238.14458256229946 8
      vertex 146.44820725201805 235.9422934917842 8
    endloop
  endfacet
  facet normal 0 0 1
    outer loop
      vertex 146.10137084989847 236.46137084989851 8
      vertex 146.44820725201805 235.9422934917842 8
      vertex 146.595 238.14458256229946 8
    endloop
  endfacet
  facet normal 0 0 1
    outer loop
      vertex 146.10137084989847 236.46137084989851 8
      vertex 146.595 238.14458256229946 8
      vertex 145.8111618965832 238.4692589354395 8
    endloop
  endfacet
  facet normal 0 0 1
    outer loop
      vertex 147.26809703885627 233.03190296114377 8
      vertex 147.26809703885627 237.6280970388563 8
      vertex 146.595 238.14458256229946 8
    endloop
  endfacet
  facet normal 0 0 1
    outer loop
      vertex 147.78458256229942 233.70500000000004 8
      vertex 147.78458256229942 236.95500000000004 8
      vertex 147.26809703885627 237.6280970388563 8
    endloop
  endfacet
  facet normal 0 0 1
    outer loop
      vertex 147.78458256229942 233.70500000000004 8
      vertex 148.10925893543947 234.48883810341684 8
      vertex 147.78458256229942 236.95500000000004 8
    endloop
  endfacet
  facet normal 0 0 1
    outer loop
      vertex 148.10925893543947 234.48883810341684 8
      vertex 148.22 235.33000000000004 8
      vertex 148.10925893543947 236.17116189658324 8
    endloop
  endfacet
  facet normal 0 0 1
    outer loop
      vertex 148.10925893543947 234.48883810341684 8
      vertex 148.10925893543947 236.17116189658324 8
      vertex 147.78458256229942 236.95500000000004 8
    endloop
  endfacet
  facet normal 0.5555702330196142 0.8314696123025374 0
    outer loop
      vertex 143.83862915010153 6.8686291501015235 8
      vertex 144.35770650821584 6.521792747981941 2
      vertex 143.83862915010153 6.8686291501015235 2
    endloop
  endfacet
  facet normal 0.831469612302549 0.5555702330195967 0
    outer loop
      vertex 143.49179274798195 7.387706508215857 8
      vertex 143.83862915010153 6.8686291501015235 2
      vertex 143.49179274798195 7.387706508215857 2
    endloop
  endfacet
  facet normal 0.9807852804032301 0.19509032201613002 0
    outer loop
      vertex 143.37 8 8
      vertex 143.49179274798195 7.387706508215857 2
      vertex 143.37 8 2
    endloop
  endfacet
  facet normal 0.19509032201612295 0.9807852804032315 0
    outer loop
      vertex 144.35770650821584 6.521792747981941 8
      vertex 144.97 6.4 2
      vertex 144.35770650821584 6.521792747981941 2
    endloop
  endfacet
  facet normal -0.19509032201612295 0.9807852804032315 0
    outer loop
      vertex 144.97 6.4 8
      vertex 145.58229349178416 6.521792747981941 2
      vertex 144.97 6.4 2
    endloop
  endfacet
  facet normal -0.5555702330196142 0.8314696123025374 0
    outer loop
      vertex 145.58229349178416 6.521792747981941 8
      vertex 146.10137084989847 6.8686291501015235 2
      vertex 145.58229349178416 6.521792747981941 2
    endloop
  endfacet
  facet normal -0.831469612302549 0.5555702330195967 0
    outer loop
      vertex 146.10137084989847 6.8686291501015235 8
      vertex 146.44820725201805 7.387706508215857 2
      vertex 146.10137084989847 6.8686291501015235 2
    endloop
  endfacet
  facet normal -0.9807852804032301 0.19509032201613002 0
    outer loop
      vertex 146.44820725201805 7.387706508215857 8
      vertex 146.57 8 2
      vertex 146.44820725201805 7.387706508215857 2
    endloop
  endfacet
  facet normal 0.9807852804032301 -0.19509032201613002 0
    outer loop
      vertex 143.49179274798195 8.612293491784143 8
      vertex 143.37 8 2
      vertex 143.49179274798195 8.612293491784143 2
    endloop
  endfacet
  facet normal 0.8314696123025485 -0.5555702330195973 0
    outer loop
      vertex 143.83862915010153 9.131370849898476 8
      vertex 143.49179274798195 8.612293491784143 2
      vertex 143.83862915010153 9.131370849898476 2
    endloop
  endfacet
  facet normal 0.5555702330196151 -0.8314696123025367 0
    outer loop
      vertex 144.35770650821584 9.47820725201806 8
      vertex 143.83862915010153 9.131370849898476 2
      vertex 144.35770650821584 9.47820725201806 2
    endloop
  endfacet
  facet normal 0.19509032201612295 -0.9807852804032315 0
    outer loop
      vertex 144.97 9.6 8
      vertex 144.35770650821584 9.47820725201806 2
      vertex 144.97 9.6 2
    endloop
  endfacet
  facet normal -0.19509032201612295 -0.9807852804032315 0
    outer loop
      vertex 145.58229349178416 9.47820725201806 8
      vertex 144.97 9.6 2
      vertex 145.58229349178416 9.47820725201806 2
    endloop
  endfacet
  facet normal -0.5555702330196151 -0.8314696123025367 0
    outer loop
      vertex 146.10137084989847 9.131370849898476 8
      vertex 145.58229349178416 9.47820725201806 2
      vertex 146.10137084989847 9.131370849898476 2
    endloop
  endfacet
  facet normal -0.9807852804032301 -0.19509032201613002 0
    outer loop
      vertex 146.57 8 8
      vertex 146.44820725201805 8.612293491784143 2
      vertex 146.57 8 2
    endloop
  endfacet
  facet normal -0.8314696123025485 -0.5555702330195973 0
    outer loop
      vertex 146.44820725201805 8.612293491784143 8
      vertex 146.10137084989847 9.131370849898476 2
      vertex 146.44820725201805 8.612293491784143 2
    endloop
  endfacet
  facet normal 0.5555702330196142 0.8314696123025374 -4.46983785632105e-19
    outer loop
      vertex 143.83862915010153 6.8686291501015235 8
      vertex 144.35770650821584 6.521792747981941 8
      vertex 144.35770650821584 6.521792747981941 2
    endloop
  endfacet
  facet normal 0.831469612302549 0.5555702330195967 8.560114807266376e-19
    outer loop
      vertex 143.49179274798195 7.387706508215857 8
      vertex 143.83862915010153 6.8686291501015235 8
      vertex 143.83862915010153 6.8686291501015235 2
    endloop
  endfacet
  facet normal 0.9807852804032301 0.19509032201613002 0
    outer loop
      vertex 143.49179274798195 7.387706508215857 8
      vertex 143.49179274798195 7.387706508215857 2
      vertex 143.37 8 8
    endloop
  endfacet
  facet normal 0.19509032201612295 0.9807852804032315 -6.99458004531974e-20
    outer loop
      vertex 144.35770650821584 6.521792747981941 8
      vertex 144.97 6.4 8
      vertex 144.97 6.4 2
    endloop
  endfacet
  facet normal -0.19509032201612295 0.9807852804032315 6.99458004531974e-20
    outer loop
      vertex 144.97 6.4 8
      vertex 145.58229349178416 6.521792747981941 8
      vertex 145.58229349178416 6.521792747981941 2
    endloop
  endfacet
  facet normal -0.5555702330196142 0.8314696123025374 4.46983785632105e-19
    outer loop
      vertex 145.58229349178416 6.521792747981941 8
      vertex 146.10137084989847 6.8686291501015235 8
      vertex 146.10137084989847 6.8686291501015235 2
    endloop
  endfacet
  facet normal -0.831469612302549 0.5555702330195967 -8.560114807266376e-19
    outer loop
      vertex 146.10137084989847 6.8686291501015235 8
      vertex 146.44820725201805 7.387706508215857 8
      vertex 146.44820725201805 7.387706508215857 2
    endloop
  endfacet
  facet normal -0.9807852804032301 0.19509032201613002 -1.197916705114116e-18
    outer loop
      vertex 146.44820725201805 7.387706508215857 8
      vertex 146.57 8 8
      vertex 146.57 8 2
    endloop
  endfacet
  facet normal 0.9807852804032301 -0.19509032201613002 0
    outer loop
      vertex 143.37 8 8
      vertex 143.37 8 2
      vertex 143.49179274798195 8.612293491784143 8
    endloop
  endfacet
  facet normal 0.8314696123025485 -0.5555702330195973 0
    outer loop
      vertex 143.49179274798195 8.612293491784143 8
      vertex 143.49179274798195 8.612293491784143 2
      vertex 143.83862915010153 9.131370849898476 8
    endloop
  endfacet
  facet normal 0.5555702330196151 -0.8314696123025367 0
    outer loop
      vertex 143.83862915010153 9.131370849898476 8
      vertex 143.83862915010153 9.131370849898476 2
      vertex 144.35770650821584 9.47820725201806 8
    endloop
  endfacet
  facet normal 0.19509032201612295 -0.9807852804032315 0
    outer loop
      vertex 144.35770650821584 9.47820725201806 8
      vertex 144.35770650821584 9.47820725201806 2
      vertex 144.97 9.6 8
    endloop
  endfacet
  facet normal -0.19509032201612295 -0.9807852804032315 0
    outer loop
      vertex 144.97 9.6 8
      vertex 144.97 9.6 2
      vertex 145.58229349178416 9.47820725201806 8
    endloop
  endfacet
  facet normal -0.5555702330196151 -0.8314696123025367 0
    outer loop
      vertex 145.58229349178416 9.47820725201806 8
      vertex 145.58229349178416 9.47820725201806 2
      vertex 146.10137084989847 9.131370849898476 8
    endloop
  endfacet
  facet normal -0.9807852804032301 -0.19509032201613002 1.197916705114116e-18
    outer loop
      vertex 146.57 8 8
      vertex 146.44820725201805 8.612293491784143 8
      vertex 146.44820725201805 8.612293491784143 2
    endloop
  endfacet
  facet normal -0.8314696123025485 -0.5555702330195973 0
    outer loop
      vertex 146.10137084989847 9.131370849898476 8
      vertex 146.10137084989847 9.131370849898476 2
      vertex 146.44820725201805 8.612293491784143 8
    endloop
  endfacet
  facet normal 0.555570233019601 0.8314696123025461 0
    outer loop
      vertex 19.378629150101524 6.8686291501015235 8
      vertex 19.897706508215858 6.521792747981941 2
      vertex 19.378629150101524 6.8686291501015235 2
    endloop
  endfacet
  facet normal 0.8314696123025463 0.5555702330196006 0
    outer loop
      vertex 19.031792747981942 7.387706508215857 8
      vertex 19.378629150101524 6.8686291501015235 2
      vertex 19.031792747981942 7.387706508215857 2
    endloop
  endfacet
  facet normal 0.9807852804032301 0.19509032201613002 0
    outer loop
      vertex 18.91 8 8
      vertex 19.031792747981942 7.387706508215857 2
      vertex 18.91 8 2
    endloop
  endfacet
  facet normal 0.1950903220161273 0.9807852804032307 0
    outer loop
      vertex 19.897706508215858 6.521792747981941 8
      vertex 20.51 6.4 2
      vertex 19.897706508215858 6.521792747981941 2
    endloop
  endfacet
  facet normal -0.1950903220161273 0.9807852804032307 0
    outer loop
      vertex 20.51 6.4 8
      vertex 21.122293491784145 6.521792747981941 2
      vertex 20.51 6.4 2
    endloop
  endfacet
  facet normal -0.555570233019601 0.8314696123025461 0
    outer loop
      vertex 21.122293491784145 6.521792747981941 8
      vertex 21.64137084989848 6.8686291501015235 2
      vertex 21.122293491784145 6.521792747981941 2
    endloop
  endfacet
  facet normal 0.9807852804032301 -0.19509032201613002 0
    outer loop
      vertex 19.031792747981942 8.612293491784143 8
      vertex 18.91 8 2
      vertex 19.031792747981942 8.612293491784143 2
    endloop
  endfacet
  facet normal 0.8314696123025459 -0.5555702330196013 0
    outer loop
      vertex 19.378629150101524 9.131370849898476 8
      vertex 19.031792747981942 8.612293491784143 2
      vertex 19.378629150101524 9.131370849898476 2
    endloop
  endfacet
  facet normal 0.555570233019602 -0.8314696123025455 0
    outer loop
      vertex 19.897706508215858 9.47820725201806 8
      vertex 19.378629150101524 9.131370849898476 2
      vertex 19.897706508215858 9.47820725201806 2
    endloop
  endfacet
  facet normal 0.1950903220161273 -0.9807852804032307 0
    outer loop
      vertex 20.51 9.6 8
      vertex 19.897706508215858 9.47820725201806 2
      vertex 20.51 9.6 2
    endloop
  endfacet
  facet normal -0.1950903220161273 -0.9807852804032307 0
    outer loop
      vertex 21.122293491784145 9.47820725201806 8
      vertex 20.51 9.6 2
      vertex 21.122293491784145 9.47820725201806 2
    endloop
  endfacet
  facet normal -0.8314696123025463 0.5555702330196006 0
    outer loop
      vertex 21.64137084989848 6.8686291501015235 8
      vertex 21.98820725201806 7.387706508215857 2
      vertex 21.64137084989848 6.8686291501015235 2
    endloop
  endfacet
  facet normal -0.9807852804032301 0.19509032201613002 0
    outer loop
      vertex 21.98820725201806 7.387706508215857 8
      vertex 22.110000000000003 8 2
      vertex 21.98820725201806 7.387706508215857 2
    endloop
  endfacet
  facet normal -0.9807852804032301 -0.19509032201613002 0
    outer loop
      vertex 22.110000000000003 8 8
      vertex 21.98820725201806 8.612293491784143 2
      vertex 22.110000000000003 8 2
    endloop
  endfacet
  facet normal -0.555570233019602 -0.8314696123025455 0
    outer loop
      vertex 21.64137084989848 9.131370849898476 8
      vertex 21.122293491784145 9.47820725201806 2
      vertex 21.64137084989848 9.131370849898476 2
    endloop
  endfacet
  facet normal -0.8314696123025459 -0.5555702330196013 0
    outer loop
      vertex 21.98820725201806 8.612293491784143 8
      vertex 21.64137084989848 9.131370849898476 2
      vertex 21.98820725201806 8.612293491784143 2
    endloop
  endfacet
  facet normal 0.9807852804032301 0.19509032201613002 0
    outer loop
      vertex 19.031792747981942 7.387706508215857 8
      vertex 19.031792747981942 7.387706508215857 2
      vertex 18.91 8 8
    endloop
  endfacet
  facet normal 0.8314696123025463 0.5555702330196006 -2.4184440194862482e-18
    outer loop
      vertex 19.031792747981942 7.387706508215857 8
      vertex 19.378629150101524 6.8686291501015235 8
      vertex 19.378629150101524 6.8686291501015235 2
    endloop
  endfacet
  facet normal 0.555570233019601 0.8314696123025461 0
    outer loop
      vertex 19.897706508215858 6.521792747981941 8
      vertex 19.897706508215858 6.521792747981941 2
      vertex 19.378629150101524 6.8686291501015235 8
    endloop
  endfacet
  facet normal 0.1950903220161273 0.9807852804032307 -1.1229914379268943e-18
    outer loop
      vertex 19.897706508215858 6.521792747981941 8
      vertex 20.51 6.4 8
      vertex 20.51 6.4 2
    endloop
  endfacet
  facet normal -0.1950903220161273 0.9807852804032307 1.1229914379268943e-18
    outer loop
      vertex 20.51 6.4 8
      vertex 21.122293491784145 6.521792747981941 8
      vertex 21.122293491784145 6.521792747981941 2
    endloop
  endfacet
  facet normal 0.9807852804032301 -0.19509032201613002 0
    outer loop
      vertex 18.91 8 8
      vertex 18.91 8 2
      vertex 19.031792747981942 8.612293491784143 8
    endloop
  endfacet
  facet normal 0.8314696123025459 -0.5555702330196013 0
    outer loop
      vertex 19.031792747981942 8.612293491784143 8
      vertex 19.031792747981942 8.612293491784143 2
      vertex 19.378629150101524 9.131370849898476 8
    endloop
  endfacet
  facet normal 0.555570233019602 -0.8314696123025455 0
    outer loop
      vertex 19.378629150101524 9.131370849898476 8
      vertex 19.378629150101524 9.131370849898476 2
      vertex 19.897706508215858 9.47820725201806 8
    endloop
  endfacet
  facet normal 0.1950903220161273 -0.9807852804032307 0
    outer loop
      vertex 19.897706508215858 9.47820725201806 8
      vertex 19.897706508215858 9.47820725201806 2
      vertex 20.51 9.6 8
    endloop
  endfacet
  facet normal -0.1950903220161273 -0.9807852804032307 0
    outer loop
      vertex 20.51 9.6 8
      vertex 20.51 9.6 2
      vertex 21.122293491784145 9.47820725201806 8
    endloop
  endfacet
  facet normal -0.555570233019602 -0.8314696123025455 0
    outer loop
      vertex 21.122293491784145 9.47820725201806 8
      vertex 21.122293491784145 9.47820725201806 2
      vertex 21.64137084989848 9.131370849898476 8
    endloop
  endfacet
  facet normal -0.555570233019601 0.8314696123025461 2.6393927280420693e-19
    outer loop
      vertex 21.122293491784145 6.521792747981941 8
      vertex 21.64137084989848 6.8686291501015235 8
      vertex 21.64137084989848 6.8686291501015235 2
    endloop
  endfacet
  facet normal -0.8314696123025463 0.5555702330196006 2.4184440194862482e-18
    outer loop
      vertex 21.64137084989848 6.8686291501015235 8
      vertex 21.98820725201806 7.387706508215857 8
      vertex 21.98820725201806 7.387706508215857 2
    endloop
  endfacet
  facet normal -0.9807852804032301 0.19509032201613002 -1.197916705114116e-18
    outer loop
      vertex 21.98820725201806 7.387706508215857 8
      vertex 22.110000000000003 8 8
      vertex 22.110000000000003 8 2
    endloop
  endfacet
  facet normal -0.9807852804032301 -0.19509032201613002 1.197916705114116e-18
    outer loop
      vertex 22.110000000000003 8 8
      vertex 21.98820725201806 8.612293491784143 8
      vertex 21.98820725201806 8.612293491784143 2
    endloop
  endfacet
  facet normal -0.8314696123025459 -0.5555702330196013 0
    outer loop
      vertex 21.64137084989848 9.131370849898476 8
      vertex 21.64137084989848 9.131370849898476 2
      vertex 21.98820725201806 8.612293491784143 8
    endloop
  endfacet
  facet normal 0.19509032201612567 0.980785280403231 0
    outer loop
      vertex 144.35770650821584 66.21179274798195 8
      vertex 144.97 66.09 2
      vertex 144.35770650821584 66.21179274798195 2
    endloop
  endfacet
  facet normal -0.19509032201612567 0.980785280403231 0
    outer loop
      vertex 144.97 66.09 8
      vertex 145.58229349178416 66.21179274798195 2
      vertex 144.97 66.09 2
    endloop
  endfacet
  facet normal 0.8314696123025477 0.5555702330195987 0
    outer loop
      vertex 143.49179274798195 67.07770650821585 8
      vertex 143.83862915010153 66.55862915010152 2
      vertex 143.49179274798195 67.07770650821585 2
    endloop
  endfacet
  facet normal 0.5555702330196092 0.8314696123025406 0
    outer loop
      vertex 143.83862915010153 66.55862915010152 8
      vertex 144.35770650821584 66.21179274798195 2
      vertex 143.83862915010153 66.55862915010152 2
    endloop
  endfacet
  facet normal 0.9807852804032301 0.19509032201613002 0
    outer loop
      vertex 143.37 67.69 8
      vertex 143.49179274798195 67.07770650821585 2
      vertex 143.37 67.69 2
    endloop
  endfacet
  facet normal 0.9807852804032301 -0.19509032201613002 0
    outer loop
      vertex 143.49179274798195 68.30229349178414 8
      vertex 143.37 67.69 2
      vertex 143.49179274798195 68.30229349178414 2
    endloop
  endfacet
  facet normal 0.8314696123025477 -0.5555702330195987 0
    outer loop
      vertex 143.83862915010153 68.82137084989847 8
      vertex 143.49179274798195 68.30229349178414 2
      vertex 143.83862915010153 68.82137084989847 2
    endloop
  endfacet
  facet normal 0.5555702330196092 -0.8314696123025406 0
    outer loop
      vertex 144.35770650821584 69.16820725201805 8
      vertex 143.83862915010153 68.82137084989847 2
      vertex 144.35770650821584 69.16820725201805 2
    endloop
  endfacet
  facet normal -0.5555702330196092 0.8314696123025406 0
    outer loop
      vertex 145.58229349178416 66.21179274798195 8
      vertex 146.10137084989847 66.55862915010152 2
      vertex 145.58229349178416 66.21179274798195 2
    endloop
  endfacet
  facet normal 0.19509032201612567 -0.980785280403231 0
    outer loop
      vertex 144.97 69.28999999999999 8
      vertex 144.35770650821584 69.16820725201805 2
      vertex 144.97 69.28999999999999 2
    endloop
  endfacet
  facet normal -0.5555702330196092 -0.8314696123025406 0
    outer loop
      vertex 146.10137084989847 68.82137084989847 8
      vertex 145.58229349178416 69.16820725201805 2
      vertex 146.10137084989847 68.82137084989847 2
    endloop
  endfacet
  facet normal -0.19509032201612567 -0.980785280403231 0
    outer loop
      vertex 145.58229349178416 69.16820725201805 8
      vertex 144.97 69.28999999999999 2
      vertex 145.58229349178416 69.16820725201805 2
    endloop
  endfacet
  facet normal -0.8314696123025477 0.5555702330195987 0
    outer loop
      vertex 146.10137084989847 66.55862915010152 8
      vertex 146.44820725201805 67.07770650821585 2
      vertex 146.10137084989847 66.55862915010152 2
    endloop
  endfacet
  facet normal -0.9807852804032301 0.19509032201613002 0
    outer loop
      vertex 146.44820725201805 67.07770650821585 8
      vertex 146.57 67.69 2
      vertex 146.44820725201805 67.07770650821585 2
    endloop
  endfacet
  facet normal -0.9807852804032301 -0.19509032201613002 0
    outer loop
      vertex 146.57 67.69 8
      vertex 146.44820725201805 68.30229349178414 2
      vertex 146.57 67.69 2
    endloop
  endfacet
  facet normal -0.8314696123025477 -0.5555702330195987 0
    outer loop
      vertex 146.44820725201805 68.30229349178414 8
      vertex 146.10137084989847 68.82137084989847 2
      vertex 146.44820725201805 68.30229349178414 2
    endloop
  endfacet
  facet normal 0.19509032201612567 0.980785280403231 -1.4539956525362302e-18
    outer loop
      vertex 144.35770650821584 66.21179274798195 8
      vertex 144.97 66.09 8
      vertex 144.97 66.09 2
    endloop
  endfacet
  facet normal -0.19509032201612567 0.980785280403231 1.4539956525362302e-18
    outer loop
      vertex 144.97 66.09 8
      vertex 145.58229349178416 66.21179274798195 8
      vertex 145.58229349178416 66.21179274798195 2
    endloop
  endfacet
  facet normal 0.8314696123025477 0.5555702330195987 0
    outer loop
      vertex 143.83862915010153 66.55862915010152 8
      vertex 143.83862915010153 66.55862915010152 2
      vertex 143.49179274798195 67.07770650821585 8
    endloop
  endfacet
  facet normal 0.5555702330196092 0.8314696123025406 -5.887240550333412e-20
    outer loop
      vertex 143.83862915010153 66.55862915010152 8
      vertex 144.35770650821584 66.21179274798195 8
      vertex 144.35770650821584 66.21179274798195 2
    endloop
  endfacet
  facet normal 0.9807852804032301 0.19509032201613002 0
    outer loop
      vertex 143.49179274798195 67.07770650821585 8
      vertex 143.49179274798195 67.07770650821585 2
      vertex 143.37 67.69 8
    endloop
  endfacet
  facet normal 0.9807852804032301 -0.19509032201613002 0
    outer loop
      vertex 143.37 67.69 8
      vertex 143.37 67.69 2
      vertex 143.49179274798195 68.30229349178414 8
    endloop
  endfacet
  facet normal 0.8314696123025477 -0.5555702330195987 0
    outer loop
      vertex 143.49179274798195 68.30229349178414 8
      vertex 143.49179274798195 68.30229349178414 2
      vertex 143.83862915010153 68.82137084989847 8
    endloop
  endfacet
  facet normal 0.5555702330196092 -0.8314696123025406 0
    outer loop
      vertex 143.83862915010153 68.82137084989847 8
      vertex 143.83862915010153 68.82137084989847 2
      vertex 144.35770650821584 69.16820725201805 8
    endloop
  endfacet
  facet normal -0.5555702330196092 0.8314696123025406 5.887240550333412e-20
    outer loop
      vertex 145.58229349178416 66.21179274798195 8
      vertex 146.10137084989847 66.55862915010152 8
      vertex 146.10137084989847 66.55862915010152 2
    endloop
  endfacet
  facet normal 0.19509032201612567 -0.980785280403231 0
    outer loop
      vertex 144.35770650821584 69.16820725201805 8
      vertex 144.35770650821584 69.16820725201805 2
      vertex 144.97 69.28999999999999 8
    endloop
  endfacet
  facet normal -0.5555702330196092 -0.8314696123025406 0
    outer loop
      vertex 145.58229349178416 69.16820725201805 8
      vertex 145.58229349178416 69.16820725201805 2
      vertex 146.10137084989847 68.82137084989847 8
    endloop
  endfacet
  facet normal -0.19509032201612567 -0.980785280403231 0
    outer loop
      vertex 144.97 69.28999999999999 8
      vertex 144.97 69.28999999999999 2
      vertex 145.58229349178416 69.16820725201805 8
    endloop
  endfacet
  facet normal -0.8314696123025477 0.5555702330195987 -3.0515296008697135e-18
    outer loop
      vertex 146.10137084989847 66.55862915010152 8
      vertex 146.44820725201805 67.07770650821585 8
      vertex 146.44820725201805 67.07770650821585 2
    endloop
  endfacet
  facet normal -0.9807852804032301 -0.19509032201613002 1.197916705114116e-18
    outer loop
      vertex 146.57 67.69 8
      vertex 146.44820725201805 68.30229349178414 8
      vertex 146.44820725201805 68.30229349178414 2
    endloop
  endfacet
  facet normal -0.9807852804032301 0.19509032201613002 -1.197916705114116e-18
    outer loop
      vertex 146.44820725201805 67.07770650821585 8
      vertex 146.57 67.69 8
      vertex 146.57 67.69 2
    endloop
  endfacet
  facet normal -0.8314696123025477 -0.5555702330195987 0
    outer loop
      vertex 146.10137084989847 68.82137084989847 8
      vertex 146.10137084989847 68.82137084989847 2
      vertex 146.44820725201805 68.30229349178414 8
    endloop
  endfacet
  facet normal 0.19509032201613002 0.9807852804032301 0
    outer loop
      vertex 19.897706508215858 66.21179274798195 8
      vertex 20.51 66.09 2
      vertex 19.897706508215858 66.21179274798195 2
    endloop
  endfacet
  facet normal -0.19509032201613002 0.9807852804032301 0
    outer loop
      vertex 20.51 66.09 8
      vertex 21.122293491784145 66.21179274798195 2
      vertex 20.51 66.09 2
    endloop
  endfacet
  facet normal 0.831469612302545 0.5555702330196026 0
    outer loop
      vertex 19.031792747981942 67.07770650821585 8
      vertex 19.378629150101524 66.55862915010152 2
      vertex 19.031792747981942 67.07770650821585 2
    endloop
  endfacet
  facet normal 0.555570233019596 0.8314696123025493 0
    outer loop
      vertex 19.378629150101524 66.55862915010152 8
      vertex 19.897706508215858 66.21179274798195 2
      vertex 19.378629150101524 66.55862915010152 2
    endloop
  endfacet
  facet normal 0.9807852804032301 0.19509032201613002 0
    outer loop
      vertex 18.91 67.69 8
      vertex 19.031792747981942 67.07770650821585 2
      vertex 18.91 67.69 2
    endloop
  endfacet
  facet normal 0.9807852804032301 -0.19509032201613002 0
    outer loop
      vertex 19.031792747981942 68.30229349178414 8
      vertex 18.91 67.69 2
      vertex 19.031792747981942 68.30229349178414 2
    endloop
  endfacet
  facet normal 0.831469612302545 -0.5555702330196026 0
    outer loop
      vertex 19.378629150101524 68.82137084989847 8
      vertex 19.031792747981942 68.30229349178414 2
      vertex 19.378629150101524 68.82137084989847 2
    endloop
  endfacet
  facet normal -0.555570233019596 0.8314696123025493 0
    outer loop
      vertex 21.122293491784145 66.21179274798195 8
      vertex 21.64137084989848 66.55862915010152 2
      vertex 21.122293491784145 66.21179274798195 2
    endloop
  endfacet
  facet normal 0.555570233019596 -0.8314696123025493 0
    outer loop
      vertex 19.897706508215858 69.16820725201805 8
      vertex 19.378629150101524 68.82137084989847 2
      vertex 19.897706508215858 69.16820725201805 2
    endloop
  endfacet
  facet normal 0.19509032201613002 -0.9807852804032301 0
    outer loop
      vertex 20.51 69.28999999999999 8
      vertex 19.897706508215858 69.16820725201805 2
      vertex 20.51 69.28999999999999 2
    endloop
  endfacet
  facet normal -0.19509032201613002 -0.9807852804032301 0
    outer loop
      vertex 21.122293491784145 69.16820725201805 8
      vertex 20.51 69.28999999999999 2
      vertex 21.122293491784145 69.16820725201805 2
    endloop
  endfacet
  facet normal -0.831469612302545 0.5555702330196026 0
    outer loop
      vertex 21.64137084989848 66.55862915010152 8
      vertex 21.98820725201806 67.07770650821585 2
      vertex 21.64137084989848 66.55862915010152 2
    endloop
  endfacet
  facet normal -0.9807852804032301 0.19509032201613002 0
    outer loop
      vertex 21.98820725201806 67.07770650821585 8
      vertex 22.110000000000003 67.69 2
      vertex 21.98820725201806 67.07770650821585 2
    endloop
  endfacet
  facet normal -0.9807852804032301 -0.19509032201613002 0
    outer loop
      vertex 22.110000000000003 67.69 8
      vertex 21.98820725201806 68.30229349178414 2
      vertex 22.110000000000003 67.69 2
    endloop
  endfacet
  facet normal -0.555570233019596 -0.8314696123025493 0
    outer loop
      vertex 21.64137084989848 68.82137084989847 8
      vertex 21.122293491784145 69.16820725201805 2
      vertex 21.64137084989848 68.82137084989847 2
    endloop
  endfacet
  facet normal -0.831469612302545 -0.5555702330196026 0
    outer loop
      vertex 21.98820725201806 68.30229349178414 8
      vertex 21.64137084989848 68.82137084989847 2
      vertex 21.98820725201806 68.30229349178414 2
    endloop
  endfacet
  facet normal 0.19509032201613002 0.9807852804032301 1.197916705114116e-18
    outer loop
      vertex 19.897706508215858 66.21179274798195 8
      vertex 20.51 66.09 8
      vertex 20.51 66.09 2
    endloop
  endfacet
  facet normal -0.19509032201613002 0.9807852804032301 -1.197916705114116e-18
    outer loop
      vertex 20.51 66.09 8
      vertex 21.122293491784145 66.21179274798195 8
      vertex 21.122293491784145 66.21179274798195 2
    endloop
  endfacet
  facet normal 0.831469612302545 0.5555702330196026 -2.2292589934066364e-19
    outer loop
      vertex 19.031792747981942 67.07770650821585 8
      vertex 19.378629150101524 66.55862915010152 8
      vertex 19.378629150101524 66.55862915010152 2
    endloop
  endfacet
  facet normal 0.9807852804032301 0.19509032201613002 0
    outer loop
      vertex 19.031792747981942 67.07770650821585 8
      vertex 19.031792747981942 67.07770650821585 2
      vertex 18.91 67.69 8
    endloop
  endfacet
  facet normal 0.9807852804032301 -0.19509032201613002 0
    outer loop
      vertex 18.91 67.69 8
      vertex 18.91 67.69 2
      vertex 19.031792747981942 68.30229349178414 8
    endloop
  endfacet
  facet normal 0.831469612302545 -0.5555702330196026 0
    outer loop
      vertex 19.031792747981942 68.30229349178414 8
      vertex 19.031792747981942 68.30229349178414 2
      vertex 19.378629150101524 68.82137084989847 8
    endloop
  endfacet
  facet normal 0.555570233019596 -0.8314696123025493 0
    outer loop
      vertex 19.378629150101524 68.82137084989847 8
      vertex 19.378629150101524 68.82137084989847 2
      vertex 19.897706508215858 69.16820725201805 8
    endloop
  endfacet
  facet normal 0.555570233019596 0.8314696123025493 1.241721073456157e-19
    outer loop
      vertex 19.378629150101524 66.55862915010152 8
      vertex 19.897706508215858 66.21179274798195 8
      vertex 19.897706508215858 66.21179274798195 2
    endloop
  endfacet
  facet normal 0.19509032201613002 -0.9807852804032301 0
    outer loop
      vertex 19.897706508215858 69.16820725201805 8
      vertex 19.897706508215858 69.16820725201805 2
      vertex 20.51 69.28999999999999 8
    endloop
  endfacet
  facet normal -0.555570233019596 -0.8314696123025493 0
    outer loop
      vertex 21.122293491784145 69.16820725201805 8
      vertex 21.122293491784145 69.16820725201805 2
      vertex 21.64137084989848 68.82137084989847 8
    endloop
  endfacet
  facet normal -0.19509032201613002 -0.9807852804032301 0
    outer loop
      vertex 20.51 69.28999999999999 8
      vertex 20.51 69.28999999999999 2
      vertex 21.122293491784145 69.16820725201805 8
    endloop
  endfacet
  facet normal -0.555570233019596 0.8314696123025493 -1.241721073456157e-19
    outer loop
      vertex 21.122293491784145 66.21179274798195 8
      vertex 21.64137084989848 66.55862915010152 8
      vertex 21.64137084989848 66.55862915010152 2
    endloop
  endfacet
  facet normal -0.831469612302545 0.5555702330196026 2.2292589934066364e-19
    outer loop
      vertex 21.64137084989848 66.55862915010152 8
      vertex 21.98820725201806 67.07770650821585 8
      vertex 21.98820725201806 67.07770650821585 2
    endloop
  endfacet
  facet normal -0.9807852804032301 0.19509032201613002 -1.197916705114116e-18
    outer loop
      vertex 21.98820725201806 67.07770650821585 8
      vertex 22.110000000000003 67.69 8
      vertex 22.110000000000003 67.69 2
    endloop
  endfacet
  facet normal -0.9807852804032301 -0.19509032201613002 1.197916705114116e-18
    outer loop
      vertex 22.110000000000003 67.69 8
      vertex 21.98820725201806 68.30229349178414 8
      vertex 21.98820725201806 68.30229349178414 2
    endloop
  endfacet
  facet normal -0.831469612302545 -0.5555702330196026 -2.2292589934066364e-19
    outer loop
      vertex 21.98820725201806 68.30229349178414 8
      vertex 21.64137084989848 68.82137084989847 8
      vertex 21.64137084989848 68.82137084989847 2
    endloop
  endfacet
  facet normal 0.19509032201613002 0.9807852804032301 0
    outer loop
      vertex 19.897706508215858 233.851792747982 8
      vertex 20.51 233.73000000000005 2
      vertex 19.897706508215858 233.851792747982 2
    endloop
  endfacet
  facet normal -0.19509032201613002 0.9807852804032301 0
    outer loop
      vertex 20.51 233.73000000000005 8
      vertex 21.122293491784145 233.851792747982 2
      vertex 20.51 233.73000000000005 2
    endloop
  endfacet
  facet normal 0.8314696123025379 0.5555702330196131 0
    outer loop
      vertex 19.031792747981942 234.71770650821588 8
      vertex 19.378629150101524 234.19862915010157 2
      vertex 19.031792747981942 234.71770650821588 2
    endloop
  endfacet
  facet normal 0.555570233019596 0.8314696123025493 0
    outer loop
      vertex 19.378629150101524 234.19862915010157 8
      vertex 19.897706508215858 233.851792747982 2
      vertex 19.378629150101524 234.19862915010157 2
    endloop
  endfacet
  facet normal 0.980785280403231 0.19509032201612567 0
    outer loop
      vertex 18.91 235.33000000000004 8
      vertex 19.031792747981942 234.71770650821588 2
      vertex 18.91 235.33000000000004 2
    endloop
  endfacet
  facet normal 0.980785280403231 -0.19509032201612567 0
    outer loop
      vertex 19.031792747981942 235.9422934917842 8
      vertex 18.91 235.33000000000004 2
      vertex 19.031792747981942 235.9422934917842 2
    endloop
  endfacet
  facet normal 0.8314696123025379 -0.5555702330196131 0
    outer loop
      vertex 19.378629150101524 236.46137084989851 8
      vertex 19.031792747981942 235.9422934917842 2
      vertex 19.378629150101524 236.46137084989851 2
    endloop
  endfacet
  facet normal -0.555570233019596 0.8314696123025493 0
    outer loop
      vertex 21.122293491784145 233.851792747982 8
      vertex 21.64137084989848 234.19862915010157 2
      vertex 21.122293491784145 233.851792747982 2
    endloop
  endfacet
  facet normal 0.555570233019596 -0.8314696123025493 0
    outer loop
      vertex 19.897706508215858 236.8082072520181 8
      vertex 19.378629150101524 236.46137084989851 2
      vertex 19.897706508215858 236.8082072520181 2
    endloop
  endfacet
  facet normal 0.19509032201613002 -0.9807852804032301 0
    outer loop
      vertex 20.51 236.93000000000004 8
      vertex 19.897706508215858 236.8082072520181 2
      vertex 20.51 236.93000000000004 2
    endloop
  endfacet
  facet normal -0.19509032201613002 -0.9807852804032301 0
    outer loop
      vertex 21.122293491784145 236.8082072520181 8
      vertex 20.51 236.93000000000004 2
      vertex 21.122293491784145 236.8082072520181 2
    endloop
  endfacet
  facet normal -0.8314696123025379 0.5555702330196131 0
    outer loop
      vertex 21.64137084989848 234.19862915010157 8
      vertex 21.98820725201806 234.71770650821588 2
      vertex 21.64137084989848 234.19862915010157 2
    endloop
  endfacet
  facet normal -0.980785280403231 0.19509032201612567 0
    outer loop
      vertex 21.98820725201806 234.71770650821588 8
      vertex 22.110000000000003 235.33000000000004 2
      vertex 21.98820725201806 234.71770650821588 2
    endloop
  endfacet
  facet normal -0.980785280403231 -0.19509032201612567 0
    outer loop
      vertex 22.110000000000003 235.33000000000004 8
      vertex 21.98820725201806 235.9422934917842 2
      vertex 22.110000000000003 235.33000000000004 2
    endloop
  endfacet
  facet normal -0.555570233019596 -0.8314696123025493 0
    outer loop
      vertex 21.64137084989848 236.46137084989851 8
      vertex 21.122293491784145 236.8082072520181 2
      vertex 21.64137084989848 236.46137084989851 2
    endloop
  endfacet
  facet normal -0.8314696123025379 -0.5555702330196131 0
    outer loop
      vertex 21.98820725201806 235.9422934917842 8
      vertex 21.64137084989848 236.46137084989851 2
      vertex 21.98820725201806 235.9422934917842 2
    endloop
  endfacet
  facet normal 0.19509032201613002 0.9807852804032301 1.197916705114116e-18
    outer loop
      vertex 19.897706508215858 233.851792747982 8
      vertex 20.51 233.73000000000005 8
      vertex 20.51 233.73000000000005 2
    endloop
  endfacet
  facet normal -0.19509032201613002 0.9807852804032301 -1.197916705114116e-18
    outer loop
      vertex 20.51 233.73000000000005 8
      vertex 21.122293491784145 233.851792747982 8
      vertex 21.122293491784145 233.851792747982 2
    endloop
  endfacet
  facet normal 0.8314696123025379 0.5555702330196131 -3.3333279057002846e-18
    outer loop
      vertex 19.031792747981942 234.71770650821588 8
      vertex 19.378629150101524 234.19862915010157 8
      vertex 19.378629150101524 234.19862915010157 2
    endloop
  endfacet
  facet normal 0.980785280403231 0.19509032201612567 0
    outer loop
      vertex 19.031792747981942 234.71770650821588 8
      vertex 19.031792747981942 234.71770650821588 2
      vertex 18.91 235.33000000000004 8
    endloop
  endfacet
  facet normal 0.980785280403231 -0.19509032201612567 0
    outer loop
      vertex 18.91 235.33000000000004 8
      vertex 18.91 235.33000000000004 2
      vertex 19.031792747981942 235.9422934917842 8
    endloop
  endfacet
  facet normal 0.8314696123025379 -0.5555702330196131 0
    outer loop
      vertex 19.031792747981942 235.9422934917842 8
      vertex 19.031792747981942 235.9422934917842 2
      vertex 19.378629150101524 236.46137084989851 8
    endloop
  endfacet
  facet normal 0.555570233019596 -0.8314696123025493 0
    outer loop
      vertex 19.378629150101524 236.46137084989851 8
      vertex 19.378629150101524 236.46137084989851 2
      vertex 19.897706508215858 236.8082072520181 8
    endloop
  endfacet
  facet normal 0.555570233019596 0.8314696123025493 1.241721073456157e-19
    outer loop
      vertex 19.378629150101524 234.19862915010157 8
      vertex 19.897706508215858 233.851792747982 8
      vertex 19.897706508215858 233.851792747982 2
    endloop
  endfacet
  facet normal 0.19509032201613002 -0.9807852804032301 0
    outer loop
      vertex 19.897706508215858 236.8082072520181 8
      vertex 19.897706508215858 236.8082072520181 2
      vertex 20.51 236.93000000000004 8
    endloop
  endfacet
  facet normal -0.555570233019596 -0.8314696123025493 0
    outer loop
      vertex 21.122293491784145 236.8082072520181 8
      vertex 21.122293491784145 236.8082072520181 2
      vertex 21.64137084989848 236.46137084989851 8
    endloop
  endfacet
  facet normal -0.19509032201613002 -0.9807852804032301 0
    outer loop
      vertex 20.51 236.93000000000004 8
      vertex 20.51 236.93000000000004 2
      vertex 21.122293491784145 236.8082072520181 8
    endloop
  endfacet
  facet normal -0.555570233019596 0.8314696123025493 -1.241721073456157e-19
    outer loop
      vertex 21.122293491784145 233.851792747982 8
      vertex 21.64137084989848 234.19862915010157 8
      vertex 21.64137084989848 234.19862915010157 2
    endloop
  endfacet
  facet normal -0.8314696123025379 0.5555702330196131 3.3333279057002846e-18
    outer loop
      vertex 21.64137084989848 234.19862915010157 8
      vertex 21.98820725201806 234.71770650821588 8
      vertex 21.98820725201806 234.71770650821588 2
    endloop
  endfacet
  facet normal -0.980785280403231 0.19509032201612567 1.4539956525362302e-18
    outer loop
      vertex 21.98820725201806 234.71770650821588 8
      vertex 22.110000000000003 235.33000000000004 8
      vertex 22.110000000000003 235.33000000000004 2
    endloop
  endfacet
  facet normal -0.980785280403231 -0.19509032201612567 -1.4539956525362302e-18
    outer loop
      vertex 22.110000000000003 235.33000000000004 8
      vertex 21.98820725201806 235.9422934917842 8
      vertex 21.98820725201806 235.9422934917842 2
    endloop
  endfacet
  facet normal -0.8314696123025379 -0.5555702330196131 0
    outer loop
      vertex 21.64137084989848 236.46137084989851 8
      vertex 21.64137084989848 236.46137084989851 2
      vertex 21.98820725201806 235.9422934917842 8
    endloop
  endfacet
  facet normal 0.19509032201612567 0.980785280403231 0
    outer loop
      vertex 144.35770650821584 233.851792747982 8
      vertex 144.97 233.73000000000005 2
      vertex 144.35770650821584 233.851792747982 2
    endloop
  endfacet
  facet normal -0.19509032201612567 0.980785280403231 0
    outer loop
      vertex 144.97 233.73000000000005 8
      vertex 145.58229349178416 233.851792747982 2
      vertex 144.97 233.73000000000005 2
    endloop
  endfacet
  facet normal 0.8314696123025406 0.5555702330196092 0
    outer loop
      vertex 143.49179274798195 234.71770650821588 8
      vertex 143.83862915010153 234.19862915010157 2
      vertex 143.49179274798195 234.71770650821588 2
    endloop
  endfacet
  facet normal 0.5555702330196092 0.8314696123025406 0
    outer loop
      vertex 143.83862915010153 234.19862915010157 8
      vertex 144.35770650821584 233.851792747982 2
      vertex 143.83862915010153 234.19862915010157 2
    endloop
  endfacet
  facet normal 0.980785280403231 0.19509032201612567 0
    outer loop
      vertex 143.37 235.33000000000004 8
      vertex 143.49179274798195 234.71770650821588 2
      vertex 143.37 235.33000000000004 2
    endloop
  endfacet
  facet normal 0.980785280403231 -0.19509032201612567 0
    outer loop
      vertex 143.49179274798195 235.9422934917842 8
      vertex 143.37 235.33000000000004 2
      vertex 143.49179274798195 235.9422934917842 2
    endloop
  endfacet
  facet normal 0.8314696123025406 -0.5555702330196092 0
    outer loop
      vertex 143.83862915010153 236.46137084989851 8
      vertex 143.49179274798195 235.9422934917842 2
      vertex 143.83862915010153 236.46137084989851 2
    endloop
  endfacet
  facet normal 0.5555702330196092 -0.8314696123025406 0
    outer loop
      vertex 144.35770650821584 236.8082072520181 8
      vertex 143.83862915010153 236.46137084989851 2
      vertex 144.35770650821584 236.8082072520181 2
    endloop
  endfacet
  facet normal -0.5555702330196092 0.8314696123025406 0
    outer loop
      vertex 145.58229349178416 233.851792747982 8
      vertex 146.10137084989847 234.19862915010157 2
      vertex 145.58229349178416 233.851792747982 2
    endloop
  endfacet
  facet normal 0.19509032201612567 -0.980785280403231 0
    outer loop
      vertex 144.97 236.93000000000004 8
      vertex 144.35770650821584 236.8082072520181 2
      vertex 144.97 236.93000000000004 2
    endloop
  endfacet
  facet normal -0.5555702330196092 -0.8314696123025406 0
    outer loop
      vertex 146.10137084989847 236.46137084989851 8
      vertex 145.58229349178416 236.8082072520181 2
      vertex 146.10137084989847 236.46137084989851 2
    endloop
  endfacet
  facet normal -0.19509032201612567 -0.980785280403231 0
    outer loop
      vertex 145.58229349178416 236.8082072520181 8
      vertex 144.97 236.93000000000004 2
      vertex 145.58229349178416 236.8082072520181 2
    endloop
  endfacet
  facet normal -0.8314696123025406 0.5555702330196092 0
    outer loop
      vertex 146.10137084989847 234.19862915010157 8
      vertex 146.44820725201805 234.71770650821588 2
      vertex 146.10137084989847 234.19862915010157 2
    endloop
  endfacet
  facet normal -0.980785280403231 0.19509032201612567 0
    outer loop
      vertex 146.44820725201805 234.71770650821588 8
      vertex 146.57 235.33000000000004 2
      vertex 146.44820725201805 234.71770650821588 2
    endloop
  endfacet
  facet normal -0.980785280403231 -0.19509032201612567 0
    outer loop
      vertex 146.57 235.33000000000004 8
      vertex 146.44820725201805 235.9422934917842 2
      vertex 146.57 235.33000000000004 2
    endloop
  endfacet
  facet normal -0.8314696123025406 -0.5555702330196092 0
    outer loop
      vertex 146.44820725201805 235.9422934917842 8
      vertex 146.10137084989847 236.46137084989851 2
      vertex 146.44820725201805 235.9422934917842 2
    endloop
  endfacet
  facet normal 0.19509032201612567 0.980785280403231 -1.4539956525362302e-18
    outer loop
      vertex 144.35770650821584 233.851792747982 8
      vertex 144.97 233.73000000000005 8
      vertex 144.97 233.73000000000005 2
    endloop
  endfacet
  facet normal -0.19509032201612567 0.980785280403231 1.4539956525362302e-18
    outer loop
      vertex 144.97 233.73000000000005 8
      vertex 145.58229349178416 233.851792747982 8
      vertex 145.58229349178416 233.851792747982 2
    endloop
  endfacet
  facet normal 0.8314696123025406 0.5555702330196092 -5.887240550333412e-20
    outer loop
      vertex 143.49179274798195 234.71770650821588 8
      vertex 143.83862915010153 234.19862915010157 8
      vertex 143.83862915010153 234.19862915010157 2
    endloop
  endfacet
  facet normal 0.5555702330196092 0.8314696123025406 -5.887240550333412e-20
    outer loop
      vertex 143.83862915010153 234.19862915010157 8
      vertex 144.35770650821584 233.851792747982 8
      vertex 144.35770650821584 233.851792747982 2
    endloop
  endfacet
  facet normal 0.980785280403231 0.19509032201612567 0
    outer loop
      vertex 143.49179274798195 234.71770650821588 8
      vertex 143.49179274798195 234.71770650821588 2
      vertex 143.37 235.33000000000004 8
    endloop
  endfacet
  facet normal 0.980785280403231 -0.19509032201612567 0
    outer loop
      vertex 143.37 235.33000000000004 8
      vertex 143.37 235.33000000000004 2
      vertex 143.49179274798195 235.9422934917842 8
    endloop
  endfacet
  facet normal 0.8314696123025406 -0.5555702330196092 0
    outer loop
      vertex 143.49179274798195 235.9422934917842 8
      vertex 143.49179274798195 235.9422934917842 2
      vertex 143.83862915010153 236.46137084989851 8
    endloop
  endfacet
  facet normal 0.5555702330196092 -0.8314696123025406 0
    outer loop
      vertex 143.83862915010153 236.46137084989851 8
      vertex 143.83862915010153 236.46137084989851 2
      vertex 144.35770650821584 236.8082072520181 8
    endloop
  endfacet
  facet normal -0.5555702330196092 0.8314696123025406 5.887240550333412e-20
    outer loop
      vertex 145.58229349178416 233.851792747982 8
      vertex 146.10137084989847 234.19862915010157 8
      vertex 146.10137084989847 234.19862915010157 2
    endloop
  endfacet
  facet normal 0.19509032201612567 -0.980785280403231 0
    outer loop
      vertex 144.35770650821584 236.8082072520181 8
      vertex 144.35770650821584 236.8082072520181 2
      vertex 144.97 236.93000000000004 8
    endloop
  endfacet
  facet normal -0.5555702330196092 -0.8314696123025406 -5.887240550333412e-20
    outer loop
      vertex 146.10137084989847 236.46137084989851 8
      vertex 145.58229349178416 236.8082072520181 8
      vertex 145.58229349178416 236.8082072520181 2
    endloop
  endfacet
  facet normal -0.19509032201612567 -0.980785280403231 0
    outer loop
      vertex 144.97 236.93000000000004 8
      vertex 144.97 236.93000000000004 2
      vertex 145.58229349178416 236.8082072520181 8
    endloop
  endfacet
  facet normal -0.8314696123025406 0.5555702330196092 5.887240550333412e-20
    outer loop
      vertex 146.10137084989847 234.19862915010157 8
      vertex 146.44820725201805 234.71770650821588 8
      vertex 146.44820725201805 234.71770650821588 2
    endloop
  endfacet
  facet normal -0.980785280403231 -0.19509032201612567 -1.4539956525362302e-18
    outer loop
      vertex 146.57 235.33000000000004 8
      vertex 146.44820725201805 235.9422934917842 8
      vertex 146.44820725201805 235.9422934917842 2
    endloop
  endfacet
  facet normal -0.980785280403231 0.19509032201612567 1.4539956525362302e-18
    outer loop
      vertex 146.44820725201805 234.71770650821588 8
      vertex 146.57 235.33000000000004 8
      vertex 146.57 235.33000000000004 2
    endloop
  endfacet
  facet normal -0.8314696123025406 -0.5555702330196092 0
    outer loop
      vertex 146.10137084989847 236.46137084989851 8
      vertex 146.10137084989847 236.46137084989851 2
      vertex 146.44820725201805 235.9422934917842 8
    endloop
  endfacet
  facet normal 0 0 -1
    outer loop
      vertex 222.01000000000002 18 0
      vertex 222.01000000000002 18.25 0
      vertex 228 18 0
    endloop
  endfacet
  facet normal 0 0 -1
    outer loop
      vertex 222 18.25 0
      vertex 222 35.75 0
      vertex 222.01000000000002 18.25 0
    endloop
  endfacet
  facet normal 0 0 -1
    outer loop
      vertex 222.01000000000002 18.25 0
      vertex 222 35.75 0
      vertex 222.01000000000002 35.75 0
    endloop
  endfacet
  facet normal 0 0 -1
    outer loop
      vertex 222.01000000000002 18.25 0
      vertex 222.01000000000002 35.75 0
      vertex 228 36 0
    endloop
  endfacet
  facet normal 0 0 -1
    outer loop
      vertex 222.01000000000002 18.25 0
      vertex 228 36 0
      vertex 228 18 0
    endloop
  endfacet
  facet normal 0 -1 0
    outer loop
      vertex 222.01000000000002 18 0
      vertex 228 18 0
      vertex 228 18 2
    endloop
  endfacet
  facet normal 1 0 0
    outer loop
      vertex 228 18 0
      vertex 228 36 0
      vertex 228 18 2
    endloop
  endfacet
  facet normal 0 -1 0
    outer loop
      vertex 222.01000000000002 18 0
      vertex 228 18 2
      vertex 222.01000000000002 18 2
    endloop
  endfacet
  facet normal 1 0 0
    outer loop
      vertex 228 36 0
      vertex 228 36 2
      vertex 228 18 2
    endloop
  endfacet
  facet normal 0 0 -1
    outer loop
      vertex 222.01000000000002 35.75 0
      vertex 222.01000000000002 36 0
      vertex 228 36 0
    endloop
  endfacet
  facet normal 0 1 0
    outer loop
      vertex 222.01000000000002 36 0
      vertex 222.01000000000002 36 2
      vertex 228 36 0
    endloop
  endfacet
  facet normal 0 1 0
    outer loop
      vertex 228 36 0
      vertex 222.01000000000002 36 2
      vertex 228 36 2
    endloop
  endfacet
  facet normal 0 0 1
    outer loop
      vertex 222.01000000000002 18 2
      vertex 228 18 2
      vertex 222.01000000000002 18.25 2
    endloop
  endfacet
  facet normal 0 0 1
    outer loop
      vertex 222 18.25 2
      vertex 222.01000000000002 18.25 2
      vertex 222.01000000000002 35.75 2
    endloop
  endfacet
  facet normal 0 0 1
    outer loop
      vertex 222.01000000000002 18.25 2
      vertex 228 18 2
      vertex 222.01000000000002 35.75 2
    endloop
  endfacet
  facet normal 0 0 1
    outer loop
      vertex 222 18.25 2
      vertex 222.01000000000002 35.75 2
      vertex 222 35.75 2
    endloop
  endfacet
  facet normal 0 0 1
    outer loop
      vertex 228 18 2
      vertex 228 36 2
      vertex 222.01000000000002 35.75 2
    endloop
  endfacet
  facet normal 0 0 1
    outer loop
      vertex 222.01000000000002 35.75 2
      vertex 228 36 2
      vertex 222.01000000000002 36 2
    endloop
  endfacet
  facet normal 0 0 -1
    outer loop
      vertex 222.01000000000002 54 0
      vertex 222.01000000000002 54.25 0
      vertex 228 54 0
    endloop
  endfacet
  facet normal 0 0 -1
    outer loop
      vertex 222 54.25 0
      vertex 222 71.75 0
      vertex 222.01000000000002 54.25 0
    endloop
  endfacet
  facet normal 0 0 -1
    outer loop
      vertex 222.01000000000002 54.25 0
      vertex 228 72 0
      vertex 228 54 0
    endloop
  endfacet
  facet normal 0 -1 0
    outer loop
      vertex 222.01000000000002 54 0
      vertex 228 54 0
      vertex 228 54 2
    endloop
  endfacet
  facet normal 1 0 0
    outer loop
      vertex 228 54 0
      vertex 228 72 0
      vertex 228 54 2
    endloop
  endfacet
  facet normal 0 -1 0
    outer loop
      vertex 222.01000000000002 54 0
      vertex 228 54 2
      vertex 222.01000000000002 54 2
    endloop
  endfacet
  facet normal 0 0 1
    outer loop
      vertex 222.01000000000002 54 2
      vertex 228 54 2
      vertex 222.01000000000002 54.25 2
    endloop
  endfacet
  facet normal 0 0 1
    outer loop
      vertex 222 54.25 2
      vertex 222.01000000000002 54.25 2
      vertex 222.01000000000002 71.75 2
    endloop
  endfacet
  facet normal 0 0 1
    outer loop
      vertex 222.01000000000002 54.25 2
      vertex 228 54 2
      vertex 222.01000000000002 71.75 2
    endloop
  endfacet
  facet normal 0 0 -1
    outer loop
      vertex 222.01000000000002 54.25 0
      vertex 222 71.75 0
      vertex 222.01000000000002 71.75 0
    endloop
  endfacet
  facet normal 0 0 -1
    outer loop
      vertex 222.01000000000002 54.25 0
      vertex 222.01000000000002 71.75 0
      vertex 228 72 0
    endloop
  endfacet
  facet normal 0 0 -1
    outer loop
      vertex 222.01000000000002 71.75 0
      vertex 222.01000000000002 72 0
      vertex 228 72 0
    endloop
  endfacet
  facet normal 0 1 0
    outer loop
      vertex 222.01000000000002 72 0
      vertex 222.01000000000002 72 2
      vertex 228 72 0
    endloop
  endfacet
  facet normal 1 0 0
    outer loop
      vertex 228 54 2
      vertex 228 72 0
      vertex 228 72 2
    endloop
  endfacet
  facet normal 0 1 0
    outer loop
      vertex 228 72 0
      vertex 222.01000000000002 72 2
      vertex 228 72 2
    endloop
  endfacet
  facet normal 0 0 1
    outer loop
      vertex 222 54.25 2
      vertex 222.01000000000002 71.75 2
      vertex 222 71.75 2
    endloop
  endfacet
  facet normal 0 0 1
    outer loop
      vertex 228 54 2
      vertex 228 72 2
      vertex 222.01000000000002 71.75 2
    endloop
  endfacet
  facet normal 0 0 1
    outer loop
      vertex 222.01000000000002 71.75 2
      vertex 228 72 2
      vertex 222.01000000000002 72 2
    endloop
  endfacet
  facet normal 0 0 -1
    outer loop
      vertex 222.01000000000002 90 0
      vertex 222.01000000000002 90.25 0
      vertex 228 90 0
    endloop
  endfacet
  facet normal 0 -1 0
    outer loop
      vertex 222.01000000000002 90 0
      vertex 228 90 0
      vertex 228 90 2
    endloop
  endfacet
  facet normal 0 -1 0
    outer loop
      vertex 222.01000000000002 90 0
      vertex 228 90 2
      vertex 222.01000000000002 90 2
    endloop
  endfacet
  facet normal 0 0 -1
    outer loop
      vertex 222 90.25 0
      vertex 222 107.75 0
      vertex 222.01000000000002 90.25 0
    endloop
  endfacet
  facet normal 0 0 -1
    outer loop
      vertex 222.01000000000002 90.25 0
      vertex 228 108 0
      vertex 228 90 0
    endloop
  endfacet
  facet normal 0 0 -1
    outer loop
      vertex 222.01000000000002 90.25 0
      vertex 222 107.75 0
      vertex 222.01000000000002 107.75 0
    endloop
  endfacet
  facet normal 0 0 -1
    outer loop
      vertex 222.01000000000002 90.25 0
      vertex 222.01000000000002 107.75 0
      vertex 228 108 0
    endloop
  endfacet
  facet normal 0 0 -1
    outer loop
      vertex 222.01000000000002 107.75 0
      vertex 222.01000000000002 108 0
      vertex 228 108 0
    endloop
  endfacet
  facet normal 1 0 0
    outer loop
      vertex 228 90 0
      vertex 228 108 0
      vertex 228 90 2
    endloop
  endfacet
  facet normal 0 1 0
    outer loop
      vertex 222.01000000000002 108 0
      vertex 222.01000000000002 108 2
      vertex 228 108 0
    endloop
  endfacet
  facet normal 1 0 0
    outer loop
      vertex 228 108 0
      vertex 228 108 2
      vertex 228 90 2
    endloop
  endfacet
  facet normal 0 1 0
    outer loop
      vertex 228 108 0
      vertex 222.01000000000002 108 2
      vertex 228 108 2
    endloop
  endfacet
  facet normal 0 0 1
    outer loop
      vertex 222.01000000000002 90 2
      vertex 228 90 2
      vertex 222.01000000000002 90.25 2
    endloop
  endfacet
  facet normal 0 0 1
    outer loop
      vertex 222 90.25 2
      vertex 222.01000000000002 90.25 2
      vertex 222.01000000000002 107.75 2
    endloop
  endfacet
  facet normal 0 0 1
    outer loop
      vertex 222.01000000000002 90.25 2
      vertex 228 90 2
      vertex 222.01000000000002 107.75 2
    endloop
  endfacet
  facet normal 0 0 1
    outer loop
      vertex 222 90.25 2
      vertex 222.01000000000002 107.75 2
      vertex 222 107.75 2
    endloop
  endfacet
  facet normal 0 0 1
    outer loop
      vertex 222.01000000000002 107.75 2
      vertex 228 108 2
      vertex 222.01000000000002 108 2
    endloop
  endfacet
  facet normal 0 0 1
    outer loop
      vertex 228 90 2
      vertex 228 108 2
      vertex 222.01000000000002 107.75 2
    endloop
  endfacet
  facet normal 0 0 -1
    outer loop
      vertex 222.01000000000002 126 0
      vertex 222.01000000000002 126.25 0
      vertex 228 126 0
    endloop
  endfacet
  facet normal 0 0 -1
    outer loop
      vertex 222 126.25 0
      vertex 222 143.75 0
      vertex 222.01000000000002 126.25 0
    endloop
  endfacet
  facet normal 0 0 -1
    outer loop
      vertex 222.01000000000002 126.25 0
      vertex 228 144 0
      vertex 228 126 0
    endloop
  endfacet
  facet normal 0 0 -1
    outer loop
      vertex 222.01000000000002 126.25 0
      vertex 222 143.75 0
      vertex 222.01000000000002 143.75 0
    endloop
  endfacet
  facet normal 0 0 -1
    outer loop
      vertex 222.01000000000002 126.25 0
      vertex 222.01000000000002 143.75 0
      vertex 228 144 0
    endloop
  endfacet
  facet normal 0 -1 0
    outer loop
      vertex 222.01000000000002 126 0
      vertex 228 126 0
      vertex 228 126 2
    endloop
  endfacet
  facet normal 1 0 0
    outer loop
      vertex 228 126 0
      vertex 228 144 0
      vertex 228 126 2
    endloop
  endfacet
  facet normal 0 0 -1
    outer loop
      vertex 222.01000000000002 143.75 0
      vertex 222.01000000000002 144 0
      vertex 228 144 0
    endloop
  endfacet
  facet normal 0 1 0
    outer loop
      vertex 222.01000000000002 144 0
      vertex 222.01000000000002 144 2
      vertex 228 144 0
    endloop
  endfacet
  facet normal 0 -1 0
    outer loop
      vertex 222.01000000000002 126 0
      vertex 228 126 2
      vertex 222.01000000000002 126 2
    endloop
  endfacet
  facet normal 1 0 0
    outer loop
      vertex 228 144 0
      vertex 228 144 2
      vertex 228 126 2
    endloop
  endfacet
  facet normal 0 1 0
    outer loop
      vertex 228 144 0
      vertex 222.01000000000002 144 2
      vertex 228 144 2
    endloop
  endfacet
  facet normal 0 0 1
    outer loop
      vertex 222.01000000000002 126 2
      vertex 228 126 2
      vertex 222.01000000000002 126.25 2
    endloop
  endfacet
  facet normal 0 0 1
    outer loop
      vertex 222 126.25 2
      vertex 222.01000000000002 126.25 2
      vertex 222.01000000000002 143.75 2
    endloop
  endfacet
  facet normal 0 0 1
    outer loop
      vertex 222.01000000000002 126.25 2
      vertex 228 126 2
      vertex 222.01000000000002 143.75 2
    endloop
  endfacet
  facet normal 0 0 1
    outer loop
      vertex 222 126.25 2
      vertex 222.01000000000002 143.75 2
      vertex 222 143.75 2
    endloop
  endfacet
  facet normal 0 0 1
    outer loop
      vertex 228 126 2
      vertex 228 144 2
      vertex 222.01000000000002 143.75 2
    endloop
  endfacet
  facet normal 0 0 1
    outer loop
      vertex 222.01000000000002 143.75 2
      vertex 228 144 2
      vertex 222.01000000000002 144 2
    endloop
  endfacet
  facet normal 0 0 -1
    outer loop
      vertex 222.01000000000002 162 0
      vertex 222.01000000000002 162.25 0
      vertex 228 162 0
    endloop
  endfacet
  facet normal 0 0 -1
    outer loop
      vertex 222 162.25 0
      vertex 222 179.75 0
      vertex 222.01000000000002 162.25 0
    endloop
  endfacet
  facet normal 0 0 -1
    outer loop
      vertex 222.01000000000002 162.25 0
      vertex 228 180 0
      vertex 228 162 0
    endloop
  endfacet
  facet normal 0 -1 0
    outer loop
      vertex 222.01000000000002 162 0
      vertex 228 162 0
      vertex 228 162 2
    endloop
  endfacet
  facet normal 1 0 0
    outer loop
      vertex 228 162 0
      vertex 228 180 0
      vertex 228 162 2
    endloop
  endfacet
  facet normal 0 0 -1
    outer loop
      vertex 222.01000000000002 162.25 0
      vertex 222 179.75 0
      vertex 222.01000000000002 179.75 0
    endloop
  endfacet
  facet normal 0 0 -1
    outer loop
      vertex 222.01000000000002 162.25 0
      vertex 222.01000000000002 179.75 0
      vertex 228 180 0
    endloop
  endfacet
  facet normal 0 0 -1
    outer loop
      vertex 222.01000000000002 179.75 0
      vertex 222.01000000000002 180 0
      vertex 228 180 0
    endloop
  endfacet
  facet normal 0 1 0
    outer loop
      vertex 222.01000000000002 180 0
      vertex 222.01000000000002 180 2
      vertex 228 180 0
    endloop
  endfacet
  facet normal 0 -1 0
    outer loop
      vertex 222.01000000000002 162 0
      vertex 228 162 2
      vertex 222.01000000000002 162 2
    endloop
  endfacet
  facet normal 1 0 0
    outer loop
      vertex 228 180 0
      vertex 228 180 2
      vertex 228 162 2
    endloop
  endfacet
  facet normal 0 1 0
    outer loop
      vertex 228 180 0
      vertex 222.01000000000002 180 2
      vertex 228 180 2
    endloop
  endfacet
  facet normal 0 0 1
    outer loop
      vertex 222.01000000000002 162 2
      vertex 228 162 2
      vertex 222.01000000000002 162.25 2
    endloop
  endfacet
  facet normal 0 0 1
    outer loop
      vertex 222 162.25 2
      vertex 222.01000000000002 162.25 2
      vertex 222.01000000000002 179.75 2
    endloop
  endfacet
  facet normal 0 0 1
    outer loop
      vertex 222.01000000000002 162.25 2
      vertex 228 162 2
      vertex 222.01000000000002 179.75 2
    endloop
  endfacet
  facet normal 0 0 1
    outer loop
      vertex 222 162.25 2
      vertex 222.01000000000002 179.75 2
      vertex 222 179.75 2
    endloop
  endfacet
  facet normal 0 0 1
    outer loop
      vertex 228 162 2
      vertex 228 180 2
      vertex 222.01000000000002 179.75 2
    endloop
  endfacet
  facet normal 0 0 1
    outer loop
      vertex 222.01000000000002 179.75 2
      vertex 228 180 2
      vertex 222.01000000000002 180 2
    endloop
  endfacet
  facet normal 0 0 -1
    outer loop
      vertex 222.01000000000002 198 0
      vertex 222.01000000000002 198.25 0
      vertex 228 198 0
    endloop
  endfacet
  facet normal 0 -1 0
    outer loop
      vertex 222.01000000000002 198 0
      vertex 228 198 0
      vertex 228 198 2
    endloop
  endfacet
  facet normal 0 0 -1
    outer loop
      vertex 222 198.25 0
      vertex 222 215.75 0
      vertex 222.01000000000002 198.25 0
    endloop
  endfacet
  facet normal 0 0 -1
    outer loop
      vertex 222.01000000000002 198.25 0
      vertex 222 215.75 0
      vertex 222.01000000000002 215.75 0
    endloop
  endfacet
  facet normal 0 0 -1
    outer loop
      vertex 222.01000000000002 198.25 0
      vertex 222.01000000000002 215.75 0
      vertex 228 216 0
    endloop
  endfacet
  facet normal 0 0 -1
    outer loop
      vertex 222.01000000000002 198.25 0
      vertex 228 216 0
      vertex 228 198 0
    endloop
  endfacet
  facet normal 0 0 -1
    outer loop
      vertex 222.01000000000002 215.75 0
      vertex 222.01000000000002 216 0
      vertex 228 216 0
    endloop
  endfacet
  facet normal 1 0 0
    outer loop
      vertex 228 198 0
      vertex 228 216 0
      vertex 228 198 2
    endloop
  endfacet
  facet normal 0 1 0
    outer loop
      vertex 222.01000000000002 216 0
      vertex 222.01000000000002 216 2
      vertex 228 216 0
    endloop
  endfacet
  facet normal 0 -1 0
    outer loop
      vertex 222.01000000000002 198 0
      vertex 228 198 2
      vertex 222.01000000000002 198 2
    endloop
  endfacet
  facet normal 1 0 0
    outer loop
      vertex 228 216 0
      vertex 228 216 2
      vertex 228 198 2
    endloop
  endfacet
  facet normal 0 1 0
    outer loop
      vertex 228 216 0
      vertex 222.01000000000002 216 2
      vertex 228 216 2
    endloop
  endfacet
  facet normal 0 0 1
    outer loop
      vertex 222.01000000000002 198 2
      vertex 228 198 2
      vertex 222.01000000000002 198.25 2
    endloop
  endfacet
  facet normal 0 0 1
    outer loop
      vertex 222 198.25 2
      vertex 222.01000000000002 198.25 2
      vertex 222.01000000000002 215.75 2
    endloop
  endfacet
  facet normal 0 0 1
    outer loop
      vertex 222.01000000000002 198.25 2
      vertex 228 198 2
      vertex 222.01000000000002 215.75 2
    endloop
  endfacet
  facet normal 0 0 1
    outer loop
      vertex 222 198.25 2
      vertex 222.01000000000002 215.75 2
      vertex 222 215.75 2
    endloop
  endfacet
  facet normal 0 0 1
    outer loop
      vertex 228 198 2
      vertex 228 216 2
      vertex 222.01000000000002 215.75 2
    endloop
  endfacet
  facet normal 0 0 1
    outer loop
      vertex 222.01000000000002 215.75 2
      vertex 228 216 2
      vertex 222.01000000000002 216 2
    endloop
  endfacet
  facet normal 0 -1 0
    outer loop
      vertex 0 0 0
      vertex 4 0 2
      vertex 0 0 2
    endloop
  endfacet
  facet normal 0 0 1
    outer loop
      vertex 4 0 2
      vertex 18.885 5.185417437700575 2
      vertex 18.21190296114372 5.70190296114372 2
    endloop
  endfacet
  facet normal 0 0 1
    outer loop
      vertex 4 0 2
      vertex 19.66883810341681 4.8607410645605285 2
      vertex 18.885 5.185417437700575 2
    endloop
  endfacet
  facet normal 0 0 1
    outer loop
      vertex 4 0 2
      vertex 18.21190296114372 5.70190296114372 2
      vertex 17.695417437700577 6.375 2
    endloop
  endfacet
  facet normal 0 0 1
    outer loop
      vertex 4 0 2
      vertex 17.695417437700577 6.375 2
      vertex 17.37074106456053 7.158838103416808 2
    endloop
  endfacet
  facet normal 0 0 1
    outer loop
      vertex 4 0 2
      vertex 17.37074106456053 7.158838103416808 2
      vertex 17.26 8 2
    endloop
  endfacet
  facet normal 0 0 1
    outer loop
      vertex 4 0 2
      vertex 17.26 8 2
      vertex 17.37074106456053 8.841161896583193 2
    endloop
  endfacet
  facet normal 0 0 1
    outer loop
      vertex 4 0 2
      vertex 17.37074106456053 8.841161896583193 2
      vertex 17.37074106456053 66.84883810341681 2
    endloop
  endfacet
  facet normal 0 0 1
    outer loop
      vertex 4 0 2
      vertex 20.51 4.75 2
      vertex 19.66883810341681 4.8607410645605285 2
    endloop
  endfacet
  facet normal 0 0 1
    outer loop
      vertex 4 0 2
      vertex 21.351161896583193 4.8607410645605285 2
      vertex 20.51 4.75 2
    endloop
  endfacet
  facet normal 0 0 1
    outer loop
      vertex 19.031792747981942 7.387706508215857 2
      vertex 19.378629150101524 6.8686291501015235 2
      vertex 19.897706508215858 6.521792747981941 2
    endloop
  endfacet
  facet normal 0 0 1
    outer loop
      vertex 19.031792747981942 7.387706508215857 2
      vertex 19.897706508215858 6.521792747981941 2
      vertex 20.51 6.4 2
    endloop
  endfacet
  facet normal 0 0 1
    outer loop
      vertex 19.031792747981942 7.387706508215857 2
      vertex 20.51 6.4 2
      vertex 21.122293491784145 6.521792747981941 2
    endloop
  endfacet
  facet normal 0 0 1
    outer loop
      vertex 19.031792747981942 7.387706508215857 2
      vertex 21.98820725201806 7.387706508215857 2
      vertex 18.91 8 2
    endloop
  endfacet
  facet normal 0 0 1
    outer loop
      vertex 19.031792747981942 7.387706508215857 2
      vertex 21.122293491784145 6.521792747981941 2
      vertex 21.64137084989848 6.8686291501015235 2
    endloop
  endfacet
  facet normal 0 0 1
    outer loop
      vertex 19.031792747981942 7.387706508215857 2
      vertex 21.64137084989848 6.8686291501015235 2
      vertex 21.98820725201806 7.387706508215857 2
    endloop
  endfacet
  facet normal 0 0 1
    outer loop
      vertex 18.91 8 2
      vertex 21.98820725201806 7.387706508215857 2
      vertex 19.031792747981942 8.612293491784143 2
    endloop
  endfacet
  facet normal 0 0 1
    outer loop
      vertex 19.031792747981942 8.612293491784143 2
      vertex 21.98820725201806 7.387706508215857 2
      vertex 19.378629150101524 9.131370849898476 2
    endloop
  endfacet
  facet normal 0 0 1
    outer loop
      vertex 19.378629150101524 9.131370849898476 2
      vertex 21.98820725201806 7.387706508215857 2
      vertex 19.897706508215858 9.47820725201806 2
    endloop
  endfacet
  facet normal 0 0 1
    outer loop
      vertex 19.897706508215858 9.47820725201806 2
      vertex 21.98820725201806 7.387706508215857 2
      vertex 22.110000000000003 8 2
    endloop
  endfacet
  facet normal 0 0 1
    outer loop
      vertex 19.897706508215858 9.47820725201806 2
      vertex 22.110000000000003 8 2
      vertex 21.98820725201806 8.612293491784143 2
    endloop
  endfacet
  facet normal 0 0 1
    outer loop
      vertex 19.897706508215858 9.47820725201806 2
      vertex 21.98820725201806 8.612293491784143 2
      vertex 20.51 9.6 2
    endloop
  endfacet
  facet normal 0 0 1
    outer loop
      vertex 20.51 9.6 2
      vertex 21.98820725201806 8.612293491784143 2
      vertex 21.122293491784145 9.47820725201806 2
    endloop
  endfacet
  facet normal 0 0 1
    outer loop
      vertex 21.122293491784145 9.47820725201806 2
      vertex 21.98820725201806 8.612293491784143 2
      vertex 21.64137084989848 9.131370849898476 2
    endloop
  endfacet
  facet normal 0 0 1
    outer loop
      vertex 17.37074106456053 8.841161896583193 2
      vertex 17.695417437700577 9.625 2
      vertex 17.695417437700577 66.065 2
    endloop
  endfacet
  facet normal 0 0 1
    outer loop
      vertex 17.695417437700577 9.625 2
      vertex 18.21190296114372 10.29809703885628 2
      vertex 18.21190296114372 65.39190296114371 2
    endloop
  endfacet
  facet normal 0 0 1
    outer loop
      vertex 18.21190296114372 10.29809703885628 2
      vertex 18.885 10.814582562299424 2
      vertex 18.21190296114372 65.39190296114371 2
    endloop
  endfacet
  facet normal 0 0 1
    outer loop
      vertex 18.885 10.814582562299424 2
      vertex 19.66883810341681 11.139258935439472 2
      vertex 19.66883810341681 64.55074106456053 2
    endloop
  endfacet
  facet normal 0 0 1
    outer loop
      vertex 19.66883810341681 11.139258935439472 2
      vertex 20.51 11.25 2
      vertex 20.51 64.44 2
    endloop
  endfacet
  facet normal 0 0 1
    outer loop
      vertex 20.51 11.25 2
      vertex 21.351161896583193 11.139258935439472 2
      vertex 21.351161896583193 64.55074106456053 2
    endloop
  endfacet
  facet normal 0 0 1
    outer loop
      vertex 21.351161896583193 11.139258935439472 2
      vertex 22.135 10.814582562299424 2
      vertex 22.135 64.87541743770058 2
    endloop
  endfacet
  facet normal 0 0 1
    outer loop
      vertex 22.135 10.814582562299424 2
      vertex 22.808097038856282 10.29809703885628 2
      vertex 22.808097038856282 65.39190296114371 2
    endloop
  endfacet
  facet normal 0 0 1
    outer loop
      vertex 22.808097038856282 10.29809703885628 2
      vertex 23.324582562299426 9.625 2
      vertex 23.324582562299426 66.065 2
    endloop
  endfacet
  facet normal 0 0 1
    outer loop
      vertex 4 0 2
      vertex 17.37074106456053 66.84883810341681 2
      vertex 17.26 67.69 2
    endloop
  endfacet
  facet normal 0 0 1
    outer loop
      vertex 18.885 10.814582562299424 2
      vertex 19.66883810341681 64.55074106456053 2
      vertex 18.885 64.87541743770058 2
    endloop
  endfacet
  facet normal 0 0 1
    outer loop
      vertex 19.66883810341681 11.139258935439472 2
      vertex 20.51 64.44 2
      vertex 19.66883810341681 64.55074106456053 2
    endloop
  endfacet
  facet normal 0 0 1
    outer loop
      vertex 20.51 11.25 2
      vertex 21.351161896583193 64.55074106456053 2
      vertex 20.51 64.44 2
    endloop
  endfacet
  facet normal 0 0 1
    outer loop
      vertex 17.37074106456053 8.841161896583193 2
      vertex 17.695417437700577 66.065 2
      vertex 17.37074106456053 66.84883810341681 2
    endloop
  endfacet
  facet normal 0 0 1
    outer loop
      vertex 17.695417437700577 9.625 2
      vertex 18.21190296114372 65.39190296114371 2
      vertex 17.695417437700577 66.065 2
    endloop
  endfacet
  facet normal 0 0 1
    outer loop
      vertex 18.885 10.814582562299424 2
      vertex 18.885 64.87541743770058 2
      vertex 18.21190296114372 65.39190296114371 2
    endloop
  endfacet
  facet normal 0 0 1
    outer loop
      vertex 21.351161896583193 11.139258935439472 2
      vertex 22.135 64.87541743770058 2
      vertex 21.351161896583193 64.55074106456053 2
    endloop
  endfacet
  facet normal 0 0 1
    outer loop
      vertex 22.135 10.814582562299424 2
      vertex 22.808097038856282 65.39190296114371 2
      vertex 22.135 64.87541743770058 2
    endloop
  endfacet
  facet normal 0 0 1
    outer loop
      vertex 22.808097038856282 10.29809703885628 2
      vertex 23.324582562299426 66.065 2
      vertex 22.808097038856282 65.39190296114371 2
    endloop
  endfacet
  facet normal 0 0 1
    outer loop
      vertex 23.324582562299426 9.625 2
      vertex 23.649258935439473 66.84883810341681 2
      vertex 23.324582562299426 66.065 2
    endloop
  endfacet
  facet normal -1 0 0
    outer loop
      vertex 0 0 0
      vertex 0 0 2
      vertex 0 245.49 2
    endloop
  endfacet
  facet normal 0 0 1
    outer loop
      vertex 19.031792747981942 67.07770650821585 2
      vertex 19.378629150101524 66.55862915010152 2
      vertex 19.897706508215858 66.21179274798195 2
    endloop
  endfacet
  facet normal 0 0 1
    outer loop
      vertex 18.91 67.69 2
      vertex 19.031792747981942 67.07770650821585 2
      vertex 19.897706508215858 66.21179274798195 2
    endloop
  endfacet
  facet normal 0 0 1
    outer loop
      vertex 18.91 67.69 2
      vertex 19.897706508215858 66.21179274798195 2
      vertex 19.031792747981942 68.30229349178414 2
    endloop
  endfacet
  facet normal 0 0 1
    outer loop
      vertex 19.031792747981942 68.30229349178414 2
      vertex 19.897706508215858 66.21179274798195 2
      vertex 19.378629150101524 68.82137084989847 2
    endloop
  endfacet
  facet normal 0 0 1
    outer loop
      vertex 19.378629150101524 68.82137084989847 2
      vertex 19.897706508215858 66.21179274798195 2
      vertex 19.897706508215858 69.16820725201805 2
    endloop
  endfacet
  facet normal 0 0 1
    outer loop
      vertex 19.897706508215858 66.21179274798195 2
      vertex 20.51 66.09 2
      vertex 21.122293491784145 69.16820725201805 2
    endloop
  endfacet
  facet normal 0 0 1
    outer loop
      vertex 20.51 66.09 2
      vertex 21.122293491784145 66.21179274798195 2
      vertex 21.122293491784145 69.16820725201805 2
    endloop
  endfacet
  facet normal 0 0 1
    outer loop
      vertex 21.122293491784145 66.21179274798195 2
      vertex 21.64137084989848 68.82137084989847 2
      vertex 21.122293491784145 69.16820725201805 2
    endloop
  endfacet
  facet normal 0 0 1
    outer loop
      vertex 19.897706508215858 66.21179274798195 2
      vertex 20.51 69.28999999999999 2
      vertex 19.897706508215858 69.16820725201805 2
    endloop
  endfacet
  facet normal 0 0 1
    outer loop
      vertex 19.897706508215858 66.21179274798195 2
      vertex 21.122293491784145 69.16820725201805 2
      vertex 20.51 69.28999999999999 2
    endloop
  endfacet
  facet normal 0 0 1
    outer loop
      vertex 21.122293491784145 66.21179274798195 2
      vertex 21.64137084989848 66.55862915010152 2
      vertex 21.64137084989848 68.82137084989847 2
    endloop
  endfacet
  facet normal 0 0 1
    outer loop
      vertex 21.64137084989848 66.55862915010152 2
      vertex 21.98820725201806 68.30229349178414 2
      vertex 21.64137084989848 68.82137084989847 2
    endloop
  endfacet
  facet normal 0 0 1
    outer loop
      vertex 21.64137084989848 66.55862915010152 2
      vertex 21.98820725201806 67.07770650821585 2
      vertex 21.98820725201806 68.30229349178414 2
    endloop
  endfacet
  facet normal 0 0 1
    outer loop
      vertex 21.98820725201806 67.07770650821585 2
      vertex 22.110000000000003 67.69 2
      vertex 21.98820725201806 68.30229349178414 2
    endloop
  endfacet
  facet normal 0 0 1
    outer loop
      vertex 4 0 2
      vertex 17.26 67.69 2
      vertex 4 245.49 2
    endloop
  endfacet
  facet normal 0 -1 0
    outer loop
      vertex 0 0 0
      vertex 215.99 0 2
      vertex 4 0 2
    endloop
  endfacet
  facet normal 0 0 1
    outer loop
      vertex 23.649258935439473 8.841161896583193 2
      vertex 142.15541743770058 66.065 2
      vertex 23.324582562299426 9.625 2
    endloop
  endfacet
  facet normal 0 0 1
    outer loop
      vertex 23.76 8 2
      vertex 142.67190296114373 65.39190296114371 2
      vertex 23.649258935439473 8.841161896583193 2
    endloop
  endfacet
  facet normal 0 0 1
    outer loop
      vertex 4 0 2
      vertex 215.99 18.25 2
      vertex 21.351161896583193 4.8607410645605285 2
    endloop
  endfacet
  facet normal 0 0 1
    outer loop
      vertex 23.324582562299426 9.625 2
      vertex 141.83074106456053 66.84883810341681 2
      vertex 23.649258935439473 66.84883810341681 2
    endloop
  endfacet
  facet normal 0 0 1
    outer loop
      vertex 215.99 18.25 2
      vertex 22.135 5.185417437700575 2
      vertex 21.351161896583193 4.8607410645605285 2
    endloop
  endfacet
  facet normal 0 0 1
    outer loop
      vertex 215.99 18.25 2
      vertex 22.808097038856282 5.70190296114372 2
      vertex 22.135 5.185417437700575 2
    endloop
  endfacet
  facet normal 0 0 1
    outer loop
      vertex 215.99 18.25 2
      vertex 23.324582562299426 6.375 2
      vertex 22.808097038856282 5.70190296114372 2
    endloop
  endfacet
  facet normal 0 0 1
    outer loop
      vertex 215.99 18.25 2
      vertex 23.649258935439473 7.158838103416808 2
      vertex 23.324582562299426 6.375 2
    endloop
  endfacet
  facet normal 0 0 1
    outer loop
      vertex 215.99 18.25 2
      vertex 23.76 8 2
      vertex 23.649258935439473 7.158838103416808 2
    endloop
  endfacet
  facet normal 0 0 1
    outer loop
      vertex 4 0 2
      vertex 142.15541743770058 6.375 2
      vertex 141.83074106456053 7.158838103416808 2
    endloop
  endfacet
  facet normal 0 0 1
    outer loop
      vertex 4 0 2
      vertex 141.83074106456053 7.158838103416808 2
      vertex 141.72 8 2
    endloop
  endfacet
  facet normal 0 0 1
    outer loop
      vertex 4 0 2
      vertex 141.72 8 2
      vertex 141.83074106456053 8.841161896583193 2
    endloop
  endfacet
  facet normal 0 0 1
    outer loop
      vertex 4 0 2
      vertex 141.83074106456053 8.841161896583193 2
      vertex 142.15541743770058 9.625 2
    endloop
  endfacet
  facet normal 0 0 1
    outer loop
      vertex 4 0 2
      vertex 143.345 5.185417437700575 2
      vertex 142.67190296114373 5.70190296114372 2
    endloop
  endfacet
  facet normal 0 0 1
    outer loop
      vertex 4 0 2
      vertex 144.1288381034168 4.8607410645605285 2
      vertex 143.345 5.185417437700575 2
    endloop
  endfacet
  facet normal 0 0 1
    outer loop
      vertex 4 0 2
      vertex 144.97 4.75 2
      vertex 144.1288381034168 4.8607410645605285 2
    endloop
  endfacet
  facet normal 0 0 1
    outer loop
      vertex 4 0 2
      vertex 142.67190296114373 5.70190296114372 2
      vertex 142.15541743770058 6.375 2
    endloop
  endfacet
  facet normal 0 0 1
    outer loop
      vertex 4 0 2
      vertex 142.15541743770058 9.625 2
      vertex 142.67190296114373 10.29809703885628 2
    endloop
  endfacet
  facet normal 0 0 1
    outer loop
      vertex 4 0 2
      vertex 142.67190296114373 10.29809703885628 2
      vertex 143.345 10.814582562299424 2
    endloop
  endfacet
  facet normal 0 0 1
    outer loop
      vertex 4 0 2
      vertex 143.345 10.814582562299424 2
      vertex 144.1288381034168 11.139258935439472 2
    endloop
  endfacet
  facet normal 0 0 1
    outer loop
      vertex 4 0 2
      vertex 144.1288381034168 11.139258935439472 2
      vertex 144.97 11.25 2
    endloop
  endfacet
  facet normal 0 0 1
    outer loop
      vertex 23.649258935439473 8.841161896583193 2
      vertex 142.67190296114373 65.39190296114371 2
      vertex 142.15541743770058 66.065 2
    endloop
  endfacet
  facet normal 0 0 1
    outer loop
      vertex 23.76 8 2
      vertex 143.345 64.87541743770058 2
      vertex 142.67190296114373 65.39190296114371 2
    endloop
  endfacet
  facet normal 0 0 1
    outer loop
      vertex 23.76 8 2
      vertex 144.1288381034168 64.55074106456053 2
      vertex 143.345 64.87541743770058 2
    endloop
  endfacet
  facet normal 0 0 1
    outer loop
      vertex 23.76 8 2
      vertex 144.97 64.44 2
      vertex 144.1288381034168 64.55074106456053 2
    endloop
  endfacet
  facet normal 0 0 1
    outer loop
      vertex 23.76 8 2
      vertex 145.8111618965832 64.55074106456053 2
      vertex 144.97 64.44 2
    endloop
  endfacet
  facet normal 0 0 1
    outer loop
      vertex 23.76 8 2
      vertex 146.595 64.87541743770058 2
      vertex 145.8111618965832 64.55074106456053 2
    endloop
  endfacet
  facet normal 0 0 1
    outer loop
      vertex 23.324582562299426 9.625 2
      vertex 142.15541743770058 66.065 2
      vertex 141.83074106456053 66.84883810341681 2
    endloop
  endfacet
  facet normal 0 0 1
    outer loop
      vertex 23.649258935439473 66.84883810341681 2
      vertex 141.83074106456053 66.84883810341681 2
      vertex 23.76 67.69 2
    endloop
  endfacet
  facet normal 0 0 1
    outer loop
      vertex 23.76 67.69 2
      vertex 141.72 67.69 2
      vertex 23.649258935439473 68.53116189658319 2
    endloop
  endfacet
  facet normal 0 0 1
    outer loop
      vertex 23.649258935439473 68.53116189658319 2
      vertex 141.83074106456053 68.53116189658319 2
      vertex 23.324582562299426 69.315 2
    endloop
  endfacet
  facet normal 0 0 1
    outer loop
      vertex 22.808097038856282 69.98809703885628 2
      vertex 23.324582562299426 69.315 2
      vertex 142.15541743770058 69.315 2
    endloop
  endfacet
  facet normal 0 0 1
    outer loop
      vertex 22.135 70.50458256229942 2
      vertex 22.808097038856282 69.98809703885628 2
      vertex 143.345 70.50458256229942 2
    endloop
  endfacet
  facet normal 0 0 1
    outer loop
      vertex 22.135 70.50458256229942 2
      vertex 144.1288381034168 70.82925893543947 2
      vertex 21.351161896583193 70.82925893543947 2
    endloop
  endfacet
  facet normal 0 0 1
    outer loop
      vertex 23.76 67.69 2
      vertex 141.83074106456053 66.84883810341681 2
      vertex 141.72 67.69 2
    endloop
  endfacet
  facet normal 0 0 1
    outer loop
      vertex 23.649258935439473 68.53116189658319 2
      vertex 141.72 67.69 2
      vertex 141.83074106456053 68.53116189658319 2
    endloop
  endfacet
  facet normal 0 0 1
    outer loop
      vertex 23.324582562299426 69.315 2
      vertex 141.83074106456053 68.53116189658319 2
      vertex 142.15541743770058 69.315 2
    endloop
  endfacet
  facet normal 0 0 1
    outer loop
      vertex 22.808097038856282 69.98809703885628 2
      vertex 142.15541743770058 69.315 2
      vertex 142.67190296114373 69.98809703885628 2
    endloop
  endfacet
  facet normal 0 0 1
    outer loop
      vertex 22.808097038856282 69.98809703885628 2
      vertex 142.67190296114373 69.98809703885628 2
      vertex 143.345 70.50458256229942 2
    endloop
  endfacet
  facet normal 0 0 1
    outer loop
      vertex 22.135 70.50458256229942 2
      vertex 143.345 70.50458256229942 2
      vertex 144.1288381034168 70.82925893543947 2
    endloop
  endfacet
  facet normal -1 0 0
    outer loop
      vertex 0 0 0
      vertex 0 249.49 2
      vertex 0 249.49 0
    endloop
  endfacet
  facet normal -1 0 0
    outer loop
      vertex 0 0 0
      vertex 0 245.49 2
      vertex 0 249.49 2
    endloop
  endfacet
  facet normal 0 0 1
    outer loop
      vertex 4 245.49 2
      vertex 17.26 67.69 2
      vertex 17.37074106456053 68.53116189658319 2
    endloop
  endfacet
  facet normal 0 0 1
    outer loop
      vertex 4 245.49 2
      vertex 17.37074106456053 68.53116189658319 2
      vertex 17.695417437700577 69.315 2
    endloop
  endfacet
  facet normal 0 0 1
    outer loop
      vertex 4 245.49 2
      vertex 17.695417437700577 69.315 2
      vertex 18.21190296114372 69.98809703885628 2
    endloop
  endfacet
  facet normal 0 0 1
    outer loop
      vertex 4 245.49 2
      vertex 18.21190296114372 69.98809703885628 2
      vertex 18.885 70.50458256229942 2
    endloop
  endfacet
  facet normal 0 0 1
    outer loop
      vertex 4 245.49 2
      vertex 18.885 70.50458256229942 2
      vertex 19.66883810341681 70.82925893543947 2
    endloop
  endfacet
  facet normal 0 0 1
    outer loop
      vertex 4 245.49 2
      vertex 19.66883810341681 70.82925893543947 2
      vertex 20.51 70.94 2
    endloop
  endfacet
  facet normal 0 0 1
    outer loop
      vertex 4 245.49 2
      vertex 20.51 70.94 2
      vertex 21.351161896583193 70.82925893543947 2
    endloop
  endfacet
  facet normal 0 0 1
    outer loop
      vertex 4 245.49 2
      vertex 21.351161896583193 70.82925893543947 2
      vertex 144.1288381034168 70.82925893543947 2
    endloop
  endfacet
  facet normal 0 0 1
    outer loop
      vertex 4 245.49 2
      vertex 18.21190296114372 233.03190296114377 2
      vertex 17.695417437700577 233.70500000000004 2
    endloop
  endfacet
  facet normal 0 0 1
    outer loop
      vertex 4 245.49 2
      vertex 17.37074106456053 234.48883810341684 2
      vertex 17.26 235.33000000000004 2
    endloop
  endfacet
  facet normal 0 0 1
    outer loop
      vertex 4 245.49 2
      vertex 17.695417437700577 233.70500000000004 2
      vertex 17.37074106456053 234.48883810341684 2
    endloop
  endfacet
  facet normal 0 0 1
    outer loop
      vertex 4 245.49 2
      vertex 17.26 235.33000000000004 2
      vertex 17.37074106456053 236.17116189658324 2
    endloop
  endfacet
  facet normal 0 0 1
    outer loop
      vertex 4 245.49 2
      vertex 17.37074106456053 236.17116189658324 2
      vertex 17.695417437700577 236.95500000000004 2
    endloop
  endfacet
  facet normal 0 0 1
    outer loop
      vertex 4 245.49 2
      vertex 17.695417437700577 236.95500000000004 2
      vertex 18.21190296114372 237.6280970388563 2
    endloop
  endfacet
  facet normal 0 0 1
    outer loop
      vertex 4 245.49 2
      vertex 18.21190296114372 237.6280970388563 2
      vertex 18.885 238.14458256229946 2
    endloop
  endfacet
  facet normal 0 0 1
    outer loop
      vertex 4 245.49 2
      vertex 18.885 238.14458256229946 2
      vertex 19.66883810341681 238.4692589354395 2
    endloop
  endfacet
  facet normal 0 0 1
    outer loop
      vertex 4 245.49 2
      vertex 19.66883810341681 238.4692589354395 2
      vertex 20.51 238.58000000000004 2
    endloop
  endfacet
  facet normal 0 0 1
    outer loop
      vertex 4 245.49 2
      vertex 20.51 238.58000000000004 2
      vertex 21.351161896583193 238.4692589354395 2
    endloop
  endfacet
  facet normal 0 0 1
    outer loop
      vertex 19.378629150101524 234.19862915010157 2
      vertex 20.51 233.73000000000005 2
      vertex 19.031792747981942 234.71770650821588 2
    endloop
  endfacet
  facet normal 0 0 1
    outer loop
      vertex 19.378629150101524 234.19862915010157 2
      vertex 19.897706508215858 233.851792747982 2
      vertex 20.51 233.73000000000005 2
    endloop
  endfacet
  facet normal 0 0 1
    outer loop
      vertex 19.031792747981942 234.71770650821588 2
      vertex 21.122293491784145 233.851792747982 2
      vertex 18.91 235.33000000000004 2
    endloop
  endfacet
  facet normal 0 0 1
    outer loop
      vertex 19.031792747981942 234.71770650821588 2
      vertex 20.51 233.73000000000005 2
      vertex 21.122293491784145 233.851792747982 2
    endloop
  endfacet
  facet normal 0 0 1
    outer loop
      vertex 18.91 235.33000000000004 2
      vertex 21.64137084989848 234.19862915010157 2
      vertex 19.031792747981942 235.9422934917842 2
    endloop
  endfacet
  facet normal 0 0 1
    outer loop
      vertex 21.64137084989848 234.19862915010157 2
      vertex 19.378629150101524 236.46137084989851 2
      vertex 19.031792747981942 235.9422934917842 2
    endloop
  endfacet
  facet normal 0 0 1
    outer loop
      vertex 18.91 235.33000000000004 2
      vertex 21.122293491784145 233.851792747982 2
      vertex 21.64137084989848 234.19862915010157 2
    endloop
  endfacet
  facet normal 0 0 1
    outer loop
      vertex 19.378629150101524 236.46137084989851 2
      vertex 21.64137084989848 234.19862915010157 2
      vertex 21.98820725201806 234.71770650821588 2
    endloop
  endfacet
  facet normal 0 0 1
    outer loop
      vertex 19.378629150101524 236.46137084989851 2
      vertex 21.98820725201806 234.71770650821588 2
      vertex 22.110000000000003 235.33000000000004 2
    endloop
  endfacet
  facet normal 0 0 1
    outer loop
      vertex 19.378629150101524 236.46137084989851 2
      vertex 21.98820725201806 235.9422934917842 2
      vertex 19.897706508215858 236.8082072520181 2
    endloop
  endfacet
  facet normal 0 0 1
    outer loop
      vertex 19.897706508215858 236.8082072520181 2
      vertex 21.64137084989848 236.46137084989851 2
      vertex 21.122293491784145 236.8082072520181 2
    endloop
  endfacet
  facet normal 0 0 1
    outer loop
      vertex 19.378629150101524 236.46137084989851 2
      vertex 22.110000000000003 235.33000000000004 2
      vertex 21.98820725201806 235.9422934917842 2
    endloop
  endfacet
  facet normal 0 0 1
    outer loop
      vertex 19.897706508215858 236.8082072520181 2
      vertex 21.98820725201806 235.9422934917842 2
      vertex 21.64137084989848 236.46137084989851 2
    endloop
  endfacet
  facet normal 0 0 1
    outer loop
      vertex 19.897706508215858 236.8082072520181 2
      vertex 21.122293491784145 236.8082072520181 2
      vertex 20.51 236.93000000000004 2
    endloop
  endfacet
  facet normal 0 0 -1
    outer loop
      vertex 0 0 0
      vertex 0 249.49 0
      vertex 222 249.49 0
    endloop
  endfacet
  facet normal 0 0 1
    outer loop
      vertex 4 245.49 2
      vertex 222 54.25 2
      vertex 18.21190296114372 233.03190296114377 2
    endloop
  endfacet
  facet normal 0 0 1
    outer loop
      vertex 215.99 90.25 2
      vertex 20.51 232.08000000000004 2
      vertex 19.66883810341681 232.19074106456057 2
    endloop
  endfacet
  facet normal 0 0 1
    outer loop
      vertex 4 245.49 2
      vertex 144.1288381034168 70.82925893543947 2
      vertex 144.97 70.94 2
    endloop
  endfacet
  facet normal 0 0 1
    outer loop
      vertex 4 245.49 2
      vertex 144.97 70.94 2
      vertex 145.8111618965832 70.82925893543947 2
    endloop
  endfacet
  facet normal 0 0 1
    outer loop
      vertex 4 245.49 2
      vertex 145.8111618965832 70.82925893543947 2
      vertex 146.595 70.50458256229942 2
    endloop
  endfacet
  facet normal 0 0 1
    outer loop
      vertex 222 54.25 2
      vertex 18.885 232.51541743770062 2
      vertex 18.21190296114372 233.03190296114377 2
    endloop
  endfacet
  facet normal 0 0 1
    outer loop
      vertex 222 54.25 2
      vertex 19.66883810341681 232.19074106456057 2
      vertex 18.885 232.51541743770062 2
    endloop
  endfacet
  facet normal 0 0 1
    outer loop
      vertex 215.99 90.25 2
      vertex 21.351161896583193 232.19074106456057 2
      vertex 20.51 232.08000000000004 2
    endloop
  endfacet
  facet normal 0 0 1
    outer loop
      vertex 215.99 90.25 2
      vertex 22.135 232.51541743770062 2
      vertex 21.351161896583193 232.19074106456057 2
    endloop
  endfacet
  facet normal 0 1 0
    outer loop
      vertex 0 249.49 0
      vertex 0 249.49 2
      vertex 222 249.49 0
    endloop
  endfacet
  facet normal 0 0 1
    outer loop
      vertex 4 245.49 2
      vertex 21.351161896583193 238.4692589354395 2
      vertex 215.99 162.25 2
    endloop
  endfacet
  facet normal 0 0 1
    outer loop
      vertex 215.99 107.75 2
      vertex 22.808097038856282 233.03190296114377 2
      vertex 22.135 232.51541743770062 2
    endloop
  endfacet
  facet normal 0 0 1
    outer loop
      vertex 215.99 126.25 2
      vertex 23.324582562299426 233.70500000000004 2
      vertex 22.808097038856282 233.03190296114377 2
    endloop
  endfacet
  facet normal 0 0 1
    outer loop
      vertex 215.99 126.25 2
      vertex 23.649258935439473 234.48883810341684 2
      vertex 23.324582562299426 233.70500000000004 2
    endloop
  endfacet
  facet normal 0 0 1
    outer loop
      vertex 215.99 143.75 2
      vertex 23.76 235.33000000000004 2
      vertex 23.649258935439473 234.48883810341684 2
    endloop
  endfacet
  facet normal 0 0 1
    outer loop
      vertex 215.99 162.25 2
      vertex 21.351161896583193 238.4692589354395 2
      vertex 22.135 238.14458256229946 2
    endloop
  endfacet
  facet normal 0 0 1
    outer loop
      vertex 215.99 162.25 2
      vertex 22.135 238.14458256229946 2
      vertex 22.808097038856282 237.6280970388563 2
    endloop
  endfacet
  facet normal 0 0 1
    outer loop
      vertex 215.99 162.25 2
      vertex 23.649258935439473 236.17116189658324 2
      vertex 23.76 235.33000000000004 2
    endloop
  endfacet
  facet normal 0 0 1
    outer loop
      vertex 215.99 162.25 2
      vertex 23.324582562299426 236.95500000000004 2
      vertex 23.649258935439473 236.17116189658324 2
    endloop
  endfacet
  facet normal 0 0 1
    outer loop
      vertex 215.99 162.25 2
      vertex 22.808097038856282 237.6280970388563 2
      vertex 23.324582562299426 236.95500000000004 2
    endloop
  endfacet
  facet normal 0 0 1
    outer loop
      vertex 4 245.49 2
      vertex 142.15541743770058 233.70500000000004 2
      vertex 141.83074106456053 234.48883810341684 2
    endloop
  endfacet
  facet normal 0 0 1
    outer loop
      vertex 4 245.49 2
      vertex 141.83074106456053 234.48883810341684 2
      vertex 141.72 235.33000000000004 2
    endloop
  endfacet
  facet normal 0 0 1
    outer loop
      vertex 4 245.49 2
      vertex 141.72 235.33000000000004 2
      vertex 141.83074106456053 236.17116189658324 2
    endloop
  endfacet
  facet normal 0 0 1
    outer loop
      vertex 4 245.49 2
      vertex 141.83074106456053 236.17116189658324 2
      vertex 142.15541743770058 236.95500000000004 2
    endloop
  endfacet
  facet normal 0 0 1
    outer loop
      vertex 4 245.49 2
      vertex 142.67190296114373 233.03190296114377 2
      vertex 142.15541743770058 233.70500000000004 2
    endloop
  endfacet
  facet normal 0 0 1
    outer loop
      vertex 4 245.49 2
      vertex 143.345 232.51541743770062 2
      vertex 142.67190296114373 233.03190296114377 2
    endloop
  endfacet
  facet normal 0 0 1
    outer loop
      vertex 4 245.49 2
      vertex 144.1288381034168 232.19074106456057 2
      vertex 143.345 232.51541743770062 2
    endloop
  endfacet
  facet normal 0 0 1
    outer loop
      vertex 4 245.49 2
      vertex 144.97 232.08000000000004 2
      vertex 144.1288381034168 232.19074106456057 2
    endloop
  endfacet
  facet normal 0 0 1
    outer loop
      vertex 4 245.49 2
      vertex 142.15541743770058 236.95500000000004 2
      vertex 142.67190296114373 237.6280970388563 2
    endloop
  endfacet
  facet normal 0 0 1
    outer loop
      vertex 4 245.49 2
      vertex 142.67190296114373 237.6280970388563 2
      vertex 143.345 238.14458256229946 2
    endloop
  endfacet
  facet normal 0 0 1
    outer loop
      vertex 4 245.49 2
      vertex 143.345 238.14458256229946 2
      vertex 144.1288381034168 238.4692589354395 2
    endloop
  endfacet
  facet normal 0 0 1
    outer loop
      vertex 4 245.49 2
      vertex 144.1288381034168 238.4692589354395 2
      vertex 144.97 238.58000000000004 2
    endloop
  endfacet
  facet normal 0 0 -1
    outer loop
      vertex 0 0 0
      vertex 215.99 18.25 0
      vertex 215.99 0 0
    endloop
  endfacet
  facet normal 0 -1 0
    outer loop
      vertex 0 0 0
      vertex 215.99 0 0
      vertex 215.99 0 2
    endloop
  endfacet
  facet normal 0 0 -1
    outer loop
      vertex 0 0 0
      vertex 222 35.75 0
      vertex 215.99 18.25 0
    endloop
  endfacet
  facet normal 0 0 -1
    outer loop
      vertex 0 0 0
      vertex 215.99 35.75 0
      vertex 222 35.75 0
    endloop
  endfacet
  facet normal 0 0 -1
    outer loop
      vertex 0 0 0
      vertex 215.99 54.25 0
      vertex 215.99 35.75 0
    endloop
  endfacet
  facet normal 0 0 -1
    outer loop
      vertex 0 0 0
      vertex 222 71.75 0
      vertex 215.99 54.25 0
    endloop
  endfacet
  facet normal 0 0 -1
    outer loop
      vertex 0 0 0
      vertex 215.99 71.75 0
      vertex 222 71.75 0
    endloop
  endfacet
  facet normal 0 0 -1
    outer loop
      vertex 0 0 0
      vertex 215.99 90.25 0
      vertex 215.99 71.75 0
    endloop
  endfacet
  facet normal 0 0 1
    outer loop
      vertex 4 0 2
      vertex 215.99 0 2
      vertex 144.97 4.75 2
    endloop
  endfacet
  facet normal 0 0 1
    outer loop
      vertex 4 0 2
      vertex 144.97 11.25 2
      vertex 215.99 18.25 2
    endloop
  endfacet
  facet normal 0 0 1
    outer loop
      vertex 215.99 18.25 2
      vertex 146.595 64.87541743770058 2
      vertex 23.76 8 2
    endloop
  endfacet
  facet normal 0 0 1
    outer loop
      vertex 143.49179274798195 7.387706508215857 2
      vertex 144.35770650821584 6.521792747981941 2
      vertex 143.37 8 2
    endloop
  endfacet
  facet normal 0 0 1
    outer loop
      vertex 143.49179274798195 7.387706508215857 2
      vertex 143.83862915010153 6.8686291501015235 2
      vertex 144.35770650821584 6.521792747981941 2
    endloop
  endfacet
  facet normal 0 0 1
    outer loop
      vertex 143.37 8 2
      vertex 144.35770650821584 6.521792747981941 2
      vertex 144.97 6.4 2
    endloop
  endfacet
  facet normal 0 0 1
    outer loop
      vertex 143.37 8 2
      vertex 144.97 6.4 2
      vertex 145.58229349178416 6.521792747981941 2
    endloop
  endfacet
  facet normal 0 0 1
    outer loop
      vertex 143.37 8 2
      vertex 145.58229349178416 6.521792747981941 2
      vertex 146.10137084989847 6.8686291501015235 2
    endloop
  endfacet
  facet normal 0 0 1
    outer loop
      vertex 143.49179274798195 8.612293491784143 2
      vertex 146.10137084989847 6.8686291501015235 2
      vertex 146.44820725201805 7.387706508215857 2
    endloop
  endfacet
  facet normal 0 0 1
    outer loop
      vertex 143.37 8 2
      vertex 146.10137084989847 6.8686291501015235 2
      vertex 143.49179274798195 8.612293491784143 2
    endloop
  endfacet
  facet normal 0 0 1
    outer loop
      vertex 143.49179274798195 8.612293491784143 2
      vertex 146.44820725201805 8.612293491784143 2
      vertex 143.83862915010153 9.131370849898476 2
    endloop
  endfacet
  facet normal 0 0 1
    outer loop
      vertex 143.83862915010153 9.131370849898476 2
      vertex 146.44820725201805 8.612293491784143 2
      vertex 144.35770650821584 9.47820725201806 2
    endloop
  endfacet
  facet normal 0 0 1
    outer loop
      vertex 143.49179274798195 8.612293491784143 2
      vertex 146.44820725201805 7.387706508215857 2
      vertex 146.57 8 2
    endloop
  endfacet
  facet normal 0 0 1
    outer loop
      vertex 143.49179274798195 8.612293491784143 2
      vertex 146.57 8 2
      vertex 146.44820725201805 8.612293491784143 2
    endloop
  endfacet
  facet normal 0 0 1
    outer loop
      vertex 144.35770650821584 9.47820725201806 2
      vertex 146.44820725201805 8.612293491784143 2
      vertex 144.97 9.6 2
    endloop
  endfacet
  facet normal 0 0 1
    outer loop
      vertex 144.97 9.6 2
      vertex 146.10137084989847 9.131370849898476 2
      vertex 145.58229349178416 9.47820725201806 2
    endloop
  endfacet
  facet normal 0 0 1
    outer loop
      vertex 144.97 9.6 2
      vertex 146.44820725201805 8.612293491784143 2
      vertex 146.10137084989847 9.131370849898476 2
    endloop
  endfacet
  facet normal 0 0 1
    outer loop
      vertex 215.99 0 2
      vertex 145.8111618965832 4.8607410645605285 2
      vertex 144.97 4.75 2
    endloop
  endfacet
  facet normal 0 0 1
    outer loop
      vertex 215.99 0 2
      vertex 146.595 5.185417437700575 2
      vertex 145.8111618965832 4.8607410645605285 2
    endloop
  endfacet
  facet normal 0 0 1
    outer loop
      vertex 215.99 0 2
      vertex 147.26809703885627 5.70190296114372 2
      vertex 146.595 5.185417437700575 2
    endloop
  endfacet
  facet normal 0 0 1
    outer loop
      vertex 215.99 0 2
      vertex 147.78458256229942 6.375 2
      vertex 147.26809703885627 5.70190296114372 2
    endloop
  endfacet
  facet normal 0 0 1
    outer loop
      vertex 215.99 0 2
      vertex 148.10925893543947 7.158838103416808 2
      vertex 147.78458256229942 6.375 2
    endloop
  endfacet
  facet normal 0 0 1
    outer loop
      vertex 215.99 0 2
      vertex 148.22 8 2
      vertex 148.10925893543947 7.158838103416808 2
    endloop
  endfacet
  facet normal 0 0 1
    outer loop
      vertex 215.99 18.25 2
      vertex 144.97 11.25 2
      vertex 145.8111618965832 11.139258935439472 2
    endloop
  endfacet
  facet normal 0 0 1
    outer loop
      vertex 215.99 18.25 2
      vertex 145.8111618965832 11.139258935439472 2
      vertex 146.595 10.814582562299424 2
    endloop
  endfacet
  facet normal 0 0 1
    outer loop
      vertex 215.99 18.25 2
      vertex 146.595 10.814582562299424 2
      vertex 147.26809703885627 10.29809703885628 2
    endloop
  endfacet
  facet normal 0 0 1
    outer loop
      vertex 215.99 18.25 2
      vertex 148.10925893543947 8.841161896583193 2
      vertex 148.22 8 2
    endloop
  endfacet
  facet normal 0 0 1
    outer loop
      vertex 215.99 18.25 2
      vertex 147.78458256229942 9.625 2
      vertex 148.10925893543947 8.841161896583193 2
    endloop
  endfacet
  facet normal 0 0 1
    outer loop
      vertex 215.99 18.25 2
      vertex 147.26809703885627 10.29809703885628 2
      vertex 147.78458256229942 9.625 2
    endloop
  endfacet
  facet normal 0 0 1
    outer loop
      vertex 215.99 18.25 2
      vertex 147.26809703885627 65.39190296114371 2
      vertex 146.595 64.87541743770058 2
    endloop
  endfacet
  facet normal 0 0 1
    outer loop
      vertex 215.99 18.25 2
      vertex 147.78458256229942 66.065 2
      vertex 147.26809703885627 65.39190296114371 2
    endloop
  endfacet
  facet normal 0 0 1
    outer loop
      vertex 215.99 18.25 2
      vertex 148.10925893543947 66.84883810341681 2
      vertex 147.78458256229942 66.065 2
    endloop
  endfacet
  facet normal 0 0 1
    outer loop
      vertex 215.99 18.25 2
      vertex 148.22 67.69 2
      vertex 148.10925893543947 66.84883810341681 2
    endloop
  endfacet
  facet normal 0 0 1
    outer loop
      vertex 215.99 18.25 2
      vertex 148.10925893543947 68.53116189658319 2
      vertex 148.22 67.69 2
    endloop
  endfacet
  facet normal 0 0 1
    outer loop
      vertex 215.99 18.25 2
      vertex 147.26809703885627 69.98809703885628 2
      vertex 147.78458256229942 69.315 2
    endloop
  endfacet
  facet normal 0 0 1
    outer loop
      vertex 215.99 18.25 2
      vertex 147.78458256229942 69.315 2
      vertex 148.10925893543947 68.53116189658319 2
    endloop
  endfacet
  facet normal 0 0 1
    outer loop
      vertex 215.99 18.25 2
      vertex 146.595 70.50458256229942 2
      vertex 147.26809703885627 69.98809703885628 2
    endloop
  endfacet
  facet normal 0 0 -1
    outer loop
      vertex 0 0 0
      vertex 222 107.75 0
      vertex 215.99 90.25 0
    endloop
  endfacet
  facet normal 0 0 -1
    outer loop
      vertex 0 0 0
      vertex 215.99 107.75 0
      vertex 222 107.75 0
    endloop
  endfacet
  facet normal 0 0 -1
    outer loop
      vertex 0 0 0
      vertex 215.99 126.25 0
      vertex 215.99 107.75 0
    endloop
  endfacet
  facet normal 0 0 -1
    outer loop
      vertex 0 0 0
      vertex 222 143.75 0
      vertex 215.99 126.25 0
    endloop
  endfacet
  facet normal 0 0 -1
    outer loop
      vertex 0 0 0
      vertex 215.99 143.75 0
      vertex 222 143.75 0
    endloop
  endfacet
  facet normal 0 0 -1
    outer loop
      vertex 0 0 0
      vertex 215.99 162.25 0
      vertex 215.99 143.75 0
    endloop
  endfacet
  facet normal 0 0 -1
    outer loop
      vertex 0 0 0
      vertex 222 179.75 0
      vertex 215.99 162.25 0
    endloop
  endfacet
  facet normal 0 0 -1
    outer loop
      vertex 0 0 0
      vertex 215.99 179.75 0
      vertex 222 179.75 0
    endloop
  endfacet
  facet normal 0 0 1
    outer loop
      vertex 4 245.49 2
      vertex 146.595 70.50458256229942 2
      vertex 215.99 18.25 2
    endloop
  endfacet
  facet normal 0 0 1
    outer loop
      vertex 143.83862915010153 66.55862915010152 2
      vertex 144.97 66.09 2
      vertex 143.49179274798195 67.07770650821585 2
    endloop
  endfacet
  facet normal 0 0 1
    outer loop
      vertex 143.49179274798195 67.07770650821585 2
      vertex 144.97 66.09 2
      vertex 143.37 67.69 2
    endloop
  endfacet
  facet normal 0 0 1
    outer loop
      vertex 143.37 67.69 2
      vertex 144.97 66.09 2
      vertex 143.49179274798195 68.30229349178414 2
    endloop
  endfacet
  facet normal 0 0 1
    outer loop
      vertex 143.83862915010153 66.55862915010152 2
      vertex 144.35770650821584 66.21179274798195 2
      vertex 144.97 66.09 2
    endloop
  endfacet
  facet normal 0 0 1
    outer loop
      vertex 143.49179274798195 68.30229349178414 2
      vertex 144.97 66.09 2
      vertex 145.58229349178416 66.21179274798195 2
    endloop
  endfacet
  facet normal 0 0 1
    outer loop
      vertex 143.49179274798195 68.30229349178414 2
      vertex 145.58229349178416 66.21179274798195 2
      vertex 146.10137084989847 66.55862915010152 2
    endloop
  endfacet
  facet normal 0 0 1
    outer loop
      vertex 143.49179274798195 68.30229349178414 2
      vertex 146.44820725201805 67.07770650821585 2
      vertex 143.83862915010153 68.82137084989847 2
    endloop
  endfacet
  facet normal 0 0 1
    outer loop
      vertex 143.49179274798195 68.30229349178414 2
      vertex 146.10137084989847 66.55862915010152 2
      vertex 146.44820725201805 67.07770650821585 2
    endloop
  endfacet
  facet normal 0 0 1
    outer loop
      vertex 143.83862915010153 68.82137084989847 2
      vertex 146.44820725201805 67.07770650821585 2
      vertex 146.57 67.69 2
    endloop
  endfacet
  facet normal 0 0 1
    outer loop
      vertex 143.83862915010153 68.82137084989847 2
      vertex 146.57 67.69 2
      vertex 144.35770650821584 69.16820725201805 2
    endloop
  endfacet
  facet normal 0 0 1
    outer loop
      vertex 144.35770650821584 69.16820725201805 2
      vertex 146.57 67.69 2
      vertex 144.97 69.28999999999999 2
    endloop
  endfacet
  facet normal 0 0 1
    outer loop
      vertex 144.97 69.28999999999999 2
      vertex 146.57 67.69 2
      vertex 145.58229349178416 69.16820725201805 2
    endloop
  endfacet
  facet normal 0 0 1
    outer loop
      vertex 145.58229349178416 69.16820725201805 2
      vertex 146.44820725201805 68.30229349178414 2
      vertex 146.10137084989847 68.82137084989847 2
    endloop
  endfacet
  facet normal 0 0 1
    outer loop
      vertex 145.58229349178416 69.16820725201805 2
      vertex 146.57 67.69 2
      vertex 146.44820725201805 68.30229349178414 2
    endloop
  endfacet
  facet normal 0 0 1
    outer loop
      vertex 4 245.49 2
      vertex 215.99 18.25 2
      vertex 222 18.25 2
    endloop
  endfacet
  facet normal 0 0 1
    outer loop
      vertex 4 245.49 2
      vertex 222 18.25 2
      vertex 215.99 35.75 2
    endloop
  endfacet
  facet normal 0 0 1
    outer loop
      vertex 4 245.49 2
      vertex 215.99 35.75 2
      vertex 215.99 54.25 2
    endloop
  endfacet
  facet normal 0 0 1
    outer loop
      vertex 4 245.49 2
      vertex 215.99 54.25 2
      vertex 222 54.25 2
    endloop
  endfacet
  facet normal 0 0 1
    outer loop
      vertex 222 54.25 2
      vertex 215.99 71.75 2
      vertex 19.66883810341681 232.19074106456057 2
    endloop
  endfacet
  facet normal 0 0 -1
    outer loop
      vertex 215.99 18.25 0
      vertex 222 35.75 0
      vertex 222 18.25 0
    endloop
  endfacet
  facet normal 0 0 -1
    outer loop
      vertex 215.99 54.25 0
      vertex 222 71.75 0
      vertex 222 54.25 0
    endloop
  endfacet
  facet normal 0 0 1
    outer loop
      vertex 215.99 0 2
      vertex 215.99 18.25 2
      vertex 148.22 8 2
    endloop
  endfacet
  facet normal 0 0 1
    outer loop
      vertex 222 18.25 2
      vertex 222 35.75 2
      vertex 215.99 35.75 2
    endloop
  endfacet
  facet normal 0 0 -1
    outer loop
      vertex 215.99 90.25 0
      vertex 222 107.75 0
      vertex 222 90.25 0
    endloop
  endfacet
  facet normal 0 0 1
    outer loop
      vertex 222 54.25 2
      vertex 222 71.75 2
      vertex 215.99 71.75 2
    endloop
  endfacet
  facet normal 0 0 1
    outer loop
      vertex 222 90.25 2
      vertex 222 107.75 2
      vertex 215.99 107.75 2
    endloop
  endfacet
  facet normal 0 0 -1
    outer loop
      vertex 0 0 0
      vertex 215.99 198.25 0
      vertex 215.99 179.75 0
    endloop
  endfacet
  facet normal 0 0 -1
    outer loop
      vertex 0 0 0
      vertex 222 215.75 0
      vertex 215.99 198.25 0
    endloop
  endfacet
  facet normal 0 0 -1
    outer loop
      vertex 0 0 0
      vertex 215.99 215.75 0
      vertex 222 215.75 0
    endloop
  endfacet
  facet normal 0 0 -1
    outer loop
      vertex 0 0 0
      vertex 215.99 234.25 0
      vertex 215.99 215.75 0
    endloop
  endfacet
  facet normal 0 0 -1
    outer loop
      vertex 0 0 0
      vertex 222 249.49 0
      vertex 215.99 234.25 0
    endloop
  endfacet
  facet normal 0 0 1
    outer loop
      vertex 215.99 71.75 2
      vertex 215.99 90.25 2
      vertex 19.66883810341681 232.19074106456057 2
    endloop
  endfacet
  facet normal 0 0 1
    outer loop
      vertex 215.99 90.25 2
      vertex 222 90.25 2
      vertex 22.135 232.51541743770062 2
    endloop
  endfacet
  facet normal 0 0 1
    outer loop
      vertex 222 90.25 2
      vertex 215.99 107.75 2
      vertex 22.135 232.51541743770062 2
    endloop
  endfacet
  facet normal 0 0 1
    outer loop
      vertex 215.99 107.75 2
      vertex 215.99 126.25 2
      vertex 22.808097038856282 233.03190296114377 2
    endloop
  endfacet
  facet normal 0 0 1
    outer loop
      vertex 215.99 126.25 2
      vertex 222 126.25 2
      vertex 23.649258935439473 234.48883810341684 2
    endloop
  endfacet
  facet normal 0 0 1
    outer loop
      vertex 222 126.25 2
      vertex 215.99 143.75 2
      vertex 23.649258935439473 234.48883810341684 2
    endloop
  endfacet
  facet normal 0 0 1
    outer loop
      vertex 215.99 143.75 2
      vertex 215.99 162.25 2
      vertex 23.76 235.33000000000004 2
    endloop
  endfacet
  facet normal 0 1 0
    outer loop
      vertex 0 249.49 2
      vertex 222 249.49 2
      vertex 222 249.49 0
    endloop
  endfacet
  facet normal 0 0 1
    outer loop
      vertex 4 245.49 2
      vertex 215.99 215.75 2
      vertex 144.97 232.08000000000004 2
    endloop
  endfacet
  facet normal 0 0 1
    outer loop
      vertex 4 245.49 2
      vertex 144.97 238.58000000000004 2
      vertex 222 245.49 2
    endloop
  endfacet
  facet normal 0 0 1
    outer loop
      vertex 4 245.49 2
      vertex 215.99 162.25 2
      vertex 222 162.25 2
    endloop
  endfacet
  facet normal 0 0 1
    outer loop
      vertex 4 245.49 2
      vertex 222 162.25 2
      vertex 215.99 179.75 2
    endloop
  endfacet
  facet normal 0 0 1
    outer loop
      vertex 4 245.49 2
      vertex 215.99 179.75 2
      vertex 215.99 198.25 2
    endloop
  endfacet
  facet normal 0 0 1
    outer loop
      vertex 4 245.49 2
      vertex 215.99 198.25 2
      vertex 222 198.25 2
    endloop
  endfacet
  facet normal 0 0 1
    outer loop
      vertex 4 245.49 2
      vertex 222 198.25 2
      vertex 215.99 215.75 2
    endloop
  endfacet
  facet normal 0 0 1
    outer loop
      vertex 143.49179274798195 234.71770650821588 2
      vertex 143.83862915010153 234.19862915010157 2
      vertex 143.37 235.33000000000004 2
    endloop
  endfacet
  facet normal 0 0 1
    outer loop
      vertex 143.83862915010153 234.19862915010157 2
      vertex 143.49179274798195 235.9422934917842 2
      vertex 143.37 235.33000000000004 2
    endloop
  endfacet
  facet normal 0 0 1
    outer loop
      vertex 143.83862915010153 234.19862915010157 2
      vertex 143.83862915010153 236.46137084989851 2
      vertex 143.49179274798195 235.9422934917842 2
    endloop
  endfacet
  facet normal 0 0 1
    outer loop
      vertex 143.83862915010153 234.19862915010157 2
      vertex 144.35770650821584 236.8082072520181 2
      vertex 143.83862915010153 236.46137084989851 2
    endloop
  endfacet
  facet normal 0 0 1
    outer loop
      vertex 144.35770650821584 233.851792747982 2
      vertex 144.97 233.73000000000005 2
      vertex 146.10137084989847 234.19862915010157 2
    endloop
  endfacet
  facet normal 0 0 1
    outer loop
      vertex 143.83862915010153 234.19862915010157 2
      vertex 144.35770650821584 233.851792747982 2
      vertex 146.44820725201805 235.9422934917842 2
    endloop
  endfacet
  facet normal 0 0 1
    outer loop
      vertex 144.97 233.73000000000005 2
      vertex 145.58229349178416 233.851792747982 2
      vertex 146.10137084989847 234.19862915010157 2
    endloop
  endfacet
  facet normal 0 0 1
    outer loop
      vertex 144.35770650821584 233.851792747982 2
      vertex 146.10137084989847 234.19862915010157 2
      vertex 146.44820725201805 234.71770650821588 2
    endloop
  endfacet
  facet normal 0 0 1
    outer loop
      vertex 144.35770650821584 233.851792747982 2
      vertex 146.44820725201805 234.71770650821588 2
      vertex 146.57 235.33000000000004 2
    endloop
  endfacet
  facet normal 0 0 1
    outer loop
      vertex 143.83862915010153 234.19862915010157 2
      vertex 146.10137084989847 236.46137084989851 2
      vertex 145.58229349178416 236.8082072520181 2
    endloop
  endfacet
  facet normal 0 0 1
    outer loop
      vertex 143.83862915010153 234.19862915010157 2
      vertex 146.44820725201805 235.9422934917842 2
      vertex 146.10137084989847 236.46137084989851 2
    endloop
  endfacet
  facet normal 0 0 1
    outer loop
      vertex 144.35770650821584 233.851792747982 2
      vertex 146.57 235.33000000000004 2
      vertex 146.44820725201805 235.9422934917842 2
    endloop
  endfacet
  facet normal 0 0 1
    outer loop
      vertex 143.83862915010153 234.19862915010157 2
      vertex 144.97 236.93000000000004 2
      vertex 144.35770650821584 236.8082072520181 2
    endloop
  endfacet
  facet normal 0 0 1
    outer loop
      vertex 143.83862915010153 234.19862915010157 2
      vertex 145.58229349178416 236.8082072520181 2
      vertex 144.97 236.93000000000004 2
    endloop
  endfacet
  facet normal 0 0 1
    outer loop
      vertex 215.99 215.75 2
      vertex 145.8111618965832 232.19074106456057 2
      vertex 144.97 232.08000000000004 2
    endloop
  endfacet
  facet normal 0 0 1
    outer loop
      vertex 215.99 215.75 2
      vertex 146.595 232.51541743770062 2
      vertex 145.8111618965832 232.19074106456057 2
    endloop
  endfacet
  facet normal 0 0 1
    outer loop
      vertex 215.99 215.75 2
      vertex 147.26809703885627 233.03190296114377 2
      vertex 146.595 232.51541743770062 2
    endloop
  endfacet
  facet normal 0 0 1
    outer loop
      vertex 215.99 215.75 2
      vertex 147.78458256229942 233.70500000000004 2
      vertex 147.26809703885627 233.03190296114377 2
    endloop
  endfacet
  facet normal 0 0 1
    outer loop
      vertex 215.99 215.75 2
      vertex 148.10925893543947 234.48883810341684 2
      vertex 147.78458256229942 233.70500000000004 2
    endloop
  endfacet
  facet normal 0 0 1
    outer loop
      vertex 215.99 215.75 2
      vertex 148.22 235.33000000000004 2
      vertex 148.10925893543947 234.48883810341684 2
    endloop
  endfacet
  facet normal 0 0 1
    outer loop
      vertex 215.99 234.25 2
      vertex 148.10925893543947 236.17116189658324 2
      vertex 148.22 235.33000000000004 2
    endloop
  endfacet
  facet normal 0 0 1
    outer loop
      vertex 215.99 234.25 2
      vertex 147.78458256229942 236.95500000000004 2
      vertex 148.10925893543947 236.17116189658324 2
    endloop
  endfacet
  facet normal 0 0 1
    outer loop
      vertex 215.99 234.25 2
      vertex 147.26809703885627 237.6280970388563 2
      vertex 147.78458256229942 236.95500000000004 2
    endloop
  endfacet
  facet normal 0 0 1
    outer loop
      vertex 222 245.49 2
      vertex 144.97 238.58000000000004 2
      vertex 145.8111618965832 238.4692589354395 2
    endloop
  endfacet
  facet normal 0 0 -1
    outer loop
      vertex 215.99 126.25 0
      vertex 222 143.75 0
      vertex 222 126.25 0
    endloop
  endfacet
  facet normal 0 0 -1
    outer loop
      vertex 215.99 162.25 0
      vertex 222 179.75 0
      vertex 222 162.25 0
    endloop
  endfacet
  facet normal 0 0 1
    outer loop
      vertex 222 126.25 2
      vertex 222 143.75 2
      vertex 215.99 143.75 2
    endloop
  endfacet
  facet normal 0 0 1
    outer loop
      vertex 222 162.25 2
      vertex 222 179.75 2
      vertex 215.99 179.75 2
    endloop
  endfacet
  facet normal 0 0 -1
    outer loop
      vertex 215.99 198.25 0
      vertex 222 215.75 0
      vertex 222 198.25 0
    endloop
  endfacet
  facet normal 0 0 -1
    outer loop
      vertex 215.99 234.25 0
      vertex 222 249.49 0
      vertex 222 234.25 0
    endloop
  endfacet
  facet normal 1 0 0
    outer loop
      vertex 222 234.25 0
      vertex 222 249.49 0
      vertex 222 245.49 2
    endloop
  endfacet
  facet normal 1 0 0
    outer loop
      vertex 222 234.25 0
      vertex 222 245.49 2
      vertex 222 234.25 2
    endloop
  endfacet
  facet normal 1 0 0
    outer loop
      vertex 222 249.49 0
      vertex 222 249.49 2
      vertex 222 245.49 2
    endloop
  endfacet
  facet normal 0 0 1
    outer loop
      vertex 222 245.49 2
      vertex 145.8111618965832 238.4692589354395 2
      vertex 146.595 238.14458256229946 2
    endloop
  endfacet
  facet normal 0 0 1
    outer loop
      vertex 222 245.49 2
      vertex 146.595 238.14458256229946 2
      vertex 147.26809703885627 237.6280970388563 2
    endloop
  endfacet
  facet normal 0 0 1
    outer loop
      vertex 215.99 215.75 2
      vertex 215.99 234.25 2
      vertex 148.22 235.33000000000004 2
    endloop
  endfacet
  facet normal 0 0 1
    outer loop
      vertex 215.99 234.25 2
      vertex 222 234.25 2
      vertex 147.26809703885627 237.6280970388563 2
    endloop
  endfacet
  facet normal 0 0 1
    outer loop
      vertex 222 234.25 2
      vertex 222 245.49 2
      vertex 147.26809703885627 237.6280970388563 2
    endloop
  endfacet
  facet normal 0 0 1
    outer loop
      vertex 222 198.25 2
      vertex 222 215.75 2
      vertex 215.99 215.75 2
    endloop
  endfacet
  facet normal 0 -1 0
    outer loop
      vertex 0 0 2
      vertex 4 0 2
      vertex 4 0 7
    endloop
  endfacet
  facet normal 1 0 0
    outer loop
      vertex 4 0 2
      vertex 4 245.49 2
      vertex 4 0 7
    endloop
  endfacet
  facet normal 0 -1 0
    outer loop
      vertex 0 0 2
      vertex 4 0 7
      vertex 0 0 7
    endloop
  endfacet
  facet normal -1 0 0
    outer loop
      vertex 0 0 2
      vertex 0 0 7
      vertex 0 245.49 7
    endloop
  endfacet
  facet normal 0 0 1
    outer loop
      vertex 0 0 7
      vertex 4 0 7
      vertex 4 245.49 7
    endloop
  endfacet
  facet normal -1 0 0
    outer loop
      vertex 0 0 2
      vertex 0 245.49 7
      vertex 0 245.49 2
    endloop
  endfacet
  facet normal 1 0 0
    outer loop
      vertex 4 0 7
      vertex 4 245.49 2
      vertex 4 245.49 7
    endloop
  endfacet
  facet normal 0 0 1
    outer loop
      vertex 0 0 7
      vertex 4 245.49 7
      vertex 0 245.49 7
    endloop
  endfacet
  facet normal -1 0 0
    outer loop
      vertex 0 245.49 2
      vertex 0 249.49 7
      vertex 0 249.49 2
    endloop
  endfacet
  facet normal 0 1 0
    outer loop
      vertex 0 249.49 2
      vertex 0 249.49 7
      vertex 222 249.49 2
    endloop
  endfacet
  facet normal -1 0 0
    outer loop
      vertex 0 245.49 2
      vertex 0 245.49 7
      vertex 0 249.49 7
    endloop
  endfacet
  facet normal 0 0 1
    outer loop
      vertex 0 245.49 7
      vertex 4 245.49 7
      vertex 0 249.49 7
    endloop
  endfacet
  facet normal 0 -1 0
    outer loop
      vertex 4 245.49 2
      vertex 222 245.49 7
      vertex 4 245.49 7
    endloop
  endfacet
  facet normal 0 0 1
    outer loop
      vertex 0 249.49 7
      vertex 4 245.49 7
      vertex 222 245.49 7
    endloop
  endfacet
  facet normal 0 -1 0
    outer loop
      vertex 4 245.49 2
      vertex 222 245.49 2
      vertex 222 245.49 7
    endloop
  endfacet
  facet normal 1 0 0
    outer loop
      vertex 222 245.49 2
      vertex 222 249.49 2
      vertex 222 245.49 7
    endloop
  endfacet
  facet normal 0 1 0
    outer loop
      vertex 0 249.49 7
      vertex 222 249.49 7
      vertex 222 249.49 2
    endloop
  endfacet
  facet normal 0 0 1
    outer loop
      vertex 0 249.49 7
      vertex 222 245.49 7
      vertex 222 249.49 7
    endloop
  endfacet
  facet normal 1 0 0
    outer loop
      vertex 222 249.49 2
      vertex 222 249.49 7
      vertex 222 245.49 7
    endloop
  endfacet
  facet normal 1 0 0
    outer loop
      vertex 215.99 0 0
      vertex 215.99 18.25 0
      vertex 215.99 18.25 2
    endloop
  endfacet
  facet normal 0 -1 0
    outer loop
      vertex 215.99 18.25 0
      vertex 222 18.25 0
      vertex 222 18.25 2
    endloop
  endfacet
  facet normal 0 -1 0
    outer loop
      vertex 222 18.25 0
      vertex 222.01000000000002 18.25 0
      vertex 222.01000000000002 18.25 2
    endloop
  endfacet
  facet normal -1 0 0
    outer loop
      vertex 222.01000000000002 18 0
      vertex 222.01000000000002 18.25 2
      vertex 222.01000000000002 18.25 0
    endloop
  endfacet
  facet normal 1 0 0
    outer loop
      vertex 215.99 0 0
      vertex 215.99 18.25 2
      vertex 215.99 0 2
    endloop
  endfacet
  facet normal 0 -1 0
    outer loop
      vertex 215.99 18.25 0
      vertex 222 18.25 2
      vertex 215.99 18.25 2
    endloop
  endfacet
  facet normal 0 -1 0
    outer loop
      vertex 222 18.25 0
      vertex 222.01000000000002 18.25 2
      vertex 222 18.25 2
    endloop
  endfacet
  facet normal -1 0 0
    outer loop
      vertex 222.01000000000002 18 0
      vertex 222.01000000000002 18 2
      vertex 222.01000000000002 18.25 2
    endloop
  endfacet
  facet normal 0 1 0
    outer loop
      vertex 215.99 35.75 0
      vertex 215.99 35.75 2
      vertex 222 35.75 0
    endloop
  endfacet
  facet normal 0 1 0
    outer loop
      vertex 222 35.75 0
      vertex 222 35.75 2
      vertex 222.01000000000002 35.75 0
    endloop
  endfacet
  facet normal -1 0 0
    outer loop
      vertex 222.01000000000002 35.75 0
      vertex 222.01000000000002 36 2
      vertex 222.01000000000002 36 0
    endloop
  endfacet
  facet normal 1 0 0
    outer loop
      vertex 215.99 35.75 0
      vertex 215.99 54.25 0
      vertex 215.99 54.25 2
    endloop
  endfacet
  facet normal 0 -1 0
    outer loop
      vertex 215.99 54.25 0
      vertex 222 54.25 0
      vertex 222 54.25 2
    endloop
  endfacet
  facet normal 0 -1 0
    outer loop
      vertex 222 54.25 0
      vertex 222.01000000000002 54.25 0
      vertex 222.01000000000002 54.25 2
    endloop
  endfacet
  facet normal -1 0 0
    outer loop
      vertex 222.01000000000002 54 0
      vertex 222.01000000000002 54.25 2
      vertex 222.01000000000002 54.25 0
    endloop
  endfacet
  facet normal 0 1 0
    outer loop
      vertex 222 35.75 0
      vertex 215.99 35.75 2
      vertex 222 35.75 2
    endloop
  endfacet
  facet normal 1 0 0
    outer loop
      vertex 215.99 35.75 0
      vertex 215.99 54.25 2
      vertex 215.99 35.75 2
    endloop
  endfacet
  facet normal 0 1 0
    outer loop
      vertex 222.01000000000002 35.75 0
      vertex 222 35.75 2
      vertex 222.01000000000002 35.75 2
    endloop
  endfacet
  facet normal -1 0 0
    outer loop
      vertex 222.01000000000002 35.75 0
      vertex 222.01000000000002 35.75 2
      vertex 222.01000000000002 36 2
    endloop
  endfacet
  facet normal 0 -1 0
    outer loop
      vertex 215.99 54.25 0
      vertex 222 54.25 2
      vertex 215.99 54.25 2
    endloop
  endfacet
  facet normal -1 0 0
    outer loop
      vertex 222.01000000000002 54 0
      vertex 222.01000000000002 54 2
      vertex 222.01000000000002 54.25 2
    endloop
  endfacet
  facet normal 0 -1 0
    outer loop
      vertex 222 54.25 0
      vertex 222.01000000000002 54.25 2
      vertex 222 54.25 2
    endloop
  endfacet
  facet normal 0 1 0
    outer loop
      vertex 215.99 71.75 0
      vertex 215.99 71.75 2
      vertex 222 71.75 0
    endloop
  endfacet
  facet normal 0 1 0
    outer loop
      vertex 222 71.75 0
      vertex 222 71.75 2
      vertex 222.01000000000002 71.75 0
    endloop
  endfacet
  facet normal -1 0 0
    outer loop
      vertex 222.01000000000002 71.75 0
      vertex 222.01000000000002 72 2
      vertex 222.01000000000002 72 0
    endloop
  endfacet
  facet normal 1 0 0
    outer loop
      vertex 215.99 71.75 0
      vertex 215.99 90.25 0
      vertex 215.99 90.25 2
    endloop
  endfacet
  facet normal 0 -1 0
    outer loop
      vertex 215.99 90.25 0
      vertex 222 90.25 0
      vertex 222 90.25 2
    endloop
  endfacet
  facet normal 0 -1 0
    outer loop
      vertex 222 90.25 0
      vertex 222.01000000000002 90.25 0
      vertex 222.01000000000002 90.25 2
    endloop
  endfacet
  facet normal -1 0 0
    outer loop
      vertex 222.01000000000002 90 0
      vertex 222.01000000000002 90.25 2
      vertex 222.01000000000002 90.25 0
    endloop
  endfacet
  facet normal 1 0 0
    outer loop
      vertex 215.99 71.75 0
      vertex 215.99 90.25 2
      vertex 215.99 71.75 2
    endloop
  endfacet
  facet normal 0 1 0
    outer loop
      vertex 222 71.75 0
      vertex 215.99 71.75 2
      vertex 222 71.75 2
    endloop
  endfacet
  facet normal 0 1 0
    outer loop
      vertex 222.01000000000002 71.75 0
      vertex 222 71.75 2
      vertex 222.01000000000002 71.75 2
    endloop
  endfacet
  facet normal -1 0 0
    outer loop
      vertex 222.01000000000002 71.75 0
      vertex 222.01000000000002 71.75 2
      vertex 222.01000000000002 72 2
    endloop
  endfacet
  facet normal 0 -1 0
    outer loop
      vertex 215.99 90.25 0
      vertex 222 90.25 2
      vertex 215.99 90.25 2
    endloop
  endfacet
  facet normal -1 0 0
    outer loop
      vertex 222.01000000000002 90 0
      vertex 222.01000000000002 90 2
      vertex 222.01000000000002 90.25 2
    endloop
  endfacet
  facet normal 0 -1 0
    outer loop
      vertex 222 90.25 0
      vertex 222.01000000000002 90.25 2
      vertex 222 90.25 2
    endloop
  endfacet
  facet normal 0 1 0
    outer loop
      vertex 215.99 107.75 0
      vertex 215.99 107.75 2
      vertex 222 107.75 0
    endloop
  endfacet
  facet normal 0 1 0
    outer loop
      vertex 222 107.75 0
      vertex 222 107.75 2
      vertex 222.01000000000002 107.75 0
    endloop
  endfacet
  facet normal -1 0 0
    outer loop
      vertex 222.01000000000002 107.75 0
      vertex 222.01000000000002 108 2
      vertex 222.01000000000002 108 0
    endloop
  endfacet
  facet normal 1 0 0
    outer loop
      vertex 215.99 107.75 0
      vertex 215.99 126.25 0
      vertex 215.99 126.25 2
    endloop
  endfacet
  facet normal 0 1 0
    outer loop
      vertex 222 107.75 0
      vertex 215.99 107.75 2
      vertex 222 107.75 2
    endloop
  endfacet
  facet normal 0 1 0
    outer loop
      vertex 222.01000000000002 107.75 0
      vertex 222 107.75 2
      vertex 222.01000000000002 107.75 2
    endloop
  endfacet
  facet normal -1 0 0
    outer loop
      vertex 222.01000000000002 107.75 0
      vertex 222.01000000000002 107.75 2
      vertex 222.01000000000002 108 2
    endloop
  endfacet
  facet normal 1 0 0
    outer loop
      vertex 215.99 107.75 0
      vertex 215.99 126.25 2
      vertex 215.99 107.75 2
    endloop
  endfacet
  facet normal 0 -1 0
    outer loop
      vertex 215.99 126.25 0
      vertex 222 126.25 0
      vertex 222 126.25 2
    endloop
  endfacet
  facet normal -1 0 0
    outer loop
      vertex 222.01000000000002 126 0
      vertex 222.01000000000002 126.25 2
      vertex 222.01000000000002 126.25 0
    endloop
  endfacet
  facet normal 0 -1 0
    outer loop
      vertex 222 126.25 0
      vertex 222.01000000000002 126.25 0
      vertex 222.01000000000002 126.25 2
    endloop
  endfacet
  facet normal 0 -1 0
    outer loop
      vertex 215.99 126.25 0
      vertex 222 126.25 2
      vertex 215.99 126.25 2
    endloop
  endfacet
  facet normal -1 0 0
    outer loop
      vertex 222.01000000000002 126 0
      vertex 222.01000000000002 126 2
      vertex 222.01000000000002 126.25 2
    endloop
  endfacet
  facet normal 0 -1 0
    outer loop
      vertex 222 126.25 0
      vertex 222.01000000000002 126.25 2
      vertex 222 126.25 2
    endloop
  endfacet
  facet normal 0 1 0
    outer loop
      vertex 215.99 143.75 0
      vertex 215.99 143.75 2
      vertex 222 143.75 0
    endloop
  endfacet
  facet normal 0 1 0
    outer loop
      vertex 222 143.75 0
      vertex 222 143.75 2
      vertex 222.01000000000002 143.75 0
    endloop
  endfacet
  facet normal -1 0 0
    outer loop
      vertex 222.01000000000002 143.75 0
      vertex 222.01000000000002 144 2
      vertex 222.01000000000002 144 0
    endloop
  endfacet
  facet normal 0 1 0
    outer loop
      vertex 222 143.75 0
      vertex 215.99 143.75 2
      vertex 222 143.75 2
    endloop
  endfacet
  facet normal 1 0 0
    outer loop
      vertex 215.99 143.75 0
      vertex 215.99 162.25 2
      vertex 215.99 143.75 2
    endloop
  endfacet
  facet normal 0 1 0
    outer loop
      vertex 222.01000000000002 143.75 0
      vertex 222 143.75 2
      vertex 222.01000000000002 143.75 2
    endloop
  endfacet
  facet normal -1 0 0
    outer loop
      vertex 222.01000000000002 143.75 0
      vertex 222.01000000000002 143.75 2
      vertex 222.01000000000002 144 2
    endloop
  endfacet
  facet normal 1 0 0
    outer loop
      vertex 215.99 143.75 0
      vertex 215.99 162.25 0
      vertex 215.99 162.25 2
    endloop
  endfacet
  facet normal 0 -1 0
    outer loop
      vertex 215.99 162.25 0
      vertex 222 162.25 0
      vertex 222 162.25 2
    endloop
  endfacet
  facet normal 0 -1 0
    outer loop
      vertex 222 162.25 0
      vertex 222.01000000000002 162.25 0
      vertex 222.01000000000002 162.25 2
    endloop
  endfacet
  facet normal -1 0 0
    outer loop
      vertex 222.01000000000002 162 0
      vertex 222.01000000000002 162.25 2
      vertex 222.01000000000002 162.25 0
    endloop
  endfacet
  facet normal 0 -1 0
    outer loop
      vertex 215.99 162.25 0
      vertex 222 162.25 2
      vertex 215.99 162.25 2
    endloop
  endfacet
  facet normal 0 -1 0
    outer loop
      vertex 222 162.25 0
      vertex 222.01000000000002 162.25 2
      vertex 222 162.25 2
    endloop
  endfacet
  facet normal -1 0 0
    outer loop
      vertex 222.01000000000002 162 0
      vertex 222.01000000000002 162 2
      vertex 222.01000000000002 162.25 2
    endloop
  endfacet
  facet normal 0 1 0
    outer loop
      vertex 215.99 179.75 0
      vertex 215.99 179.75 2
      vertex 222 179.75 0
    endloop
  endfacet
  facet normal 0 1 0
    outer loop
      vertex 222 179.75 0
      vertex 222 179.75 2
      vertex 222.01000000000002 179.75 0
    endloop
  endfacet
  facet normal -1 0 0
    outer loop
      vertex 222.01000000000002 179.75 0
      vertex 222.01000000000002 180 2
      vertex 222.01000000000002 180 0
    endloop
  endfacet
  facet normal 1 0 0
    outer loop
      vertex 215.99 179.75 0
      vertex 215.99 198.25 2
      vertex 215.99 179.75 2
    endloop
  endfacet
  facet normal 0 1 0
    outer loop
      vertex 222 179.75 0
      vertex 215.99 179.75 2
      vertex 222 179.75 2
    endloop
  endfacet
  facet normal 0 1 0
    outer loop
      vertex 222.01000000000002 179.75 0
      vertex 222 179.75 2
      vertex 222.01000000000002 179.75 2
    endloop
  endfacet
  facet normal -1 0 0
    outer loop
      vertex 222.01000000000002 179.75 0
      vertex 222.01000000000002 179.75 2
      vertex 222.01000000000002 180 2
    endloop
  endfacet
  facet normal 1 0 0
    outer loop
      vertex 215.99 179.75 0
      vertex 215.99 198.25 0
      vertex 215.99 198.25 2
    endloop
  endfacet
  facet normal 0 -1 0
    outer loop
      vertex 215.99 198.25 0
      vertex 222 198.25 0
      vertex 222 198.25 2
    endloop
  endfacet
  facet normal 0 -1 0
    outer loop
      vertex 222 198.25 0
      vertex 222.01000000000002 198.25 0
      vertex 222.01000000000002 198.25 2
    endloop
  endfacet
  facet normal -1 0 0
    outer loop
      vertex 222.01000000000002 198 0
      vertex 222.01000000000002 198.25 2
      vertex 222.01000000000002 198.25 0
    endloop
  endfacet
  facet normal 0 -1 0
    outer loop
      vertex 215.99 198.25 0
      vertex 222 198.25 2
      vertex 215.99 198.25 2
    endloop
  endfacet
  facet normal 0 -1 0
    outer loop
      vertex 222 198.25 0
      vertex 222.01000000000002 198.25 2
      vertex 222 198.25 2
    endloop
  endfacet
  facet normal -1 0 0
    outer loop
      vertex 222.01000000000002 198 0
      vertex 222.01000000000002 198 2
      vertex 222.01000000000002 198.25 2
    endloop
  endfacet
  facet normal 0 1 0
    outer loop
      vertex 215.99 215.75 0
      vertex 215.99 215.75 2
      vertex 222 215.75 0
    endloop
  endfacet
  facet normal 0 1 0
    outer loop
      vertex 222 215.75 0
      vertex 222 215.75 2
      vertex 222.01000000000002 215.75 0
    endloop
  endfacet
  facet normal -1 0 0
    outer loop
      vertex 222.01000000000002 215.75 0
      vertex 222.01000000000002 216 2
      vertex 222.01000000000002 216 0
    endloop
  endfacet
  facet normal 0 1 0
    outer loop
      vertex 222 215.75 0
      vertex 215.99 215.75 2
      vertex 222 215.75 2
    endloop
  endfacet
  facet normal 0 1 0
    outer loop
      vertex 222.01000000000002 215.75 0
      vertex 222 215.75 2
      vertex 222.01000000000002 215.75 2
    endloop
  endfacet
  facet normal -1 0 0
    outer loop
      vertex 222.01000000000002 215.75 0
      vertex 222.01000000000002 215.75 2
      vertex 222.01000000000002 216 2
    endloop
  endfacet
  facet normal 1 0 0
    outer loop
      vertex 215.99 215.75 0
      vertex 215.99 234.25 0
      vertex 215.99 234.25 2
    endloop
  endfacet
  facet normal 0 -1 0
    outer loop
      vertex 215.99 234.25 0
      vertex 222 234.25 0
      vertex 222 234.25 2
    endloop
  endfacet
  facet normal 1 0 0
    outer loop
      vertex 215.99 215.75 0
      vertex 215.99 234.25 2
      vertex 215.99 215.75 2
    endloop
  endfacet
  facet normal 0 -1 0
    outer loop
      vertex 215.99 234.25 0
      vertex 222 234.25 2
      vertex 215.99 234.25 2
    endloop
  endfacet
endsolid OpenSCAD_Model
