solid OpenSCAD_Model
  facet normal 0 0 -1
    outer loop
      vertex -19.3 0 0
      vertex -19.3 3 0
      vertex 0 3 0
    endloop
  endfacet
  facet normal 0 -1 0
    outer loop
      vertex -19.3 0 0
      vertex -9.65 0 8.2375
      vertex -10.747010330031063 0 8.411249367152207
    endloop
  endfacet
  facet normal 0 1 0
    outer loop
      vertex -19.3 3 0
      vertex -10.747010330031063 3 8.411249367152207
      vertex -9.65 3 8.2375
    endloop
  endfacet
  facet normal 0 1 0
    outer loop
      vertex -19.3 3 0
      vertex -9.65 3 8.2375
      vertex -8.552989669968937 3 8.411249367152207
    endloop
  endfacet
  facet normal 0 -1 0
    outer loop
      vertex -19.3 0 0
      vertex 0 0 0
      vertex -9.65 0 8.2375
    endloop
  endfacet
  facet normal 0 0 -1
    outer loop
      vertex -19.3 0 0
      vertex 0 3 0
      vertex 0 0 0
    endloop
  endfacet
  facet normal 0 1 0
    outer loop
      vertex -19.3 3 0
      vertex -8.552989669968937 3 8.411249367152207
      vertex 0 3 0
    endloop
  endfacet
  facet normal 0 -1 0
    outer loop
      vertex -9.65 0 8.2375
      vertex 0 0 0
      vertex -8.552989669968937 0 8.411249367152207
    endloop
  endfacet
  facet normal 0 -1 0
    outer loop
      vertex -19.3 0 0
      vertex -10.747010330031063 0 8.411249367152207
      vertex -11.736637645638279 0 8.915489669968938
    endloop
  endfacet
  facet normal 0 -1 0
    outer loop
      vertex -19.3 0 0
      vertex -11.736637645638279 0 8.915489669968938
      vertex -12.522010330031064 0 9.700862354361721
    endloop
  endfacet
  facet normal 0 -1 0
    outer loop
      vertex -19.3 0 0
      vertex -12.522010330031064 0 9.700862354361721
      vertex -13.026250632847795 0 10.690489669968938
    endloop
  endfacet
  facet normal 0 -1 0
    outer loop
      vertex -19.3 0 0
      vertex -13.026250632847795 0 10.690489669968938
      vertex -13.2 0 11.787500000000001
    endloop
  endfacet
  facet normal 0 1 0
    outer loop
      vertex -19.3 3 0
      vertex -11.736637645638279 3 8.915489669968938
      vertex -10.747010330031063 3 8.411249367152207
    endloop
  endfacet
  facet normal 0 1 0
    outer loop
      vertex -19.3 3 0
      vertex -12.522010330031064 3 9.700862354361721
      vertex -11.736637645638279 3 8.915489669968938
    endloop
  endfacet
  facet normal 0 1 0
    outer loop
      vertex -19.3 3 0
      vertex -13.026250632847795 3 10.690489669968938
      vertex -12.522010330031064 3 9.700862354361721
    endloop
  endfacet
  facet normal 0 1 0
    outer loop
      vertex -19.3 3 0
      vertex -13.2 3 11.787500000000001
      vertex -13.026250632847795 3 10.690489669968938
    endloop
  endfacet
  facet normal 0 -1 0
    outer loop
      vertex -19.3 0 0
      vertex -13.2 0 11.787500000000001
      vertex -13.2 0 16.7875
    endloop
  endfacet
  facet normal 0.7071067811865467 7.880472703528034e-18 0.7071067811865482
    outer loop
      vertex -12.522010330031064 0 9.700862354361721
      vertex -11.736637645638279 0 8.915489669968938
      vertex -11.736637645638279 3 8.915489669968938
    endloop
  endfacet
  facet normal 0.7071067811865467 0 0.7071067811865482
    outer loop
      vertex -12.522010330031064 0 9.700862354361721
      vertex -11.736637645638279 3 8.915489669968938
      vertex -12.522010330031064 3 9.700862354361721
    endloop
  endfacet
  facet normal 0.8910065241883683 0 0.45399049973954586
    outer loop
      vertex -12.522010330031064 0 9.700862354361721
      vertex -12.522010330031064 3 9.700862354361721
      vertex -13.026250632847795 0 10.690489669968938
    endloop
  endfacet
  facet normal 0.9876883405951379 0 0.15643446504023073
    outer loop
      vertex -13.026250632847795 0 10.690489669968938
      vertex -13.026250632847795 3 10.690489669968938
      vertex -13.2 0 11.787500000000001
    endloop
  endfacet
  facet normal 0.8910065241883683 0 0.45399049973954586
    outer loop
      vertex -13.026250632847795 0 10.690489669968938
      vertex -12.522010330031064 3 9.700862354361721
      vertex -13.026250632847795 3 10.690489669968938
    endloop
  endfacet
  facet normal 0 1 0
    outer loop
      vertex -19.3 3 0
      vertex -13.2 3 16.7875
      vertex -13.2 3 11.787500000000001
    endloop
  endfacet
  facet normal 0.15643446504023228 0 0.9876883405951375
    outer loop
      vertex -9.65 0 8.2375
      vertex -9.65 3 8.2375
      vertex -10.747010330031063 0 8.411249367152207
    endloop
  endfacet
  facet normal -0.15643446504023228 0 0.9876883405951375
    outer loop
      vertex -9.65 0 8.2375
      vertex -8.552989669968937 3 8.411249367152207
      vertex -9.65 3 8.2375
    endloop
  endfacet
  facet normal 0 -1 0
    outer loop
      vertex -8.552989669968937 0 8.411249367152207
      vertex 0 0 0
      vertex -7.563362354361722 0 8.915489669968938
    endloop
  endfacet
  facet normal 0 -1 0
    outer loop
      vertex -7.563362354361722 0 8.915489669968938
      vertex 0 0 0
      vertex -6.777989669968937 0 9.700862354361721
    endloop
  endfacet
  facet normal 0 -1 0
    outer loop
      vertex -6.777989669968937 0 9.700862354361721
      vertex 0 0 0
      vertex -6.273749367152206 0 10.690489669968938
    endloop
  endfacet
  facet normal 0 1 0
    outer loop
      vertex -8.552989669968937 3 8.411249367152207
      vertex -7.563362354361722 3 8.915489669968938
      vertex 0 3 0
    endloop
  endfacet
  facet normal 0 1 0
    outer loop
      vertex -7.563362354361722 3 8.915489669968938
      vertex -6.777989669968937 3 9.700862354361721
      vertex 0 3 0
    endloop
  endfacet
  facet normal 0 1 0
    outer loop
      vertex -6.777989669968937 3 9.700862354361721
      vertex -6.273749367152206 3 10.690489669968938
      vertex 0 3 0
    endloop
  endfacet
  facet normal 0.45399049973954647 3.752601605217415e-18 0.891006524188368
    outer loop
      vertex -11.736637645638279 0 8.915489669968938
      vertex -10.747010330031063 0 8.411249367152207
      vertex -10.747010330031063 3 8.411249367152207
    endloop
  endfacet
  facet normal 0.45399049973954647 0 0.891006524188368
    outer loop
      vertex -11.736637645638279 0 8.915489669968938
      vertex -10.747010330031063 3 8.411249367152207
      vertex -11.736637645638279 3 8.915489669968938
    endloop
  endfacet
  facet normal 0.15643446504023228 -2.6596891959030114e-18 0.9876883405951375
    outer loop
      vertex -9.65 3 8.2375
      vertex -10.747010330031063 3 8.411249367152207
      vertex -10.747010330031063 0 8.411249367152207
    endloop
  endfacet
  facet normal -0.15643446504023228 2.6596891959030114e-18 0.9876883405951375
    outer loop
      vertex -9.65 0 8.2375
      vertex -8.552989669968937 0 8.411249367152207
      vertex -8.552989669968937 3 8.411249367152207
    endloop
  endfacet
  facet normal -0.45399049973954647 0 0.891006524188368
    outer loop
      vertex -8.552989669968937 0 8.411249367152207
      vertex -7.563362354361722 3 8.915489669968938
      vertex -8.552989669968937 3 8.411249367152207
    endloop
  endfacet
  facet normal -0.45399049973954647 -3.752601605217415e-18 0.891006524188368
    outer loop
      vertex -8.552989669968937 0 8.411249367152207
      vertex -7.563362354361722 0 8.915489669968938
      vertex -7.563362354361722 3 8.915489669968938
    endloop
  endfacet
  facet normal -0.7071067811865467 -7.880472703528034e-18 0.7071067811865482
    outer loop
      vertex -7.563362354361722 0 8.915489669968938
      vertex -6.777989669968937 0 9.700862354361721
      vertex -6.777989669968937 3 9.700862354361721
    endloop
  endfacet
  facet normal -0.7071067811865467 0 0.7071067811865482
    outer loop
      vertex -7.563362354361722 0 8.915489669968938
      vertex -6.777989669968937 3 9.700862354361721
      vertex -7.563362354361722 3 8.915489669968938
    endloop
  endfacet
  facet normal -0.8910065241883683 -1.4920468028452847e-18 0.45399049973954586
    outer loop
      vertex -6.777989669968937 0 9.700862354361721
      vertex -6.273749367152206 0 10.690489669968938
      vertex -6.273749367152206 3 10.690489669968938
    endloop
  endfacet
  facet normal -0.8910065241883683 0 0.45399049973954586
    outer loop
      vertex -6.777989669968937 0 9.700862354361721
      vertex -6.273749367152206 3 10.690489669968938
      vertex -6.777989669968937 3 9.700862354361721
    endloop
  endfacet
  facet normal -0.9876883405951379 0 0.15643446504023073
    outer loop
      vertex -6.273749367152206 0 10.690489669968938
      vertex -6.100000000000001 3 11.787500000000001
      vertex -6.273749367152206 3 10.690489669968938
    endloop
  endfacet
  facet normal 0 -1 0
    outer loop
      vertex -6.273749367152206 0 10.690489669968938
      vertex 0 0 0
      vertex -6.100000000000001 0 11.787500000000001
    endloop
  endfacet
  facet normal 0 1 0
    outer loop
      vertex -6.273749367152206 3 10.690489669968938
      vertex -6.100000000000001 3 11.787500000000001
      vertex 0 3 0
    endloop
  endfacet
  facet normal 0 -1 0
    outer loop
      vertex 0 0 0
      vertex -6.100000000000001 0 16.7875
      vertex -6.100000000000001 0 11.787500000000001
    endloop
  endfacet
  facet normal 0 1 0
    outer loop
      vertex 0 3 0
      vertex -6.100000000000001 3 11.787500000000001
      vertex -6.100000000000001 3 16.7875
    endloop
  endfacet
  facet normal 0 -1 0
    outer loop
      vertex -19.3 0 0
      vertex -13.2 0 16.7875
      vertex -13.026250632847795 0 17.884510330031063
    endloop
  endfacet
  facet normal 0.9876883405951379 -9.215692956079468e-19 0.15643446504023073
    outer loop
      vertex -13.026250632847795 3 10.690489669968938
      vertex -13.2 3 11.787500000000001
      vertex -13.2 0 11.787500000000001
    endloop
  endfacet
  facet normal 1 0 0
    outer loop
      vertex -13.2 0 11.787500000000001
      vertex -13.2 3 11.787500000000001
      vertex -13.2 0 16.7875
    endloop
  endfacet
  facet normal 0 1 0
    outer loop
      vertex -19.3 3 0
      vertex -13.026250632847795 3 17.884510330031063
      vertex -13.2 3 16.7875
    endloop
  endfacet
  facet normal 0 -1 0
    outer loop
      vertex -19.3 0 0
      vertex -13.026250632847795 0 17.884510330031063
      vertex -13.026250632847795 0 26.56548966996894
    endloop
  endfacet
  facet normal 1 0 0
    outer loop
      vertex -13.2 3 11.787500000000001
      vertex -13.2 3 16.7875
      vertex -13.2 0 16.7875
    endloop
  endfacet
  facet normal 0 1 0
    outer loop
      vertex -19.3 3 0
      vertex -13.026250632847795 3 26.56548966996894
      vertex -13.026250632847795 3 17.884510330031063
    endloop
  endfacet
  facet normal -0.9876883405951379 9.215692956079468e-19 0.15643446504023073
    outer loop
      vertex -6.273749367152206 0 10.690489669968938
      vertex -6.100000000000001 0 11.787500000000001
      vertex -6.100000000000001 3 11.787500000000001
    endloop
  endfacet
  facet normal -1 0 0
    outer loop
      vertex -6.100000000000001 0 11.787500000000001
      vertex -6.100000000000001 3 16.7875
      vertex -6.100000000000001 3 11.787500000000001
    endloop
  endfacet
  facet normal -1 0 0
    outer loop
      vertex -6.100000000000001 0 11.787500000000001
      vertex -6.100000000000001 0 16.7875
      vertex -6.100000000000001 3 16.7875
    endloop
  endfacet
  facet normal 0.9876883405951377 0 -0.15643446504023095
    outer loop
      vertex -13.2 0 16.7875
      vertex -13.2 3 16.7875
      vertex -13.026250632847795 0 17.884510330031063
    endloop
  endfacet
  facet normal 0.9876883405951377 0 -0.15643446504023095
    outer loop
      vertex -13.026250632847795 0 17.884510330031063
      vertex -13.2 3 16.7875
      vertex -13.026250632847795 3 17.884510330031063
    endloop
  endfacet
  facet normal 0 -1 0
    outer loop
      vertex -19.3 0 0
      vertex -13.026250632847795 0 26.56548966996894
      vertex -13.2 0 27.6625
    endloop
  endfacet
  facet normal 0.8910065241883687 0 -0.4539904997395452
    outer loop
      vertex -13.026250632847795 0 17.884510330031063
      vertex -13.026250632847795 3 17.884510330031063
      vertex -12.522010330031064 0 18.87413764563828
    endloop
  endfacet
  facet normal 0.7071067811865467 0 -0.7071067811865482
    outer loop
      vertex -12.522010330031064 0 18.87413764563828
      vertex -12.522010330031064 3 18.87413764563828
      vertex -11.736637645638279 0 19.659510330031065
    endloop
  endfacet
  facet normal 0.8910065241883687 0 -0.4539904997395452
    outer loop
      vertex -12.522010330031064 0 18.87413764563828
      vertex -13.026250632847795 3 17.884510330031063
      vertex -12.522010330031064 3 18.87413764563828
    endloop
  endfacet
  facet normal 0.7071067811865467 -7.880472703528034e-18 -0.7071067811865482
    outer loop
      vertex -12.522010330031064 3 18.87413764563828
      vertex -11.736637645638279 3 19.659510330031065
      vertex -11.736637645638279 0 19.659510330031065
    endloop
  endfacet
  facet normal 0 1 0
    outer loop
      vertex -19.3 3 0
      vertex -13.2 3 27.6625
      vertex -13.026250632847795 3 26.56548966996894
    endloop
  endfacet
  facet normal 0 -1 0
    outer loop
      vertex -19.3 0 0
      vertex -13.2 0 27.6625
      vertex -13.2 0 32.6625
    endloop
  endfacet
  facet normal 0 -1 0
    outer loop
      vertex -13.026250632847795 0 17.884510330031063
      vertex -12.522010330031064 0 18.87413764563828
      vertex -13.026250632847795 0 26.56548966996894
    endloop
  endfacet
  facet normal 0 -1 0
    outer loop
      vertex -12.522010330031064 0 18.87413764563828
      vertex -11.736637645638279 0 19.659510330031065
      vertex -12.522010330031064 0 25.57586235436172
    endloop
  endfacet
  facet normal 0 1 0
    outer loop
      vertex -19.3 3 0
      vertex -13.2 3 32.6625
      vertex -13.2 3 27.6625
    endloop
  endfacet
  facet normal 0 1 0
    outer loop
      vertex -13.026250632847795 3 17.884510330031063
      vertex -12.522010330031064 3 25.57586235436172
      vertex -12.522010330031064 3 18.87413764563828
    endloop
  endfacet
  facet normal 0 1 0
    outer loop
      vertex -12.522010330031064 3 18.87413764563828
      vertex -11.736637645638279 3 24.790489669968938
      vertex -11.736637645638279 3 19.659510330031065
    endloop
  endfacet
  facet normal -0.9876883405951377 0 -0.15643446504023095
    outer loop
      vertex -6.273749367152206 0 17.884510330031063
      vertex -6.273749367152206 3 17.884510330031063
      vertex -6.100000000000001 0 16.7875
    endloop
  endfacet
  facet normal -0.9876883405951377 0 -0.15643446504023095
    outer loop
      vertex -6.100000000000001 0 16.7875
      vertex -6.273749367152206 3 17.884510330031063
      vertex -6.100000000000001 3 16.7875
    endloop
  endfacet
  facet normal -0.8910065241883687 -7.685079995268395e-19 -0.4539904997395452
    outer loop
      vertex -6.273749367152206 0 17.884510330031063
      vertex -6.777989669968937 0 18.87413764563828
      vertex -6.777989669968937 3 18.87413764563828
    endloop
  endfacet
  facet normal -0.7071067811865467 7.880472703528034e-18 -0.7071067811865482
    outer loop
      vertex -6.777989669968937 0 18.87413764563828
      vertex -7.563362354361722 0 19.659510330031065
      vertex -7.563362354361722 3 19.659510330031065
    endloop
  endfacet
  facet normal -0.8910065241883687 0 -0.4539904997395452
    outer loop
      vertex -6.273749367152206 0 17.884510330031063
      vertex -6.777989669968937 3 18.87413764563828
      vertex -6.273749367152206 3 17.884510330031063
    endloop
  endfacet
  facet normal -0.7071067811865467 0 -0.7071067811865482
    outer loop
      vertex -6.777989669968937 0 18.87413764563828
      vertex -7.563362354361722 3 19.659510330031065
      vertex -6.777989669968937 3 18.87413764563828
    endloop
  endfacet
  facet normal 0.45399049973954525 0 -0.8910065241883687
    outer loop
      vertex -11.736637645638279 0 19.659510330031065
      vertex -11.736637645638279 3 19.659510330031065
      vertex -10.747010330031063 0 20.163750632847794
    endloop
  endfacet
  facet normal 0.15643446504023384 0 -0.9876883405951373
    outer loop
      vertex -10.747010330031063 0 20.163750632847794
      vertex -10.747010330031063 3 20.163750632847794
      vertex -9.65 0 20.337500000000002
    endloop
  endfacet
  facet normal 0.45399049973954525 0 -0.8910065241883687
    outer loop
      vertex -10.747010330031063 0 20.163750632847794
      vertex -11.736637645638279 3 19.659510330031065
      vertex -10.747010330031063 3 20.163750632847794
    endloop
  endfacet
  facet normal 0.15643446504023384 0 -0.9876883405951373
    outer loop
      vertex -9.65 0 20.337500000000002
      vertex -10.747010330031063 3 20.163750632847794
      vertex -9.65 3 20.337500000000002
    endloop
  endfacet
  facet normal -0.45399049973954525 0 -0.8910065241883687
    outer loop
      vertex -8.552989669968937 0 20.163750632847794
      vertex -8.552989669968937 3 20.163750632847794
      vertex -7.563362354361722 0 19.659510330031065
    endloop
  endfacet
  facet normal -0.15643446504023384 0 -0.9876883405951373
    outer loop
      vertex -9.65 0 20.337500000000002
      vertex -9.65 3 20.337500000000002
      vertex -8.552989669968937 0 20.163750632847794
    endloop
  endfacet
  facet normal -0.15643446504023384 0 -0.9876883405951373
    outer loop
      vertex -8.552989669968937 0 20.163750632847794
      vertex -9.65 3 20.337500000000002
      vertex -8.552989669968937 3 20.163750632847794
    endloop
  endfacet
  facet normal 0 -1 0
    outer loop
      vertex -11.736637645638279 0 19.659510330031065
      vertex -10.747010330031063 0 20.163750632847794
      vertex -11.736637645638279 0 24.790489669968938
    endloop
  endfacet
  facet normal 0 -1 0
    outer loop
      vertex -10.747010330031063 0 20.163750632847794
      vertex -9.65 0 20.337500000000002
      vertex -10.747010330031063 0 24.28624936715221
    endloop
  endfacet
  facet normal 0 -1 0
    outer loop
      vertex -8.552989669968937 0 20.163750632847794
      vertex -7.563362354361722 0 19.659510330031065
      vertex -8.552989669968937 0 24.28624936715221
    endloop
  endfacet
  facet normal 0 -1 0
    outer loop
      vertex -9.65 0 20.337500000000002
      vertex -8.552989669968937 0 20.163750632847794
      vertex -9.65 0 24.1125
    endloop
  endfacet
  facet normal 0 1 0
    outer loop
      vertex -11.736637645638279 3 19.659510330031065
      vertex -10.747010330031063 3 24.28624936715221
      vertex -10.747010330031063 3 20.163750632847794
    endloop
  endfacet
  facet normal 0 1 0
    outer loop
      vertex -10.747010330031063 3 20.163750632847794
      vertex -9.65 3 24.1125
      vertex -9.65 3 20.337500000000002
    endloop
  endfacet
  facet normal 0 1 0
    outer loop
      vertex -9.65 3 20.337500000000002
      vertex -8.552989669968937 3 24.28624936715221
      vertex -8.552989669968937 3 20.163750632847794
    endloop
  endfacet
  facet normal 0 -1 0
    outer loop
      vertex -6.273749367152206 0 17.884510330031063
      vertex -6.777989669968937 0 25.57586235436172
      vertex -6.777989669968937 0 18.87413764563828
    endloop
  endfacet
  facet normal -0.45399049973954525 -1.7771972160083005e-18 -0.8910065241883687
    outer loop
      vertex -8.552989669968937 3 20.163750632847794
      vertex -7.563362354361722 3 19.659510330031065
      vertex -7.563362354361722 0 19.659510330031065
    endloop
  endfacet
  facet normal 0 -1 0
    outer loop
      vertex -6.777989669968937 0 18.87413764563828
      vertex -7.563362354361722 0 24.790489669968938
      vertex -7.563362354361722 0 19.659510330031065
    endloop
  endfacet
  facet normal 0 1 0
    outer loop
      vertex -6.273749367152206 3 17.884510330031063
      vertex -6.100000000000001 3 27.6625
      vertex -6.100000000000001 3 16.7875
    endloop
  endfacet
  facet normal 0 1 0
    outer loop
      vertex -6.273749367152206 3 17.884510330031063
      vertex -6.777989669968937 3 18.87413764563828
      vertex -6.273749367152206 3 26.56548966996894
    endloop
  endfacet
  facet normal 0 1 0
    outer loop
      vertex -6.777989669968937 3 18.87413764563828
      vertex -7.563362354361722 3 19.659510330031065
      vertex -6.777989669968937 3 25.57586235436172
    endloop
  endfacet
  facet normal 0 1 0
    outer loop
      vertex -8.552989669968937 3 20.163750632847794
      vertex -7.563362354361722 3 24.790489669968938
      vertex -7.563362354361722 3 19.659510330031065
    endloop
  endfacet
  facet normal 0 -1 0
    outer loop
      vertex 0 0 0
      vertex -6.273749367152206 0 17.884510330031063
      vertex -6.100000000000001 0 16.7875
    endloop
  endfacet
  facet normal 0 -1 0
    outer loop
      vertex 0 0 0
      vertex -6.273749367152206 0 26.56548966996894
      vertex -6.273749367152206 0 17.884510330031063
    endloop
  endfacet
  facet normal 0 1 0
    outer loop
      vertex 0 3 0
      vertex -6.100000000000001 3 16.7875
      vertex -6.100000000000001 3 27.6625
    endloop
  endfacet
  facet normal 0 -1 0
    outer loop
      vertex 0 0 0
      vertex -6.100000000000001 0 27.6625
      vertex -6.273749367152206 0 26.56548966996894
    endloop
  endfacet
  facet normal 0 -1 0
    outer loop
      vertex 0 0 0
      vertex -6.100000000000001 0 32.6625
      vertex -6.100000000000001 0 27.6625
    endloop
  endfacet
  facet normal 0 1 0
    outer loop
      vertex 0 3 0
      vertex -6.100000000000001 3 27.6625
      vertex -6.100000000000001 3 32.6625
    endloop
  endfacet
  facet normal 0 1 0
    outer loop
      vertex 0 3 0
      vertex -6.100000000000001 3 32.6625
      vertex -6.273749367152206 3 33.75951033003106
    endloop
  endfacet
  facet normal 0 -1 0
    outer loop
      vertex -11.736637645638279 0 19.659510330031065
      vertex -11.736637645638279 0 24.790489669968938
      vertex -12.522010330031064 0 25.57586235436172
    endloop
  endfacet
  facet normal 0 -1 0
    outer loop
      vertex -12.522010330031064 0 18.87413764563828
      vertex -12.522010330031064 0 25.57586235436172
      vertex -13.026250632847795 0 26.56548966996894
    endloop
  endfacet
  facet normal 0 1 0
    outer loop
      vertex -13.026250632847795 3 17.884510330031063
      vertex -13.026250632847795 3 26.56548966996894
      vertex -12.522010330031064 3 25.57586235436172
    endloop
  endfacet
  facet normal 0 1 0
    outer loop
      vertex -12.522010330031064 3 18.87413764563828
      vertex -12.522010330031064 3 25.57586235436172
      vertex -11.736637645638279 3 24.790489669968938
    endloop
  endfacet
  facet normal 0.7071067811865467 7.880472703528034e-18 0.7071067811865482
    outer loop
      vertex -12.522010330031064 0 25.57586235436172
      vertex -11.736637645638279 0 24.790489669968938
      vertex -11.736637645638279 3 24.790489669968938
    endloop
  endfacet
  facet normal 0.8910065241883687 0 0.4539904997395452
    outer loop
      vertex -12.522010330031064 0 25.57586235436172
      vertex -12.522010330031064 3 25.57586235436172
      vertex -13.026250632847795 0 26.56548966996894
    endloop
  endfacet
  facet normal 0.7071067811865467 0 0.7071067811865482
    outer loop
      vertex -12.522010330031064 0 25.57586235436172
      vertex -11.736637645638279 3 24.790489669968938
      vertex -12.522010330031064 3 25.57586235436172
    endloop
  endfacet
  facet normal 0.8910065241883687 0 0.4539904997395452
    outer loop
      vertex -13.026250632847795 0 26.56548966996894
      vertex -12.522010330031064 3 25.57586235436172
      vertex -13.026250632847795 3 26.56548966996894
    endloop
  endfacet
  facet normal 0.9876883405951377 0 0.15643446504023095
    outer loop
      vertex -13.026250632847795 0 26.56548966996894
      vertex -13.026250632847795 3 26.56548966996894
      vertex -13.2 0 27.6625
    endloop
  endfacet
  facet normal 0.9876883405951377 0 0.15643446504023095
    outer loop
      vertex -13.2 0 27.6625
      vertex -13.026250632847795 3 26.56548966996894
      vertex -13.2 3 27.6625
    endloop
  endfacet
  facet normal 0 -1 0
    outer loop
      vertex -9.65 0 20.337500000000002
      vertex -9.65 0 24.1125
      vertex -10.747010330031063 0 24.28624936715221
    endloop
  endfacet
  facet normal 0 -1 0
    outer loop
      vertex -10.747010330031063 0 20.163750632847794
      vertex -10.747010330031063 0 24.28624936715221
      vertex -11.736637645638279 0 24.790489669968938
    endloop
  endfacet
  facet normal 0 -1 0
    outer loop
      vertex -8.552989669968937 0 20.163750632847794
      vertex -8.552989669968937 0 24.28624936715221
      vertex -9.65 0 24.1125
    endloop
  endfacet
  facet normal 0.15643446504023384 3.932060329093216e-18 0.9876883405951373
    outer loop
      vertex -10.747010330031063 0 24.28624936715221
      vertex -9.65 0 24.1125
      vertex -9.65 3 24.1125
    endloop
  endfacet
  facet normal 0.45399049973954525 0 0.8910065241883687
    outer loop
      vertex -10.747010330031063 0 24.28624936715221
      vertex -10.747010330031063 3 24.28624936715221
      vertex -11.736637645638279 0 24.790489669968938
    endloop
  endfacet
  facet normal 0.15643446504023384 0 0.9876883405951373
    outer loop
      vertex -10.747010330031063 0 24.28624936715221
      vertex -9.65 3 24.1125
      vertex -10.747010330031063 3 24.28624936715221
    endloop
  endfacet
  facet normal 0.45399049973954525 0 0.8910065241883687
    outer loop
      vertex -11.736637645638279 0 24.790489669968938
      vertex -10.747010330031063 3 24.28624936715221
      vertex -11.736637645638279 3 24.790489669968938
    endloop
  endfacet
  facet normal -0.15643446504023384 -3.932060329093216e-18 0.9876883405951373
    outer loop
      vertex -9.65 0 24.1125
      vertex -8.552989669968937 0 24.28624936715221
      vertex -8.552989669968937 3 24.28624936715221
    endloop
  endfacet
  facet normal -0.15643446504023384 0 0.9876883405951373
    outer loop
      vertex -9.65 0 24.1125
      vertex -8.552989669968937 3 24.28624936715221
      vertex -9.65 3 24.1125
    endloop
  endfacet
  facet normal -0.45399049973954525 0 0.8910065241883687
    outer loop
      vertex -8.552989669968937 0 24.28624936715221
      vertex -7.563362354361722 3 24.790489669968938
      vertex -8.552989669968937 3 24.28624936715221
    endloop
  endfacet
  facet normal 0 1 0
    outer loop
      vertex -11.736637645638279 3 19.659510330031065
      vertex -11.736637645638279 3 24.790489669968938
      vertex -10.747010330031063 3 24.28624936715221
    endloop
  endfacet
  facet normal 0 1 0
    outer loop
      vertex -10.747010330031063 3 20.163750632847794
      vertex -10.747010330031063 3 24.28624936715221
      vertex -9.65 3 24.1125
    endloop
  endfacet
  facet normal 0 1 0
    outer loop
      vertex -9.65 3 20.337500000000002
      vertex -9.65 3 24.1125
      vertex -8.552989669968937 3 24.28624936715221
    endloop
  endfacet
  facet normal 0 1 0
    outer loop
      vertex -8.552989669968937 3 20.163750632847794
      vertex -8.552989669968937 3 24.28624936715221
      vertex -7.563362354361722 3 24.790489669968938
    endloop
  endfacet
  facet normal 0 -1 0
    outer loop
      vertex -7.563362354361722 0 19.659510330031065
      vertex -7.563362354361722 0 24.790489669968938
      vertex -8.552989669968937 0 24.28624936715221
    endloop
  endfacet
  facet normal 0 -1 0
    outer loop
      vertex -6.777989669968937 0 18.87413764563828
      vertex -6.777989669968937 0 25.57586235436172
      vertex -7.563362354361722 0 24.790489669968938
    endloop
  endfacet
  facet normal 0 -1 0
    outer loop
      vertex -6.273749367152206 0 17.884510330031063
      vertex -6.273749367152206 0 26.56548966996894
      vertex -6.777989669968937 0 25.57586235436172
    endloop
  endfacet
  facet normal -0.45399049973954525 1.7771972160083005e-18 0.8910065241883687
    outer loop
      vertex -8.552989669968937 0 24.28624936715221
      vertex -7.563362354361722 0 24.790489669968938
      vertex -7.563362354361722 3 24.790489669968938
    endloop
  endfacet
  facet normal 0 1 0
    outer loop
      vertex -7.563362354361722 3 19.659510330031065
      vertex -7.563362354361722 3 24.790489669968938
      vertex -6.777989669968937 3 25.57586235436172
    endloop
  endfacet
  facet normal 0 1 0
    outer loop
      vertex -6.777989669968937 3 18.87413764563828
      vertex -6.777989669968937 3 25.57586235436172
      vertex -6.273749367152206 3 26.56548966996894
    endloop
  endfacet
  facet normal 0 1 0
    outer loop
      vertex -6.273749367152206 3 17.884510330031063
      vertex -6.273749367152206 3 26.56548966996894
      vertex -6.100000000000001 3 27.6625
    endloop
  endfacet
  facet normal -0.7071067811865467 -7.880472703528034e-18 0.7071067811865482
    outer loop
      vertex -7.563362354361722 0 24.790489669968938
      vertex -6.777989669968937 0 25.57586235436172
      vertex -6.777989669968937 3 25.57586235436172
    endloop
  endfacet
  facet normal -0.8910065241883687 7.685079995268395e-19 0.4539904997395452
    outer loop
      vertex -6.777989669968937 0 25.57586235436172
      vertex -6.273749367152206 0 26.56548966996894
      vertex -6.273749367152206 3 26.56548966996894
    endloop
  endfacet
  facet normal -0.7071067811865467 0 0.7071067811865482
    outer loop
      vertex -7.563362354361722 0 24.790489669968938
      vertex -6.777989669968937 3 25.57586235436172
      vertex -7.563362354361722 3 24.790489669968938
    endloop
  endfacet
  facet normal -0.8910065241883687 0 0.4539904997395452
    outer loop
      vertex -6.777989669968937 0 25.57586235436172
      vertex -6.273749367152206 3 26.56548966996894
      vertex -6.777989669968937 3 25.57586235436172
    endloop
  endfacet
  facet normal -0.9876883405951377 -7.767765689887989e-20 0.15643446504023095
    outer loop
      vertex -6.273749367152206 0 26.56548966996894
      vertex -6.100000000000001 0 27.6625
      vertex -6.100000000000001 3 27.6625
    endloop
  endfacet
  facet normal -0.9876883405951377 0 0.15643446504023095
    outer loop
      vertex -6.273749367152206 0 26.56548966996894
      vertex -6.100000000000001 3 27.6625
      vertex -6.273749367152206 3 26.56548966996894
    endloop
  endfacet
  facet normal 0 -1 0
    outer loop
      vertex -19.3 0 0
      vertex -13.2 0 32.6625
      vertex -13.2 0 56.237500000000004
    endloop
  endfacet
  facet normal 1 0 0
    outer loop
      vertex -13.2 0 27.6625
      vertex -13.2 3 27.6625
      vertex -13.2 0 32.6625
    endloop
  endfacet
  facet normal 0 1 0
    outer loop
      vertex -19.3 3 0
      vertex -13.2 3 56.237500000000004
      vertex -13.2 3 32.6625
    endloop
  endfacet
  facet normal 1 0 0
    outer loop
      vertex -13.2 3 27.6625
      vertex -13.2 3 32.6625
      vertex -13.2 0 32.6625
    endloop
  endfacet
  facet normal 0.9876883405951377 0 -0.15643446504023095
    outer loop
      vertex -13.2 0 32.6625
      vertex -13.2 3 32.6625
      vertex -13.026250632847795 0 33.75951033003106
    endloop
  endfacet
  facet normal -1 0 0
    outer loop
      vertex -6.100000000000001 0 27.6625
      vertex -6.100000000000001 3 32.6625
      vertex -6.100000000000001 3 27.6625
    endloop
  endfacet
  facet normal -1 0 0
    outer loop
      vertex -6.100000000000001 0 27.6625
      vertex -6.100000000000001 0 32.6625
      vertex -6.100000000000001 3 32.6625
    endloop
  endfacet
  facet normal -0.9876883405951377 0 -0.15643446504023095
    outer loop
      vertex -6.100000000000001 0 32.6625
      vertex -6.273749367152206 3 33.75951033003106
      vertex -6.100000000000001 3 32.6625
    endloop
  endfacet
  facet normal 0 -1 0
    outer loop
      vertex 0 0 0
      vertex -6.273749367152206 0 55.14048966996894
      vertex -6.100000000000001 0 32.6625
    endloop
  endfacet
  facet normal 0 1 0
    outer loop
      vertex 0 3 0
      vertex -6.273749367152206 3 33.75951033003106
      vertex -6.100000000000001 3 56.237500000000004
    endloop
  endfacet
  facet normal 0.891006524188368 0 -0.45399049973954647
    outer loop
      vertex -13.026250632847795 0 33.75951033003106
      vertex -13.026250632847795 3 33.75951033003106
      vertex -12.522010330031064 0 34.74913764563828
    endloop
  endfacet
  facet normal 0.9876883405951377 -7.767765689887989e-20 -0.15643446504023095
    outer loop
      vertex -13.2 3 32.6625
      vertex -13.026250632847795 3 33.75951033003106
      vertex -13.026250632847795 0 33.75951033003106
    endloop
  endfacet
  facet normal 0.891006524188368 0 -0.45399049973954647
    outer loop
      vertex -12.522010330031064 0 34.74913764563828
      vertex -13.026250632847795 3 33.75951033003106
      vertex -12.522010330031064 3 34.74913764563828
    endloop
  endfacet
  facet normal 0.7071067811865499 0 -0.7071067811865451
    outer loop
      vertex -12.522010330031064 0 34.74913764563828
      vertex -12.522010330031064 3 34.74913764563828
      vertex -11.736637645638279 0 35.53451033003107
    endloop
  endfacet
  facet normal 0.7071067811865499 9.109315009094866e-19 -0.7071067811865451
    outer loop
      vertex -12.522010330031064 3 34.74913764563828
      vertex -11.736637645638279 3 35.53451033003107
      vertex -11.736637645638279 0 35.53451033003107
    endloop
  endfacet
  facet normal 0.45399049973954264 0 -0.8910065241883699
    outer loop
      vertex -11.736637645638279 0 35.53451033003107
      vertex -11.736637645638279 3 35.53451033003107
      vertex -10.747010330031063 0 36.038750632847794
    endloop
  endfacet
  facet normal 0.15643446504023073 0 -0.9876883405951379
    outer loop
      vertex -10.747010330031063 0 36.038750632847794
      vertex -10.747010330031063 3 36.038750632847794
      vertex -9.65 0 36.2125
    endloop
  endfacet
  facet normal 0.45399049973954264 0 -0.8910065241883699
    outer loop
      vertex -10.747010330031063 0 36.038750632847794
      vertex -11.736637645638279 3 35.53451033003107
      vertex -10.747010330031063 3 36.038750632847794
    endloop
  endfacet
  facet normal -0.45399049973954264 0 -0.8910065241883699
    outer loop
      vertex -8.552989669968937 0 36.038750632847794
      vertex -8.552989669968937 3 36.038750632847794
      vertex -7.563362354361722 0 35.53451033003107
    endloop
  endfacet
  facet normal -0.15643446504023073 0 -0.9876883405951379
    outer loop
      vertex -8.552989669968937 0 36.038750632847794
      vertex -9.65 3 36.2125
      vertex -8.552989669968937 3 36.038750632847794
    endloop
  endfacet
  facet normal -0.9876883405951377 7.767765689887989e-20 -0.15643446504023095
    outer loop
      vertex -6.100000000000001 0 32.6625
      vertex -6.273749367152206 0 33.75951033003106
      vertex -6.273749367152206 3 33.75951033003106
    endloop
  endfacet
  facet normal -0.891006524188368 3.752601605217415e-18 -0.45399049973954647
    outer loop
      vertex -6.273749367152206 0 33.75951033003106
      vertex -6.777989669968937 0 34.74913764563828
      vertex -6.777989669968937 3 34.74913764563828
    endloop
  endfacet
  facet normal -0.891006524188368 0 -0.45399049973954647
    outer loop
      vertex -6.273749367152206 0 33.75951033003106
      vertex -6.777989669968937 3 34.74913764563828
      vertex -6.273749367152206 3 33.75951033003106
    endloop
  endfacet
  facet normal -0.7071067811865499 -9.109315009094866e-19 -0.7071067811865451
    outer loop
      vertex -6.777989669968937 0 34.74913764563828
      vertex -7.563362354361722 0 35.53451033003107
      vertex -7.563362354361722 3 35.53451033003107
    endloop
  endfacet
  facet normal -0.7071067811865499 0 -0.7071067811865451
    outer loop
      vertex -6.777989669968937 0 34.74913764563828
      vertex -7.563362354361722 3 35.53451033003107
      vertex -6.777989669968937 3 34.74913764563828
    endloop
  endfacet
  facet normal -0.45399049973954264 3.822943992122878e-18 -0.8910065241883699
    outer loop
      vertex -8.552989669968937 3 36.038750632847794
      vertex -7.563362354361722 3 35.53451033003107
      vertex -7.563362354361722 0 35.53451033003107
    endloop
  endfacet
  facet normal 0.15643446504023073 9.215692956079468e-19 -0.9876883405951379
    outer loop
      vertex -10.747010330031063 3 36.038750632847794
      vertex -9.65 3 36.2125
      vertex -9.65 0 36.2125
    endloop
  endfacet
  facet normal -0.15643446504023073 -9.215692956079468e-19 -0.9876883405951379
    outer loop
      vertex -8.552989669968937 0 36.038750632847794
      vertex -9.65 0 36.2125
      vertex -9.65 3 36.2125
    endloop
  endfacet
  facet normal 0 -1 0
    outer loop
      vertex -19.3 0 0
      vertex -13.2 0 56.237500000000004
      vertex -13.2 0 61.237500000000004
    endloop
  endfacet
  facet normal 0 -1 0
    outer loop
      vertex -13.2 0 32.6625
      vertex -13.026250632847795 0 33.75951033003106
      vertex -13.2 0 56.237500000000004
    endloop
  endfacet
  facet normal 0 -1 0
    outer loop
      vertex -13.026250632847795 0 33.75951033003106
      vertex -12.522010330031064 0 34.74913764563828
      vertex -13.026250632847795 0 55.14048966996894
    endloop
  endfacet
  facet normal 0 -1 0
    outer loop
      vertex -12.522010330031064 0 34.74913764563828
      vertex -11.736637645638279 0 35.53451033003107
      vertex -12.522010330031064 0 54.15086235436173
    endloop
  endfacet
  facet normal 0 1 0
    outer loop
      vertex -19.3 3 0
      vertex -13.2 3 61.237500000000004
      vertex -13.2 3 56.237500000000004
    endloop
  endfacet
  facet normal 0 1 0
    outer loop
      vertex -13.2 3 32.6625
      vertex -13.026250632847795 3 55.14048966996894
      vertex -13.026250632847795 3 33.75951033003106
    endloop
  endfacet
  facet normal 0 1 0
    outer loop
      vertex -13.026250632847795 3 33.75951033003106
      vertex -12.522010330031064 3 54.15086235436173
      vertex -12.522010330031064 3 34.74913764563828
    endloop
  endfacet
  facet normal 0 1 0
    outer loop
      vertex -12.522010330031064 3 34.74913764563828
      vertex -11.736637645638279 3 53.36548966996894
      vertex -11.736637645638279 3 35.53451033003107
    endloop
  endfacet
  facet normal 0 -1 0
    outer loop
      vertex -11.736637645638279 0 35.53451033003107
      vertex -10.747010330031063 0 36.038750632847794
      vertex -11.736637645638279 0 53.36548966996894
    endloop
  endfacet
  facet normal 0 -1 0
    outer loop
      vertex -8.552989669968937 0 36.038750632847794
      vertex -9.65 0 52.68750000000001
      vertex -9.65 0 36.2125
    endloop
  endfacet
  facet normal 0 -1 0
    outer loop
      vertex -8.552989669968937 0 36.038750632847794
      vertex -7.563362354361722 0 35.53451033003107
      vertex -8.552989669968937 0 52.86124936715221
    endloop
  endfacet
  facet normal 0 1 0
    outer loop
      vertex -11.736637645638279 3 35.53451033003107
      vertex -10.747010330031063 3 52.86124936715221
      vertex -10.747010330031063 3 36.038750632847794
    endloop
  endfacet
  facet normal 0 1 0
    outer loop
      vertex -10.747010330031063 3 36.038750632847794
      vertex -9.65 3 52.68750000000001
      vertex -9.65 3 36.2125
    endloop
  endfacet
  facet normal 0 -1 0
    outer loop
      vertex -6.100000000000001 0 32.6625
      vertex -6.273749367152206 0 55.14048966996894
      vertex -6.273749367152206 0 33.75951033003106
    endloop
  endfacet
  facet normal 0 -1 0
    outer loop
      vertex -6.273749367152206 0 33.75951033003106
      vertex -6.777989669968937 0 54.15086235436173
      vertex -6.777989669968937 0 34.74913764563828
    endloop
  endfacet
  facet normal 0 -1 0
    outer loop
      vertex -6.777989669968937 0 34.74913764563828
      vertex -7.563362354361722 0 53.36548966996894
      vertex -7.563362354361722 0 35.53451033003107
    endloop
  endfacet
  facet normal 0 1 0
    outer loop
      vertex -8.552989669968937 3 36.038750632847794
      vertex -7.563362354361722 3 53.36548966996894
      vertex -7.563362354361722 3 35.53451033003107
    endloop
  endfacet
  facet normal 0 1 0
    outer loop
      vertex -6.273749367152206 3 33.75951033003106
      vertex -6.777989669968937 3 34.74913764563828
      vertex -6.273749367152206 3 55.14048966996894
    endloop
  endfacet
  facet normal 0 1 0
    outer loop
      vertex -6.777989669968937 3 34.74913764563828
      vertex -7.563362354361722 3 35.53451033003107
      vertex -6.777989669968937 3 54.15086235436173
    endloop
  endfacet
  facet normal 0 -1 0
    outer loop
      vertex -10.747010330031063 0 36.038750632847794
      vertex -9.65 0 36.2125
      vertex -10.747010330031063 0 52.86124936715221
    endloop
  endfacet
  facet normal 0 1 0
    outer loop
      vertex -8.552989669968937 3 36.038750632847794
      vertex -9.65 3 36.2125
      vertex -8.552989669968937 3 52.86124936715221
    endloop
  endfacet
  facet normal 0 -1 0
    outer loop
      vertex 0 0 0
      vertex -6.100000000000001 0 56.237500000000004
      vertex -6.273749367152206 0 55.14048966996894
    endloop
  endfacet
  facet normal 0 -1 0
    outer loop
      vertex 0 0 0
      vertex -6.100000000000001 0 61.237500000000004
      vertex -6.100000000000001 0 56.237500000000004
    endloop
  endfacet
  facet normal 0 1 0
    outer loop
      vertex 0 3 0
      vertex -6.100000000000001 3 56.237500000000004
      vertex -6.100000000000001 3 61.237500000000004
    endloop
  endfacet
  facet normal 0 1 0
    outer loop
      vertex -19.3 3 0
      vertex -13.2 3 72.11250000000001
      vertex -13.2 3 61.237500000000004
    endloop
  endfacet
  facet normal 0 -1 0
    outer loop
      vertex -11.736637645638279 0 35.53451033003107
      vertex -11.736637645638279 0 53.36548966996894
      vertex -12.522010330031064 0 54.15086235436173
    endloop
  endfacet
  facet normal 0 -1 0
    outer loop
      vertex -13.026250632847795 0 33.75951033003106
      vertex -13.026250632847795 0 55.14048966996894
      vertex -13.2 0 56.237500000000004
    endloop
  endfacet
  facet normal 0 -1 0
    outer loop
      vertex -12.522010330031064 0 34.74913764563828
      vertex -12.522010330031064 0 54.15086235436173
      vertex -13.026250632847795 0 55.14048966996894
    endloop
  endfacet
  facet normal 0 1 0
    outer loop
      vertex -13.026250632847795 3 33.75951033003106
      vertex -13.026250632847795 3 55.14048966996894
      vertex -12.522010330031064 3 54.15086235436173
    endloop
  endfacet
  facet normal 0 1 0
    outer loop
      vertex -12.522010330031064 3 34.74913764563828
      vertex -12.522010330031064 3 54.15086235436173
      vertex -11.736637645638279 3 53.36548966996894
    endloop
  endfacet
  facet normal 0 1 0
    outer loop
      vertex -13.2 3 32.6625
      vertex -13.2 3 56.237500000000004
      vertex -13.026250632847795 3 55.14048966996894
    endloop
  endfacet
  facet normal 0 1 0
    outer loop
      vertex -19.3 3 0
      vertex -13.2 3 77.11250000000001
      vertex -13.2 3 72.11250000000001
    endloop
  endfacet
  facet normal 0 -1 0
    outer loop
      vertex -8.552989669968937 0 36.038750632847794
      vertex -8.552989669968937 0 52.86124936715221
      vertex -9.65 0 52.68750000000001
    endloop
  endfacet
  facet normal 0 1 0
    outer loop
      vertex -10.747010330031063 3 36.038750632847794
      vertex -10.747010330031063 3 52.86124936715221
      vertex -9.65 3 52.68750000000001
    endloop
  endfacet
  facet normal 0 -1 0
    outer loop
      vertex -10.747010330031063 0 36.038750632847794
      vertex -10.747010330031063 0 52.86124936715221
      vertex -11.736637645638279 0 53.36548966996894
    endloop
  endfacet
  facet normal 0 -1 0
    outer loop
      vertex -9.65 0 36.2125
      vertex -9.65 0 52.68750000000001
      vertex -10.747010330031063 0 52.86124936715221
    endloop
  endfacet
  facet normal 0 1 0
    outer loop
      vertex -11.736637645638279 3 35.53451033003107
      vertex -11.736637645638279 3 53.36548966996894
      vertex -10.747010330031063 3 52.86124936715221
    endloop
  endfacet
  facet normal 0 1 0
    outer loop
      vertex -9.65 3 36.2125
      vertex -9.65 3 52.68750000000001
      vertex -8.552989669968937 3 52.86124936715221
    endloop
  endfacet
  facet normal 0 1 0
    outer loop
      vertex -8.552989669968937 3 36.038750632847794
      vertex -8.552989669968937 3 52.86124936715221
      vertex -7.563362354361722 3 53.36548966996894
    endloop
  endfacet
  facet normal 0 -1 0
    outer loop
      vertex -7.563362354361722 0 35.53451033003107
      vertex -7.563362354361722 0 53.36548966996894
      vertex -8.552989669968937 0 52.86124936715221
    endloop
  endfacet
  facet normal 0 -1 0
    outer loop
      vertex -6.777989669968937 0 34.74913764563828
      vertex -6.777989669968937 0 54.15086235436173
      vertex -7.563362354361722 0 53.36548966996894
    endloop
  endfacet
  facet normal 0 -1 0
    outer loop
      vertex -6.273749367152206 0 33.75951033003106
      vertex -6.273749367152206 0 55.14048966996894
      vertex -6.777989669968937 0 54.15086235436173
    endloop
  endfacet
  facet normal 0 1 0
    outer loop
      vertex -7.563362354361722 3 35.53451033003107
      vertex -7.563362354361722 3 53.36548966996894
      vertex -6.777989669968937 3 54.15086235436173
    endloop
  endfacet
  facet normal 0 1 0
    outer loop
      vertex -6.777989669968937 3 34.74913764563828
      vertex -6.777989669968937 3 54.15086235436173
      vertex -6.273749367152206 3 55.14048966996894
    endloop
  endfacet
  facet normal 0 1 0
    outer loop
      vertex -6.273749367152206 3 33.75951033003106
      vertex -6.273749367152206 3 55.14048966996894
      vertex -6.100000000000001 3 56.237500000000004
    endloop
  endfacet
  facet normal 0.7071067811865499 -9.109315009094866e-19 0.7071067811865451
    outer loop
      vertex -12.522010330031064 0 54.15086235436173
      vertex -11.736637645638279 0 53.36548966996894
      vertex -11.736637645638279 3 53.36548966996894
    endloop
  endfacet
  facet normal 0.7071067811865499 0 0.7071067811865451
    outer loop
      vertex -12.522010330031064 0 54.15086235436173
      vertex -11.736637645638279 3 53.36548966996894
      vertex -12.522010330031064 3 54.15086235436173
    endloop
  endfacet
  facet normal 0.891006524188368 0 0.45399049973954647
    outer loop
      vertex -12.522010330031064 0 54.15086235436173
      vertex -12.522010330031064 3 54.15086235436173
      vertex -13.026250632847795 0 55.14048966996894
    endloop
  endfacet
  facet normal 0.9876883405951377 0 0.15643446504023095
    outer loop
      vertex -13.026250632847795 0 55.14048966996894
      vertex -13.026250632847795 3 55.14048966996894
      vertex -13.2 0 56.237500000000004
    endloop
  endfacet
  facet normal 0.891006524188368 0 0.45399049973954647
    outer loop
      vertex -13.026250632847795 0 55.14048966996894
      vertex -12.522010330031064 3 54.15086235436173
      vertex -13.026250632847795 3 55.14048966996894
    endloop
  endfacet
  facet normal 0.15643446504023073 0 0.9876883405951379
    outer loop
      vertex -9.65 0 52.68750000000001
      vertex -9.65 3 52.68750000000001
      vertex -10.747010330031063 0 52.86124936715221
    endloop
  endfacet
  facet normal -0.15643446504023073 0 0.9876883405951379
    outer loop
      vertex -9.65 0 52.68750000000001
      vertex -8.552989669968937 3 52.86124936715221
      vertex -9.65 3 52.68750000000001
    endloop
  endfacet
  facet normal 0.45399049973954264 3.822943992122878e-18 0.8910065241883699
    outer loop
      vertex -11.736637645638279 0 53.36548966996894
      vertex -10.747010330031063 0 52.86124936715221
      vertex -10.747010330031063 3 52.86124936715221
    endloop
  endfacet
  facet normal 0.45399049973954264 0 0.8910065241883699
    outer loop
      vertex -11.736637645638279 0 53.36548966996894
      vertex -10.747010330031063 3 52.86124936715221
      vertex -11.736637645638279 3 53.36548966996894
    endloop
  endfacet
  facet normal 0.15643446504023073 -9.215692956079468e-19 0.9876883405951379
    outer loop
      vertex -9.65 3 52.68750000000001
      vertex -10.747010330031063 3 52.86124936715221
      vertex -10.747010330031063 0 52.86124936715221
    endloop
  endfacet
  facet normal -0.15643446504023073 9.215692956079468e-19 0.9876883405951379
    outer loop
      vertex -9.65 0 52.68750000000001
      vertex -8.552989669968937 0 52.86124936715221
      vertex -8.552989669968937 3 52.86124936715221
    endloop
  endfacet
  facet normal -0.45399049973954264 0 0.8910065241883699
    outer loop
      vertex -8.552989669968937 0 52.86124936715221
      vertex -7.563362354361722 3 53.36548966996894
      vertex -8.552989669968937 3 52.86124936715221
    endloop
  endfacet
  facet normal -0.45399049973954264 -3.822943992122878e-18 0.8910065241883699
    outer loop
      vertex -8.552989669968937 0 52.86124936715221
      vertex -7.563362354361722 0 53.36548966996894
      vertex -7.563362354361722 3 53.36548966996894
    endloop
  endfacet
  facet normal -0.7071067811865499 9.109315009094866e-19 0.7071067811865451
    outer loop
      vertex -7.563362354361722 0 53.36548966996894
      vertex -6.777989669968937 0 54.15086235436173
      vertex -6.777989669968937 3 54.15086235436173
    endloop
  endfacet
  facet normal -0.7071067811865499 0 0.7071067811865451
    outer loop
      vertex -7.563362354361722 0 53.36548966996894
      vertex -6.777989669968937 3 54.15086235436173
      vertex -7.563362354361722 3 53.36548966996894
    endloop
  endfacet
  facet normal -0.891006524188368 -3.752601605217415e-18 0.45399049973954647
    outer loop
      vertex -6.777989669968937 0 54.15086235436173
      vertex -6.273749367152206 0 55.14048966996894
      vertex -6.273749367152206 3 55.14048966996894
    endloop
  endfacet
  facet normal -0.891006524188368 0 0.45399049973954647
    outer loop
      vertex -6.777989669968937 0 54.15086235436173
      vertex -6.273749367152206 3 55.14048966996894
      vertex -6.777989669968937 3 54.15086235436173
    endloop
  endfacet
  facet normal -0.9876883405951377 0 0.15643446504023095
    outer loop
      vertex -6.273749367152206 0 55.14048966996894
      vertex -6.100000000000001 3 56.237500000000004
      vertex -6.273749367152206 3 55.14048966996894
    endloop
  endfacet
  facet normal 0 1 0
    outer loop
      vertex 0 3 0
      vertex -6.100000000000001 3 61.237500000000004
      vertex -6.100000000000001 3 72.11250000000001
    endloop
  endfacet
  facet normal 0 1 0
    outer loop
      vertex 0 3 0
      vertex -6.100000000000001 3 72.11250000000001
      vertex -6.100000000000001 3 77.11250000000001
    endloop
  endfacet
  facet normal 0.9876883405951377 7.767765689887989e-20 0.15643446504023095
    outer loop
      vertex -13.026250632847795 3 55.14048966996894
      vertex -13.2 3 56.237500000000004
      vertex -13.2 0 56.237500000000004
    endloop
  endfacet
  facet normal 1 0 0
    outer loop
      vertex -13.2 0 56.237500000000004
      vertex -13.2 3 56.237500000000004
      vertex -13.2 0 61.237500000000004
    endloop
  endfacet
  facet normal -1 0 0
    outer loop
      vertex -19.3 0 0
      vertex -19.3 3 177.8
      vertex -19.3 3 0
    endloop
  endfacet
  facet normal 1 0 0
    outer loop
      vertex -13.2 3 56.237500000000004
      vertex -13.2 3 61.237500000000004
      vertex -13.2 0 61.237500000000004
    endloop
  endfacet
  facet normal 0 1 0
    outer loop
      vertex -19.3 3 0
      vertex -13.2 3 100.6875
      vertex -13.2 3 77.11250000000001
    endloop
  endfacet
  facet normal -0.9876883405951377 -7.767765689887989e-20 0.15643446504023095
    outer loop
      vertex -6.273749367152206 0 55.14048966996894
      vertex -6.100000000000001 0 56.237500000000004
      vertex -6.100000000000001 3 56.237500000000004
    endloop
  endfacet
  facet normal -1 0 0
    outer loop
      vertex -6.100000000000001 0 56.237500000000004
      vertex -6.100000000000001 3 61.237500000000004
      vertex -6.100000000000001 3 56.237500000000004
    endloop
  endfacet
  facet normal -1 0 0
    outer loop
      vertex -6.100000000000001 0 56.237500000000004
      vertex -6.100000000000001 0 61.237500000000004
      vertex -6.100000000000001 3 61.237500000000004
    endloop
  endfacet
  facet normal 0.9876883405951377 0 -0.15643446504023095
    outer loop
      vertex -13.2 0 61.237500000000004
      vertex -13.2 3 61.237500000000004
      vertex -13.026250632847795 0 62.334510330031065
    endloop
  endfacet
  facet normal 0.9876883405951377 0 -0.15643446504023095
    outer loop
      vertex -13.026250632847795 0 62.334510330031065
      vertex -13.2 3 61.237500000000004
      vertex -13.026250632847795 3 62.334510330031065
    endloop
  endfacet
  facet normal 0.891006524188368 0 -0.45399049973954647
    outer loop
      vertex -13.026250632847795 0 62.334510330031065
      vertex -13.026250632847795 3 62.334510330031065
      vertex -12.522010330031064 0 63.32413764563828
    endloop
  endfacet
  facet normal 0.7071067811865499 0 -0.7071067811865451
    outer loop
      vertex -12.522010330031064 0 63.32413764563828
      vertex -12.522010330031064 3 63.32413764563828
      vertex -11.736637645638279 0 64.10951033003107
    endloop
  endfacet
  facet normal 0.891006524188368 0 -0.45399049973954647
    outer loop
      vertex -12.522010330031064 0 63.32413764563828
      vertex -13.026250632847795 3 62.334510330031065
      vertex -12.522010330031064 3 63.32413764563828
    endloop
  endfacet
  facet normal 0.7071067811865499 9.109315009094866e-19 -0.7071067811865451
    outer loop
      vertex -12.522010330031064 3 63.32413764563828
      vertex -11.736637645638279 3 64.10951033003107
      vertex -11.736637645638279 0 64.10951033003107
    endloop
  endfacet
  facet normal 0 -1 0
    outer loop
      vertex -13.2 0 61.237500000000004
      vertex -13.026250632847795 0 62.334510330031065
      vertex -13.2 0 72.11250000000001
    endloop
  endfacet
  facet normal 0 -1 0
    outer loop
      vertex -13.026250632847795 0 62.334510330031065
      vertex -12.522010330031064 0 63.32413764563828
      vertex -13.026250632847795 0 71.01548966996894
    endloop
  endfacet
  facet normal 0 -1 0
    outer loop
      vertex -12.522010330031064 0 63.32413764563828
      vertex -11.736637645638279 0 64.10951033003107
      vertex -12.522010330031064 0 70.02586235436173
    endloop
  endfacet
  facet normal 0 1 0
    outer loop
      vertex -13.2 3 61.237500000000004
      vertex -13.026250632847795 3 71.01548966996894
      vertex -13.026250632847795 3 62.334510330031065
    endloop
  endfacet
  facet normal 0 1 0
    outer loop
      vertex -13.026250632847795 3 62.334510330031065
      vertex -12.522010330031064 3 70.02586235436173
      vertex -12.522010330031064 3 63.32413764563828
    endloop
  endfacet
  facet normal 0 1 0
    outer loop
      vertex -12.522010330031064 3 63.32413764563828
      vertex -11.736637645638279 3 69.24048966996895
      vertex -11.736637645638279 3 64.10951033003107
    endloop
  endfacet
  facet normal -0.9876883405951377 0 -0.15643446504023095
    outer loop
      vertex -6.273749367152206 0 62.334510330031065
      vertex -6.273749367152206 3 62.334510330031065
      vertex -6.100000000000001 0 61.237500000000004
    endloop
  endfacet
  facet normal -0.9876883405951377 0 -0.15643446504023095
    outer loop
      vertex -6.100000000000001 0 61.237500000000004
      vertex -6.273749367152206 3 62.334510330031065
      vertex -6.100000000000001 3 61.237500000000004
    endloop
  endfacet
  facet normal -0.891006524188368 3.752601605217415e-18 -0.45399049973954647
    outer loop
      vertex -6.273749367152206 0 62.334510330031065
      vertex -6.777989669968937 0 63.32413764563828
      vertex -6.777989669968937 3 63.32413764563828
    endloop
  endfacet
  facet normal -0.7071067811865499 -9.109315009094866e-19 -0.7071067811865451
    outer loop
      vertex -6.777989669968937 0 63.32413764563828
      vertex -7.563362354361722 0 64.10951033003107
      vertex -7.563362354361722 3 64.10951033003107
    endloop
  endfacet
  facet normal -0.891006524188368 0 -0.45399049973954647
    outer loop
      vertex -6.273749367152206 0 62.334510330031065
      vertex -6.777989669968937 3 63.32413764563828
      vertex -6.273749367152206 3 62.334510330031065
    endloop
  endfacet
  facet normal -0.7071067811865499 0 -0.7071067811865451
    outer loop
      vertex -6.777989669968937 0 63.32413764563828
      vertex -7.563362354361722 3 64.10951033003107
      vertex -6.777989669968937 3 63.32413764563828
    endloop
  endfacet
  facet normal 0.45399049973954264 0 -0.8910065241883699
    outer loop
      vertex -11.736637645638279 0 64.10951033003107
      vertex -11.736637645638279 3 64.10951033003107
      vertex -10.747010330031063 0 64.6137506328478
    endloop
  endfacet
  facet normal 0.15643446504023695 0 -0.9876883405951368
    outer loop
      vertex -10.747010330031063 0 64.6137506328478
      vertex -10.747010330031063 3 64.6137506328478
      vertex -9.65 0 64.78750000000001
    endloop
  endfacet
  facet normal 0.45399049973954264 0 -0.8910065241883699
    outer loop
      vertex -10.747010330031063 0 64.6137506328478
      vertex -11.736637645638279 3 64.10951033003107
      vertex -10.747010330031063 3 64.6137506328478
    endloop
  endfacet
  facet normal 0.15643446504023695 0 -0.9876883405951368
    outer loop
      vertex -9.65 0 64.78750000000001
      vertex -10.747010330031063 3 64.6137506328478
      vertex -9.65 3 64.78750000000001
    endloop
  endfacet
  facet normal -0.45399049973954264 0 -0.8910065241883699
    outer loop
      vertex -8.552989669968937 0 64.6137506328478
      vertex -8.552989669968937 3 64.6137506328478
      vertex -7.563362354361722 0 64.10951033003107
    endloop
  endfacet
  facet normal -0.15643446504023695 0 -0.9876883405951368
    outer loop
      vertex -9.65 0 64.78750000000001
      vertex -9.65 3 64.78750000000001
      vertex -8.552989669968937 0 64.6137506328478
    endloop
  endfacet
  facet normal -0.15643446504023695 0 -0.9876883405951368
    outer loop
      vertex -8.552989669968937 0 64.6137506328478
      vertex -9.65 3 64.78750000000001
      vertex -8.552989669968937 3 64.6137506328478
    endloop
  endfacet
  facet normal 0 -1 0
    outer loop
      vertex -11.736637645638279 0 64.10951033003107
      vertex -10.747010330031063 0 64.6137506328478
      vertex -11.736637645638279 0 69.24048966996895
    endloop
  endfacet
  facet normal 0 -1 0
    outer loop
      vertex -10.747010330031063 0 64.6137506328478
      vertex -9.65 0 64.78750000000001
      vertex -10.747010330031063 0 68.73624936715221
    endloop
  endfacet
  facet normal 0 -1 0
    outer loop
      vertex -8.552989669968937 0 64.6137506328478
      vertex -7.563362354361722 0 64.10951033003107
      vertex -8.552989669968937 0 68.73624936715221
    endloop
  endfacet
  facet normal 0 -1 0
    outer loop
      vertex -9.65 0 64.78750000000001
      vertex -8.552989669968937 0 64.6137506328478
      vertex -9.65 0 68.56250000000001
    endloop
  endfacet
  facet normal 0 1 0
    outer loop
      vertex -11.736637645638279 3 64.10951033003107
      vertex -10.747010330031063 3 68.73624936715221
      vertex -10.747010330031063 3 64.6137506328478
    endloop
  endfacet
  facet normal 0 1 0
    outer loop
      vertex -10.747010330031063 3 64.6137506328478
      vertex -9.65 3 68.56250000000001
      vertex -9.65 3 64.78750000000001
    endloop
  endfacet
  facet normal 0 1 0
    outer loop
      vertex -9.65 3 64.78750000000001
      vertex -8.552989669968937 3 68.73624936715221
      vertex -8.552989669968937 3 64.6137506328478
    endloop
  endfacet
  facet normal 0 -1 0
    outer loop
      vertex -6.273749367152206 0 62.334510330031065
      vertex -6.100000000000001 0 61.237500000000004
      vertex -6.273749367152206 0 71.01548966996894
    endloop
  endfacet
  facet normal 0 -1 0
    outer loop
      vertex -6.273749367152206 0 62.334510330031065
      vertex -6.777989669968937 0 70.02586235436173
      vertex -6.777989669968937 0 63.32413764563828
    endloop
  endfacet
  facet normal -0.45399049973954264 3.822943992122878e-18 -0.8910065241883699
    outer loop
      vertex -8.552989669968937 3 64.6137506328478
      vertex -7.563362354361722 3 64.10951033003107
      vertex -7.563362354361722 0 64.10951033003107
    endloop
  endfacet
  facet normal 0 -1 0
    outer loop
      vertex -6.777989669968937 0 63.32413764563828
      vertex -7.563362354361722 0 69.24048966996895
      vertex -7.563362354361722 0 64.10951033003107
    endloop
  endfacet
  facet normal 0 1 0
    outer loop
      vertex -6.273749367152206 3 62.334510330031065
      vertex -6.100000000000001 3 72.11250000000001
      vertex -6.100000000000001 3 61.237500000000004
    endloop
  endfacet
  facet normal 0 1 0
    outer loop
      vertex -6.273749367152206 3 62.334510330031065
      vertex -6.777989669968937 3 63.32413764563828
      vertex -6.273749367152206 3 71.01548966996894
    endloop
  endfacet
  facet normal 0 1 0
    outer loop
      vertex -6.777989669968937 3 63.32413764563828
      vertex -7.563362354361722 3 64.10951033003107
      vertex -6.777989669968937 3 70.02586235436173
    endloop
  endfacet
  facet normal 0 1 0
    outer loop
      vertex -8.552989669968937 3 64.6137506328478
      vertex -7.563362354361722 3 69.24048966996895
      vertex -7.563362354361722 3 64.10951033003107
    endloop
  endfacet
  facet normal 0 1 0
    outer loop
      vertex 0 3 0
      vertex -6.100000000000001 3 77.11250000000001
      vertex -6.100000000000001 3 100.6875
    endloop
  endfacet
  facet normal 0 -1 0
    outer loop
      vertex -11.736637645638279 0 64.10951033003107
      vertex -11.736637645638279 0 69.24048966996895
      vertex -12.522010330031064 0 70.02586235436173
    endloop
  endfacet
  facet normal 0 -1 0
    outer loop
      vertex -13.026250632847795 0 62.334510330031065
      vertex -13.026250632847795 0 71.01548966996894
      vertex -13.2 0 72.11250000000001
    endloop
  endfacet
  facet normal 0 -1 0
    outer loop
      vertex -12.522010330031064 0 63.32413764563828
      vertex -12.522010330031064 0 70.02586235436173
      vertex -13.026250632847795 0 71.01548966996894
    endloop
  endfacet
  facet normal 0 1 0
    outer loop
      vertex -13.026250632847795 3 62.334510330031065
      vertex -13.026250632847795 3 71.01548966996894
      vertex -12.522010330031064 3 70.02586235436173
    endloop
  endfacet
  facet normal 0 1 0
    outer loop
      vertex -12.522010330031064 3 63.32413764563828
      vertex -12.522010330031064 3 70.02586235436173
      vertex -11.736637645638279 3 69.24048966996895
    endloop
  endfacet
  facet normal 0 1 0
    outer loop
      vertex -19.3 3 0
      vertex -13.2 3 105.6875
      vertex -13.2 3 100.6875
    endloop
  endfacet
  facet normal 0 1 0
    outer loop
      vertex -13.2 3 61.237500000000004
      vertex -13.2 3 72.11250000000001
      vertex -13.026250632847795 3 71.01548966996894
    endloop
  endfacet
  facet normal 0.7071067811865467 7.880472703528034e-18 0.7071067811865482
    outer loop
      vertex -12.522010330031064 0 70.02586235436173
      vertex -11.736637645638279 0 69.24048966996895
      vertex -11.736637645638279 3 69.24048966996895
    endloop
  endfacet
  facet normal 0.8910065241883667 0 0.4539904997395491
    outer loop
      vertex -12.522010330031064 0 70.02586235436173
      vertex -12.522010330031064 3 70.02586235436173
      vertex -13.026250632847795 0 71.01548966996894
    endloop
  endfacet
  facet normal 0.7071067811865467 0 0.7071067811865482
    outer loop
      vertex -12.522010330031064 0 70.02586235436173
      vertex -11.736637645638279 3 69.24048966996895
      vertex -12.522010330031064 3 70.02586235436173
    endloop
  endfacet
  facet normal 0.8910065241883667 0 0.4539904997395491
    outer loop
      vertex -13.026250632847795 0 71.01548966996894
      vertex -12.522010330031064 3 70.02586235436173
      vertex -13.026250632847795 3 71.01548966996894
    endloop
  endfacet
  facet normal 0.9876883405951379 0 0.15643446504022998
    outer loop
      vertex -13.026250632847795 0 71.01548966996894
      vertex -13.026250632847795 3 71.01548966996894
      vertex -13.2 0 72.11250000000001
    endloop
  endfacet
  facet normal 0.9876883405951379 0 0.15643446504022998
    outer loop
      vertex -13.2 0 72.11250000000001
      vertex -13.026250632847795 3 71.01548966996894
      vertex -13.2 3 72.11250000000001
    endloop
  endfacet
  facet normal 0 -1 0
    outer loop
      vertex -9.65 0 64.78750000000001
      vertex -9.65 0 68.56250000000001
      vertex -10.747010330031063 0 68.73624936715221
    endloop
  endfacet
  facet normal 0 -1 0
    outer loop
      vertex -10.747010330031063 0 64.6137506328478
      vertex -10.747010330031063 0 68.73624936715221
      vertex -11.736637645638279 0 69.24048966996895
    endloop
  endfacet
  facet normal 0 -1 0
    outer loop
      vertex -8.552989669968937 0 64.6137506328478
      vertex -8.552989669968937 0 68.73624936715221
      vertex -9.65 0 68.56250000000001
    endloop
  endfacet
  facet normal 0.15643446504022446 -2.2989591197189822e-18 0.9876883405951388
    outer loop
      vertex -10.747010330031063 0 68.73624936715221
      vertex -9.65 0 68.56250000000001
      vertex -9.65 3 68.56250000000001
    endloop
  endfacet
  facet normal 0.45399049973955286 0 0.8910065241883648
    outer loop
      vertex -10.747010330031063 0 68.73624936715221
      vertex -10.747010330031063 3 68.73624936715221
      vertex -11.736637645638279 0 69.24048966996895
    endloop
  endfacet
  facet normal 0.15643446504022446 0 0.9876883405951388
    outer loop
      vertex -10.747010330031063 0 68.73624936715221
      vertex -9.65 3 68.56250000000001
      vertex -10.747010330031063 3 68.73624936715221
    endloop
  endfacet
  facet normal 0.45399049973955286 0 0.8910065241883648
    outer loop
      vertex -11.736637645638279 0 69.24048966996895
      vertex -10.747010330031063 3 68.73624936715221
      vertex -11.736637645638279 3 69.24048966996895
    endloop
  endfacet
  facet normal -0.15643446504022446 2.2989591197189822e-18 0.9876883405951388
    outer loop
      vertex -9.65 0 68.56250000000001
      vertex -8.552989669968937 0 68.73624936715221
      vertex -8.552989669968937 3 68.73624936715221
    endloop
  endfacet
  facet normal -0.15643446504022446 0 0.9876883405951388
    outer loop
      vertex -9.65 0 68.56250000000001
      vertex -8.552989669968937 3 68.73624936715221
      vertex -9.65 3 68.56250000000001
    endloop
  endfacet
  facet normal -0.45399049973955286 0 0.8910065241883648
    outer loop
      vertex -8.552989669968937 0 68.73624936715221
      vertex -7.563362354361722 3 69.24048966996895
      vertex -8.552989669968937 3 68.73624936715221
    endloop
  endfacet
  facet normal 0 1 0
    outer loop
      vertex -11.736637645638279 3 64.10951033003107
      vertex -11.736637645638279 3 69.24048966996895
      vertex -10.747010330031063 3 68.73624936715221
    endloop
  endfacet
  facet normal 0 1 0
    outer loop
      vertex -10.747010330031063 3 64.6137506328478
      vertex -10.747010330031063 3 68.73624936715221
      vertex -9.65 3 68.56250000000001
    endloop
  endfacet
  facet normal 0 1 0
    outer loop
      vertex -9.65 3 64.78750000000001
      vertex -9.65 3 68.56250000000001
      vertex -8.552989669968937 3 68.73624936715221
    endloop
  endfacet
  facet normal 0 1 0
    outer loop
      vertex -8.552989669968937 3 64.6137506328478
      vertex -8.552989669968937 3 68.73624936715221
      vertex -7.563362354361722 3 69.24048966996895
    endloop
  endfacet
  facet normal 0 -1 0
    outer loop
      vertex -7.563362354361722 0 64.10951033003107
      vertex -7.563362354361722 0 69.24048966996895
      vertex -8.552989669968937 0 68.73624936715221
    endloop
  endfacet
  facet normal 0 -1 0
    outer loop
      vertex -6.777989669968937 0 63.32413764563828
      vertex -6.777989669968937 0 70.02586235436173
      vertex -7.563362354361722 0 69.24048966996895
    endloop
  endfacet
  facet normal 0 -1 0
    outer loop
      vertex -6.273749367152206 0 62.334510330031065
      vertex -6.273749367152206 0 71.01548966996894
      vertex -6.777989669968937 0 70.02586235436173
    endloop
  endfacet
  facet normal 0 -1 0
    outer loop
      vertex -6.100000000000001 0 61.237500000000004
      vertex -6.100000000000001 0 72.11250000000001
      vertex -6.273749367152206 0 71.01548966996894
    endloop
  endfacet
  facet normal -0.45399049973955286 1.9178819898192015e-18 0.8910065241883648
    outer loop
      vertex -8.552989669968937 0 68.73624936715221
      vertex -7.563362354361722 0 69.24048966996895
      vertex -7.563362354361722 3 69.24048966996895
    endloop
  endfacet
  facet normal 0 1 0
    outer loop
      vertex -7.563362354361722 3 64.10951033003107
      vertex -7.563362354361722 3 69.24048966996895
      vertex -6.777989669968937 3 70.02586235436173
    endloop
  endfacet
  facet normal 0 1 0
    outer loop
      vertex -6.777989669968937 3 63.32413764563828
      vertex -6.777989669968937 3 70.02586235436173
      vertex -6.273749367152206 3 71.01548966996894
    endloop
  endfacet
  facet normal 0 1 0
    outer loop
      vertex -6.273749367152206 3 62.334510330031065
      vertex -6.273749367152206 3 71.01548966996894
      vertex -6.100000000000001 3 72.11250000000001
    endloop
  endfacet
  facet normal -0.7071067811865467 -7.880472703528034e-18 0.7071067811865482
    outer loop
      vertex -7.563362354361722 0 69.24048966996895
      vertex -6.777989669968937 0 70.02586235436173
      vertex -6.777989669968937 3 70.02586235436173
    endloop
  endfacet
  facet normal -0.8910065241883667 3.8649180358766904e-18 0.4539904997395491
    outer loop
      vertex -6.777989669968937 0 70.02586235436173
      vertex -6.273749367152206 0 71.01548966996894
      vertex -6.273749367152206 3 71.01548966996894
    endloop
  endfacet
  facet normal -0.7071067811865467 0 0.7071067811865482
    outer loop
      vertex -7.563362354361722 0 69.24048966996895
      vertex -6.777989669968937 3 70.02586235436173
      vertex -7.563362354361722 3 69.24048966996895
    endloop
  endfacet
  facet normal -0.8910065241883667 0 0.4539904997395491
    outer loop
      vertex -6.777989669968937 0 70.02586235436173
      vertex -6.273749367152206 3 71.01548966996894
      vertex -6.777989669968937 3 70.02586235436173
    endloop
  endfacet
  facet normal -0.9876883405951379 3.9193101531284074e-18 0.15643446504022998
    outer loop
      vertex -6.273749367152206 0 71.01548966996894
      vertex -6.100000000000001 0 72.11250000000001
      vertex -6.100000000000001 3 72.11250000000001
    endloop
  endfacet
  facet normal -0.9876883405951379 0 0.15643446504022998
    outer loop
      vertex -6.273749367152206 0 71.01548966996894
      vertex -6.100000000000001 3 72.11250000000001
      vertex -6.273749367152206 3 71.01548966996894
    endloop
  endfacet
  facet normal 1 0 0
    outer loop
      vertex -13.2 0 72.11250000000001
      vertex -13.2 3 72.11250000000001
      vertex -13.2 0 77.11250000000001
    endloop
  endfacet
  facet normal 0 1 0
    outer loop
      vertex -19.3 3 0
      vertex -13.2 3 116.5625
      vertex -13.2 3 105.6875
    endloop
  endfacet
  facet normal 1 0 0
    outer loop
      vertex -13.2 3 72.11250000000001
      vertex -13.2 3 77.11250000000001
      vertex -13.2 0 77.11250000000001
    endloop
  endfacet
  facet normal 0.9876883405951379 0 -0.15643446504022998
    outer loop
      vertex -13.2 0 77.11250000000001
      vertex -13.2 3 77.11250000000001
      vertex -13.026250632847795 0 78.20951033003108
    endloop
  endfacet
  facet normal -1 0 0
    outer loop
      vertex -6.100000000000001 0 72.11250000000001
      vertex -6.100000000000001 3 77.11250000000001
      vertex -6.100000000000001 3 72.11250000000001
    endloop
  endfacet
  facet normal -1 0 0
    outer loop
      vertex -6.100000000000001 0 72.11250000000001
      vertex -6.100000000000001 0 77.11250000000001
      vertex -6.100000000000001 3 77.11250000000001
    endloop
  endfacet
  facet normal -0.9876883405951379 0 -0.15643446504022998
    outer loop
      vertex -6.100000000000001 0 77.11250000000001
      vertex -6.273749367152206 3 78.20951033003108
      vertex -6.100000000000001 3 77.11250000000001
    endloop
  endfacet
  facet normal 0 1 0
    outer loop
      vertex 0 3 0
      vertex -6.100000000000001 3 100.6875
      vertex -6.100000000000001 3 105.6875
    endloop
  endfacet
  facet normal 0 1 0
    outer loop
      vertex 0 3 0
      vertex -6.100000000000001 3 105.6875
      vertex -6.100000000000001 3 116.5625
    endloop
  endfacet
  facet normal 0 -1 0
    outer loop
      vertex -19.3 0 0
      vertex -13.2 0 61.237500000000004
      vertex -19.3 0 177.8
    endloop
  endfacet
  facet normal 0.8910065241883667 0 -0.4539904997395491
    outer loop
      vertex -13.026250632847795 0 78.20951033003108
      vertex -13.026250632847795 3 78.20951033003108
      vertex -12.522010330031064 0 79.19913764563829
    endloop
  endfacet
  facet normal 0.9876883405951379 3.9193101531284074e-18 -0.15643446504022998
    outer loop
      vertex -13.2 3 77.11250000000001
      vertex -13.026250632847795 3 78.20951033003108
      vertex -13.026250632847795 0 78.20951033003108
    endloop
  endfacet
  facet normal 0.8910065241883667 0 -0.4539904997395491
    outer loop
      vertex -12.522010330031064 0 79.19913764563829
      vertex -13.026250632847795 3 78.20951033003108
      vertex -12.522010330031064 3 79.19913764563829
    endloop
  endfacet
  facet normal 0.7071067811865467 0 -0.7071067811865482
    outer loop
      vertex -12.522010330031064 0 79.19913764563829
      vertex -12.522010330031064 3 79.19913764563829
      vertex -11.736637645638279 0 79.98451033003107
    endloop
  endfacet
  facet normal 0.7071067811865467 -7.880472703528034e-18 -0.7071067811865482
    outer loop
      vertex -12.522010330031064 3 79.19913764563829
      vertex -11.736637645638279 3 79.98451033003107
      vertex -11.736637645638279 0 79.98451033003107
    endloop
  endfacet
  facet normal 0.45399049973955286 0 -0.8910065241883648
    outer loop
      vertex -11.736637645638279 0 79.98451033003107
      vertex -11.736637645638279 3 79.98451033003107
      vertex -10.747010330031063 0 80.48875063284781
    endloop
  endfacet
  facet normal 0.15643446504022446 0 -0.9876883405951388
    outer loop
      vertex -10.747010330031063 0 80.48875063284781
      vertex -10.747010330031063 3 80.48875063284781
      vertex -9.65 0 80.66250000000001
    endloop
  endfacet
  facet normal 0.45399049973955286 0 -0.8910065241883648
    outer loop
      vertex -10.747010330031063 0 80.48875063284781
      vertex -11.736637645638279 3 79.98451033003107
      vertex -10.747010330031063 3 80.48875063284781
    endloop
  endfacet
  facet normal -0.45399049973955286 0 -0.8910065241883648
    outer loop
      vertex -8.552989669968937 0 80.48875063284781
      vertex -8.552989669968937 3 80.48875063284781
      vertex -7.563362354361722 0 79.98451033003107
    endloop
  endfacet
  facet normal -0.15643446504022446 0 -0.9876883405951388
    outer loop
      vertex -8.552989669968937 0 80.48875063284781
      vertex -9.65 3 80.66250000000001
      vertex -8.552989669968937 3 80.48875063284781
    endloop
  endfacet
  facet normal -0.9876883405951379 -3.9193101531284074e-18 -0.15643446504022998
    outer loop
      vertex -6.100000000000001 0 77.11250000000001
      vertex -6.273749367152206 0 78.20951033003108
      vertex -6.273749367152206 3 78.20951033003108
    endloop
  endfacet
  facet normal -0.8910065241883667 -3.8649180358766904e-18 -0.4539904997395491
    outer loop
      vertex -6.273749367152206 0 78.20951033003108
      vertex -6.777989669968937 0 79.19913764563829
      vertex -6.777989669968937 3 79.19913764563829
    endloop
  endfacet
  facet normal -0.8910065241883667 0 -0.4539904997395491
    outer loop
      vertex -6.273749367152206 0 78.20951033003108
      vertex -6.777989669968937 3 79.19913764563829
      vertex -6.273749367152206 3 78.20951033003108
    endloop
  endfacet
  facet normal -0.7071067811865467 7.880472703528034e-18 -0.7071067811865482
    outer loop
      vertex -6.777989669968937 0 79.19913764563829
      vertex -7.563362354361722 0 79.98451033003107
      vertex -7.563362354361722 3 79.98451033003107
    endloop
  endfacet
  facet normal -0.7071067811865467 0 -0.7071067811865482
    outer loop
      vertex -6.777989669968937 0 79.19913764563829
      vertex -7.563362354361722 3 79.98451033003107
      vertex -6.777989669968937 3 79.19913764563829
    endloop
  endfacet
  facet normal -0.45399049973955286 -1.9178819898192015e-18 -0.8910065241883648
    outer loop
      vertex -8.552989669968937 3 80.48875063284781
      vertex -7.563362354361722 3 79.98451033003107
      vertex -7.563362354361722 0 79.98451033003107
    endloop
  endfacet
  facet normal 0.15643446504022446 2.2989591197189822e-18 -0.9876883405951388
    outer loop
      vertex -10.747010330031063 3 80.48875063284781
      vertex -9.65 3 80.66250000000001
      vertex -9.65 0 80.66250000000001
    endloop
  endfacet
  facet normal -0.15643446504022446 -2.2989591197189822e-18 -0.9876883405951388
    outer loop
      vertex -8.552989669968937 0 80.48875063284781
      vertex -9.65 0 80.66250000000001
      vertex -9.65 3 80.66250000000001
    endloop
  endfacet
  facet normal 0 -1 0
    outer loop
      vertex -13.2 0 77.11250000000001
      vertex -13.026250632847795 0 78.20951033003108
      vertex -13.2 0 100.6875
    endloop
  endfacet
  facet normal 0 -1 0
    outer loop
      vertex -13.026250632847795 0 78.20951033003108
      vertex -12.522010330031064 0 79.19913764563829
      vertex -13.026250632847795 0 99.59048966996893
    endloop
  endfacet
  facet normal 0 -1 0
    outer loop
      vertex -12.522010330031064 0 79.19913764563829
      vertex -11.736637645638279 0 79.98451033003107
      vertex -12.522010330031064 0 98.60086235436172
    endloop
  endfacet
  facet normal 0 1 0
    outer loop
      vertex -13.2 3 77.11250000000001
      vertex -13.026250632847795 3 99.59048966996893
      vertex -13.026250632847795 3 78.20951033003108
    endloop
  endfacet
  facet normal 0 1 0
    outer loop
      vertex -13.026250632847795 3 78.20951033003108
      vertex -12.522010330031064 3 98.60086235436172
      vertex -12.522010330031064 3 79.19913764563829
    endloop
  endfacet
  facet normal 0 1 0
    outer loop
      vertex -12.522010330031064 3 79.19913764563829
      vertex -11.736637645638279 3 97.81548966996894
      vertex -11.736637645638279 3 79.98451033003107
    endloop
  endfacet
  facet normal 0 -1 0
    outer loop
      vertex -11.736637645638279 0 79.98451033003107
      vertex -10.747010330031063 0 80.48875063284781
      vertex -11.736637645638279 0 97.81548966996894
    endloop
  endfacet
  facet normal 0 -1 0
    outer loop
      vertex -8.552989669968937 0 80.48875063284781
      vertex -9.65 0 97.1375
      vertex -9.65 0 80.66250000000001
    endloop
  endfacet
  facet normal 0 -1 0
    outer loop
      vertex -8.552989669968937 0 80.48875063284781
      vertex -7.563362354361722 0 79.98451033003107
      vertex -8.552989669968937 0 97.3112493671522
    endloop
  endfacet
  facet normal 0 1 0
    outer loop
      vertex -11.736637645638279 3 79.98451033003107
      vertex -10.747010330031063 3 97.3112493671522
      vertex -10.747010330031063 3 80.48875063284781
    endloop
  endfacet
  facet normal 0 1 0
    outer loop
      vertex -10.747010330031063 3 80.48875063284781
      vertex -9.65 3 97.1375
      vertex -9.65 3 80.66250000000001
    endloop
  endfacet
  facet normal 0 -1 0
    outer loop
      vertex -6.100000000000001 0 77.11250000000001
      vertex -6.273749367152206 0 99.59048966996893
      vertex -6.273749367152206 0 78.20951033003108
    endloop
  endfacet
  facet normal 0 -1 0
    outer loop
      vertex -6.273749367152206 0 78.20951033003108
      vertex -6.777989669968937 0 98.60086235436172
      vertex -6.777989669968937 0 79.19913764563829
    endloop
  endfacet
  facet normal 0 -1 0
    outer loop
      vertex -6.777989669968937 0 79.19913764563829
      vertex -7.563362354361722 0 97.81548966996894
      vertex -7.563362354361722 0 79.98451033003107
    endloop
  endfacet
  facet normal 0 1 0
    outer loop
      vertex -6.100000000000001 3 77.11250000000001
      vertex -6.273749367152206 3 78.20951033003108
      vertex -6.100000000000001 3 100.6875
    endloop
  endfacet
  facet normal 0 1 0
    outer loop
      vertex -8.552989669968937 3 80.48875063284781
      vertex -7.563362354361722 3 97.81548966996894
      vertex -7.563362354361722 3 79.98451033003107
    endloop
  endfacet
  facet normal 0 1 0
    outer loop
      vertex -6.273749367152206 3 78.20951033003108
      vertex -6.777989669968937 3 79.19913764563829
      vertex -6.273749367152206 3 99.59048966996893
    endloop
  endfacet
  facet normal 0 1 0
    outer loop
      vertex -6.777989669968937 3 79.19913764563829
      vertex -7.563362354361722 3 79.98451033003107
      vertex -6.777989669968937 3 98.60086235436172
    endloop
  endfacet
  facet normal 0 -1 0
    outer loop
      vertex -10.747010330031063 0 80.48875063284781
      vertex -9.65 0 80.66250000000001
      vertex -10.747010330031063 0 97.3112493671522
    endloop
  endfacet
  facet normal 0 1 0
    outer loop
      vertex -8.552989669968937 3 80.48875063284781
      vertex -9.65 3 80.66250000000001
      vertex -8.552989669968937 3 97.3112493671522
    endloop
  endfacet
  facet normal 0 -1 0
    outer loop
      vertex 0 0 0
      vertex 0 0 177.8
      vertex -6.100000000000001 0 61.237500000000004
    endloop
  endfacet
  facet normal 0 -1 0
    outer loop
      vertex -11.736637645638279 0 79.98451033003107
      vertex -11.736637645638279 0 97.81548966996894
      vertex -12.522010330031064 0 98.60086235436172
    endloop
  endfacet
  facet normal 0 -1 0
    outer loop
      vertex -13.026250632847795 0 78.20951033003108
      vertex -13.026250632847795 0 99.59048966996893
      vertex -13.2 0 100.6875
    endloop
  endfacet
  facet normal 0 -1 0
    outer loop
      vertex -12.522010330031064 0 79.19913764563829
      vertex -12.522010330031064 0 98.60086235436172
      vertex -13.026250632847795 0 99.59048966996893
    endloop
  endfacet
  facet normal 0 1 0
    outer loop
      vertex -13.026250632847795 3 78.20951033003108
      vertex -13.026250632847795 3 99.59048966996893
      vertex -12.522010330031064 3 98.60086235436172
    endloop
  endfacet
  facet normal 0 1 0
    outer loop
      vertex -12.522010330031064 3 79.19913764563829
      vertex -12.522010330031064 3 98.60086235436172
      vertex -11.736637645638279 3 97.81548966996894
    endloop
  endfacet
  facet normal 0 1 0
    outer loop
      vertex -13.2 3 77.11250000000001
      vertex -13.2 3 100.6875
      vertex -13.026250632847795 3 99.59048966996893
    endloop
  endfacet
  facet normal 0 -1 0
    outer loop
      vertex -8.552989669968937 0 80.48875063284781
      vertex -8.552989669968937 0 97.3112493671522
      vertex -9.65 0 97.1375
    endloop
  endfacet
  facet normal 0 1 0
    outer loop
      vertex -10.747010330031063 3 80.48875063284781
      vertex -10.747010330031063 3 97.3112493671522
      vertex -9.65 3 97.1375
    endloop
  endfacet
  facet normal 0 -1 0
    outer loop
      vertex -10.747010330031063 0 80.48875063284781
      vertex -10.747010330031063 0 97.3112493671522
      vertex -11.736637645638279 0 97.81548966996894
    endloop
  endfacet
  facet normal 0 -1 0
    outer loop
      vertex -9.65 0 80.66250000000001
      vertex -9.65 0 97.1375
      vertex -10.747010330031063 0 97.3112493671522
    endloop
  endfacet
  facet normal 0 1 0
    outer loop
      vertex -11.736637645638279 3 79.98451033003107
      vertex -11.736637645638279 3 97.81548966996894
      vertex -10.747010330031063 3 97.3112493671522
    endloop
  endfacet
  facet normal 0 1 0
    outer loop
      vertex -9.65 3 80.66250000000001
      vertex -9.65 3 97.1375
      vertex -8.552989669968937 3 97.3112493671522
    endloop
  endfacet
  facet normal 0 1 0
    outer loop
      vertex -8.552989669968937 3 80.48875063284781
      vertex -8.552989669968937 3 97.3112493671522
      vertex -7.563362354361722 3 97.81548966996894
    endloop
  endfacet
  facet normal 0 -1 0
    outer loop
      vertex -7.563362354361722 0 79.98451033003107
      vertex -7.563362354361722 0 97.81548966996894
      vertex -8.552989669968937 0 97.3112493671522
    endloop
  endfacet
  facet normal 0 -1 0
    outer loop
      vertex -6.777989669968937 0 79.19913764563829
      vertex -6.777989669968937 0 98.60086235436172
      vertex -7.563362354361722 0 97.81548966996894
    endloop
  endfacet
  facet normal 0 -1 0
    outer loop
      vertex -6.273749367152206 0 78.20951033003108
      vertex -6.273749367152206 0 99.59048966996893
      vertex -6.777989669968937 0 98.60086235436172
    endloop
  endfacet
  facet normal 0 -1 0
    outer loop
      vertex -6.100000000000001 0 77.11250000000001
      vertex -6.100000000000001 0 100.6875
      vertex -6.273749367152206 0 99.59048966996893
    endloop
  endfacet
  facet normal 0 1 0
    outer loop
      vertex -7.563362354361722 3 79.98451033003107
      vertex -7.563362354361722 3 97.81548966996894
      vertex -6.777989669968937 3 98.60086235436172
    endloop
  endfacet
  facet normal 0 1 0
    outer loop
      vertex -6.777989669968937 3 79.19913764563829
      vertex -6.777989669968937 3 98.60086235436172
      vertex -6.273749367152206 3 99.59048966996893
    endloop
  endfacet
  facet normal 0 1 0
    outer loop
      vertex -6.273749367152206 3 78.20951033003108
      vertex -6.273749367152206 3 99.59048966996893
      vertex -6.100000000000001 3 100.6875
    endloop
  endfacet
  facet normal 0 1 0
    outer loop
      vertex -19.3 3 0
      vertex -19.3 3 177.8
      vertex -13.2 3 116.5625
    endloop
  endfacet
  facet normal 0.7071067811865467 7.880472703528034e-18 0.7071067811865482
    outer loop
      vertex -12.522010330031064 0 98.60086235436172
      vertex -11.736637645638279 0 97.81548966996894
      vertex -11.736637645638279 3 97.81548966996894
    endloop
  endfacet
  facet normal 0.7071067811865467 0 0.7071067811865482
    outer loop
      vertex -12.522010330031064 0 98.60086235436172
      vertex -11.736637645638279 3 97.81548966996894
      vertex -12.522010330031064 3 98.60086235436172
    endloop
  endfacet
  facet normal 0.8910065241883667 0 0.4539904997395491
    outer loop
      vertex -12.522010330031064 0 98.60086235436172
      vertex -12.522010330031064 3 98.60086235436172
      vertex -13.026250632847795 0 99.59048966996893
    endloop
  endfacet
  facet normal 0.9876883405951379 0 0.15643446504022998
    outer loop
      vertex -13.026250632847795 0 99.59048966996893
      vertex -13.026250632847795 3 99.59048966996893
      vertex -13.2 0 100.6875
    endloop
  endfacet
  facet normal 0.8910065241883667 0 0.4539904997395491
    outer loop
      vertex -13.026250632847795 0 99.59048966996893
      vertex -12.522010330031064 3 98.60086235436172
      vertex -13.026250632847795 3 99.59048966996893
    endloop
  endfacet
  facet normal 0.15643446504022446 0 0.9876883405951388
    outer loop
      vertex -9.65 0 97.1375
      vertex -9.65 3 97.1375
      vertex -10.747010330031063 0 97.3112493671522
    endloop
  endfacet
  facet normal -0.15643446504022446 0 0.9876883405951388
    outer loop
      vertex -9.65 0 97.1375
      vertex -8.552989669968937 3 97.3112493671522
      vertex -9.65 3 97.1375
    endloop
  endfacet
  facet normal 0.45399049973955286 -1.9178819898192015e-18 0.8910065241883648
    outer loop
      vertex -11.736637645638279 0 97.81548966996894
      vertex -10.747010330031063 0 97.3112493671522
      vertex -10.747010330031063 3 97.3112493671522
    endloop
  endfacet
  facet normal 0.45399049973955286 0 0.8910065241883648
    outer loop
      vertex -11.736637645638279 0 97.81548966996894
      vertex -10.747010330031063 3 97.3112493671522
      vertex -11.736637645638279 3 97.81548966996894
    endloop
  endfacet
  facet normal 0.15643446504022446 -2.2989591197189822e-18 0.9876883405951388
    outer loop
      vertex -9.65 3 97.1375
      vertex -10.747010330031063 3 97.3112493671522
      vertex -10.747010330031063 0 97.3112493671522
    endloop
  endfacet
  facet normal -0.15643446504022446 2.2989591197189822e-18 0.9876883405951388
    outer loop
      vertex -9.65 0 97.1375
      vertex -8.552989669968937 0 97.3112493671522
      vertex -8.552989669968937 3 97.3112493671522
    endloop
  endfacet
  facet normal -0.45399049973955286 0 0.8910065241883648
    outer loop
      vertex -8.552989669968937 0 97.3112493671522
      vertex -7.563362354361722 3 97.81548966996894
      vertex -8.552989669968937 3 97.3112493671522
    endloop
  endfacet
  facet normal -0.45399049973955286 1.9178819898192015e-18 0.8910065241883648
    outer loop
      vertex -8.552989669968937 0 97.3112493671522
      vertex -7.563362354361722 0 97.81548966996894
      vertex -7.563362354361722 3 97.81548966996894
    endloop
  endfacet
  facet normal -0.7071067811865467 -7.880472703528034e-18 0.7071067811865482
    outer loop
      vertex -7.563362354361722 0 97.81548966996894
      vertex -6.777989669968937 0 98.60086235436172
      vertex -6.777989669968937 3 98.60086235436172
    endloop
  endfacet
  facet normal -0.7071067811865467 0 0.7071067811865482
    outer loop
      vertex -7.563362354361722 0 97.81548966996894
      vertex -6.777989669968937 3 98.60086235436172
      vertex -7.563362354361722 3 97.81548966996894
    endloop
  endfacet
  facet normal -0.8910065241883667 3.8649180358766904e-18 0.4539904997395491
    outer loop
      vertex -6.777989669968937 0 98.60086235436172
      vertex -6.273749367152206 0 99.59048966996893
      vertex -6.273749367152206 3 99.59048966996893
    endloop
  endfacet
  facet normal -0.8910065241883667 0 0.4539904997395491
    outer loop
      vertex -6.777989669968937 0 98.60086235436172
      vertex -6.273749367152206 3 99.59048966996893
      vertex -6.777989669968937 3 98.60086235436172
    endloop
  endfacet
  facet normal -0.9876883405951379 0 0.15643446504022998
    outer loop
      vertex -6.273749367152206 0 99.59048966996893
      vertex -6.100000000000001 3 100.6875
      vertex -6.273749367152206 3 99.59048966996893
    endloop
  endfacet
  facet normal 0 1 0
    outer loop
      vertex 0 3 0
      vertex -6.100000000000001 3 116.5625
      vertex 0 3 177.8
    endloop
  endfacet
  facet normal 0.9876883405951379 -3.9193101531284074e-18 0.15643446504022998
    outer loop
      vertex -13.026250632847795 3 99.59048966996893
      vertex -13.2 3 100.6875
      vertex -13.2 0 100.6875
    endloop
  endfacet
  facet normal 1 0 0
    outer loop
      vertex -13.2 0 100.6875
      vertex -13.2 3 100.6875
      vertex -13.2 0 105.6875
    endloop
  endfacet
  facet normal 0 -1 0
    outer loop
      vertex -13.2 0 61.237500000000004
      vertex -13.2 0 72.11250000000001
      vertex -19.3 0 177.8
    endloop
  endfacet
  facet normal 1 0 0
    outer loop
      vertex -13.2 3 100.6875
      vertex -13.2 3 105.6875
      vertex -13.2 0 105.6875
    endloop
  endfacet
  facet normal -0.9876883405951379 3.9193101531284074e-18 0.15643446504022998
    outer loop
      vertex -6.273749367152206 0 99.59048966996893
      vertex -6.100000000000001 0 100.6875
      vertex -6.100000000000001 3 100.6875
    endloop
  endfacet
  facet normal -1 0 0
    outer loop
      vertex -6.100000000000001 0 100.6875
      vertex -6.100000000000001 3 105.6875
      vertex -6.100000000000001 3 100.6875
    endloop
  endfacet
  facet normal -1 0 0
    outer loop
      vertex -6.100000000000001 0 100.6875
      vertex -6.100000000000001 0 105.6875
      vertex -6.100000000000001 3 105.6875
    endloop
  endfacet
  facet normal 0.9876883405951379 0 -0.15643446504022998
    outer loop
      vertex -13.2 0 105.6875
      vertex -13.2 3 105.6875
      vertex -13.026250632847795 0 106.78451033003107
    endloop
  endfacet
  facet normal 0.9876883405951379 0 -0.15643446504022998
    outer loop
      vertex -13.026250632847795 0 106.78451033003107
      vertex -13.2 3 105.6875
      vertex -13.026250632847795 3 106.78451033003107
    endloop
  endfacet
  facet normal 0.8910065241883667 0 -0.4539904997395491
    outer loop
      vertex -13.026250632847795 0 106.78451033003107
      vertex -13.026250632847795 3 106.78451033003107
      vertex -12.522010330031064 0 107.77413764563828
    endloop
  endfacet
  facet normal 0.7071067811865467 0 -0.7071067811865482
    outer loop
      vertex -12.522010330031064 0 107.77413764563828
      vertex -12.522010330031064 3 107.77413764563828
      vertex -11.736637645638279 0 108.55951033003106
    endloop
  endfacet
  facet normal 0.8910065241883667 0 -0.4539904997395491
    outer loop
      vertex -12.522010330031064 0 107.77413764563828
      vertex -13.026250632847795 3 106.78451033003107
      vertex -12.522010330031064 3 107.77413764563828
    endloop
  endfacet
  facet normal 0.7071067811865467 -7.880472703528034e-18 -0.7071067811865482
    outer loop
      vertex -12.522010330031064 3 107.77413764563828
      vertex -11.736637645638279 3 108.55951033003106
      vertex -11.736637645638279 0 108.55951033003106
    endloop
  endfacet
  facet normal 0 -1 0
    outer loop
      vertex -13.2 0 72.11250000000001
      vertex -13.2 0 77.11250000000001
      vertex -19.3 0 177.8
    endloop
  endfacet
  facet normal 0 -1 0
    outer loop
      vertex -13.2 0 105.6875
      vertex -13.026250632847795 0 106.78451033003107
      vertex -13.2 0 116.5625
    endloop
  endfacet
  facet normal 0 -1 0
    outer loop
      vertex -13.026250632847795 0 106.78451033003107
      vertex -12.522010330031064 0 107.77413764563828
      vertex -13.026250632847795 0 115.46548966996893
    endloop
  endfacet
  facet normal 0 -1 0
    outer loop
      vertex -12.522010330031064 0 107.77413764563828
      vertex -11.736637645638279 0 108.55951033003106
      vertex -12.522010330031064 0 114.47586235436172
    endloop
  endfacet
  facet normal 0 1 0
    outer loop
      vertex -13.2 3 105.6875
      vertex -13.026250632847795 3 115.46548966996893
      vertex -13.026250632847795 3 106.78451033003107
    endloop
  endfacet
  facet normal 0 1 0
    outer loop
      vertex -13.026250632847795 3 106.78451033003107
      vertex -12.522010330031064 3 114.47586235436172
      vertex -12.522010330031064 3 107.77413764563828
    endloop
  endfacet
  facet normal 0 1 0
    outer loop
      vertex -12.522010330031064 3 107.77413764563828
      vertex -11.736637645638279 3 113.69048966996894
      vertex -11.736637645638279 3 108.55951033003106
    endloop
  endfacet
  facet normal -0.9876883405951379 0 -0.15643446504022998
    outer loop
      vertex -6.273749367152206 0 106.78451033003107
      vertex -6.273749367152206 3 106.78451033003107
      vertex -6.100000000000001 0 105.6875
    endloop
  endfacet
  facet normal -0.9876883405951379 0 -0.15643446504022998
    outer loop
      vertex -6.100000000000001 0 105.6875
      vertex -6.273749367152206 3 106.78451033003107
      vertex -6.100000000000001 3 105.6875
    endloop
  endfacet
  facet normal -0.8910065241883667 -3.8649180358766904e-18 -0.4539904997395491
    outer loop
      vertex -6.273749367152206 0 106.78451033003107
      vertex -6.777989669968937 0 107.77413764563828
      vertex -6.777989669968937 3 107.77413764563828
    endloop
  endfacet
  facet normal -0.7071067811865467 7.880472703528034e-18 -0.7071067811865482
    outer loop
      vertex -6.777989669968937 0 107.77413764563828
      vertex -7.563362354361722 0 108.55951033003106
      vertex -7.563362354361722 3 108.55951033003106
    endloop
  endfacet
  facet normal -0.8910065241883667 0 -0.4539904997395491
    outer loop
      vertex -6.273749367152206 0 106.78451033003107
      vertex -6.777989669968937 3 107.77413764563828
      vertex -6.273749367152206 3 106.78451033003107
    endloop
  endfacet
  facet normal -0.7071067811865467 0 -0.7071067811865482
    outer loop
      vertex -6.777989669968937 0 107.77413764563828
      vertex -7.563362354361722 3 108.55951033003106
      vertex -6.777989669968937 3 107.77413764563828
    endloop
  endfacet
  facet normal 0.45399049973955286 0 -0.8910065241883648
    outer loop
      vertex -11.736637645638279 0 108.55951033003106
      vertex -11.736637645638279 3 108.55951033003106
      vertex -10.747010330031063 0 109.0637506328478
    endloop
  endfacet
  facet normal 0.15643446504022446 0 -0.9876883405951388
    outer loop
      vertex -10.747010330031063 0 109.0637506328478
      vertex -10.747010330031063 3 109.0637506328478
      vertex -9.65 0 109.2375
    endloop
  endfacet
  facet normal 0.45399049973955286 0 -0.8910065241883648
    outer loop
      vertex -10.747010330031063 0 109.0637506328478
      vertex -11.736637645638279 3 108.55951033003106
      vertex -10.747010330031063 3 109.0637506328478
    endloop
  endfacet
  facet normal 0.15643446504022446 0 -0.9876883405951388
    outer loop
      vertex -9.65 0 109.2375
      vertex -10.747010330031063 3 109.0637506328478
      vertex -9.65 3 109.2375
    endloop
  endfacet
  facet normal -0.45399049973955286 0 -0.8910065241883648
    outer loop
      vertex -8.552989669968937 0 109.0637506328478
      vertex -8.552989669968937 3 109.0637506328478
      vertex -7.563362354361722 0 108.55951033003106
    endloop
  endfacet
  facet normal -0.15643446504022446 0 -0.9876883405951388
    outer loop
      vertex -9.65 0 109.2375
      vertex -9.65 3 109.2375
      vertex -8.552989669968937 0 109.0637506328478
    endloop
  endfacet
  facet normal -0.15643446504022446 0 -0.9876883405951388
    outer loop
      vertex -8.552989669968937 0 109.0637506328478
      vertex -9.65 3 109.2375
      vertex -8.552989669968937 3 109.0637506328478
    endloop
  endfacet
  facet normal 0 -1 0
    outer loop
      vertex -11.736637645638279 0 108.55951033003106
      vertex -10.747010330031063 0 109.0637506328478
      vertex -11.736637645638279 0 113.69048966996894
    endloop
  endfacet
  facet normal 0 -1 0
    outer loop
      vertex -10.747010330031063 0 109.0637506328478
      vertex -9.65 0 109.2375
      vertex -10.747010330031063 0 113.1862493671522
    endloop
  endfacet
  facet normal 0 -1 0
    outer loop
      vertex -8.552989669968937 0 109.0637506328478
      vertex -7.563362354361722 0 108.55951033003106
      vertex -8.552989669968937 0 113.1862493671522
    endloop
  endfacet
  facet normal 0 -1 0
    outer loop
      vertex -9.65 0 109.2375
      vertex -8.552989669968937 0 109.0637506328478
      vertex -9.65 0 113.0125
    endloop
  endfacet
  facet normal 0 1 0
    outer loop
      vertex -11.736637645638279 3 108.55951033003106
      vertex -10.747010330031063 3 113.1862493671522
      vertex -10.747010330031063 3 109.0637506328478
    endloop
  endfacet
  facet normal 0 1 0
    outer loop
      vertex -10.747010330031063 3 109.0637506328478
      vertex -9.65 3 113.0125
      vertex -9.65 3 109.2375
    endloop
  endfacet
  facet normal 0 1 0
    outer loop
      vertex -9.65 3 109.2375
      vertex -8.552989669968937 3 113.1862493671522
      vertex -8.552989669968937 3 109.0637506328478
    endloop
  endfacet
  facet normal 0 -1 0
    outer loop
      vertex -6.273749367152206 0 106.78451033003107
      vertex -6.100000000000001 0 105.6875
      vertex -6.273749367152206 0 115.46548966996893
    endloop
  endfacet
  facet normal 0 -1 0
    outer loop
      vertex -6.273749367152206 0 106.78451033003107
      vertex -6.777989669968937 0 114.47586235436172
      vertex -6.777989669968937 0 107.77413764563828
    endloop
  endfacet
  facet normal -0.45399049973955286 -1.9178819898192015e-18 -0.8910065241883648
    outer loop
      vertex -8.552989669968937 3 109.0637506328478
      vertex -7.563362354361722 3 108.55951033003106
      vertex -7.563362354361722 0 108.55951033003106
    endloop
  endfacet
  facet normal 0 -1 0
    outer loop
      vertex -6.777989669968937 0 107.77413764563828
      vertex -7.563362354361722 0 113.69048966996894
      vertex -7.563362354361722 0 108.55951033003106
    endloop
  endfacet
  facet normal 0 1 0
    outer loop
      vertex -6.273749367152206 3 106.78451033003107
      vertex -6.100000000000001 3 116.5625
      vertex -6.100000000000001 3 105.6875
    endloop
  endfacet
  facet normal 0 1 0
    outer loop
      vertex -6.273749367152206 3 106.78451033003107
      vertex -6.777989669968937 3 107.77413764563828
      vertex -6.273749367152206 3 115.46548966996893
    endloop
  endfacet
  facet normal 0 1 0
    outer loop
      vertex -6.777989669968937 3 107.77413764563828
      vertex -7.563362354361722 3 108.55951033003106
      vertex -6.777989669968937 3 114.47586235436172
    endloop
  endfacet
  facet normal 0 1 0
    outer loop
      vertex -8.552989669968937 3 109.0637506328478
      vertex -7.563362354361722 3 113.69048966996894
      vertex -7.563362354361722 3 108.55951033003106
    endloop
  endfacet
  facet normal 0 -1 0
    outer loop
      vertex -6.100000000000001 0 61.237500000000004
      vertex 0 0 177.8
      vertex -6.100000000000001 0 72.11250000000001
    endloop
  endfacet
  facet normal 0 -1 0
    outer loop
      vertex -6.100000000000001 0 72.11250000000001
      vertex 0 0 177.8
      vertex -6.100000000000001 0 77.11250000000001
    endloop
  endfacet
  facet normal 0 -1 0
    outer loop
      vertex -11.736637645638279 0 108.55951033003106
      vertex -11.736637645638279 0 113.69048966996894
      vertex -12.522010330031064 0 114.47586235436172
    endloop
  endfacet
  facet normal 0 -1 0
    outer loop
      vertex -13.026250632847795 0 106.78451033003107
      vertex -13.026250632847795 0 115.46548966996893
      vertex -13.2 0 116.5625
    endloop
  endfacet
  facet normal 0 -1 0
    outer loop
      vertex -12.522010330031064 0 107.77413764563828
      vertex -12.522010330031064 0 114.47586235436172
      vertex -13.026250632847795 0 115.46548966996893
    endloop
  endfacet
  facet normal 0 1 0
    outer loop
      vertex -13.026250632847795 3 106.78451033003107
      vertex -13.026250632847795 3 115.46548966996893
      vertex -12.522010330031064 3 114.47586235436172
    endloop
  endfacet
  facet normal 0 1 0
    outer loop
      vertex -12.522010330031064 3 107.77413764563828
      vertex -12.522010330031064 3 114.47586235436172
      vertex -11.736637645638279 3 113.69048966996894
    endloop
  endfacet
  facet normal 0 1 0
    outer loop
      vertex -13.2 3 105.6875
      vertex -13.2 3 116.5625
      vertex -13.026250632847795 3 115.46548966996893
    endloop
  endfacet
  facet normal 0.7071067811865467 7.880472703528034e-18 0.7071067811865482
    outer loop
      vertex -12.522010330031064 0 114.47586235436172
      vertex -11.736637645638279 0 113.69048966996894
      vertex -11.736637645638279 3 113.69048966996894
    endloop
  endfacet
  facet normal 0.8910065241883667 0 0.4539904997395491
    outer loop
      vertex -12.522010330031064 0 114.47586235436172
      vertex -12.522010330031064 3 114.47586235436172
      vertex -13.026250632847795 0 115.46548966996893
    endloop
  endfacet
  facet normal 0.7071067811865467 0 0.7071067811865482
    outer loop
      vertex -12.522010330031064 0 114.47586235436172
      vertex -11.736637645638279 3 113.69048966996894
      vertex -12.522010330031064 3 114.47586235436172
    endloop
  endfacet
  facet normal 0.8910065241883667 0 0.4539904997395491
    outer loop
      vertex -13.026250632847795 0 115.46548966996893
      vertex -12.522010330031064 3 114.47586235436172
      vertex -13.026250632847795 3 115.46548966996893
    endloop
  endfacet
  facet normal 0.9876883405951379 0 0.15643446504022998
    outer loop
      vertex -13.026250632847795 0 115.46548966996893
      vertex -13.026250632847795 3 115.46548966996893
      vertex -13.2 0 116.5625
    endloop
  endfacet
  facet normal 0.9876883405951379 0 0.15643446504022998
    outer loop
      vertex -13.2 0 116.5625
      vertex -13.026250632847795 3 115.46548966996893
      vertex -13.2 3 116.5625
    endloop
  endfacet
  facet normal 0 -1 0
    outer loop
      vertex -9.65 0 109.2375
      vertex -9.65 0 113.0125
      vertex -10.747010330031063 0 113.1862493671522
    endloop
  endfacet
  facet normal 0 -1 0
    outer loop
      vertex -10.747010330031063 0 109.0637506328478
      vertex -10.747010330031063 0 113.1862493671522
      vertex -11.736637645638279 0 113.69048966996894
    endloop
  endfacet
  facet normal 0 -1 0
    outer loop
      vertex -8.552989669968937 0 109.0637506328478
      vertex -8.552989669968937 0 113.1862493671522
      vertex -9.65 0 113.0125
    endloop
  endfacet
  facet normal 0.15643446504022446 -2.2989591197189822e-18 0.9876883405951388
    outer loop
      vertex -10.747010330031063 0 113.1862493671522
      vertex -9.65 0 113.0125
      vertex -9.65 3 113.0125
    endloop
  endfacet
  facet normal 0.45399049973955286 0 0.8910065241883648
    outer loop
      vertex -10.747010330031063 0 113.1862493671522
      vertex -10.747010330031063 3 113.1862493671522
      vertex -11.736637645638279 0 113.69048966996894
    endloop
  endfacet
  facet normal 0.15643446504022446 0 0.9876883405951388
    outer loop
      vertex -10.747010330031063 0 113.1862493671522
      vertex -9.65 3 113.0125
      vertex -10.747010330031063 3 113.1862493671522
    endloop
  endfacet
  facet normal 0.45399049973955286 0 0.8910065241883648
    outer loop
      vertex -11.736637645638279 0 113.69048966996894
      vertex -10.747010330031063 3 113.1862493671522
      vertex -11.736637645638279 3 113.69048966996894
    endloop
  endfacet
  facet normal -0.15643446504022446 2.2989591197189822e-18 0.9876883405951388
    outer loop
      vertex -9.65 0 113.0125
      vertex -8.552989669968937 0 113.1862493671522
      vertex -8.552989669968937 3 113.1862493671522
    endloop
  endfacet
  facet normal -0.15643446504022446 0 0.9876883405951388
    outer loop
      vertex -9.65 0 113.0125
      vertex -8.552989669968937 3 113.1862493671522
      vertex -9.65 3 113.0125
    endloop
  endfacet
  facet normal -0.45399049973955286 0 0.8910065241883648
    outer loop
      vertex -8.552989669968937 0 113.1862493671522
      vertex -7.563362354361722 3 113.69048966996894
      vertex -8.552989669968937 3 113.1862493671522
    endloop
  endfacet
  facet normal 0 1 0
    outer loop
      vertex -11.736637645638279 3 108.55951033003106
      vertex -11.736637645638279 3 113.69048966996894
      vertex -10.747010330031063 3 113.1862493671522
    endloop
  endfacet
  facet normal 0 1 0
    outer loop
      vertex -10.747010330031063 3 109.0637506328478
      vertex -10.747010330031063 3 113.1862493671522
      vertex -9.65 3 113.0125
    endloop
  endfacet
  facet normal 0 1 0
    outer loop
      vertex -9.65 3 109.2375
      vertex -9.65 3 113.0125
      vertex -8.552989669968937 3 113.1862493671522
    endloop
  endfacet
  facet normal 0 1 0
    outer loop
      vertex -8.552989669968937 3 109.0637506328478
      vertex -8.552989669968937 3 113.1862493671522
      vertex -7.563362354361722 3 113.69048966996894
    endloop
  endfacet
  facet normal 0 -1 0
    outer loop
      vertex -7.563362354361722 0 108.55951033003106
      vertex -7.563362354361722 0 113.69048966996894
      vertex -8.552989669968937 0 113.1862493671522
    endloop
  endfacet
  facet normal 0 -1 0
    outer loop
      vertex -6.777989669968937 0 107.77413764563828
      vertex -6.777989669968937 0 114.47586235436172
      vertex -7.563362354361722 0 113.69048966996894
    endloop
  endfacet
  facet normal 0 -1 0
    outer loop
      vertex -6.273749367152206 0 106.78451033003107
      vertex -6.273749367152206 0 115.46548966996893
      vertex -6.777989669968937 0 114.47586235436172
    endloop
  endfacet
  facet normal 0 -1 0
    outer loop
      vertex -6.100000000000001 0 105.6875
      vertex -6.100000000000001 0 116.5625
      vertex -6.273749367152206 0 115.46548966996893
    endloop
  endfacet
  facet normal -0.45399049973955286 1.9178819898192015e-18 0.8910065241883648
    outer loop
      vertex -8.552989669968937 0 113.1862493671522
      vertex -7.563362354361722 0 113.69048966996894
      vertex -7.563362354361722 3 113.69048966996894
    endloop
  endfacet
  facet normal 0 1 0
    outer loop
      vertex -7.563362354361722 3 108.55951033003106
      vertex -7.563362354361722 3 113.69048966996894
      vertex -6.777989669968937 3 114.47586235436172
    endloop
  endfacet
  facet normal 0 1 0
    outer loop
      vertex -6.777989669968937 3 107.77413764563828
      vertex -6.777989669968937 3 114.47586235436172
      vertex -6.273749367152206 3 115.46548966996893
    endloop
  endfacet
  facet normal 0 1 0
    outer loop
      vertex -6.273749367152206 3 106.78451033003107
      vertex -6.273749367152206 3 115.46548966996893
      vertex -6.100000000000001 3 116.5625
    endloop
  endfacet
  facet normal -0.7071067811865467 -7.880472703528034e-18 0.7071067811865482
    outer loop
      vertex -7.563362354361722 0 113.69048966996894
      vertex -6.777989669968937 0 114.47586235436172
      vertex -6.777989669968937 3 114.47586235436172
    endloop
  endfacet
  facet normal -0.8910065241883667 3.8649180358766904e-18 0.4539904997395491
    outer loop
      vertex -6.777989669968937 0 114.47586235436172
      vertex -6.273749367152206 0 115.46548966996893
      vertex -6.273749367152206 3 115.46548966996893
    endloop
  endfacet
  facet normal -0.7071067811865467 0 0.7071067811865482
    outer loop
      vertex -7.563362354361722 0 113.69048966996894
      vertex -6.777989669968937 3 114.47586235436172
      vertex -7.563362354361722 3 113.69048966996894
    endloop
  endfacet
  facet normal -0.8910065241883667 0 0.4539904997395491
    outer loop
      vertex -6.777989669968937 0 114.47586235436172
      vertex -6.273749367152206 3 115.46548966996893
      vertex -6.777989669968937 3 114.47586235436172
    endloop
  endfacet
  facet normal -0.9876883405951379 3.9193101531284074e-18 0.15643446504022998
    outer loop
      vertex -6.273749367152206 0 115.46548966996893
      vertex -6.100000000000001 0 116.5625
      vertex -6.100000000000001 3 116.5625
    endloop
  endfacet
  facet normal -0.9876883405951379 0 0.15643446504022998
    outer loop
      vertex -6.273749367152206 0 115.46548966996893
      vertex -6.100000000000001 3 116.5625
      vertex -6.273749367152206 3 115.46548966996893
    endloop
  endfacet
  facet normal -1 0 0
    outer loop
      vertex -19.3 0 0
      vertex -19.3 0 177.8
      vertex -19.3 3 177.8
    endloop
  endfacet
  facet normal 0 -1 0
    outer loop
      vertex -13.2 0 77.11250000000001
      vertex -13.2 0 100.6875
      vertex -19.3 0 177.8
    endloop
  endfacet
  facet normal 1 0 0
    outer loop
      vertex -13.2 0 116.5625
      vertex -13.2 3 116.5625
      vertex -13.2 0 121.5625
    endloop
  endfacet
  facet normal 1 0 0
    outer loop
      vertex -13.2 3 116.5625
      vertex -13.2 3 121.5625
      vertex -13.2 0 121.5625
    endloop
  endfacet
  facet normal 0.9876883405951379 0 -0.15643446504022998
    outer loop
      vertex -13.2 0 121.5625
      vertex -13.2 3 121.5625
      vertex -13.026250632847795 0 122.65951033003107
    endloop
  endfacet
  facet normal -1 0 0
    outer loop
      vertex -6.100000000000001 0 116.5625
      vertex -6.100000000000001 3 121.5625
      vertex -6.100000000000001 3 116.5625
    endloop
  endfacet
  facet normal -1 0 0
    outer loop
      vertex -6.100000000000001 0 116.5625
      vertex -6.100000000000001 0 121.5625
      vertex -6.100000000000001 3 121.5625
    endloop
  endfacet
  facet normal -0.9876883405951379 0 -0.15643446504022998
    outer loop
      vertex -6.100000000000001 0 121.5625
      vertex -6.273749367152206 3 122.65951033003107
      vertex -6.100000000000001 3 121.5625
    endloop
  endfacet
  facet normal 0 -1 0
    outer loop
      vertex -6.100000000000001 0 77.11250000000001
      vertex 0 0 177.8
      vertex -6.100000000000001 0 100.6875
    endloop
  endfacet
  facet normal 0.8910065241883667 0 -0.4539904997395491
    outer loop
      vertex -13.026250632847795 0 122.65951033003107
      vertex -13.026250632847795 3 122.65951033003107
      vertex -12.522010330031064 0 123.64913764563828
    endloop
  endfacet
  facet normal 0.9876883405951379 3.9193101531284074e-18 -0.15643446504022998
    outer loop
      vertex -13.2 3 121.5625
      vertex -13.026250632847795 3 122.65951033003107
      vertex -13.026250632847795 0 122.65951033003107
    endloop
  endfacet
  facet normal 0.8910065241883667 0 -0.4539904997395491
    outer loop
      vertex -12.522010330031064 0 123.64913764563828
      vertex -13.026250632847795 3 122.65951033003107
      vertex -12.522010330031064 3 123.64913764563828
    endloop
  endfacet
  facet normal 0.7071067811865467 0 -0.7071067811865482
    outer loop
      vertex -12.522010330031064 0 123.64913764563828
      vertex -12.522010330031064 3 123.64913764563828
      vertex -11.736637645638279 0 124.43451033003106
    endloop
  endfacet
  facet normal 0.7071067811865467 -7.880472703528034e-18 -0.7071067811865482
    outer loop
      vertex -12.522010330031064 3 123.64913764563828
      vertex -11.736637645638279 3 124.43451033003106
      vertex -11.736637645638279 0 124.43451033003106
    endloop
  endfacet
  facet normal 0.45399049973955286 0 -0.8910065241883648
    outer loop
      vertex -11.736637645638279 0 124.43451033003106
      vertex -11.736637645638279 3 124.43451033003106
      vertex -10.747010330031063 0 124.9387506328478
    endloop
  endfacet
  facet normal 0.15643446504022446 0 -0.9876883405951388
    outer loop
      vertex -10.747010330031063 0 124.9387506328478
      vertex -10.747010330031063 3 124.9387506328478
      vertex -9.65 0 125.1125
    endloop
  endfacet
  facet normal 0.45399049973955286 0 -0.8910065241883648
    outer loop
      vertex -10.747010330031063 0 124.9387506328478
      vertex -11.736637645638279 3 124.43451033003106
      vertex -10.747010330031063 3 124.9387506328478
    endloop
  endfacet
  facet normal -0.45399049973955286 0 -0.8910065241883648
    outer loop
      vertex -8.552989669968937 0 124.9387506328478
      vertex -8.552989669968937 3 124.9387506328478
      vertex -7.563362354361722 0 124.43451033003106
    endloop
  endfacet
  facet normal -0.15643446504022446 0 -0.9876883405951388
    outer loop
      vertex -8.552989669968937 0 124.9387506328478
      vertex -9.65 3 125.1125
      vertex -8.552989669968937 3 124.9387506328478
    endloop
  endfacet
  facet normal -0.9876883405951379 -3.9193101531284074e-18 -0.15643446504022998
    outer loop
      vertex -6.100000000000001 0 121.5625
      vertex -6.273749367152206 0 122.65951033003107
      vertex -6.273749367152206 3 122.65951033003107
    endloop
  endfacet
  facet normal -0.8910065241883667 -3.8649180358766904e-18 -0.4539904997395491
    outer loop
      vertex -6.273749367152206 0 122.65951033003107
      vertex -6.777989669968937 0 123.64913764563828
      vertex -6.777989669968937 3 123.64913764563828
    endloop
  endfacet
  facet normal -0.8910065241883667 0 -0.4539904997395491
    outer loop
      vertex -6.273749367152206 0 122.65951033003107
      vertex -6.777989669968937 3 123.64913764563828
      vertex -6.273749367152206 3 122.65951033003107
    endloop
  endfacet
  facet normal -0.7071067811865467 7.880472703528034e-18 -0.7071067811865482
    outer loop
      vertex -6.777989669968937 0 123.64913764563828
      vertex -7.563362354361722 0 124.43451033003106
      vertex -7.563362354361722 3 124.43451033003106
    endloop
  endfacet
  facet normal -0.7071067811865467 0 -0.7071067811865482
    outer loop
      vertex -6.777989669968937 0 123.64913764563828
      vertex -7.563362354361722 3 124.43451033003106
      vertex -6.777989669968937 3 123.64913764563828
    endloop
  endfacet
  facet normal -0.45399049973955286 -1.9178819898192015e-18 -0.8910065241883648
    outer loop
      vertex -8.552989669968937 3 124.9387506328478
      vertex -7.563362354361722 3 124.43451033003106
      vertex -7.563362354361722 0 124.43451033003106
    endloop
  endfacet
  facet normal 0.15643446504022446 2.2989591197189822e-18 -0.9876883405951388
    outer loop
      vertex -10.747010330031063 3 124.9387506328478
      vertex -9.65 3 125.1125
      vertex -9.65 0 125.1125
    endloop
  endfacet
  facet normal -0.15643446504022446 -2.2989591197189822e-18 -0.9876883405951388
    outer loop
      vertex -8.552989669968937 0 124.9387506328478
      vertex -9.65 0 125.1125
      vertex -9.65 3 125.1125
    endloop
  endfacet
  facet normal 0 -1 0
    outer loop
      vertex -13.2 0 100.6875
      vertex -13.2 0 105.6875
      vertex -19.3 0 177.8
    endloop
  endfacet
  facet normal 0 -1 0
    outer loop
      vertex -13.2 0 121.5625
      vertex -13.026250632847795 0 122.65951033003107
      vertex -13.2 0 145.13750000000002
    endloop
  endfacet
  facet normal 0 -1 0
    outer loop
      vertex -13.026250632847795 0 122.65951033003107
      vertex -12.522010330031064 0 123.64913764563828
      vertex -13.026250632847795 0 144.04048966996896
    endloop
  endfacet
  facet normal 0 -1 0
    outer loop
      vertex -12.522010330031064 0 123.64913764563828
      vertex -11.736637645638279 0 124.43451033003106
      vertex -12.522010330031064 0 143.05086235436173
    endloop
  endfacet
  facet normal 0 1 0
    outer loop
      vertex -13.2 3 121.5625
      vertex -13.026250632847795 3 144.04048966996896
      vertex -13.026250632847795 3 122.65951033003107
    endloop
  endfacet
  facet normal 0 1 0
    outer loop
      vertex -13.026250632847795 3 122.65951033003107
      vertex -12.522010330031064 3 143.05086235436173
      vertex -12.522010330031064 3 123.64913764563828
    endloop
  endfacet
  facet normal 0 1 0
    outer loop
      vertex -12.522010330031064 3 123.64913764563828
      vertex -11.736637645638279 3 142.26548966996896
      vertex -11.736637645638279 3 124.43451033003106
    endloop
  endfacet
  facet normal 0 -1 0
    outer loop
      vertex -13.2 0 105.6875
      vertex -13.2 0 116.5625
      vertex -19.3 0 177.8
    endloop
  endfacet
  facet normal 0 -1 0
    outer loop
      vertex -11.736637645638279 0 124.43451033003106
      vertex -10.747010330031063 0 124.9387506328478
      vertex -11.736637645638279 0 142.26548966996896
    endloop
  endfacet
  facet normal 0 -1 0
    outer loop
      vertex -8.552989669968937 0 124.9387506328478
      vertex -9.65 0 141.5875
      vertex -9.65 0 125.1125
    endloop
  endfacet
  facet normal 0 -1 0
    outer loop
      vertex -8.552989669968937 0 124.9387506328478
      vertex -7.563362354361722 0 124.43451033003106
      vertex -8.552989669968937 0 141.76124936715223
    endloop
  endfacet
  facet normal 0 1 0
    outer loop
      vertex -11.736637645638279 3 124.43451033003106
      vertex -10.747010330031063 3 141.76124936715223
      vertex -10.747010330031063 3 124.9387506328478
    endloop
  endfacet
  facet normal 0 1 0
    outer loop
      vertex -10.747010330031063 3 124.9387506328478
      vertex -9.65 3 141.5875
      vertex -9.65 3 125.1125
    endloop
  endfacet
  facet normal 0 -1 0
    outer loop
      vertex -6.100000000000001 0 121.5625
      vertex -6.273749367152206 0 144.04048966996896
      vertex -6.273749367152206 0 122.65951033003107
    endloop
  endfacet
  facet normal 0 -1 0
    outer loop
      vertex -6.273749367152206 0 122.65951033003107
      vertex -6.777989669968937 0 143.05086235436173
      vertex -6.777989669968937 0 123.64913764563828
    endloop
  endfacet
  facet normal 0 -1 0
    outer loop
      vertex -6.777989669968937 0 123.64913764563828
      vertex -7.563362354361722 0 142.26548966996896
      vertex -7.563362354361722 0 124.43451033003106
    endloop
  endfacet
  facet normal 0 1 0
    outer loop
      vertex -8.552989669968937 3 124.9387506328478
      vertex -7.563362354361722 3 142.26548966996896
      vertex -7.563362354361722 3 124.43451033003106
    endloop
  endfacet
  facet normal 0 1 0
    outer loop
      vertex -6.273749367152206 3 122.65951033003107
      vertex -6.777989669968937 3 123.64913764563828
      vertex -6.273749367152206 3 144.04048966996896
    endloop
  endfacet
  facet normal 0 1 0
    outer loop
      vertex -6.777989669968937 3 123.64913764563828
      vertex -7.563362354361722 3 124.43451033003106
      vertex -6.777989669968937 3 143.05086235436173
    endloop
  endfacet
  facet normal 0 -1 0
    outer loop
      vertex -10.747010330031063 0 124.9387506328478
      vertex -9.65 0 125.1125
      vertex -10.747010330031063 0 141.76124936715223
    endloop
  endfacet
  facet normal 0 1 0
    outer loop
      vertex -8.552989669968937 3 124.9387506328478
      vertex -9.65 3 125.1125
      vertex -8.552989669968937 3 141.76124936715223
    endloop
  endfacet
  facet normal 0 -1 0
    outer loop
      vertex -6.100000000000001 0 100.6875
      vertex 0 0 177.8
      vertex -6.100000000000001 0 105.6875
    endloop
  endfacet
  facet normal 0 -1 0
    outer loop
      vertex -6.100000000000001 0 105.6875
      vertex 0 0 177.8
      vertex -6.100000000000001 0 116.5625
    endloop
  endfacet
  facet normal 0 -1 0
    outer loop
      vertex -11.736637645638279 0 124.43451033003106
      vertex -11.736637645638279 0 142.26548966996896
      vertex -12.522010330031064 0 143.05086235436173
    endloop
  endfacet
  facet normal 0 -1 0
    outer loop
      vertex -13.026250632847795 0 122.65951033003107
      vertex -13.026250632847795 0 144.04048966996896
      vertex -13.2 0 145.13750000000002
    endloop
  endfacet
  facet normal 0 -1 0
    outer loop
      vertex -12.522010330031064 0 123.64913764563828
      vertex -12.522010330031064 0 143.05086235436173
      vertex -13.026250632847795 0 144.04048966996896
    endloop
  endfacet
  facet normal 0 -1 0
    outer loop
      vertex -13.2 0 116.5625
      vertex -13.2 0 121.5625
      vertex -19.3 0 177.8
    endloop
  endfacet
  facet normal 0 1 0
    outer loop
      vertex -13.026250632847795 3 122.65951033003107
      vertex -13.026250632847795 3 144.04048966996896
      vertex -12.522010330031064 3 143.05086235436173
    endloop
  endfacet
  facet normal 0 1 0
    outer loop
      vertex -12.522010330031064 3 123.64913764563828
      vertex -12.522010330031064 3 143.05086235436173
      vertex -11.736637645638279 3 142.26548966996896
    endloop
  endfacet
  facet normal 0 1 0
    outer loop
      vertex -13.2 3 121.5625
      vertex -13.2 3 145.13750000000002
      vertex -13.026250632847795 3 144.04048966996896
    endloop
  endfacet
  facet normal 0 1 0
    outer loop
      vertex -13.2 3 116.5625
      vertex -19.3 3 177.8
      vertex -13.2 3 121.5625
    endloop
  endfacet
  facet normal 0 -1 0
    outer loop
      vertex -8.552989669968937 0 124.9387506328478
      vertex -8.552989669968937 0 141.76124936715223
      vertex -9.65 0 141.5875
    endloop
  endfacet
  facet normal 0 1 0
    outer loop
      vertex -10.747010330031063 3 124.9387506328478
      vertex -10.747010330031063 3 141.76124936715223
      vertex -9.65 3 141.5875
    endloop
  endfacet
  facet normal 0 -1 0
    outer loop
      vertex -10.747010330031063 0 124.9387506328478
      vertex -10.747010330031063 0 141.76124936715223
      vertex -11.736637645638279 0 142.26548966996896
    endloop
  endfacet
  facet normal 0 -1 0
    outer loop
      vertex -9.65 0 125.1125
      vertex -9.65 0 141.5875
      vertex -10.747010330031063 0 141.76124936715223
    endloop
  endfacet
  facet normal 0 1 0
    outer loop
      vertex -11.736637645638279 3 124.43451033003106
      vertex -11.736637645638279 3 142.26548966996896
      vertex -10.747010330031063 3 141.76124936715223
    endloop
  endfacet
  facet normal 0 1 0
    outer loop
      vertex -9.65 3 125.1125
      vertex -9.65 3 141.5875
      vertex -8.552989669968937 3 141.76124936715223
    endloop
  endfacet
  facet normal 0 1 0
    outer loop
      vertex -8.552989669968937 3 124.9387506328478
      vertex -8.552989669968937 3 141.76124936715223
      vertex -7.563362354361722 3 142.26548966996896
    endloop
  endfacet
  facet normal 0 -1 0
    outer loop
      vertex -7.563362354361722 0 124.43451033003106
      vertex -7.563362354361722 0 142.26548966996896
      vertex -8.552989669968937 0 141.76124936715223
    endloop
  endfacet
  facet normal 0 -1 0
    outer loop
      vertex -6.777989669968937 0 123.64913764563828
      vertex -6.777989669968937 0 143.05086235436173
      vertex -7.563362354361722 0 142.26548966996896
    endloop
  endfacet
  facet normal 0 -1 0
    outer loop
      vertex -6.273749367152206 0 122.65951033003107
      vertex -6.273749367152206 0 144.04048966996896
      vertex -6.777989669968937 0 143.05086235436173
    endloop
  endfacet
  facet normal 0 1 0
    outer loop
      vertex -7.563362354361722 3 124.43451033003106
      vertex -7.563362354361722 3 142.26548966996896
      vertex -6.777989669968937 3 143.05086235436173
    endloop
  endfacet
  facet normal 0 1 0
    outer loop
      vertex -6.777989669968937 3 123.64913764563828
      vertex -6.777989669968937 3 143.05086235436173
      vertex -6.273749367152206 3 144.04048966996896
    endloop
  endfacet
  facet normal 0 1 0
    outer loop
      vertex -6.273749367152206 3 122.65951033003107
      vertex -6.273749367152206 3 144.04048966996896
      vertex -6.100000000000001 3 145.13750000000002
    endloop
  endfacet
  facet normal 0.7071067811865402 -7.856196588762138e-18 0.7071067811865547
    outer loop
      vertex -12.522010330031064 0 143.05086235436173
      vertex -11.736637645638279 0 142.26548966996896
      vertex -11.736637645638279 3 142.26548966996896
    endloop
  endfacet
  facet normal 0.7071067811865402 0 0.7071067811865547
    outer loop
      vertex -12.522010330031064 0 143.05086235436173
      vertex -11.736637645638279 3 142.26548966996896
      vertex -12.522010330031064 3 143.05086235436173
    endloop
  endfacet
  facet normal 0.891006524188372 0 0.45399049973953876
    outer loop
      vertex -12.522010330031064 0 143.05086235436173
      vertex -12.522010330031064 3 143.05086235436173
      vertex -13.026250632847795 0 144.04048966996896
    endloop
  endfacet
  facet normal 0.9876883405951374 0 0.15643446504023192
    outer loop
      vertex -13.026250632847795 0 144.04048966996896
      vertex -13.026250632847795 3 144.04048966996896
      vertex -13.2 0 145.13750000000002
    endloop
  endfacet
  facet normal 0.891006524188372 0 0.45399049973953876
    outer loop
      vertex -13.026250632847795 0 144.04048966996896
      vertex -12.522010330031064 3 143.05086235436173
      vertex -13.026250632847795 3 144.04048966996896
    endloop
  endfacet
  facet normal 0.15643446504024944 0 0.9876883405951348
    outer loop
      vertex -9.65 0 141.5875
      vertex -9.65 3 141.5875
      vertex -10.747010330031063 0 141.76124936715223
    endloop
  endfacet
  facet normal -0.15643446504024944 0 0.9876883405951348
    outer loop
      vertex -9.65 0 141.5875
      vertex -8.552989669968937 3 141.76124936715223
      vertex -9.65 3 141.5875
    endloop
  endfacet
  facet normal 0.45399049973954264 3.822943992122878e-18 0.8910065241883699
    outer loop
      vertex -11.736637645638279 0 142.26548966996896
      vertex -10.747010330031063 0 141.76124936715223
      vertex -10.747010330031063 3 141.76124936715223
    endloop
  endfacet
  facet normal 0.45399049973954264 0 0.8910065241883699
    outer loop
      vertex -11.736637645638279 0 142.26548966996896
      vertex -10.747010330031063 3 141.76124936715223
      vertex -11.736637645638279 3 142.26548966996896
    endloop
  endfacet
  facet normal 0.15643446504024944 3.210600176725143e-18 0.9876883405951348
    outer loop
      vertex -9.65 3 141.5875
      vertex -10.747010330031063 3 141.76124936715223
      vertex -10.747010330031063 0 141.76124936715223
    endloop
  endfacet
  facet normal -0.15643446504024944 -3.210600176725143e-18 0.9876883405951348
    outer loop
      vertex -9.65 0 141.5875
      vertex -8.552989669968937 0 141.76124936715223
      vertex -8.552989669968937 3 141.76124936715223
    endloop
  endfacet
  facet normal -0.45399049973954264 0 0.8910065241883699
    outer loop
      vertex -8.552989669968937 0 141.76124936715223
      vertex -7.563362354361722 3 142.26548966996896
      vertex -8.552989669968937 3 141.76124936715223
    endloop
  endfacet
  facet normal -0.45399049973954264 -3.822943992122878e-18 0.8910065241883699
    outer loop
      vertex -8.552989669968937 0 141.76124936715223
      vertex -7.563362354361722 0 142.26548966996896
      vertex -7.563362354361722 3 142.26548966996896
    endloop
  endfacet
  facet normal -0.7071067811865402 7.856196588762138e-18 0.7071067811865547
    outer loop
      vertex -7.563362354361722 0 142.26548966996896
      vertex -6.777989669968937 0 143.05086235436173
      vertex -6.777989669968937 3 143.05086235436173
    endloop
  endfacet
  facet normal -0.7071067811865402 0 0.7071067811865547
    outer loop
      vertex -7.563362354361722 0 142.26548966996896
      vertex -6.777989669968937 3 143.05086235436173
      vertex -7.563362354361722 3 142.26548966996896
    endloop
  endfacet
  facet normal -0.891006524188372 6.714317172665414e-18 0.45399049973953876
    outer loop
      vertex -6.777989669968937 0 143.05086235436173
      vertex -6.273749367152206 0 144.04048966996896
      vertex -6.273749367152206 3 144.04048966996896
    endloop
  endfacet
  facet normal -0.891006524188372 0 0.45399049973953876
    outer loop
      vertex -6.777989669968937 0 143.05086235436173
      vertex -6.273749367152206 3 144.04048966996896
      vertex -6.777989669968937 3 143.05086235436173
    endloop
  endfacet
  facet normal -0.9876883405951374 0 0.15643446504023192
    outer loop
      vertex -6.273749367152206 0 144.04048966996896
      vertex -6.100000000000001 3 145.13750000000002
      vertex -6.273749367152206 3 144.04048966996896
    endloop
  endfacet
  facet normal 0 -1 0
    outer loop
      vertex -6.100000000000001 0 116.5625
      vertex 0 0 177.8
      vertex -6.100000000000001 0 121.5625
    endloop
  endfacet
  facet normal 0 1 0
    outer loop
      vertex -6.100000000000001 3 116.5625
      vertex -6.100000000000001 3 121.5625
      vertex 0 3 177.8
    endloop
  endfacet
  facet normal 0 1 0
    outer loop
      vertex -6.100000000000001 3 121.5625
      vertex -6.273749367152206 3 122.65951033003107
      vertex 0 3 177.8
    endloop
  endfacet
  facet normal 0.9876883405951374 4.074665466926217e-18 0.15643446504023192
    outer loop
      vertex -13.026250632847795 3 144.04048966996896
      vertex -13.2 3 145.13750000000002
      vertex -13.2 0 145.13750000000002
    endloop
  endfacet
  facet normal 1 0 0
    outer loop
      vertex -13.2 0 145.13750000000002
      vertex -13.2 3 145.13750000000002
      vertex -13.2 0 150.13750000000002
    endloop
  endfacet
  facet normal 0 -1 0
    outer loop
      vertex -13.2 0 121.5625
      vertex -13.2 0 145.13750000000002
      vertex -19.3 0 177.8
    endloop
  endfacet
  facet normal 1 0 0
    outer loop
      vertex -13.2 3 145.13750000000002
      vertex -13.2 3 150.13750000000002
      vertex -13.2 0 150.13750000000002
    endloop
  endfacet
  facet normal 0 1 0
    outer loop
      vertex -13.2 3 121.5625
      vertex -19.3 3 177.8
      vertex -13.2 3 145.13750000000002
    endloop
  endfacet
  facet normal -0.9876883405951374 -4.074665466926217e-18 0.15643446504023192
    outer loop
      vertex -6.273749367152206 0 144.04048966996896
      vertex -6.100000000000001 0 145.13750000000002
      vertex -6.100000000000001 3 145.13750000000002
    endloop
  endfacet
  facet normal -1 0 0
    outer loop
      vertex -6.100000000000001 0 145.13750000000002
      vertex -6.100000000000001 3 150.13750000000002
      vertex -6.100000000000001 3 145.13750000000002
    endloop
  endfacet
  facet normal -1 0 0
    outer loop
      vertex -6.100000000000001 0 145.13750000000002
      vertex -6.100000000000001 0 150.13750000000002
      vertex -6.100000000000001 3 150.13750000000002
    endloop
  endfacet
  facet normal 0.9876883405951374 0 -0.15643446504023192
    outer loop
      vertex -13.2 0 150.13750000000002
      vertex -13.2 3 150.13750000000002
      vertex -13.026250632847795 0 151.23451033003107
    endloop
  endfacet
  facet normal 0.9876883405951374 0 -0.15643446504023192
    outer loop
      vertex -13.026250632847795 0 151.23451033003107
      vertex -13.2 3 150.13750000000002
      vertex -13.026250632847795 3 151.23451033003107
    endloop
  endfacet
  facet normal 0.891006524188372 0 -0.45399049973953876
    outer loop
      vertex -13.026250632847795 0 151.23451033003107
      vertex -13.026250632847795 3 151.23451033003107
      vertex -12.522010330031064 0 152.2241376456383
    endloop
  endfacet
  facet normal 0.7071067811865402 0 -0.7071067811865547
    outer loop
      vertex -12.522010330031064 0 152.2241376456383
      vertex -12.522010330031064 3 152.2241376456383
      vertex -11.736637645638279 0 153.00951033003108
    endloop
  endfacet
  facet normal 0.891006524188372 0 -0.45399049973953876
    outer loop
      vertex -12.522010330031064 0 152.2241376456383
      vertex -13.026250632847795 3 151.23451033003107
      vertex -12.522010330031064 3 152.2241376456383
    endloop
  endfacet
  facet normal 0.7071067811865402 7.856196588762138e-18 -0.7071067811865547
    outer loop
      vertex -12.522010330031064 3 152.2241376456383
      vertex -11.736637645638279 3 153.00951033003108
      vertex -11.736637645638279 0 153.00951033003108
    endloop
  endfacet
  facet normal 0 -1 0
    outer loop
      vertex -13.026250632847795 0 151.23451033003107
      vertex -12.522010330031064 0 152.2241376456383
      vertex -13.026250632847795 0 159.91548966996896
    endloop
  endfacet
  facet normal 0 -1 0
    outer loop
      vertex -12.522010330031064 0 152.2241376456383
      vertex -11.736637645638279 0 153.00951033003108
      vertex -12.522010330031064 0 158.92586235436173
    endloop
  endfacet
  facet normal 0 1 0
    outer loop
      vertex -13.026250632847795 3 151.23451033003107
      vertex -12.522010330031064 3 158.92586235436173
      vertex -12.522010330031064 3 152.2241376456383
    endloop
  endfacet
  facet normal 0 1 0
    outer loop
      vertex -12.522010330031064 3 152.2241376456383
      vertex -11.736637645638279 3 158.14048966996896
      vertex -11.736637645638279 3 153.00951033003108
    endloop
  endfacet
  facet normal -0.9876883405951374 0 -0.15643446504023192
    outer loop
      vertex -6.273749367152206 0 151.23451033003107
      vertex -6.273749367152206 3 151.23451033003107
      vertex -6.100000000000001 0 150.13750000000002
    endloop
  endfacet
  facet normal -0.9876883405951374 0 -0.15643446504023192
    outer loop
      vertex -6.100000000000001 0 150.13750000000002
      vertex -6.273749367152206 3 151.23451033003107
      vertex -6.100000000000001 3 150.13750000000002
    endloop
  endfacet
  facet normal -0.891006524188372 -6.714317172665414e-18 -0.45399049973953876
    outer loop
      vertex -6.273749367152206 0 151.23451033003107
      vertex -6.777989669968937 0 152.2241376456383
      vertex -6.777989669968937 3 152.2241376456383
    endloop
  endfacet
  facet normal -0.7071067811865402 -7.856196588762138e-18 -0.7071067811865547
    outer loop
      vertex -6.777989669968937 0 152.2241376456383
      vertex -7.563362354361722 0 153.00951033003108
      vertex -7.563362354361722 3 153.00951033003108
    endloop
  endfacet
  facet normal -0.891006524188372 0 -0.45399049973953876
    outer loop
      vertex -6.273749367152206 0 151.23451033003107
      vertex -6.777989669968937 3 152.2241376456383
      vertex -6.273749367152206 3 151.23451033003107
    endloop
  endfacet
  facet normal -0.7071067811865402 0 -0.7071067811865547
    outer loop
      vertex -6.777989669968937 0 152.2241376456383
      vertex -7.563362354361722 3 153.00951033003108
      vertex -6.777989669968937 3 152.2241376456383
    endloop
  endfacet
  facet normal 0.45399049973954264 0 -0.8910065241883699
    outer loop
      vertex -11.736637645638279 0 153.00951033003108
      vertex -11.736637645638279 3 153.00951033003108
      vertex -10.747010330031063 0 153.5137506328478
    endloop
  endfacet
  facet normal 0.15643446504024944 0 -0.9876883405951348
    outer loop
      vertex -10.747010330031063 0 153.5137506328478
      vertex -10.747010330031063 3 153.5137506328478
      vertex -9.65 0 153.68750000000003
    endloop
  endfacet
  facet normal 0.45399049973954264 0 -0.8910065241883699
    outer loop
      vertex -10.747010330031063 0 153.5137506328478
      vertex -11.736637645638279 3 153.00951033003108
      vertex -10.747010330031063 3 153.5137506328478
    endloop
  endfacet
  facet normal 0.15643446504024944 0 -0.9876883405951348
    outer loop
      vertex -9.65 0 153.68750000000003
      vertex -10.747010330031063 3 153.5137506328478
      vertex -9.65 3 153.68750000000003
    endloop
  endfacet
  facet normal -0.45399049973954264 0 -0.8910065241883699
    outer loop
      vertex -8.552989669968937 0 153.5137506328478
      vertex -8.552989669968937 3 153.5137506328478
      vertex -7.563362354361722 0 153.00951033003108
    endloop
  endfacet
  facet normal -0.15643446504024944 0 -0.9876883405951348
    outer loop
      vertex -9.65 0 153.68750000000003
      vertex -9.65 3 153.68750000000003
      vertex -8.552989669968937 0 153.5137506328478
    endloop
  endfacet
  facet normal -0.15643446504024944 0 -0.9876883405951348
    outer loop
      vertex -8.552989669968937 0 153.5137506328478
      vertex -9.65 3 153.68750000000003
      vertex -8.552989669968937 3 153.5137506328478
    endloop
  endfacet
  facet normal 0 -1 0
    outer loop
      vertex -11.736637645638279 0 153.00951033003108
      vertex -10.747010330031063 0 153.5137506328478
      vertex -11.736637645638279 0 158.14048966996896
    endloop
  endfacet
  facet normal 0 -1 0
    outer loop
      vertex -10.747010330031063 0 153.5137506328478
      vertex -9.65 0 153.68750000000003
      vertex -10.747010330031063 0 157.63624936715223
    endloop
  endfacet
  facet normal 0 -1 0
    outer loop
      vertex -8.552989669968937 0 153.5137506328478
      vertex -7.563362354361722 0 153.00951033003108
      vertex -8.552989669968937 0 157.63624936715223
    endloop
  endfacet
  facet normal 0 -1 0
    outer loop
      vertex -9.65 0 153.68750000000003
      vertex -8.552989669968937 0 153.5137506328478
      vertex -9.65 0 157.4625
    endloop
  endfacet
  facet normal 0 1 0
    outer loop
      vertex -11.736637645638279 3 153.00951033003108
      vertex -10.747010330031063 3 157.63624936715223
      vertex -10.747010330031063 3 153.5137506328478
    endloop
  endfacet
  facet normal 0 1 0
    outer loop
      vertex -10.747010330031063 3 153.5137506328478
      vertex -9.65 3 157.4625
      vertex -9.65 3 153.68750000000003
    endloop
  endfacet
  facet normal 0 1 0
    outer loop
      vertex -9.65 3 153.68750000000003
      vertex -8.552989669968937 3 157.63624936715223
      vertex -8.552989669968937 3 153.5137506328478
    endloop
  endfacet
  facet normal 0 -1 0
    outer loop
      vertex -6.273749367152206 0 151.23451033003107
      vertex -6.777989669968937 0 158.92586235436173
      vertex -6.777989669968937 0 152.2241376456383
    endloop
  endfacet
  facet normal -0.45399049973954264 3.822943992122878e-18 -0.8910065241883699
    outer loop
      vertex -8.552989669968937 3 153.5137506328478
      vertex -7.563362354361722 3 153.00951033003108
      vertex -7.563362354361722 0 153.00951033003108
    endloop
  endfacet
  facet normal 0 -1 0
    outer loop
      vertex -6.777989669968937 0 152.2241376456383
      vertex -7.563362354361722 0 158.14048966996896
      vertex -7.563362354361722 0 153.00951033003108
    endloop
  endfacet
  facet normal 0 1 0
    outer loop
      vertex -6.273749367152206 3 151.23451033003107
      vertex -6.777989669968937 3 152.2241376456383
      vertex -6.273749367152206 3 159.91548966996896
    endloop
  endfacet
  facet normal 0 1 0
    outer loop
      vertex -6.777989669968937 3 152.2241376456383
      vertex -7.563362354361722 3 153.00951033003108
      vertex -6.777989669968937 3 158.92586235436173
    endloop
  endfacet
  facet normal 0 1 0
    outer loop
      vertex -8.552989669968937 3 153.5137506328478
      vertex -7.563362354361722 3 158.14048966996896
      vertex -7.563362354361722 3 153.00951033003108
    endloop
  endfacet
  facet normal 0 -1 0
    outer loop
      vertex -6.100000000000001 0 121.5625
      vertex 0 0 177.8
      vertex -6.273749367152206 0 144.04048966996896
    endloop
  endfacet
  facet normal 0 1 0
    outer loop
      vertex -6.273749367152206 3 122.65951033003107
      vertex -6.100000000000001 3 145.13750000000002
      vertex 0 3 177.8
    endloop
  endfacet
  facet normal 0 -1 0
    outer loop
      vertex -11.736637645638279 0 153.00951033003108
      vertex -11.736637645638279 0 158.14048966996896
      vertex -12.522010330031064 0 158.92586235436173
    endloop
  endfacet
  facet normal 0 -1 0
    outer loop
      vertex -13.2 0 145.13750000000002
      vertex -13.2 0 150.13750000000002
      vertex -19.3 0 177.8
    endloop
  endfacet
  facet normal 0 -1 0
    outer loop
      vertex -13.026250632847795 0 151.23451033003107
      vertex -13.026250632847795 0 159.91548966996896
      vertex -13.2 0 161.01250000000002
    endloop
  endfacet
  facet normal 0 -1 0
    outer loop
      vertex -12.522010330031064 0 152.2241376456383
      vertex -12.522010330031064 0 158.92586235436173
      vertex -13.026250632847795 0 159.91548966996896
    endloop
  endfacet
  facet normal 0 1 0
    outer loop
      vertex -13.026250632847795 3 151.23451033003107
      vertex -13.026250632847795 3 159.91548966996896
      vertex -12.522010330031064 3 158.92586235436173
    endloop
  endfacet
  facet normal 0 1 0
    outer loop
      vertex -12.522010330031064 3 152.2241376456383
      vertex -12.522010330031064 3 158.92586235436173
      vertex -11.736637645638279 3 158.14048966996896
    endloop
  endfacet
  facet normal 0 1 0
    outer loop
      vertex -13.2 3 145.13750000000002
      vertex -19.3 3 177.8
      vertex -13.2 3 150.13750000000002
    endloop
  endfacet
  facet normal 0 -1 0
    outer loop
      vertex -13.2 0 150.13750000000002
      vertex -13.026250632847795 0 151.23451033003107
      vertex -19.3 0 177.8
    endloop
  endfacet
  facet normal 0.7071067811865402 -7.856196588762138e-18 0.7071067811865547
    outer loop
      vertex -12.522010330031064 0 158.92586235436173
      vertex -11.736637645638279 0 158.14048966996896
      vertex -11.736637645638279 3 158.14048966996896
    endloop
  endfacet
  facet normal 0.891006524188372 0 0.45399049973953876
    outer loop
      vertex -12.522010330031064 0 158.92586235436173
      vertex -12.522010330031064 3 158.92586235436173
      vertex -13.026250632847795 0 159.91548966996896
    endloop
  endfacet
  facet normal 0.7071067811865402 0 0.7071067811865547
    outer loop
      vertex -12.522010330031064 0 158.92586235436173
      vertex -11.736637645638279 3 158.14048966996896
      vertex -12.522010330031064 3 158.92586235436173
    endloop
  endfacet
  facet normal 0.891006524188372 0 0.45399049973953876
    outer loop
      vertex -13.026250632847795 0 159.91548966996896
      vertex -12.522010330031064 3 158.92586235436173
      vertex -13.026250632847795 3 159.91548966996896
    endloop
  endfacet
  facet normal 0.9876883405951374 0 0.15643446504023192
    outer loop
      vertex -13.026250632847795 0 159.91548966996896
      vertex -13.026250632847795 3 159.91548966996896
      vertex -13.2 0 161.01250000000002
    endloop
  endfacet
  facet normal 0.9876883405951374 0 0.15643446504023192
    outer loop
      vertex -13.2 0 161.01250000000002
      vertex -13.026250632847795 3 159.91548966996896
      vertex -13.2 3 161.01250000000002
    endloop
  endfacet
  facet normal 0 1 0
    outer loop
      vertex -13.2 3 150.13750000000002
      vertex -19.3 3 177.8
      vertex -13.026250632847795 3 151.23451033003107
    endloop
  endfacet
  facet normal 0 -1 0
    outer loop
      vertex -9.65 0 153.68750000000003
      vertex -9.65 0 157.4625
      vertex -10.747010330031063 0 157.63624936715223
    endloop
  endfacet
  facet normal 0 -1 0
    outer loop
      vertex -10.747010330031063 0 153.5137506328478
      vertex -10.747010330031063 0 157.63624936715223
      vertex -11.736637645638279 0 158.14048966996896
    endloop
  endfacet
  facet normal 0 -1 0
    outer loop
      vertex -8.552989669968937 0 153.5137506328478
      vertex -8.552989669968937 0 157.63624936715223
      vertex -9.65 0 157.4625
    endloop
  endfacet
  facet normal 0.15643446504024944 3.210600176725143e-18 0.9876883405951348
    outer loop
      vertex -10.747010330031063 0 157.63624936715223
      vertex -9.65 0 157.4625
      vertex -9.65 3 157.4625
    endloop
  endfacet
  facet normal 0.45399049973954264 0 0.8910065241883699
    outer loop
      vertex -10.747010330031063 0 157.63624936715223
      vertex -10.747010330031063 3 157.63624936715223
      vertex -11.736637645638279 0 158.14048966996896
    endloop
  endfacet
  facet normal 0.15643446504024944 0 0.9876883405951348
    outer loop
      vertex -10.747010330031063 0 157.63624936715223
      vertex -9.65 3 157.4625
      vertex -10.747010330031063 3 157.63624936715223
    endloop
  endfacet
  facet normal 0.45399049973954264 0 0.8910065241883699
    outer loop
      vertex -11.736637645638279 0 158.14048966996896
      vertex -10.747010330031063 3 157.63624936715223
      vertex -11.736637645638279 3 158.14048966996896
    endloop
  endfacet
  facet normal -0.15643446504024944 -3.210600176725143e-18 0.9876883405951348
    outer loop
      vertex -9.65 0 157.4625
      vertex -8.552989669968937 0 157.63624936715223
      vertex -8.552989669968937 3 157.63624936715223
    endloop
  endfacet
  facet normal -0.15643446504024944 0 0.9876883405951348
    outer loop
      vertex -9.65 0 157.4625
      vertex -8.552989669968937 3 157.63624936715223
      vertex -9.65 3 157.4625
    endloop
  endfacet
  facet normal -0.45399049973954264 0 0.8910065241883699
    outer loop
      vertex -8.552989669968937 0 157.63624936715223
      vertex -7.563362354361722 3 158.14048966996896
      vertex -8.552989669968937 3 157.63624936715223
    endloop
  endfacet
  facet normal 0 1 0
    outer loop
      vertex -11.736637645638279 3 153.00951033003108
      vertex -11.736637645638279 3 158.14048966996896
      vertex -10.747010330031063 3 157.63624936715223
    endloop
  endfacet
  facet normal 0 1 0
    outer loop
      vertex -10.747010330031063 3 153.5137506328478
      vertex -10.747010330031063 3 157.63624936715223
      vertex -9.65 3 157.4625
    endloop
  endfacet
  facet normal 0 1 0
    outer loop
      vertex -9.65 3 153.68750000000003
      vertex -9.65 3 157.4625
      vertex -8.552989669968937 3 157.63624936715223
    endloop
  endfacet
  facet normal 0 1 0
    outer loop
      vertex -8.552989669968937 3 153.5137506328478
      vertex -8.552989669968937 3 157.63624936715223
      vertex -7.563362354361722 3 158.14048966996896
    endloop
  endfacet
  facet normal 0 -1 0
    outer loop
      vertex -7.563362354361722 0 153.00951033003108
      vertex -7.563362354361722 0 158.14048966996896
      vertex -8.552989669968937 0 157.63624936715223
    endloop
  endfacet
  facet normal 0 -1 0
    outer loop
      vertex -6.777989669968937 0 152.2241376456383
      vertex -6.777989669968937 0 158.92586235436173
      vertex -7.563362354361722 0 158.14048966996896
    endloop
  endfacet
  facet normal 0 -1 0
    outer loop
      vertex -6.273749367152206 0 151.23451033003107
      vertex -6.273749367152206 0 159.91548966996896
      vertex -6.777989669968937 0 158.92586235436173
    endloop
  endfacet
  facet normal -0.45399049973954264 -3.822943992122878e-18 0.8910065241883699
    outer loop
      vertex -8.552989669968937 0 157.63624936715223
      vertex -7.563362354361722 0 158.14048966996896
      vertex -7.563362354361722 3 158.14048966996896
    endloop
  endfacet
  facet normal 0 1 0
    outer loop
      vertex -7.563362354361722 3 153.00951033003108
      vertex -7.563362354361722 3 158.14048966996896
      vertex -6.777989669968937 3 158.92586235436173
    endloop
  endfacet
  facet normal 0 1 0
    outer loop
      vertex -6.777989669968937 3 152.2241376456383
      vertex -6.777989669968937 3 158.92586235436173
      vertex -6.273749367152206 3 159.91548966996896
    endloop
  endfacet
  facet normal -0.7071067811865402 7.856196588762138e-18 0.7071067811865547
    outer loop
      vertex -7.563362354361722 0 158.14048966996896
      vertex -6.777989669968937 0 158.92586235436173
      vertex -6.777989669968937 3 158.92586235436173
    endloop
  endfacet
  facet normal -0.891006524188372 6.714317172665414e-18 0.45399049973953876
    outer loop
      vertex -6.777989669968937 0 158.92586235436173
      vertex -6.273749367152206 0 159.91548966996896
      vertex -6.273749367152206 3 159.91548966996896
    endloop
  endfacet
  facet normal -0.7071067811865402 0 0.7071067811865547
    outer loop
      vertex -7.563362354361722 0 158.14048966996896
      vertex -6.777989669968937 3 158.92586235436173
      vertex -7.563362354361722 3 158.14048966996896
    endloop
  endfacet
  facet normal -0.891006524188372 0 0.45399049973953876
    outer loop
      vertex -6.777989669968937 0 158.92586235436173
      vertex -6.273749367152206 3 159.91548966996896
      vertex -6.777989669968937 3 158.92586235436173
    endloop
  endfacet
  facet normal -0.9876883405951374 -4.074665466926217e-18 0.15643446504023192
    outer loop
      vertex -6.273749367152206 0 159.91548966996896
      vertex -6.100000000000001 0 161.01250000000002
      vertex -6.100000000000001 3 161.01250000000002
    endloop
  endfacet
  facet normal -0.9876883405951374 0 0.15643446504023192
    outer loop
      vertex -6.273749367152206 0 159.91548966996896
      vertex -6.100000000000001 3 161.01250000000002
      vertex -6.273749367152206 3 159.91548966996896
    endloop
  endfacet
  facet normal 0 -1 0
    outer loop
      vertex -13.026250632847795 0 151.23451033003107
      vertex -13.2 0 161.01250000000002
      vertex -19.3 0 177.8
    endloop
  endfacet
  facet normal 1 0 0
    outer loop
      vertex -13.2 0 161.01250000000002
      vertex -13.2 3 161.01250000000002
      vertex -13.2 0 166.01250000000002
    endloop
  endfacet
  facet normal 0 1 0
    outer loop
      vertex -13.026250632847795 3 151.23451033003107
      vertex -19.3 3 177.8
      vertex -13.026250632847795 3 159.91548966996896
    endloop
  endfacet
  facet normal 1 0 0
    outer loop
      vertex -13.2 3 161.01250000000002
      vertex -13.2 3 166.01250000000002
      vertex -13.2 0 166.01250000000002
    endloop
  endfacet
  facet normal 0.9876883405951374 0 -0.15643446504023192
    outer loop
      vertex -13.2 0 166.01250000000002
      vertex -13.2 3 166.01250000000002
      vertex -13.026250632847795 0 167.10951033003107
    endloop
  endfacet
  facet normal 0 1 0
    outer loop
      vertex -13.026250632847795 3 159.91548966996896
      vertex -19.3 3 177.8
      vertex -13.2 3 161.01250000000002
    endloop
  endfacet
  facet normal -1 0 0
    outer loop
      vertex -6.100000000000001 0 161.01250000000002
      vertex -6.100000000000001 3 166.01250000000002
      vertex -6.100000000000001 3 161.01250000000002
    endloop
  endfacet
  facet normal -1 0 0
    outer loop
      vertex -6.100000000000001 0 161.01250000000002
      vertex -6.100000000000001 0 166.01250000000002
      vertex -6.100000000000001 3 166.01250000000002
    endloop
  endfacet
  facet normal -0.9876883405951374 0 -0.15643446504023192
    outer loop
      vertex -6.100000000000001 0 166.01250000000002
      vertex -6.273749367152206 3 167.10951033003107
      vertex -6.100000000000001 3 166.01250000000002
    endloop
  endfacet
  facet normal 0 -1 0
    outer loop
      vertex -6.273749367152206 0 144.04048966996896
      vertex 0 0 177.8
      vertex -6.100000000000001 0 145.13750000000002
    endloop
  endfacet
  facet normal 0 -1 0
    outer loop
      vertex -6.100000000000001 0 145.13750000000002
      vertex 0 0 177.8
      vertex -6.100000000000001 0 150.13750000000002
    endloop
  endfacet
  facet normal 0 1 0
    outer loop
      vertex -6.100000000000001 3 145.13750000000002
      vertex -6.100000000000001 3 150.13750000000002
      vertex 0 3 177.8
    endloop
  endfacet
  facet normal 0 -1 0
    outer loop
      vertex -6.273749367152206 0 151.23451033003107
      vertex -6.100000000000001 0 150.13750000000002
      vertex 0 0 177.8
    endloop
  endfacet
  facet normal 0 1 0
    outer loop
      vertex -6.273749367152206 3 151.23451033003107
      vertex 0 3 177.8
      vertex -6.100000000000001 3 150.13750000000002
    endloop
  endfacet
  facet normal 0 -1 0
    outer loop
      vertex -6.273749367152206 0 151.23451033003107
      vertex 0 0 177.8
      vertex -6.273749367152206 0 159.91548966996896
    endloop
  endfacet
  facet normal 0 1 0
    outer loop
      vertex -6.273749367152206 3 151.23451033003107
      vertex -6.273749367152206 3 159.91548966996896
      vertex 0 3 177.8
    endloop
  endfacet
  facet normal 0 -1 0
    outer loop
      vertex -6.273749367152206 0 159.91548966996896
      vertex 0 0 177.8
      vertex -6.100000000000001 0 161.01250000000002
    endloop
  endfacet
  facet normal 0 1 0
    outer loop
      vertex -6.273749367152206 3 159.91548966996896
      vertex -6.100000000000001 3 161.01250000000002
      vertex 0 3 177.8
    endloop
  endfacet
  facet normal 0.891006524188372 0 -0.45399049973953876
    outer loop
      vertex -13.026250632847795 0 167.10951033003107
      vertex -13.026250632847795 3 167.10951033003107
      vertex -12.522010330031064 0 168.0991376456383
    endloop
  endfacet
  facet normal 0.9876883405951374 -4.074665466926217e-18 -0.15643446504023192
    outer loop
      vertex -13.2 3 166.01250000000002
      vertex -13.026250632847795 3 167.10951033003107
      vertex -13.026250632847795 0 167.10951033003107
    endloop
  endfacet
  facet normal 0.891006524188372 0 -0.45399049973953876
    outer loop
      vertex -12.522010330031064 0 168.0991376456383
      vertex -13.026250632847795 3 167.10951033003107
      vertex -12.522010330031064 3 168.0991376456383
    endloop
  endfacet
  facet normal 0 -1 0
    outer loop
      vertex -13.2 0 161.01250000000002
      vertex -13.2 0 166.01250000000002
      vertex -19.3 0 177.8
    endloop
  endfacet
  facet normal 0.7071067811865402 0 -0.7071067811865547
    outer loop
      vertex -12.522010330031064 0 168.0991376456383
      vertex -12.522010330031064 3 168.0991376456383
      vertex -11.736637645638279 0 168.88451033003108
    endloop
  endfacet
  facet normal 0.7071067811865402 7.856196588762138e-18 -0.7071067811865547
    outer loop
      vertex -12.522010330031064 3 168.0991376456383
      vertex -11.736637645638279 3 168.88451033003108
      vertex -11.736637645638279 0 168.88451033003108
    endloop
  endfacet
  facet normal 0 1 0
    outer loop
      vertex -13.2 3 161.01250000000002
      vertex -19.3 3 177.8
      vertex -13.2 3 166.01250000000002
    endloop
  endfacet
  facet normal 0 -1 0
    outer loop
      vertex -13.2 0 166.01250000000002
      vertex -13.026250632847795 0 167.10951033003107
      vertex -19.3 0 177.8
    endloop
  endfacet
  facet normal 0 -1 0
    outer loop
      vertex -13.026250632847795 0 167.10951033003107
      vertex -12.522010330031064 0 168.0991376456383
      vertex -19.3 0 177.8
    endloop
  endfacet
  facet normal 0 -1 0
    outer loop
      vertex -12.522010330031064 0 168.0991376456383
      vertex -11.736637645638279 0 168.88451033003108
      vertex -19.3 0 177.8
    endloop
  endfacet
  facet normal 0 -1 0
    outer loop
      vertex -11.736637645638279 0 168.88451033003108
      vertex -10.747010330031063 0 169.3887506328478
      vertex -19.3 0 177.8
    endloop
  endfacet
  facet normal 0 1 0
    outer loop
      vertex -13.2 3 166.01250000000002
      vertex -19.3 3 177.8
      vertex -13.026250632847795 3 167.10951033003107
    endloop
  endfacet
  facet normal 0 1 0
    outer loop
      vertex -13.026250632847795 3 167.10951033003107
      vertex -19.3 3 177.8
      vertex -12.522010330031064 3 168.0991376456383
    endloop
  endfacet
  facet normal 0 1 0
    outer loop
      vertex -12.522010330031064 3 168.0991376456383
      vertex -19.3 3 177.8
      vertex -11.736637645638279 3 168.88451033003108
    endloop
  endfacet
  facet normal 0 1 0
    outer loop
      vertex -11.736637645638279 3 168.88451033003108
      vertex -19.3 3 177.8
      vertex -10.747010330031063 3 169.3887506328478
    endloop
  endfacet
  facet normal 0.45399049973954264 0 -0.8910065241883699
    outer loop
      vertex -11.736637645638279 0 168.88451033003108
      vertex -11.736637645638279 3 168.88451033003108
      vertex -10.747010330031063 0 169.3887506328478
    endloop
  endfacet
  facet normal 0.15643446504024944 0 -0.9876883405951348
    outer loop
      vertex -10.747010330031063 0 169.3887506328478
      vertex -10.747010330031063 3 169.3887506328478
      vertex -9.65 0 169.56250000000003
    endloop
  endfacet
  facet normal 0.45399049973954264 0 -0.8910065241883699
    outer loop
      vertex -10.747010330031063 0 169.3887506328478
      vertex -11.736637645638279 3 168.88451033003108
      vertex -10.747010330031063 3 169.3887506328478
    endloop
  endfacet
  facet normal -0.45399049973954264 0 -0.8910065241883699
    outer loop
      vertex -8.552989669968937 0 169.3887506328478
      vertex -8.552989669968937 3 169.3887506328478
      vertex -7.563362354361722 0 168.88451033003108
    endloop
  endfacet
  facet normal -0.15643446504024944 0 -0.9876883405951348
    outer loop
      vertex -8.552989669968937 0 169.3887506328478
      vertex -9.65 3 169.56250000000003
      vertex -8.552989669968937 3 169.3887506328478
    endloop
  endfacet
  facet normal -0.9876883405951374 4.074665466926217e-18 -0.15643446504023192
    outer loop
      vertex -6.100000000000001 0 166.01250000000002
      vertex -6.273749367152206 0 167.10951033003107
      vertex -6.273749367152206 3 167.10951033003107
    endloop
  endfacet
  facet normal -0.891006524188372 -6.714317172665414e-18 -0.45399049973953876
    outer loop
      vertex -6.273749367152206 0 167.10951033003107
      vertex -6.777989669968937 0 168.0991376456383
      vertex -6.777989669968937 3 168.0991376456383
    endloop
  endfacet
  facet normal -0.891006524188372 0 -0.45399049973953876
    outer loop
      vertex -6.273749367152206 0 167.10951033003107
      vertex -6.777989669968937 3 168.0991376456383
      vertex -6.273749367152206 3 167.10951033003107
    endloop
  endfacet
  facet normal -0.7071067811865402 -7.856196588762138e-18 -0.7071067811865547
    outer loop
      vertex -6.777989669968937 0 168.0991376456383
      vertex -7.563362354361722 0 168.88451033003108
      vertex -7.563362354361722 3 168.88451033003108
    endloop
  endfacet
  facet normal -0.7071067811865402 0 -0.7071067811865547
    outer loop
      vertex -6.777989669968937 0 168.0991376456383
      vertex -7.563362354361722 3 168.88451033003108
      vertex -6.777989669968937 3 168.0991376456383
    endloop
  endfacet
  facet normal -0.45399049973954264 3.822943992122878e-18 -0.8910065241883699
    outer loop
      vertex -8.552989669968937 3 169.3887506328478
      vertex -7.563362354361722 3 168.88451033003108
      vertex -7.563362354361722 0 168.88451033003108
    endloop
  endfacet
  facet normal 0.15643446504024944 -3.210600176725143e-18 -0.9876883405951348
    outer loop
      vertex -10.747010330031063 3 169.3887506328478
      vertex -9.65 3 169.56250000000003
      vertex -9.65 0 169.56250000000003
    endloop
  endfacet
  facet normal -0.15643446504024944 3.210600176725143e-18 -0.9876883405951348
    outer loop
      vertex -8.552989669968937 0 169.3887506328478
      vertex -9.65 0 169.56250000000003
      vertex -9.65 3 169.56250000000003
    endloop
  endfacet
  facet normal 0 -1 0
    outer loop
      vertex -6.273749367152206 0 167.10951033003107
      vertex 0 0 177.8
      vertex -6.777989669968937 0 168.0991376456383
    endloop
  endfacet
  facet normal 0 -1 0
    outer loop
      vertex -8.552989669968937 0 169.3887506328478
      vertex -7.563362354361722 0 168.88451033003108
      vertex 0 0 177.8
    endloop
  endfacet
  facet normal 0 -1 0
    outer loop
      vertex -6.777989669968937 0 168.0991376456383
      vertex 0 0 177.8
      vertex -7.563362354361722 0 168.88451033003108
    endloop
  endfacet
  facet normal 0 1 0
    outer loop
      vertex -6.273749367152206 3 167.10951033003107
      vertex -6.777989669968937 3 168.0991376456383
      vertex 0 3 177.8
    endloop
  endfacet
  facet normal 0 1 0
    outer loop
      vertex -8.552989669968937 3 169.3887506328478
      vertex 0 3 177.8
      vertex -7.563362354361722 3 168.88451033003108
    endloop
  endfacet
  facet normal 0 1 0
    outer loop
      vertex -6.777989669968937 3 168.0991376456383
      vertex -7.563362354361722 3 168.88451033003108
      vertex 0 3 177.8
    endloop
  endfacet
  facet normal 0 -1 0
    outer loop
      vertex -10.747010330031063 0 169.3887506328478
      vertex -9.65 0 169.56250000000003
      vertex -19.3 0 177.8
    endloop
  endfacet
  facet normal 0 -1 0
    outer loop
      vertex -8.552989669968937 0 169.3887506328478
      vertex -19.3 0 177.8
      vertex -9.65 0 169.56250000000003
    endloop
  endfacet
  facet normal 0 1 0
    outer loop
      vertex -10.747010330031063 3 169.3887506328478
      vertex -19.3 3 177.8
      vertex -9.65 3 169.56250000000003
    endloop
  endfacet
  facet normal 0 0 1
    outer loop
      vertex -19.3 0 177.8
      vertex 0 0 177.8
      vertex -19.3 3 177.8
    endloop
  endfacet
  facet normal 0 -1 0
    outer loop
      vertex -8.552989669968937 0 169.3887506328478
      vertex 0 0 177.8
      vertex -19.3 0 177.8
    endloop
  endfacet
  facet normal 0 1 0
    outer loop
      vertex -8.552989669968937 3 169.3887506328478
      vertex -9.65 3 169.56250000000003
      vertex 0 3 177.8
    endloop
  endfacet
  facet normal 0 1 0
    outer loop
      vertex -9.65 3 169.56250000000003
      vertex -19.3 3 177.8
      vertex 0 3 177.8
    endloop
  endfacet
  facet normal 0 0 1
    outer loop
      vertex -19.3 3 177.8
      vertex 0 0 177.8
      vertex 0 3 177.8
    endloop
  endfacet
  facet normal 0 -1 0
    outer loop
      vertex -6.100000000000001 0 161.01250000000002
      vertex 0 0 177.8
      vertex -6.100000000000001 0 166.01250000000002
    endloop
  endfacet
  facet normal 0 1 0
    outer loop
      vertex -6.100000000000001 3 161.01250000000002
      vertex -6.100000000000001 3 166.01250000000002
      vertex 0 3 177.8
    endloop
  endfacet
  facet normal 0 -1 0
    outer loop
      vertex -6.100000000000001 0 166.01250000000002
      vertex 0 0 177.8
      vertex -6.273749367152206 0 167.10951033003107
    endloop
  endfacet
  facet normal 0 1 0
    outer loop
      vertex -6.100000000000001 3 166.01250000000002
      vertex -6.273749367152206 3 167.10951033003107
      vertex 0 3 177.8
    endloop
  endfacet
  facet normal 0 -1 0
    outer loop
      vertex 444 0 0
      vertex 450.2737493671522 0 10.690489669968938
      vertex 450.1 0 11.787500000000001
    endloop
  endfacet
  facet normal 0 1 0
    outer loop
      vertex 444 3 0
      vertex 450.1 3 11.787500000000001
      vertex 450.2737493671522 3 10.690489669968938
    endloop
  endfacet
  facet normal 0 -1 0
    outer loop
      vertex 444 0 0
      vertex 450.1 0 11.787500000000001
      vertex 450.1 0 16.7875
    endloop
  endfacet
  facet normal 0 1 0
    outer loop
      vertex 444 3 0
      vertex 450.1 3 16.7875
      vertex 450.1 3 11.787500000000001
    endloop
  endfacet
  facet normal 0 0 -1
    outer loop
      vertex 444 0 0
      vertex 444 3 0
      vertex 463.3 3 0
    endloop
  endfacet
  facet normal 0 -1 0
    outer loop
      vertex 444 0 0
      vertex 463.3 0 0
      vertex 453.65 0 8.2375
    endloop
  endfacet
  facet normal 0 -1 0
    outer loop
      vertex 444 0 0
      vertex 453.65 0 8.2375
      vertex 452.55298966996895 0 8.411249367152207
    endloop
  endfacet
  facet normal 0 1 0
    outer loop
      vertex 444 3 0
      vertex 452.55298966996895 3 8.411249367152207
      vertex 453.65 3 8.2375
    endloop
  endfacet
  facet normal 0 1 0
    outer loop
      vertex 444 3 0
      vertex 453.65 3 8.2375
      vertex 454.74701033003106 3 8.411249367152207
    endloop
  endfacet
  facet normal 0 1 0
    outer loop
      vertex 444 3 0
      vertex 454.74701033003106 3 8.411249367152207
      vertex 463.3 3 0
    endloop
  endfacet
  facet normal 0 0 -1
    outer loop
      vertex 444 0 0
      vertex 463.3 3 0
      vertex 463.3 0 0
    endloop
  endfacet
  facet normal 0 -1 0
    outer loop
      vertex 463.3 0 0
      vertex 454.74701033003106 0 8.411249367152207
      vertex 453.65 0 8.2375
    endloop
  endfacet
  facet normal 0 -1 0
    outer loop
      vertex 444 0 0
      vertex 451.56336235436174 0 8.915489669968938
      vertex 450.7779896699689 0 9.700862354361721
    endloop
  endfacet
  facet normal 0 -1 0
    outer loop
      vertex 444 0 0
      vertex 452.55298966996895 0 8.411249367152207
      vertex 451.56336235436174 0 8.915489669968938
    endloop
  endfacet
  facet normal 0 -1 0
    outer loop
      vertex 444 0 0
      vertex 450.7779896699689 0 9.700862354361721
      vertex 450.2737493671522 0 10.690489669968938
    endloop
  endfacet
  facet normal 0 1 0
    outer loop
      vertex 444 3 0
      vertex 450.7779896699689 3 9.700862354361721
      vertex 451.56336235436174 3 8.915489669968938
    endloop
  endfacet
  facet normal 0 1 0
    outer loop
      vertex 444 3 0
      vertex 451.56336235436174 3 8.915489669968938
      vertex 452.55298966996895 3 8.411249367152207
    endloop
  endfacet
  facet normal 0 1 0
    outer loop
      vertex 444 3 0
      vertex 450.2737493671522 3 10.690489669968938
      vertex 450.7779896699689 3 9.700862354361721
    endloop
  endfacet
  facet normal 0.15643446504023745 0 0.9876883405951367
    outer loop
      vertex 453.65 0 8.2375
      vertex 453.65 3 8.2375
      vertex 452.55298966996895 0 8.411249367152207
    endloop
  endfacet
  facet normal -0.15643446504022954 0 0.9876883405951379
    outer loop
      vertex 453.65 0 8.2375
      vertex 454.74701033003106 3 8.411249367152207
      vertex 453.65 3 8.2375
    endloop
  endfacet
  facet normal 0.7071067811865283 0 0.7071067811865667
    outer loop
      vertex 451.56336235436174 0 8.915489669968938
      vertex 451.56336235436174 3 8.915489669968938
      vertex 450.7779896699689 0 9.700862354361721
    endloop
  endfacet
  facet normal 0.4539904997395491 0 0.8910065241883667
    outer loop
      vertex 451.56336235436174 0 8.915489669968938
      vertex 452.55298966996895 3 8.411249367152207
      vertex 451.56336235436174 3 8.915489669968938
    endloop
  endfacet
  facet normal 0.7071067811865283 0 0.7071067811865667
    outer loop
      vertex 450.7779896699689 0 9.700862354361721
      vertex 451.56336235436174 3 8.915489669968938
      vertex 450.7779896699689 3 9.700862354361721
    endloop
  endfacet
  facet normal 0.8910065241883807 0 0.4539904997395217
    outer loop
      vertex 450.7779896699689 0 9.700862354361721
      vertex 450.7779896699689 3 9.700862354361721
      vertex 450.2737493671522 0 10.690489669968938
    endloop
  endfacet
  facet normal 0.9876883405951388 0 0.15643446504022446
    outer loop
      vertex 450.2737493671522 0 10.690489669968938
      vertex 450.2737493671522 3 10.690489669968938
      vertex 450.1 0 11.787500000000001
    endloop
  endfacet
  facet normal 0.8910065241883807 0 0.4539904997395217
    outer loop
      vertex 450.2737493671522 0 10.690489669968938
      vertex 450.7779896699689 3 9.700862354361721
      vertex 450.2737493671522 3 10.690489669968938
    endloop
  endfacet
  facet normal 0.4539904997395491 -3.8649180358766904e-18 0.8910065241883667
    outer loop
      vertex 451.56336235436174 0 8.915489669968938
      vertex 452.55298966996895 0 8.411249367152207
      vertex 452.55298966996895 3 8.411249367152207
    endloop
  endfacet
  facet normal 0.15643446504023745 1.664757956177696e-18 0.9876883405951367
    outer loop
      vertex 453.65 3 8.2375
      vertex 452.55298966996895 3 8.411249367152207
      vertex 452.55298966996895 0 8.411249367152207
    endloop
  endfacet
  facet normal -0.15643446504022954 -3.008333177094016e-18 0.9876883405951379
    outer loop
      vertex 453.65 0 8.2375
      vertex 454.74701033003106 0 8.411249367152207
      vertex 454.74701033003106 3 8.411249367152207
    endloop
  endfacet
  facet normal -0.4539904997395491 3.8649180358766904e-18 0.8910065241883667
    outer loop
      vertex 454.74701033003106 0 8.411249367152207
      vertex 455.73663764563827 0 8.915489669968938
      vertex 455.73663764563827 3 8.915489669968938
    endloop
  endfacet
  facet normal -0.4539904997395491 0 0.8910065241883667
    outer loop
      vertex 454.74701033003106 0 8.411249367152207
      vertex 455.73663764563827 3 8.915489669968938
      vertex 454.74701033003106 3 8.411249367152207
    endloop
  endfacet
  facet normal 0 -1 0
    outer loop
      vertex 463.3 0 0
      vertex 455.73663764563827 0 8.915489669968938
      vertex 454.74701033003106 0 8.411249367152207
    endloop
  endfacet
  facet normal 0 -1 0
    outer loop
      vertex 463.3 0 0
      vertex 456.52201033003104 0 9.700862354361721
      vertex 455.73663764563827 0 8.915489669968938
    endloop
  endfacet
  facet normal 0 -1 0
    outer loop
      vertex 463.3 0 0
      vertex 457.0262506328478 0 10.690489669968938
      vertex 456.52201033003104 0 9.700862354361721
    endloop
  endfacet
  facet normal 0 -1 0
    outer loop
      vertex 463.3 0 0
      vertex 457.2 0 11.787500000000001
      vertex 457.0262506328478 0 10.690489669968938
    endloop
  endfacet
  facet normal 0 1 0
    outer loop
      vertex 463.3 3 0
      vertex 454.74701033003106 3 8.411249367152207
      vertex 455.73663764563827 3 8.915489669968938
    endloop
  endfacet
  facet normal 0 1 0
    outer loop
      vertex 463.3 3 0
      vertex 455.73663764563827 3 8.915489669968938
      vertex 456.52201033003104 3 9.700862354361721
    endloop
  endfacet
  facet normal 0 1 0
    outer loop
      vertex 463.3 3 0
      vertex 456.52201033003104 3 9.700862354361721
      vertex 457.0262506328478 3 10.690489669968938
    endloop
  endfacet
  facet normal 0 1 0
    outer loop
      vertex 463.3 3 0
      vertex 457.0262506328478 3 10.690489669968938
      vertex 457.2 3 11.787500000000001
    endloop
  endfacet
  facet normal -0.7071067811865539 -1.1001393312921479e-17 0.707106781186541
    outer loop
      vertex 455.73663764563827 0 8.915489669968938
      vertex 456.52201033003104 0 9.700862354361721
      vertex 456.52201033003104 3 9.700862354361721
    endloop
  endfacet
  facet normal -0.7071067811865539 0 0.707106781186541
    outer loop
      vertex 455.73663764563827 0 8.915489669968938
      vertex 456.52201033003104 3 9.700862354361721
      vertex 455.73663764563827 3 8.915489669968938
    endloop
  endfacet
  facet normal 0 -1 0
    outer loop
      vertex 463.3 0 0
      vertex 457.2 0 16.7875
      vertex 457.2 0 11.787500000000001
    endloop
  endfacet
  facet normal -0.8910065241883599 -6.7404760764367974e-18 0.4539904997395624
    outer loop
      vertex 456.52201033003104 0 9.700862354361721
      vertex 457.0262506328478 0 10.690489669968938
      vertex 457.0262506328478 3 10.690489669968938
    endloop
  endfacet
  facet normal -0.8910065241883599 0 0.4539904997395624
    outer loop
      vertex 456.52201033003104 0 9.700862354361721
      vertex 457.0262506328478 3 10.690489669968938
      vertex 456.52201033003104 3 9.700862354361721
    endloop
  endfacet
  facet normal -0.9876883405951388 0 0.15643446504022446
    outer loop
      vertex 457.0262506328478 0 10.690489669968938
      vertex 457.2 3 11.787500000000001
      vertex 457.0262506328478 3 10.690489669968938
    endloop
  endfacet
  facet normal 0 1 0
    outer loop
      vertex 463.3 3 0
      vertex 457.2 3 11.787500000000001
      vertex 457.2 3 16.7875
    endloop
  endfacet
  facet normal 0 -1 0
    outer loop
      vertex 444 0 0
      vertex 450.1 0 16.7875
      vertex 450.2737493671522 0 17.884510330031063
    endloop
  endfacet
  facet normal 0 1 0
    outer loop
      vertex 444 3 0
      vertex 450.2737493671522 3 17.884510330031063
      vertex 450.1 3 16.7875
    endloop
  endfacet
  facet normal 0 -1 0
    outer loop
      vertex 444 0 0
      vertex 450.2737493671522 0 17.884510330031063
      vertex 450.2737493671522 0 26.56548966996894
    endloop
  endfacet
  facet normal 0 1 0
    outer loop
      vertex 444 3 0
      vertex 450.2737493671522 3 26.56548966996894
      vertex 450.2737493671522 3 17.884510330031063
    endloop
  endfacet
  facet normal 0 -1 0
    outer loop
      vertex 444 0 0
      vertex 450.2737493671522 0 26.56548966996894
      vertex 450.1 0 27.6625
    endloop
  endfacet
  facet normal 0 1 0
    outer loop
      vertex 444 3 0
      vertex 450.1 3 27.6625
      vertex 450.2737493671522 3 26.56548966996894
    endloop
  endfacet
  facet normal 0 -1 0
    outer loop
      vertex 444 0 0
      vertex 450.1 0 27.6625
      vertex 450.1 0 32.6625
    endloop
  endfacet
  facet normal 0 1 0
    outer loop
      vertex 444 3 0
      vertex 450.1 3 32.6625
      vertex 450.1 3 27.6625
    endloop
  endfacet
  facet normal 0.9876883405951388 -2.2989591197189822e-18 0.15643446504022446
    outer loop
      vertex 450.2737493671522 3 10.690489669968938
      vertex 450.1 3 11.787500000000001
      vertex 450.1 0 11.787500000000001
    endloop
  endfacet
  facet normal 1 0 0
    outer loop
      vertex 450.1 0 11.787500000000001
      vertex 450.1 3 11.787500000000001
      vertex 450.1 0 16.7875
    endloop
  endfacet
  facet normal 1 0 0
    outer loop
      vertex 450.1 3 11.787500000000001
      vertex 450.1 3 16.7875
      vertex 450.1 0 16.7875
    endloop
  endfacet
  facet normal -0.9876883405951388 2.2989591197189822e-18 0.15643446504022446
    outer loop
      vertex 457.0262506328478 0 10.690489669968938
      vertex 457.2 0 11.787500000000001
      vertex 457.2 3 11.787500000000001
    endloop
  endfacet
  facet normal 0 -1 0
    outer loop
      vertex 463.3 0 0
      vertex 457.0262506328478 0 17.884510330031063
      vertex 457.2 0 16.7875
    endloop
  endfacet
  facet normal -1 0 0
    outer loop
      vertex 457.2 0 11.787500000000001
      vertex 457.2 3 16.7875
      vertex 457.2 3 11.787500000000001
    endloop
  endfacet
  facet normal -1 0 0
    outer loop
      vertex 457.2 0 11.787500000000001
      vertex 457.2 0 16.7875
      vertex 457.2 3 16.7875
    endloop
  endfacet
  facet normal 0 -1 0
    outer loop
      vertex 463.3 0 0
      vertex 457.0262506328478 0 26.56548966996894
      vertex 457.0262506328478 0 17.884510330031063
    endloop
  endfacet
  facet normal 0 1 0
    outer loop
      vertex 463.3 3 0
      vertex 457.2 3 16.7875
      vertex 457.2 3 27.6625
    endloop
  endfacet
  facet normal 0.9876883405951387 0 -0.1564344650402247
    outer loop
      vertex 450.1 0 16.7875
      vertex 450.1 3 16.7875
      vertex 450.2737493671522 0 17.884510330031063
    endloop
  endfacet
  facet normal 0.9876883405951387 0 -0.1564344650402247
    outer loop
      vertex 450.2737493671522 0 17.884510330031063
      vertex 450.1 3 16.7875
      vertex 450.2737493671522 3 17.884510330031063
    endloop
  endfacet
  facet normal 0.8910065241883809 0 -0.45399049973952105
    outer loop
      vertex 450.2737493671522 0 17.884510330031063
      vertex 450.2737493671522 3 17.884510330031063
      vertex 450.7779896699689 0 18.87413764563828
    endloop
  endfacet
  facet normal 0.7071067811865283 0 -0.7071067811865667
    outer loop
      vertex 450.7779896699689 0 18.87413764563828
      vertex 450.7779896699689 3 18.87413764563828
      vertex 451.56336235436174 0 19.659510330031065
    endloop
  endfacet
  facet normal 0.8910065241883809 0 -0.45399049973952105
    outer loop
      vertex 450.7779896699689 0 18.87413764563828
      vertex 450.2737493671522 3 17.884510330031063
      vertex 450.7779896699689 3 18.87413764563828
    endloop
  endfacet
  facet normal 0.7071067811865283 -7.309115079781584e-18 -0.7071067811865667
    outer loop
      vertex 450.7779896699689 3 18.87413764563828
      vertex 451.56336235436174 3 19.659510330031065
      vertex 451.56336235436174 0 19.659510330031065
    endloop
  endfacet
  facet normal 0.45399049973954786 0 -0.8910065241883673
    outer loop
      vertex 451.56336235436174 0 19.659510330031065
      vertex 451.56336235436174 3 19.659510330031065
      vertex 452.55298966996895 0 20.163750632847794
    endloop
  endfacet
  facet normal 0 -1 0
    outer loop
      vertex 450.2737493671522 0 17.884510330031063
      vertex 450.7779896699689 0 18.87413764563828
      vertex 450.2737493671522 0 26.56548966996894
    endloop
  endfacet
  facet normal 0 -1 0
    outer loop
      vertex 450.7779896699689 0 18.87413764563828
      vertex 451.56336235436174 0 19.659510330031065
      vertex 450.7779896699689 0 25.57586235436172
    endloop
  endfacet
  facet normal 0 -1 0
    outer loop
      vertex 451.56336235436174 0 19.659510330031065
      vertex 452.55298966996895 0 20.163750632847794
      vertex 451.56336235436174 0 24.790489669968938
    endloop
  endfacet
  facet normal 0 1 0
    outer loop
      vertex 450.2737493671522 3 17.884510330031063
      vertex 450.7779896699689 3 25.57586235436172
      vertex 450.7779896699689 3 18.87413764563828
    endloop
  endfacet
  facet normal 0 1 0
    outer loop
      vertex 450.7779896699689 3 18.87413764563828
      vertex 451.56336235436174 3 24.790489669968938
      vertex 451.56336235436174 3 19.659510330031065
    endloop
  endfacet
  facet normal 0.15643446504023903 0 -0.9876883405951365
    outer loop
      vertex 452.55298966996895 0 20.163750632847794
      vertex 452.55298966996895 3 20.163750632847794
      vertex 453.65 0 20.337500000000002
    endloop
  endfacet
  facet normal 0.45399049973954786 -7.265021993476474e-18 -0.8910065241883673
    outer loop
      vertex 451.56336235436174 3 19.659510330031065
      vertex 452.55298966996895 3 20.163750632847794
      vertex 452.55298966996895 0 20.163750632847794
    endloop
  endfacet
  facet normal 0.15643446504023903 0 -0.9876883405951365
    outer loop
      vertex 453.65 0 20.337500000000002
      vertex 452.55298966996895 3 20.163750632847794
      vertex 453.65 3 20.337500000000002
    endloop
  endfacet
  facet normal -0.45399049973954786 7.265021993476474e-18 -0.8910065241883673
    outer loop
      vertex 455.73663764563827 0 19.659510330031065
      vertex 454.74701033003106 0 20.163750632847794
      vertex 454.74701033003106 3 20.163750632847794
    endloop
  endfacet
  facet normal -0.1564344650402311 0 -0.9876883405951377
    outer loop
      vertex 453.65 0 20.337500000000002
      vertex 453.65 3 20.337500000000002
      vertex 454.74701033003106 0 20.163750632847794
    endloop
  endfacet
  facet normal -0.45399049973954786 0 -0.8910065241883673
    outer loop
      vertex 455.73663764563827 0 19.659510330031065
      vertex 454.74701033003106 3 20.163750632847794
      vertex 455.73663764563827 3 19.659510330031065
    endloop
  endfacet
  facet normal -0.1564344650402311 0 -0.9876883405951377
    outer loop
      vertex 454.74701033003106 0 20.163750632847794
      vertex 453.65 3 20.337500000000002
      vertex 454.74701033003106 3 20.163750632847794
    endloop
  endfacet
  facet normal 0 -1 0
    outer loop
      vertex 452.55298966996895 0 20.163750632847794
      vertex 453.65 0 20.337500000000002
      vertex 452.55298966996895 0 24.28624936715221
    endloop
  endfacet
  facet normal 0 -1 0
    outer loop
      vertex 455.73663764563827 0 19.659510330031065
      vertex 454.74701033003106 0 24.28624936715221
      vertex 454.74701033003106 0 20.163750632847794
    endloop
  endfacet
  facet normal 0 -1 0
    outer loop
      vertex 453.65 0 20.337500000000002
      vertex 454.74701033003106 0 20.163750632847794
      vertex 453.65 0 24.1125
    endloop
  endfacet
  facet normal 0 1 0
    outer loop
      vertex 451.56336235436174 3 19.659510330031065
      vertex 452.55298966996895 3 24.28624936715221
      vertex 452.55298966996895 3 20.163750632847794
    endloop
  endfacet
  facet normal 0 1 0
    outer loop
      vertex 452.55298966996895 3 20.163750632847794
      vertex 453.65 3 24.1125
      vertex 453.65 3 20.337500000000002
    endloop
  endfacet
  facet normal 0 1 0
    outer loop
      vertex 453.65 3 20.337500000000002
      vertex 454.74701033003106 3 24.28624936715221
      vertex 454.74701033003106 3 20.163750632847794
    endloop
  endfacet
  facet normal 0 1 0
    outer loop
      vertex 455.73663764563827 3 19.659510330031065
      vertex 454.74701033003106 3 20.163750632847794
      vertex 455.73663764563827 3 24.790489669968938
    endloop
  endfacet
  facet normal -0.9876883405951387 -1.2997121672159445e-18 -0.1564344650402247
    outer loop
      vertex 457.2 0 16.7875
      vertex 457.0262506328478 0 17.884510330031063
      vertex 457.0262506328478 3 17.884510330031063
    endloop
  endfacet
  facet normal -0.9876883405951387 0 -0.1564344650402247
    outer loop
      vertex 457.2 0 16.7875
      vertex 457.0262506328478 3 17.884510330031063
      vertex 457.2 3 16.7875
    endloop
  endfacet
  facet normal -0.8910065241883602 4.479921274052376e-18 -0.45399049973956174
    outer loop
      vertex 457.0262506328478 0 17.884510330031063
      vertex 456.52201033003104 0 18.87413764563828
      vertex 456.52201033003104 3 18.87413764563828
    endloop
  endfacet
  facet normal -0.7071067811865539 0 -0.707106781186541
    outer loop
      vertex 455.73663764563827 0 19.659510330031065
      vertex 455.73663764563827 3 19.659510330031065
      vertex 456.52201033003104 0 18.87413764563828
    endloop
  endfacet
  facet normal -0.8910065241883602 0 -0.45399049973956174
    outer loop
      vertex 457.0262506328478 0 17.884510330031063
      vertex 456.52201033003104 3 18.87413764563828
      vertex 457.0262506328478 3 17.884510330031063
    endloop
  endfacet
  facet normal -0.7071067811865539 1.1001393312921479e-17 -0.707106781186541
    outer loop
      vertex 455.73663764563827 3 19.659510330031065
      vertex 456.52201033003104 3 18.87413764563828
      vertex 456.52201033003104 0 18.87413764563828
    endloop
  endfacet
  facet normal 0 -1 0
    outer loop
      vertex 463.3 0 0
      vertex 457.2 0 27.6625
      vertex 457.0262506328478 0 26.56548966996894
    endloop
  endfacet
  facet normal 0 -1 0
    outer loop
      vertex 457.0262506328478 0 17.884510330031063
      vertex 456.52201033003104 0 25.57586235436172
      vertex 456.52201033003104 0 18.87413764563828
    endloop
  endfacet
  facet normal 0 -1 0
    outer loop
      vertex 463.3 0 0
      vertex 457.2 0 32.6625
      vertex 457.2 0 27.6625
    endloop
  endfacet
  facet normal 0 -1 0
    outer loop
      vertex 455.73663764563827 0 19.659510330031065
      vertex 456.52201033003104 0 18.87413764563828
      vertex 455.73663764563827 0 24.790489669968938
    endloop
  endfacet
  facet normal 0 1 0
    outer loop
      vertex 457.2 3 16.7875
      vertex 457.0262506328478 3 17.884510330031063
      vertex 457.2 3 27.6625
    endloop
  endfacet
  facet normal 0 1 0
    outer loop
      vertex 463.3 3 0
      vertex 457.2 3 27.6625
      vertex 457.2 3 32.6625
    endloop
  endfacet
  facet normal 0 1 0
    outer loop
      vertex 455.73663764563827 3 19.659510330031065
      vertex 456.52201033003104 3 25.57586235436172
      vertex 456.52201033003104 3 18.87413764563828
    endloop
  endfacet
  facet normal 0 1 0
    outer loop
      vertex 457.0262506328478 3 17.884510330031063
      vertex 456.52201033003104 3 18.87413764563828
      vertex 457.0262506328478 3 26.56548966996894
    endloop
  endfacet
  facet normal 0 1 0
    outer loop
      vertex 463.3 3 0
      vertex 457.2 3 32.6625
      vertex 457.0262506328478 3 33.75951033003106
    endloop
  endfacet
  facet normal 0 -1 0
    outer loop
      vertex 444 0 0
      vertex 450.1 0 32.6625
      vertex 450.1 0 56.237500000000004
    endloop
  endfacet
  facet normal 0 1 0
    outer loop
      vertex 444 3 0
      vertex 450.1 3 56.237500000000004
      vertex 450.1 3 32.6625
    endloop
  endfacet
  facet normal 0 -1 0
    outer loop
      vertex 451.56336235436174 0 19.659510330031065
      vertex 451.56336235436174 0 24.790489669968938
      vertex 450.7779896699689 0 25.57586235436172
    endloop
  endfacet
  facet normal 0 -1 0
    outer loop
      vertex 450.7779896699689 0 18.87413764563828
      vertex 450.7779896699689 0 25.57586235436172
      vertex 450.2737493671522 0 26.56548966996894
    endloop
  endfacet
  facet normal 0.45399049973954786 0 0.8910065241883673
    outer loop
      vertex 451.56336235436174 0 24.790489669968938
      vertex 452.55298966996895 3 24.28624936715221
      vertex 451.56336235436174 3 24.790489669968938
    endloop
  endfacet
  facet normal 0 1 0
    outer loop
      vertex 451.56336235436174 3 19.659510330031065
      vertex 451.56336235436174 3 24.790489669968938
      vertex 452.55298966996895 3 24.28624936715221
    endloop
  endfacet
  facet normal 0 1 0
    outer loop
      vertex 450.7779896699689 3 18.87413764563828
      vertex 450.7779896699689 3 25.57586235436172
      vertex 451.56336235436174 3 24.790489669968938
    endloop
  endfacet
  facet normal 0 1 0
    outer loop
      vertex 450.2737493671522 3 17.884510330031063
      vertex 450.2737493671522 3 26.56548966996894
      vertex 450.7779896699689 3 25.57586235436172
    endloop
  endfacet
  facet normal 0 -1 0
    outer loop
      vertex 453.65 0 20.337500000000002
      vertex 453.65 0 24.1125
      vertex 452.55298966996895 0 24.28624936715221
    endloop
  endfacet
  facet normal 0 -1 0
    outer loop
      vertex 452.55298966996895 0 20.163750632847794
      vertex 452.55298966996895 0 24.28624936715221
      vertex 451.56336235436174 0 24.790489669968938
    endloop
  endfacet
  facet normal 0 -1 0
    outer loop
      vertex 454.74701033003106 0 20.163750632847794
      vertex 454.74701033003106 0 24.28624936715221
      vertex 453.65 0 24.1125
    endloop
  endfacet
  facet normal 0 -1 0
    outer loop
      vertex 455.73663764563827 0 19.659510330031065
      vertex 455.73663764563827 0 24.790489669968938
      vertex 454.74701033003106 0 24.28624936715221
    endloop
  endfacet
  facet normal 0.15643446504023903 -7.336194409753944e-20 0.9876883405951365
    outer loop
      vertex 452.55298966996895 0 24.28624936715221
      vertex 453.65 0 24.1125
      vertex 453.65 3 24.1125
    endloop
  endfacet
  facet normal 0.45399049973954786 7.265021993476474e-18 0.8910065241883673
    outer loop
      vertex 451.56336235436174 0 24.790489669968938
      vertex 452.55298966996895 0 24.28624936715221
      vertex 452.55298966996895 3 24.28624936715221
    endloop
  endfacet
  facet normal 0.15643446504023903 0 0.9876883405951365
    outer loop
      vertex 452.55298966996895 0 24.28624936715221
      vertex 453.65 3 24.1125
      vertex 452.55298966996895 3 24.28624936715221
    endloop
  endfacet
  facet normal -0.1564344650402311 -1.270213276788564e-18 0.9876883405951377
    outer loop
      vertex 453.65 0 24.1125
      vertex 454.74701033003106 0 24.28624936715221
      vertex 454.74701033003106 3 24.28624936715221
    endloop
  endfacet
  facet normal -0.45399049973954786 -7.265021993476474e-18 0.8910065241883673
    outer loop
      vertex 454.74701033003106 0 24.28624936715221
      vertex 455.73663764563827 0 24.790489669968938
      vertex 455.73663764563827 3 24.790489669968938
    endloop
  endfacet
  facet normal -0.1564344650402311 0 0.9876883405951377
    outer loop
      vertex 453.65 0 24.1125
      vertex 454.74701033003106 3 24.28624936715221
      vertex 453.65 3 24.1125
    endloop
  endfacet
  facet normal -0.45399049973954786 0 0.8910065241883673
    outer loop
      vertex 454.74701033003106 0 24.28624936715221
      vertex 455.73663764563827 3 24.790489669968938
      vertex 454.74701033003106 3 24.28624936715221
    endloop
  endfacet
  facet normal 0 1 0
    outer loop
      vertex 452.55298966996895 3 20.163750632847794
      vertex 452.55298966996895 3 24.28624936715221
      vertex 453.65 3 24.1125
    endloop
  endfacet
  facet normal 0 1 0
    outer loop
      vertex 453.65 3 20.337500000000002
      vertex 453.65 3 24.1125
      vertex 454.74701033003106 3 24.28624936715221
    endloop
  endfacet
  facet normal 0 1 0
    outer loop
      vertex 454.74701033003106 3 20.163750632847794
      vertex 454.74701033003106 3 24.28624936715221
      vertex 455.73663764563827 3 24.790489669968938
    endloop
  endfacet
  facet normal 0.7071067811865283 0 0.7071067811865667
    outer loop
      vertex 451.56336235436174 0 24.790489669968938
      vertex 451.56336235436174 3 24.790489669968938
      vertex 450.7779896699689 0 25.57586235436172
    endloop
  endfacet
  facet normal 0.8910065241883809 0 0.45399049973952105
    outer loop
      vertex 450.7779896699689 0 25.57586235436172
      vertex 450.7779896699689 3 25.57586235436172
      vertex 450.2737493671522 0 26.56548966996894
    endloop
  endfacet
  facet normal 0.7071067811865283 7.309115079781584e-18 0.7071067811865667
    outer loop
      vertex 451.56336235436174 3 24.790489669968938
      vertex 450.7779896699689 3 25.57586235436172
      vertex 450.7779896699689 0 25.57586235436172
    endloop
  endfacet
  facet normal 0.8910065241883809 0 0.45399049973952105
    outer loop
      vertex 450.2737493671522 0 26.56548966996894
      vertex 450.7779896699689 3 25.57586235436172
      vertex 450.2737493671522 3 26.56548966996894
    endloop
  endfacet
  facet normal 0.9876883405951387 -1.2997121672159445e-18 0.1564344650402247
    outer loop
      vertex 450.1 0 27.6625
      vertex 450.2737493671522 0 26.56548966996894
      vertex 450.2737493671522 3 26.56548966996894
    endloop
  endfacet
  facet normal 0.9876883405951387 0 0.1564344650402247
    outer loop
      vertex 450.1 0 27.6625
      vertex 450.2737493671522 3 26.56548966996894
      vertex 450.1 3 27.6625
    endloop
  endfacet
  facet normal 0 -1 0
    outer loop
      vertex 456.52201033003104 0 18.87413764563828
      vertex 456.52201033003104 0 25.57586235436172
      vertex 455.73663764563827 0 24.790489669968938
    endloop
  endfacet
  facet normal 0 -1 0
    outer loop
      vertex 457.0262506328478 0 17.884510330031063
      vertex 457.0262506328478 0 26.56548966996894
      vertex 456.52201033003104 0 25.57586235436172
    endloop
  endfacet
  facet normal 0 1 0
    outer loop
      vertex 455.73663764563827 3 19.659510330031065
      vertex 455.73663764563827 3 24.790489669968938
      vertex 456.52201033003104 3 25.57586235436172
    endloop
  endfacet
  facet normal 0 1 0
    outer loop
      vertex 456.52201033003104 3 18.87413764563828
      vertex 456.52201033003104 3 25.57586235436172
      vertex 457.0262506328478 3 26.56548966996894
    endloop
  endfacet
  facet normal 0 1 0
    outer loop
      vertex 457.0262506328478 3 17.884510330031063
      vertex 457.0262506328478 3 26.56548966996894
      vertex 457.2 3 27.6625
    endloop
  endfacet
  facet normal -0.7071067811865539 -1.1001393312921479e-17 0.707106781186541
    outer loop
      vertex 455.73663764563827 0 24.790489669968938
      vertex 456.52201033003104 0 25.57586235436172
      vertex 456.52201033003104 3 25.57586235436172
    endloop
  endfacet
  facet normal -0.8910065241883602 -4.479921274052376e-18 0.45399049973956174
    outer loop
      vertex 456.52201033003104 0 25.57586235436172
      vertex 457.0262506328478 0 26.56548966996894
      vertex 457.0262506328478 3 26.56548966996894
    endloop
  endfacet
  facet normal -0.7071067811865539 0 0.707106781186541
    outer loop
      vertex 455.73663764563827 0 24.790489669968938
      vertex 456.52201033003104 3 25.57586235436172
      vertex 455.73663764563827 3 24.790489669968938
    endloop
  endfacet
  facet normal -0.8910065241883602 0 0.45399049973956174
    outer loop
      vertex 456.52201033003104 0 25.57586235436172
      vertex 457.0262506328478 3 26.56548966996894
      vertex 456.52201033003104 3 25.57586235436172
    endloop
  endfacet
  facet normal -0.9876883405951387 1.2997121672159445e-18 0.1564344650402247
    outer loop
      vertex 457.0262506328478 0 26.56548966996894
      vertex 457.2 0 27.6625
      vertex 457.2 3 27.6625
    endloop
  endfacet
  facet normal -0.9876883405951387 0 0.1564344650402247
    outer loop
      vertex 457.0262506328478 0 26.56548966996894
      vertex 457.2 3 27.6625
      vertex 457.0262506328478 3 26.56548966996894
    endloop
  endfacet
  facet normal 1 0 0
    outer loop
      vertex 450.1 0 27.6625
      vertex 450.1 3 27.6625
      vertex 450.1 0 32.6625
    endloop
  endfacet
  facet normal 1 0 0
    outer loop
      vertex 450.1 3 27.6625
      vertex 450.1 3 32.6625
      vertex 450.1 0 32.6625
    endloop
  endfacet
  facet normal 0.9876883405951387 0 -0.1564344650402247
    outer loop
      vertex 450.1 0 32.6625
      vertex 450.1 3 32.6625
      vertex 450.2737493671522 0 33.75951033003106
    endloop
  endfacet
  facet normal -1 0 0
    outer loop
      vertex 457.2 0 27.6625
      vertex 457.2 3 32.6625
      vertex 457.2 3 27.6625
    endloop
  endfacet
  facet normal 0 -1 0
    outer loop
      vertex 463.3 0 0
      vertex 457.0262506328478 0 55.14048966996894
      vertex 457.2 0 32.6625
    endloop
  endfacet
  facet normal 0 1 0
    outer loop
      vertex 463.3 3 0
      vertex 457.0262506328478 3 33.75951033003106
      vertex 457.2 3 56.237500000000004
    endloop
  endfacet
  facet normal -1 0 0
    outer loop
      vertex 457.2 0 27.6625
      vertex 457.2 0 32.6625
      vertex 457.2 3 32.6625
    endloop
  endfacet
  facet normal -0.9876883405951387 0 -0.1564344650402247
    outer loop
      vertex 457.2 0 32.6625
      vertex 457.0262506328478 3 33.75951033003106
      vertex 457.2 3 32.6625
    endloop
  endfacet
  facet normal 0 -1 0
    outer loop
      vertex 444 0 0
      vertex 450.1 0 56.237500000000004
      vertex 450.1 0 61.237500000000004
    endloop
  endfacet
  facet normal 0 1 0
    outer loop
      vertex 444 3 0
      vertex 450.1 3 61.237500000000004
      vertex 450.1 3 56.237500000000004
    endloop
  endfacet
  facet normal 0.8910065241883802 0 -0.4539904997395223
    outer loop
      vertex 450.2737493671522 0 33.75951033003106
      vertex 450.2737493671522 3 33.75951033003106
      vertex 450.7779896699689 0 34.74913764563828
    endloop
  endfacet
  facet normal 0.9876883405951387 1.2997121672159445e-18 -0.1564344650402247
    outer loop
      vertex 450.1 3 32.6625
      vertex 450.2737493671522 3 33.75951033003106
      vertex 450.2737493671522 0 33.75951033003106
    endloop
  endfacet
  facet normal 0.8910065241883802 0 -0.4539904997395223
    outer loop
      vertex 450.7779896699689 0 34.74913764563828
      vertex 450.2737493671522 3 33.75951033003106
      vertex 450.7779896699689 3 34.74913764563828
    endloop
  endfacet
  facet normal 0.7071067811865316 0 -0.7071067811865636
    outer loop
      vertex 450.7779896699689 0 34.74913764563828
      vertex 450.7779896699689 3 34.74913764563828
      vertex 451.56336235436174 0 35.53451033003107
    endloop
  endfacet
  facet normal 0.4539904997395453 0 -0.8910065241883687
    outer loop
      vertex 451.56336235436174 0 35.53451033003107
      vertex 451.56336235436174 3 35.53451033003107
      vertex 452.55298966996895 0 36.038750632847794
    endloop
  endfacet
  facet normal 0.7071067811865316 0 -0.7071067811865636
    outer loop
      vertex 451.56336235436174 0 35.53451033003107
      vertex 450.7779896699689 3 34.74913764563828
      vertex 451.56336235436174 3 35.53451033003107
    endloop
  endfacet
  facet normal 0.1564344650402359 0 -0.9876883405951369
    outer loop
      vertex 452.55298966996895 0 36.038750632847794
      vertex 452.55298966996895 3 36.038750632847794
      vertex 453.65 0 36.2125
    endloop
  endfacet
  facet normal 0.4539904997395453 3.7945756489826076e-18 -0.8910065241883687
    outer loop
      vertex 451.56336235436174 3 35.53451033003107
      vertex 452.55298966996895 3 36.038750632847794
      vertex 452.55298966996895 0 36.038750632847794
    endloop
  endfacet
  facet normal -0.4539904997395453 0 -0.8910065241883687
    outer loop
      vertex 454.74701033003106 0 36.038750632847794
      vertex 454.74701033003106 3 36.038750632847794
      vertex 455.73663764563827 0 35.53451033003107
    endloop
  endfacet
  facet normal -0.15643446504022798 0 -0.9876883405951382
    outer loop
      vertex 454.74701033003106 0 36.038750632847794
      vertex 453.65 3 36.2125
      vertex 454.74701033003106 3 36.038750632847794
    endloop
  endfacet
  facet normal -0.4539904997395453 0 -0.8910065241883687
    outer loop
      vertex 455.73663764563827 0 35.53451033003107
      vertex 454.74701033003106 3 36.038750632847794
      vertex 455.73663764563827 3 35.53451033003107
    endloop
  endfacet
  facet normal 0.1564344650402359 -3.4028778564529326e-18 -0.9876883405951369
    outer loop
      vertex 452.55298966996895 3 36.038750632847794
      vertex 453.65 3 36.2125
      vertex 453.65 0 36.2125
    endloop
  endfacet
  facet normal -0.15643446504022798 -3.583416347891681e-18 -0.9876883405951382
    outer loop
      vertex 454.74701033003106 0 36.038750632847794
      vertex 453.65 0 36.2125
      vertex 453.65 3 36.2125
    endloop
  endfacet
  facet normal -0.9876883405951387 -1.2997121672159445e-18 -0.1564344650402247
    outer loop
      vertex 457.2 0 32.6625
      vertex 457.0262506328478 0 33.75951033003106
      vertex 457.0262506328478 3 33.75951033003106
    endloop
  endfacet
  facet normal -0.8910065241883596 -7.658707971761214e-18 -0.45399049973956296
    outer loop
      vertex 457.0262506328478 0 33.75951033003106
      vertex 456.52201033003104 0 34.74913764563828
      vertex 456.52201033003104 3 34.74913764563828
    endloop
  endfacet
  facet normal -0.8910065241883596 0 -0.45399049973956296
    outer loop
      vertex 457.0262506328478 0 33.75951033003106
      vertex 456.52201033003104 3 34.74913764563828
      vertex 457.0262506328478 3 33.75951033003106
    endloop
  endfacet
  facet normal -0.7071067811865571 0 -0.7071067811865379
    outer loop
      vertex 455.73663764563827 0 35.53451033003107
      vertex 455.73663764563827 3 35.53451033003107
      vertex 456.52201033003104 0 34.74913764563828
    endloop
  endfacet
  facet normal -0.7071067811865571 2.2099891085179465e-18 -0.7071067811865379
    outer loop
      vertex 455.73663764563827 3 35.53451033003107
      vertex 456.52201033003104 3 34.74913764563828
      vertex 456.52201033003104 0 34.74913764563828
    endloop
  endfacet
  facet normal 0 -1 0
    outer loop
      vertex 463.3 0 0
      vertex 457.2 0 56.237500000000004
      vertex 457.0262506328478 0 55.14048966996894
    endloop
  endfacet
  facet normal 0 -1 0
    outer loop
      vertex 450.1 0 32.6625
      vertex 450.2737493671522 0 33.75951033003106
      vertex 450.1 0 56.237500000000004
    endloop
  endfacet
  facet normal 0 -1 0
    outer loop
      vertex 450.2737493671522 0 33.75951033003106
      vertex 450.7779896699689 0 34.74913764563828
      vertex 450.2737493671522 0 55.14048966996894
    endloop
  endfacet
  facet normal 0 -1 0
    outer loop
      vertex 450.7779896699689 0 34.74913764563828
      vertex 451.56336235436174 0 35.53451033003107
      vertex 450.7779896699689 0 54.15086235436173
    endloop
  endfacet
  facet normal 0 -1 0
    outer loop
      vertex 451.56336235436174 0 35.53451033003107
      vertex 452.55298966996895 0 36.038750632847794
      vertex 451.56336235436174 0 53.36548966996894
    endloop
  endfacet
  facet normal 0 1 0
    outer loop
      vertex 450.1 3 32.6625
      vertex 450.2737493671522 3 55.14048966996894
      vertex 450.2737493671522 3 33.75951033003106
    endloop
  endfacet
  facet normal 0 1 0
    outer loop
      vertex 450.2737493671522 3 33.75951033003106
      vertex 450.7779896699689 3 54.15086235436173
      vertex 450.7779896699689 3 34.74913764563828
    endloop
  endfacet
  facet normal 0 1 0
    outer loop
      vertex 450.7779896699689 3 34.74913764563828
      vertex 451.56336235436174 3 53.36548966996894
      vertex 451.56336235436174 3 35.53451033003107
    endloop
  endfacet
  facet normal 0 -1 0
    outer loop
      vertex 454.74701033003106 0 36.038750632847794
      vertex 453.65 0 52.68750000000001
      vertex 453.65 0 36.2125
    endloop
  endfacet
  facet normal 0 -1 0
    outer loop
      vertex 454.74701033003106 0 36.038750632847794
      vertex 455.73663764563827 0 35.53451033003107
      vertex 454.74701033003106 0 52.86124936715221
    endloop
  endfacet
  facet normal 0 1 0
    outer loop
      vertex 451.56336235436174 3 35.53451033003107
      vertex 452.55298966996895 3 52.86124936715221
      vertex 452.55298966996895 3 36.038750632847794
    endloop
  endfacet
  facet normal 0 1 0
    outer loop
      vertex 452.55298966996895 3 36.038750632847794
      vertex 453.65 3 52.68750000000001
      vertex 453.65 3 36.2125
    endloop
  endfacet
  facet normal 0 1 0
    outer loop
      vertex 454.74701033003106 3 36.038750632847794
      vertex 455.73663764563827 3 53.36548966996894
      vertex 455.73663764563827 3 35.53451033003107
    endloop
  endfacet
  facet normal 0 -1 0
    outer loop
      vertex 452.55298966996895 0 36.038750632847794
      vertex 453.65 0 36.2125
      vertex 452.55298966996895 0 52.86124936715221
    endloop
  endfacet
  facet normal 0 1 0
    outer loop
      vertex 454.74701033003106 3 36.038750632847794
      vertex 453.65 3 36.2125
      vertex 454.74701033003106 3 52.86124936715221
    endloop
  endfacet
  facet normal 0 -1 0
    outer loop
      vertex 463.3 0 0
      vertex 457.2 0 61.237500000000004
      vertex 457.2 0 56.237500000000004
    endloop
  endfacet
  facet normal 0 -1 0
    outer loop
      vertex 457.0262506328478 0 33.75951033003106
      vertex 456.52201033003104 0 54.15086235436173
      vertex 456.52201033003104 0 34.74913764563828
    endloop
  endfacet
  facet normal 0 -1 0
    outer loop
      vertex 457.2 0 32.6625
      vertex 457.0262506328478 0 55.14048966996894
      vertex 457.0262506328478 0 33.75951033003106
    endloop
  endfacet
  facet normal 0 -1 0
    outer loop
      vertex 455.73663764563827 0 35.53451033003107
      vertex 456.52201033003104 0 34.74913764563828
      vertex 455.73663764563827 0 53.36548966996894
    endloop
  endfacet
  facet normal 0 1 0
    outer loop
      vertex 463.3 3 0
      vertex 457.2 3 56.237500000000004
      vertex 457.2 3 61.237500000000004
    endloop
  endfacet
  facet normal 0 1 0
    outer loop
      vertex 455.73663764563827 3 35.53451033003107
      vertex 456.52201033003104 3 54.15086235436173
      vertex 456.52201033003104 3 34.74913764563828
    endloop
  endfacet
  facet normal 0 1 0
    outer loop
      vertex 457.0262506328478 3 33.75951033003106
      vertex 456.52201033003104 3 34.74913764563828
      vertex 457.0262506328478 3 55.14048966996894
    endloop
  endfacet
  facet normal 0 1 0
    outer loop
      vertex 444 3 0
      vertex 450.1 3 72.11250000000001
      vertex 450.1 3 61.237500000000004
    endloop
  endfacet
  facet normal 0 1 0
    outer loop
      vertex 444 3 0
      vertex 450.1 3 77.11250000000001
      vertex 450.1 3 72.11250000000001
    endloop
  endfacet
  facet normal 0 -1 0
    outer loop
      vertex 454.74701033003106 0 36.038750632847794
      vertex 454.74701033003106 0 52.86124936715221
      vertex 453.65 0 52.68750000000001
    endloop
  endfacet
  facet normal 0 1 0
    outer loop
      vertex 452.55298966996895 3 36.038750632847794
      vertex 452.55298966996895 3 52.86124936715221
      vertex 453.65 3 52.68750000000001
    endloop
  endfacet
  facet normal 0 -1 0
    outer loop
      vertex 451.56336235436174 0 35.53451033003107
      vertex 451.56336235436174 0 53.36548966996894
      vertex 450.7779896699689 0 54.15086235436173
    endloop
  endfacet
  facet normal 0 -1 0
    outer loop
      vertex 450.7779896699689 0 34.74913764563828
      vertex 450.7779896699689 0 54.15086235436173
      vertex 450.2737493671522 0 55.14048966996894
    endloop
  endfacet
  facet normal 0 -1 0
    outer loop
      vertex 450.2737493671522 0 33.75951033003106
      vertex 450.2737493671522 0 55.14048966996894
      vertex 450.1 0 56.237500000000004
    endloop
  endfacet
  facet normal 0 1 0
    outer loop
      vertex 450.7779896699689 3 34.74913764563828
      vertex 450.7779896699689 3 54.15086235436173
      vertex 451.56336235436174 3 53.36548966996894
    endloop
  endfacet
  facet normal 0 1 0
    outer loop
      vertex 450.2737493671522 3 33.75951033003106
      vertex 450.2737493671522 3 55.14048966996894
      vertex 450.7779896699689 3 54.15086235436173
    endloop
  endfacet
  facet normal 0 1 0
    outer loop
      vertex 451.56336235436174 3 35.53451033003107
      vertex 451.56336235436174 3 53.36548966996894
      vertex 452.55298966996895 3 52.86124936715221
    endloop
  endfacet
  facet normal 0 1 0
    outer loop
      vertex 450.1 3 32.6625
      vertex 450.1 3 56.237500000000004
      vertex 450.2737493671522 3 55.14048966996894
    endloop
  endfacet
  facet normal 0 -1 0
    outer loop
      vertex 452.55298966996895 0 36.038750632847794
      vertex 452.55298966996895 0 52.86124936715221
      vertex 451.56336235436174 0 53.36548966996894
    endloop
  endfacet
  facet normal 0 -1 0
    outer loop
      vertex 453.65 0 36.2125
      vertex 453.65 0 52.68750000000001
      vertex 452.55298966996895 0 52.86124936715221
    endloop
  endfacet
  facet normal 0 -1 0
    outer loop
      vertex 455.73663764563827 0 35.53451033003107
      vertex 455.73663764563827 0 53.36548966996894
      vertex 454.74701033003106 0 52.86124936715221
    endloop
  endfacet
  facet normal 0 1 0
    outer loop
      vertex 453.65 3 36.2125
      vertex 453.65 3 52.68750000000001
      vertex 454.74701033003106 3 52.86124936715221
    endloop
  endfacet
  facet normal 0 1 0
    outer loop
      vertex 454.74701033003106 3 36.038750632847794
      vertex 454.74701033003106 3 52.86124936715221
      vertex 455.73663764563827 3 53.36548966996894
    endloop
  endfacet
  facet normal 0 1 0
    outer loop
      vertex 463.3 3 0
      vertex 457.2 3 61.237500000000004
      vertex 457.2 3 72.11250000000001
    endloop
  endfacet
  facet normal 0 -1 0
    outer loop
      vertex 456.52201033003104 0 34.74913764563828
      vertex 456.52201033003104 0 54.15086235436173
      vertex 455.73663764563827 0 53.36548966996894
    endloop
  endfacet
  facet normal 0 -1 0
    outer loop
      vertex 457.0262506328478 0 33.75951033003106
      vertex 457.0262506328478 0 55.14048966996894
      vertex 456.52201033003104 0 54.15086235436173
    endloop
  endfacet
  facet normal 0 1 0
    outer loop
      vertex 455.73663764563827 3 35.53451033003107
      vertex 455.73663764563827 3 53.36548966996894
      vertex 456.52201033003104 3 54.15086235436173
    endloop
  endfacet
  facet normal 0 1 0
    outer loop
      vertex 456.52201033003104 3 34.74913764563828
      vertex 456.52201033003104 3 54.15086235436173
      vertex 457.0262506328478 3 55.14048966996894
    endloop
  endfacet
  facet normal 0 1 0
    outer loop
      vertex 457.0262506328478 3 33.75951033003106
      vertex 457.0262506328478 3 55.14048966996894
      vertex 457.2 3 56.237500000000004
    endloop
  endfacet
  facet normal 0 1 0
    outer loop
      vertex 463.3 3 0
      vertex 457.2 3 72.11250000000001
      vertex 457.2 3 77.11250000000001
    endloop
  endfacet
  facet normal 0.1564344650402359 0 0.9876883405951369
    outer loop
      vertex 453.65 0 52.68750000000001
      vertex 453.65 3 52.68750000000001
      vertex 452.55298966996895 0 52.86124936715221
    endloop
  endfacet
  facet normal -0.15643446504022798 0 0.9876883405951382
    outer loop
      vertex 453.65 0 52.68750000000001
      vertex 454.74701033003106 3 52.86124936715221
      vertex 453.65 3 52.68750000000001
    endloop
  endfacet
  facet normal 0.7071067811865316 0 0.7071067811865636
    outer loop
      vertex 451.56336235436174 0 53.36548966996894
      vertex 451.56336235436174 3 53.36548966996894
      vertex 450.7779896699689 0 54.15086235436173
    endloop
  endfacet
  facet normal 0.4539904997395453 0 0.8910065241883687
    outer loop
      vertex 451.56336235436174 0 53.36548966996894
      vertex 452.55298966996895 3 52.86124936715221
      vertex 451.56336235436174 3 53.36548966996894
    endloop
  endfacet
  facet normal 0.7071067811865316 0 0.7071067811865636
    outer loop
      vertex 450.7779896699689 0 54.15086235436173
      vertex 451.56336235436174 3 53.36548966996894
      vertex 450.7779896699689 3 54.15086235436173
    endloop
  endfacet
  facet normal 0.8910065241883802 0 0.4539904997395223
    outer loop
      vertex 450.7779896699689 0 54.15086235436173
      vertex 450.7779896699689 3 54.15086235436173
      vertex 450.2737493671522 0 55.14048966996894
    endloop
  endfacet
  facet normal 0.9876883405951387 0 0.1564344650402247
    outer loop
      vertex 450.2737493671522 0 55.14048966996894
      vertex 450.2737493671522 3 55.14048966996894
      vertex 450.1 0 56.237500000000004
    endloop
  endfacet
  facet normal 0.8910065241883802 0 0.4539904997395223
    outer loop
      vertex 450.2737493671522 0 55.14048966996894
      vertex 450.7779896699689 3 54.15086235436173
      vertex 450.2737493671522 3 55.14048966996894
    endloop
  endfacet
  facet normal 0.4539904997395453 -3.7945756489826076e-18 0.8910065241883687
    outer loop
      vertex 451.56336235436174 0 53.36548966996894
      vertex 452.55298966996895 0 52.86124936715221
      vertex 452.55298966996895 3 52.86124936715221
    endloop
  endfacet
  facet normal 0.1564344650402359 3.4028778564529326e-18 0.9876883405951369
    outer loop
      vertex 453.65 3 52.68750000000001
      vertex 452.55298966996895 3 52.86124936715221
      vertex 452.55298966996895 0 52.86124936715221
    endloop
  endfacet
  facet normal -0.15643446504022798 3.583416347891681e-18 0.9876883405951382
    outer loop
      vertex 453.65 0 52.68750000000001
      vertex 454.74701033003106 0 52.86124936715221
      vertex 454.74701033003106 3 52.86124936715221
    endloop
  endfacet
  facet normal -0.4539904997395453 3.7945756489826076e-18 0.8910065241883687
    outer loop
      vertex 454.74701033003106 0 52.86124936715221
      vertex 455.73663764563827 0 53.36548966996894
      vertex 455.73663764563827 3 53.36548966996894
    endloop
  endfacet
  facet normal -0.4539904997395453 0 0.8910065241883687
    outer loop
      vertex 454.74701033003106 0 52.86124936715221
      vertex 455.73663764563827 3 53.36548966996894
      vertex 454.74701033003106 3 52.86124936715221
    endloop
  endfacet
  facet normal -0.7071067811865571 -2.2099891085179465e-18 0.7071067811865379
    outer loop
      vertex 455.73663764563827 0 53.36548966996894
      vertex 456.52201033003104 0 54.15086235436173
      vertex 456.52201033003104 3 54.15086235436173
    endloop
  endfacet
  facet normal -0.7071067811865571 0 0.7071067811865379
    outer loop
      vertex 455.73663764563827 0 53.36548966996894
      vertex 456.52201033003104 3 54.15086235436173
      vertex 455.73663764563827 3 53.36548966996894
    endloop
  endfacet
  facet normal -0.8910065241883596 7.658707971761214e-18 0.45399049973956296
    outer loop
      vertex 456.52201033003104 0 54.15086235436173
      vertex 457.0262506328478 0 55.14048966996894
      vertex 457.0262506328478 3 55.14048966996894
    endloop
  endfacet
  facet normal -0.8910065241883596 0 0.45399049973956296
    outer loop
      vertex 456.52201033003104 0 54.15086235436173
      vertex 457.0262506328478 3 55.14048966996894
      vertex 456.52201033003104 3 54.15086235436173
    endloop
  endfacet
  facet normal -0.9876883405951387 0 0.1564344650402247
    outer loop
      vertex 457.0262506328478 0 55.14048966996894
      vertex 457.2 3 56.237500000000004
      vertex 457.0262506328478 3 55.14048966996894
    endloop
  endfacet
  facet normal 0 1 0
    outer loop
      vertex 444 3 0
      vertex 450.1 3 100.6875
      vertex 450.1 3 77.11250000000001
    endloop
  endfacet
  facet normal 0.9876883405951387 -1.2997121672159445e-18 0.1564344650402247
    outer loop
      vertex 450.2737493671522 3 55.14048966996894
      vertex 450.1 3 56.237500000000004
      vertex 450.1 0 56.237500000000004
    endloop
  endfacet
  facet normal 1 0 0
    outer loop
      vertex 450.1 0 56.237500000000004
      vertex 450.1 3 56.237500000000004
      vertex 450.1 0 61.237500000000004
    endloop
  endfacet
  facet normal 1 0 0
    outer loop
      vertex 450.1 3 56.237500000000004
      vertex 450.1 3 61.237500000000004
      vertex 450.1 0 61.237500000000004
    endloop
  endfacet
  facet normal -0.9876883405951387 1.2997121672159445e-18 0.1564344650402247
    outer loop
      vertex 457.0262506328478 0 55.14048966996894
      vertex 457.2 0 56.237500000000004
      vertex 457.2 3 56.237500000000004
    endloop
  endfacet
  facet normal -1 0 0
    outer loop
      vertex 457.2 0 56.237500000000004
      vertex 457.2 3 61.237500000000004
      vertex 457.2 3 56.237500000000004
    endloop
  endfacet
  facet normal -1 0 0
    outer loop
      vertex 457.2 0 56.237500000000004
      vertex 457.2 0 61.237500000000004
      vertex 457.2 3 61.237500000000004
    endloop
  endfacet
  facet normal 0 1 0
    outer loop
      vertex 463.3 3 0
      vertex 457.2 3 77.11250000000001
      vertex 457.2 3 100.6875
    endloop
  endfacet
  facet normal 1 0 0
    outer loop
      vertex 463.3 0 0
      vertex 463.3 3 0
      vertex 463.3 0 177.8
    endloop
  endfacet
  facet normal 0.9876883405951387 0 -0.1564344650402247
    outer loop
      vertex 450.1 0 61.237500000000004
      vertex 450.1 3 61.237500000000004
      vertex 450.2737493671522 0 62.334510330031065
    endloop
  endfacet
  facet normal 0.9876883405951387 0 -0.1564344650402247
    outer loop
      vertex 450.2737493671522 0 62.334510330031065
      vertex 450.1 3 61.237500000000004
      vertex 450.2737493671522 3 62.334510330031065
    endloop
  endfacet
  facet normal 0.8910065241883802 0 -0.4539904997395223
    outer loop
      vertex 450.2737493671522 0 62.334510330031065
      vertex 450.2737493671522 3 62.334510330031065
      vertex 450.7779896699689 0 63.32413764563828
    endloop
  endfacet
  facet normal 0.7071067811865316 0 -0.7071067811865636
    outer loop
      vertex 450.7779896699689 0 63.32413764563828
      vertex 450.7779896699689 3 63.32413764563828
      vertex 451.56336235436174 0 64.10951033003107
    endloop
  endfacet
  facet normal 0.8910065241883802 0 -0.4539904997395223
    outer loop
      vertex 450.7779896699689 0 63.32413764563828
      vertex 450.2737493671522 3 62.334510330031065
      vertex 450.7779896699689 3 63.32413764563828
    endloop
  endfacet
  facet normal 0.7071067811865316 1.48228912474283e-18 -0.7071067811865636
    outer loop
      vertex 450.7779896699689 3 63.32413764563828
      vertex 451.56336235436174 3 64.10951033003107
      vertex 451.56336235436174 0 64.10951033003107
    endloop
  endfacet
  facet normal 0.4539904997395453 0 -0.8910065241883687
    outer loop
      vertex 451.56336235436174 0 64.10951033003107
      vertex 451.56336235436174 3 64.10951033003107
      vertex 452.55298966996895 0 64.6137506328478
    endloop
  endfacet
  facet normal 0 -1 0
    outer loop
      vertex 450.1 0 61.237500000000004
      vertex 450.2737493671522 0 62.334510330031065
      vertex 450.1 0 72.11250000000001
    endloop
  endfacet
  facet normal 0 -1 0
    outer loop
      vertex 450.2737493671522 0 62.334510330031065
      vertex 450.7779896699689 0 63.32413764563828
      vertex 450.2737493671522 0 71.01548966996894
    endloop
  endfacet
  facet normal 0 -1 0
    outer loop
      vertex 450.7779896699689 0 63.32413764563828
      vertex 451.56336235436174 0 64.10951033003107
      vertex 450.7779896699689 0 70.02586235436173
    endloop
  endfacet
  facet normal 0 -1 0
    outer loop
      vertex 451.56336235436174 0 64.10951033003107
      vertex 452.55298966996895 0 64.6137506328478
      vertex 451.56336235436174 0 69.24048966996895
    endloop
  endfacet
  facet normal 0 1 0
    outer loop
      vertex 450.1 3 61.237500000000004
      vertex 450.2737493671522 3 71.01548966996894
      vertex 450.2737493671522 3 62.334510330031065
    endloop
  endfacet
  facet normal 0 1 0
    outer loop
      vertex 450.2737493671522 3 62.334510330031065
      vertex 450.7779896699689 3 70.02586235436173
      vertex 450.7779896699689 3 63.32413764563828
    endloop
  endfacet
  facet normal 0 1 0
    outer loop
      vertex 450.7779896699689 3 63.32413764563828
      vertex 451.56336235436174 3 69.24048966996895
      vertex 451.56336235436174 3 64.10951033003107
    endloop
  endfacet
  facet normal 0.1564344650402421 0 -0.9876883405951359
    outer loop
      vertex 452.55298966996895 0 64.6137506328478
      vertex 452.55298966996895 3 64.6137506328478
      vertex 453.65 0 64.78750000000001
    endloop
  endfacet
  facet normal 0.4539904997395453 3.7945756489826076e-18 -0.8910065241883687
    outer loop
      vertex 451.56336235436174 3 64.10951033003107
      vertex 452.55298966996895 3 64.6137506328478
      vertex 452.55298966996895 0 64.6137506328478
    endloop
  endfacet
  facet normal 0.1564344650402421 0 -0.9876883405951359
    outer loop
      vertex 453.65 0 64.78750000000001
      vertex 452.55298966996895 3 64.6137506328478
      vertex 453.65 3 64.78750000000001
    endloop
  endfacet
  facet normal -0.4539904997395453 -3.7945756489826076e-18 -0.8910065241883687
    outer loop
      vertex 455.73663764563827 0 64.10951033003107
      vertex 454.74701033003106 0 64.6137506328478
      vertex 454.74701033003106 3 64.6137506328478
    endloop
  endfacet
  facet normal -0.15643446504023423 0 -0.9876883405951371
    outer loop
      vertex 453.65 0 64.78750000000001
      vertex 453.65 3 64.78750000000001
      vertex 454.74701033003106 0 64.6137506328478
    endloop
  endfacet
  facet normal -0.4539904997395453 0 -0.8910065241883687
    outer loop
      vertex 455.73663764563827 0 64.10951033003107
      vertex 454.74701033003106 3 64.6137506328478
      vertex 455.73663764563827 3 64.10951033003107
    endloop
  endfacet
  facet normal -0.15643446504023423 0 -0.9876883405951371
    outer loop
      vertex 454.74701033003106 0 64.6137506328478
      vertex 453.65 3 64.78750000000001
      vertex 454.74701033003106 3 64.6137506328478
    endloop
  endfacet
  facet normal 0 -1 0
    outer loop
      vertex 452.55298966996895 0 64.6137506328478
      vertex 453.65 0 64.78750000000001
      vertex 452.55298966996895 0 68.73624936715221
    endloop
  endfacet
  facet normal 0 -1 0
    outer loop
      vertex 455.73663764563827 0 64.10951033003107
      vertex 454.74701033003106 0 68.73624936715221
      vertex 454.74701033003106 0 64.6137506328478
    endloop
  endfacet
  facet normal 0 -1 0
    outer loop
      vertex 453.65 0 64.78750000000001
      vertex 454.74701033003106 0 64.6137506328478
      vertex 453.65 0 68.56250000000001
    endloop
  endfacet
  facet normal 0 1 0
    outer loop
      vertex 451.56336235436174 3 64.10951033003107
      vertex 452.55298966996895 3 68.73624936715221
      vertex 452.55298966996895 3 64.6137506328478
    endloop
  endfacet
  facet normal 0 1 0
    outer loop
      vertex 452.55298966996895 3 64.6137506328478
      vertex 453.65 3 68.56250000000001
      vertex 453.65 3 64.78750000000001
    endloop
  endfacet
  facet normal 0 1 0
    outer loop
      vertex 453.65 3 64.78750000000001
      vertex 454.74701033003106 3 68.73624936715221
      vertex 454.74701033003106 3 64.6137506328478
    endloop
  endfacet
  facet normal 0 1 0
    outer loop
      vertex 455.73663764563827 3 64.10951033003107
      vertex 454.74701033003106 3 64.6137506328478
      vertex 455.73663764563827 3 69.24048966996895
    endloop
  endfacet
  facet normal -0.9876883405951387 -1.2997121672159445e-18 -0.1564344650402247
    outer loop
      vertex 457.2 0 61.237500000000004
      vertex 457.0262506328478 0 62.334510330031065
      vertex 457.0262506328478 3 62.334510330031065
    endloop
  endfacet
  facet normal -0.9876883405951387 0 -0.1564344650402247
    outer loop
      vertex 457.2 0 61.237500000000004
      vertex 457.0262506328478 3 62.334510330031065
      vertex 457.2 3 61.237500000000004
    endloop
  endfacet
  facet normal -0.8910065241883596 -7.658707971761214e-18 -0.45399049973956296
    outer loop
      vertex 457.0262506328478 0 62.334510330031065
      vertex 456.52201033003104 0 63.32413764563828
      vertex 456.52201033003104 3 63.32413764563828
    endloop
  endfacet
  facet normal -0.7071067811865571 0 -0.7071067811865379
    outer loop
      vertex 455.73663764563827 0 64.10951033003107
      vertex 455.73663764563827 3 64.10951033003107
      vertex 456.52201033003104 0 63.32413764563828
    endloop
  endfacet
  facet normal -0.8910065241883596 0 -0.45399049973956296
    outer loop
      vertex 457.0262506328478 0 62.334510330031065
      vertex 456.52201033003104 3 63.32413764563828
      vertex 457.0262506328478 3 62.334510330031065
    endloop
  endfacet
  facet normal -0.7071067811865571 2.2099891085179465e-18 -0.7071067811865379
    outer loop
      vertex 455.73663764563827 3 64.10951033003107
      vertex 456.52201033003104 3 63.32413764563828
      vertex 456.52201033003104 0 63.32413764563828
    endloop
  endfacet
  facet normal 0 -1 0
    outer loop
      vertex 457.0262506328478 0 62.334510330031065
      vertex 456.52201033003104 0 70.02586235436173
      vertex 456.52201033003104 0 63.32413764563828
    endloop
  endfacet
  facet normal 0 -1 0
    outer loop
      vertex 457.2 0 61.237500000000004
      vertex 457.0262506328478 0 71.01548966996894
      vertex 457.0262506328478 0 62.334510330031065
    endloop
  endfacet
  facet normal 0 -1 0
    outer loop
      vertex 455.73663764563827 0 64.10951033003107
      vertex 456.52201033003104 0 63.32413764563828
      vertex 455.73663764563827 0 69.24048966996895
    endloop
  endfacet
  facet normal 0 1 0
    outer loop
      vertex 457.2 3 61.237500000000004
      vertex 457.0262506328478 3 62.334510330031065
      vertex 457.2 3 72.11250000000001
    endloop
  endfacet
  facet normal 0 1 0
    outer loop
      vertex 455.73663764563827 3 64.10951033003107
      vertex 456.52201033003104 3 70.02586235436173
      vertex 456.52201033003104 3 63.32413764563828
    endloop
  endfacet
  facet normal 0 1 0
    outer loop
      vertex 457.0262506328478 3 62.334510330031065
      vertex 456.52201033003104 3 63.32413764563828
      vertex 457.0262506328478 3 71.01548966996894
    endloop
  endfacet
  facet normal 0 1 0
    outer loop
      vertex 444 3 0
      vertex 450.1 3 105.6875
      vertex 450.1 3 100.6875
    endloop
  endfacet
  facet normal 0 1 0
    outer loop
      vertex 444 3 0
      vertex 450.1 3 116.5625
      vertex 450.1 3 105.6875
    endloop
  endfacet
  facet normal 0 -1 0
    outer loop
      vertex 451.56336235436174 0 64.10951033003107
      vertex 451.56336235436174 0 69.24048966996895
      vertex 450.7779896699689 0 70.02586235436173
    endloop
  endfacet
  facet normal 0 -1 0
    outer loop
      vertex 450.7779896699689 0 63.32413764563828
      vertex 450.7779896699689 0 70.02586235436173
      vertex 450.2737493671522 0 71.01548966996894
    endloop
  endfacet
  facet normal 0 -1 0
    outer loop
      vertex 450.2737493671522 0 62.334510330031065
      vertex 450.2737493671522 0 71.01548966996894
      vertex 450.1 0 72.11250000000001
    endloop
  endfacet
  facet normal 0.45399049973955546 0 0.8910065241883635
    outer loop
      vertex 451.56336235436174 0 69.24048966996895
      vertex 452.55298966996895 3 68.73624936715221
      vertex 451.56336235436174 3 69.24048966996895
    endloop
  endfacet
  facet normal 0 1 0
    outer loop
      vertex 451.56336235436174 3 64.10951033003107
      vertex 451.56336235436174 3 69.24048966996895
      vertex 452.55298966996895 3 68.73624936715221
    endloop
  endfacet
  facet normal 0 1 0
    outer loop
      vertex 450.7779896699689 3 63.32413764563828
      vertex 450.7779896699689 3 70.02586235436173
      vertex 451.56336235436174 3 69.24048966996895
    endloop
  endfacet
  facet normal 0 1 0
    outer loop
      vertex 450.2737493671522 3 62.334510330031065
      vertex 450.2737493671522 3 71.01548966996894
      vertex 450.7779896699689 3 70.02586235436173
    endloop
  endfacet
  facet normal 0 1 0
    outer loop
      vertex 450.1 3 61.237500000000004
      vertex 450.1 3 72.11250000000001
      vertex 450.2737493671522 3 71.01548966996894
    endloop
  endfacet
  facet normal 0 -1 0
    outer loop
      vertex 453.65 0 64.78750000000001
      vertex 453.65 0 68.56250000000001
      vertex 452.55298966996895 0 68.73624936715221
    endloop
  endfacet
  facet normal 0 -1 0
    outer loop
      vertex 452.55298966996895 0 64.6137506328478
      vertex 452.55298966996895 0 68.73624936715221
      vertex 451.56336235436174 0 69.24048966996895
    endloop
  endfacet
  facet normal 0 -1 0
    outer loop
      vertex 454.74701033003106 0 64.6137506328478
      vertex 454.74701033003106 0 68.73624936715221
      vertex 453.65 0 68.56250000000001
    endloop
  endfacet
  facet normal 0 -1 0
    outer loop
      vertex 455.73663764563827 0 64.10951033003107
      vertex 455.73663764563827 0 69.24048966996895
      vertex 454.74701033003106 0 68.73624936715221
    endloop
  endfacet
  facet normal 0.15643446504022965 2.025488032262308e-18 0.9876883405951378
    outer loop
      vertex 452.55298966996895 0 68.73624936715221
      vertex 453.65 0 68.56250000000001
      vertex 453.65 3 68.56250000000001
    endloop
  endfacet
  facet normal 0.45399049973955546 7.12433721968826e-18 0.8910065241883635
    outer loop
      vertex 451.56336235436174 0 69.24048966996895
      vertex 452.55298966996895 0 68.73624936715221
      vertex 452.55298966996895 3 68.73624936715221
    endloop
  endfacet
  facet normal 0.15643446504022965 0 0.9876883405951378
    outer loop
      vertex 452.55298966996895 0 68.73624936715221
      vertex 453.65 3 68.56250000000001
      vertex 452.55298966996895 3 68.73624936715221
    endloop
  endfacet
  facet normal -0.15643446504022174 -3.3690632533301307e-18 0.9876883405951391
    outer loop
      vertex 453.65 0 68.56250000000001
      vertex 454.74701033003106 0 68.73624936715221
      vertex 454.74701033003106 3 68.73624936715221
    endloop
  endfacet
  facet normal -0.45399049973955546 -7.12433721968826e-18 0.8910065241883635
    outer loop
      vertex 454.74701033003106 0 68.73624936715221
      vertex 455.73663764563827 0 69.24048966996895
      vertex 455.73663764563827 3 69.24048966996895
    endloop
  endfacet
  facet normal -0.15643446504022174 0 0.9876883405951391
    outer loop
      vertex 453.65 0 68.56250000000001
      vertex 454.74701033003106 3 68.73624936715221
      vertex 453.65 3 68.56250000000001
    endloop
  endfacet
  facet normal -0.45399049973955546 0 0.8910065241883635
    outer loop
      vertex 454.74701033003106 0 68.73624936715221
      vertex 455.73663764563827 3 69.24048966996895
      vertex 454.74701033003106 3 68.73624936715221
    endloop
  endfacet
  facet normal 0 1 0
    outer loop
      vertex 452.55298966996895 3 64.6137506328478
      vertex 452.55298966996895 3 68.73624936715221
      vertex 453.65 3 68.56250000000001
    endloop
  endfacet
  facet normal 0 1 0
    outer loop
      vertex 453.65 3 64.78750000000001
      vertex 453.65 3 68.56250000000001
      vertex 454.74701033003106 3 68.73624936715221
    endloop
  endfacet
  facet normal 0 1 0
    outer loop
      vertex 454.74701033003106 3 64.6137506328478
      vertex 454.74701033003106 3 68.73624936715221
      vertex 455.73663764563827 3 69.24048966996895
    endloop
  endfacet
  facet normal 0.7071067811865283 0 0.7071067811865667
    outer loop
      vertex 451.56336235436174 0 69.24048966996895
      vertex 451.56336235436174 3 69.24048966996895
      vertex 450.7779896699689 0 70.02586235436173
    endloop
  endfacet
  facet normal 0.891006524188379 0 0.453990499739525
    outer loop
      vertex 450.7779896699689 0 70.02586235436173
      vertex 450.7779896699689 3 70.02586235436173
      vertex 450.2737493671522 0 71.01548966996894
    endloop
  endfacet
  facet normal 0.7071067811865283 7.309115079781584e-18 0.7071067811865667
    outer loop
      vertex 451.56336235436174 3 69.24048966996895
      vertex 450.7779896699689 3 70.02586235436173
      vertex 450.7779896699689 0 70.02586235436173
    endloop
  endfacet
  facet normal 0.891006524188379 0 0.453990499739525
    outer loop
      vertex 450.2737493671522 0 71.01548966996894
      vertex 450.7779896699689 3 70.02586235436173
      vertex 450.2737493671522 3 71.01548966996894
    endloop
  endfacet
  facet normal 0.9876883405951388 3.0331694480631876e-18 0.1564344650402237
    outer loop
      vertex 450.1 0 72.11250000000001
      vertex 450.2737493671522 0 71.01548966996894
      vertex 450.2737493671522 3 71.01548966996894
    endloop
  endfacet
  facet normal 0.9876883405951388 0 0.1564344650402237
    outer loop
      vertex 450.1 0 72.11250000000001
      vertex 450.2737493671522 3 71.01548966996894
      vertex 450.1 3 72.11250000000001
    endloop
  endfacet
  facet normal 0 -1 0
    outer loop
      vertex 456.52201033003104 0 63.32413764563828
      vertex 456.52201033003104 0 70.02586235436173
      vertex 455.73663764563827 0 69.24048966996895
    endloop
  endfacet
  facet normal 0 -1 0
    outer loop
      vertex 457.0262506328478 0 62.334510330031065
      vertex 457.0262506328478 0 71.01548966996894
      vertex 456.52201033003104 0 70.02586235436173
    endloop
  endfacet
  facet normal 0 -1 0
    outer loop
      vertex 457.2 0 61.237500000000004
      vertex 457.2 0 72.11250000000001
      vertex 457.0262506328478 0 71.01548966996894
    endloop
  endfacet
  facet normal 0 1 0
    outer loop
      vertex 455.73663764563827 3 64.10951033003107
      vertex 455.73663764563827 3 69.24048966996895
      vertex 456.52201033003104 3 70.02586235436173
    endloop
  endfacet
  facet normal 0 1 0
    outer loop
      vertex 456.52201033003104 3 63.32413764563828
      vertex 456.52201033003104 3 70.02586235436173
      vertex 457.0262506328478 3 71.01548966996894
    endloop
  endfacet
  facet normal 0 1 0
    outer loop
      vertex 457.0262506328478 3 62.334510330031065
      vertex 457.0262506328478 3 71.01548966996894
      vertex 457.2 3 72.11250000000001
    endloop
  endfacet
  facet normal 0 1 0
    outer loop
      vertex 463.3 3 0
      vertex 457.2 3 100.6875
      vertex 457.2 3 105.6875
    endloop
  endfacet
  facet normal -0.7071067811865539 -1.1001393312921479e-17 0.707106781186541
    outer loop
      vertex 455.73663764563827 0 69.24048966996895
      vertex 456.52201033003104 0 70.02586235436173
      vertex 456.52201033003104 3 70.02586235436173
    endloop
  endfacet
  facet normal -0.8910065241883584 -1.3835112377764652e-18 0.4539904997395656
    outer loop
      vertex 456.52201033003104 0 70.02586235436173
      vertex 457.0262506328478 0 71.01548966996894
      vertex 457.0262506328478 3 71.01548966996894
    endloop
  endfacet
  facet normal -0.7071067811865539 0 0.707106781186541
    outer loop
      vertex 455.73663764563827 0 69.24048966996895
      vertex 456.52201033003104 3 70.02586235436173
      vertex 455.73663764563827 3 69.24048966996895
    endloop
  endfacet
  facet normal -0.8910065241883584 0 0.4539904997395656
    outer loop
      vertex 456.52201033003104 0 70.02586235436173
      vertex 457.0262506328478 3 71.01548966996894
      vertex 456.52201033003104 3 70.02586235436173
    endloop
  endfacet
  facet normal -0.9876883405951388 -3.0331694480631876e-18 0.1564344650402237
    outer loop
      vertex 457.0262506328478 0 71.01548966996894
      vertex 457.2 0 72.11250000000001
      vertex 457.2 3 72.11250000000001
    endloop
  endfacet
  facet normal -0.9876883405951388 0 0.1564344650402237
    outer loop
      vertex 457.0262506328478 0 71.01548966996894
      vertex 457.2 3 72.11250000000001
      vertex 457.0262506328478 3 71.01548966996894
    endloop
  endfacet
  facet normal 1 0 0
    outer loop
      vertex 450.1 0 72.11250000000001
      vertex 450.1 3 72.11250000000001
      vertex 450.1 0 77.11250000000001
    endloop
  endfacet
  facet normal 1 0 0
    outer loop
      vertex 450.1 3 72.11250000000001
      vertex 450.1 3 77.11250000000001
      vertex 450.1 0 77.11250000000001
    endloop
  endfacet
  facet normal 0.9876883405951388 0 -0.1564344650402237
    outer loop
      vertex 450.1 0 77.11250000000001
      vertex 450.1 3 77.11250000000001
      vertex 450.2737493671522 0 78.20951033003108
    endloop
  endfacet
  facet normal -1 0 0
    outer loop
      vertex 457.2 0 72.11250000000001
      vertex 457.2 3 77.11250000000001
      vertex 457.2 3 72.11250000000001
    endloop
  endfacet
  facet normal 0 1 0
    outer loop
      vertex 463.3 3 0
      vertex 457.2 3 105.6875
      vertex 457.2 3 116.5625
    endloop
  endfacet
  facet normal -1 0 0
    outer loop
      vertex 457.2 0 72.11250000000001
      vertex 457.2 0 77.11250000000001
      vertex 457.2 3 77.11250000000001
    endloop
  endfacet
  facet normal -0.9876883405951388 0 -0.1564344650402237
    outer loop
      vertex 457.2 0 77.11250000000001
      vertex 457.0262506328478 3 78.20951033003108
      vertex 457.2 3 77.11250000000001
    endloop
  endfacet
  facet normal 0 -1 0
    outer loop
      vertex 444 0 0
      vertex 450.1 0 61.237500000000004
      vertex 444 0 177.8
    endloop
  endfacet
  facet normal 0.891006524188379 0 -0.453990499739525
    outer loop
      vertex 450.2737493671522 0 78.20951033003108
      vertex 450.2737493671522 3 78.20951033003108
      vertex 450.7779896699689 0 79.19913764563829
    endloop
  endfacet
  facet normal 0.9876883405951388 -3.0331694480631876e-18 -0.1564344650402237
    outer loop
      vertex 450.1 3 77.11250000000001
      vertex 450.2737493671522 3 78.20951033003108
      vertex 450.2737493671522 0 78.20951033003108
    endloop
  endfacet
  facet normal 0.891006524188379 0 -0.453990499739525
    outer loop
      vertex 450.7779896699689 0 79.19913764563829
      vertex 450.2737493671522 3 78.20951033003108
      vertex 450.7779896699689 3 79.19913764563829
    endloop
  endfacet
  facet normal 0.7071067811865283 0 -0.7071067811865667
    outer loop
      vertex 450.7779896699689 0 79.19913764563829
      vertex 450.7779896699689 3 79.19913764563829
      vertex 451.56336235436174 0 79.98451033003107
    endloop
  endfacet
  facet normal 0.45399049973955546 0 -0.8910065241883635
    outer loop
      vertex 451.56336235436174 0 79.98451033003107
      vertex 451.56336235436174 3 79.98451033003107
      vertex 452.55298966996895 0 80.48875063284781
    endloop
  endfacet
  facet normal 0.7071067811865283 0 -0.7071067811865667
    outer loop
      vertex 451.56336235436174 0 79.98451033003107
      vertex 450.7779896699689 3 79.19913764563829
      vertex 451.56336235436174 3 79.98451033003107
    endloop
  endfacet
  facet normal 0.15643446504022965 0 -0.9876883405951378
    outer loop
      vertex 452.55298966996895 0 80.48875063284781
      vertex 452.55298966996895 3 80.48875063284781
      vertex 453.65 0 80.66250000000001
    endloop
  endfacet
  facet normal 0.45399049973955546 -7.12433721968826e-18 -0.8910065241883635
    outer loop
      vertex 451.56336235436174 3 79.98451033003107
      vertex 452.55298966996895 3 80.48875063284781
      vertex 452.55298966996895 0 80.48875063284781
    endloop
  endfacet
  facet normal -0.45399049973955546 0 -0.8910065241883635
    outer loop
      vertex 454.74701033003106 0 80.48875063284781
      vertex 454.74701033003106 3 80.48875063284781
      vertex 455.73663764563827 0 79.98451033003107
    endloop
  endfacet
  facet normal -0.15643446504022174 0 -0.9876883405951391
    outer loop
      vertex 454.74701033003106 0 80.48875063284781
      vertex 453.65 3 80.66250000000001
      vertex 454.74701033003106 3 80.48875063284781
    endloop
  endfacet
  facet normal -0.45399049973955546 0 -0.8910065241883635
    outer loop
      vertex 455.73663764563827 0 79.98451033003107
      vertex 454.74701033003106 3 80.48875063284781
      vertex 455.73663764563827 3 79.98451033003107
    endloop
  endfacet
  facet normal 0.15643446504022965 -2.025488032262308e-18 -0.9876883405951378
    outer loop
      vertex 452.55298966996895 3 80.48875063284781
      vertex 453.65 3 80.66250000000001
      vertex 453.65 0 80.66250000000001
    endloop
  endfacet
  facet normal -0.15643446504022174 3.3690632533301307e-18 -0.9876883405951391
    outer loop
      vertex 454.74701033003106 0 80.48875063284781
      vertex 453.65 0 80.66250000000001
      vertex 453.65 3 80.66250000000001
    endloop
  endfacet
  facet normal -0.9876883405951388 3.0331694480631876e-18 -0.1564344650402237
    outer loop
      vertex 457.2 0 77.11250000000001
      vertex 457.0262506328478 0 78.20951033003108
      vertex 457.0262506328478 3 78.20951033003108
    endloop
  endfacet
  facet normal -0.8910065241883584 1.3835112377764652e-18 -0.4539904997395656
    outer loop
      vertex 457.0262506328478 0 78.20951033003108
      vertex 456.52201033003104 0 79.19913764563829
      vertex 456.52201033003104 3 79.19913764563829
    endloop
  endfacet
  facet normal -0.8910065241883584 0 -0.4539904997395656
    outer loop
      vertex 457.0262506328478 0 78.20951033003108
      vertex 456.52201033003104 3 79.19913764563829
      vertex 457.0262506328478 3 78.20951033003108
    endloop
  endfacet
  facet normal -0.7071067811865539 0 -0.707106781186541
    outer loop
      vertex 455.73663764563827 0 79.98451033003107
      vertex 455.73663764563827 3 79.98451033003107
      vertex 456.52201033003104 0 79.19913764563829
    endloop
  endfacet
  facet normal -0.7071067811865539 1.1001393312921479e-17 -0.707106781186541
    outer loop
      vertex 455.73663764563827 3 79.98451033003107
      vertex 456.52201033003104 3 79.19913764563829
      vertex 456.52201033003104 0 79.19913764563829
    endloop
  endfacet
  facet normal 0 -1 0
    outer loop
      vertex 463.3 0 0
      vertex 463.3 0 177.8
      vertex 457.2 0 61.237500000000004
    endloop
  endfacet
  facet normal 0 -1 0
    outer loop
      vertex 450.1 0 77.11250000000001
      vertex 450.2737493671522 0 78.20951033003108
      vertex 450.1 0 100.6875
    endloop
  endfacet
  facet normal 0 -1 0
    outer loop
      vertex 450.2737493671522 0 78.20951033003108
      vertex 450.7779896699689 0 79.19913764563829
      vertex 450.2737493671522 0 99.59048966996893
    endloop
  endfacet
  facet normal 0 -1 0
    outer loop
      vertex 450.7779896699689 0 79.19913764563829
      vertex 451.56336235436174 0 79.98451033003107
      vertex 450.7779896699689 0 98.60086235436172
    endloop
  endfacet
  facet normal 0 -1 0
    outer loop
      vertex 451.56336235436174 0 79.98451033003107
      vertex 452.55298966996895 0 80.48875063284781
      vertex 451.56336235436174 0 97.81548966996894
    endloop
  endfacet
  facet normal 0 1 0
    outer loop
      vertex 450.1 3 77.11250000000001
      vertex 450.2737493671522 3 99.59048966996893
      vertex 450.2737493671522 3 78.20951033003108
    endloop
  endfacet
  facet normal 0 1 0
    outer loop
      vertex 450.2737493671522 3 78.20951033003108
      vertex 450.7779896699689 3 98.60086235436172
      vertex 450.7779896699689 3 79.19913764563829
    endloop
  endfacet
  facet normal 0 1 0
    outer loop
      vertex 450.7779896699689 3 79.19913764563829
      vertex 451.56336235436174 3 97.81548966996894
      vertex 451.56336235436174 3 79.98451033003107
    endloop
  endfacet
  facet normal 0 -1 0
    outer loop
      vertex 454.74701033003106 0 80.48875063284781
      vertex 453.65 0 97.1375
      vertex 453.65 0 80.66250000000001
    endloop
  endfacet
  facet normal 0 -1 0
    outer loop
      vertex 454.74701033003106 0 80.48875063284781
      vertex 455.73663764563827 0 79.98451033003107
      vertex 454.74701033003106 0 97.3112493671522
    endloop
  endfacet
  facet normal 0 1 0
    outer loop
      vertex 451.56336235436174 3 79.98451033003107
      vertex 452.55298966996895 3 97.3112493671522
      vertex 452.55298966996895 3 80.48875063284781
    endloop
  endfacet
  facet normal 0 1 0
    outer loop
      vertex 452.55298966996895 3 80.48875063284781
      vertex 453.65 3 97.1375
      vertex 453.65 3 80.66250000000001
    endloop
  endfacet
  facet normal 0 1 0
    outer loop
      vertex 454.74701033003106 3 80.48875063284781
      vertex 455.73663764563827 3 97.81548966996894
      vertex 455.73663764563827 3 79.98451033003107
    endloop
  endfacet
  facet normal 0 -1 0
    outer loop
      vertex 452.55298966996895 0 80.48875063284781
      vertex 453.65 0 80.66250000000001
      vertex 452.55298966996895 0 97.3112493671522
    endloop
  endfacet
  facet normal 0 1 0
    outer loop
      vertex 454.74701033003106 3 80.48875063284781
      vertex 453.65 3 80.66250000000001
      vertex 454.74701033003106 3 97.3112493671522
    endloop
  endfacet
  facet normal 0 -1 0
    outer loop
      vertex 457.0262506328478 0 78.20951033003108
      vertex 456.52201033003104 0 98.60086235436172
      vertex 456.52201033003104 0 79.19913764563829
    endloop
  endfacet
  facet normal 0 -1 0
    outer loop
      vertex 457.2 0 77.11250000000001
      vertex 457.0262506328478 0 99.59048966996893
      vertex 457.0262506328478 0 78.20951033003108
    endloop
  endfacet
  facet normal 0 -1 0
    outer loop
      vertex 455.73663764563827 0 79.98451033003107
      vertex 456.52201033003104 0 79.19913764563829
      vertex 455.73663764563827 0 97.81548966996894
    endloop
  endfacet
  facet normal 0 1 0
    outer loop
      vertex 457.2 3 77.11250000000001
      vertex 457.0262506328478 3 78.20951033003108
      vertex 457.2 3 100.6875
    endloop
  endfacet
  facet normal 0 1 0
    outer loop
      vertex 455.73663764563827 3 79.98451033003107
      vertex 456.52201033003104 3 98.60086235436172
      vertex 456.52201033003104 3 79.19913764563829
    endloop
  endfacet
  facet normal 0 1 0
    outer loop
      vertex 457.0262506328478 3 78.20951033003108
      vertex 456.52201033003104 3 79.19913764563829
      vertex 457.0262506328478 3 99.59048966996893
    endloop
  endfacet
  facet normal 0 1 0
    outer loop
      vertex 444 3 0
      vertex 444 3 177.8
      vertex 450.1 3 116.5625
    endloop
  endfacet
  facet normal 0 -1 0
    outer loop
      vertex 454.74701033003106 0 80.48875063284781
      vertex 454.74701033003106 0 97.3112493671522
      vertex 453.65 0 97.1375
    endloop
  endfacet
  facet normal 0 1 0
    outer loop
      vertex 452.55298966996895 3 80.48875063284781
      vertex 452.55298966996895 3 97.3112493671522
      vertex 453.65 3 97.1375
    endloop
  endfacet
  facet normal 0 -1 0
    outer loop
      vertex 451.56336235436174 0 79.98451033003107
      vertex 451.56336235436174 0 97.81548966996894
      vertex 450.7779896699689 0 98.60086235436172
    endloop
  endfacet
  facet normal 0 -1 0
    outer loop
      vertex 450.7779896699689 0 79.19913764563829
      vertex 450.7779896699689 0 98.60086235436172
      vertex 450.2737493671522 0 99.59048966996893
    endloop
  endfacet
  facet normal 0 -1 0
    outer loop
      vertex 450.2737493671522 0 78.20951033003108
      vertex 450.2737493671522 0 99.59048966996893
      vertex 450.1 0 100.6875
    endloop
  endfacet
  facet normal 0 1 0
    outer loop
      vertex 450.7779896699689 3 79.19913764563829
      vertex 450.7779896699689 3 98.60086235436172
      vertex 451.56336235436174 3 97.81548966996894
    endloop
  endfacet
  facet normal 0 1 0
    outer loop
      vertex 450.2737493671522 3 78.20951033003108
      vertex 450.2737493671522 3 99.59048966996893
      vertex 450.7779896699689 3 98.60086235436172
    endloop
  endfacet
  facet normal 0 1 0
    outer loop
      vertex 451.56336235436174 3 79.98451033003107
      vertex 451.56336235436174 3 97.81548966996894
      vertex 452.55298966996895 3 97.3112493671522
    endloop
  endfacet
  facet normal 0 1 0
    outer loop
      vertex 450.1 3 77.11250000000001
      vertex 450.1 3 100.6875
      vertex 450.2737493671522 3 99.59048966996893
    endloop
  endfacet
  facet normal 0 -1 0
    outer loop
      vertex 452.55298966996895 0 80.48875063284781
      vertex 452.55298966996895 0 97.3112493671522
      vertex 451.56336235436174 0 97.81548966996894
    endloop
  endfacet
  facet normal 0 -1 0
    outer loop
      vertex 453.65 0 80.66250000000001
      vertex 453.65 0 97.1375
      vertex 452.55298966996895 0 97.3112493671522
    endloop
  endfacet
  facet normal 0 -1 0
    outer loop
      vertex 455.73663764563827 0 79.98451033003107
      vertex 455.73663764563827 0 97.81548966996894
      vertex 454.74701033003106 0 97.3112493671522
    endloop
  endfacet
  facet normal 0 1 0
    outer loop
      vertex 453.65 3 80.66250000000001
      vertex 453.65 3 97.1375
      vertex 454.74701033003106 3 97.3112493671522
    endloop
  endfacet
  facet normal 0 1 0
    outer loop
      vertex 454.74701033003106 3 80.48875063284781
      vertex 454.74701033003106 3 97.3112493671522
      vertex 455.73663764563827 3 97.81548966996894
    endloop
  endfacet
  facet normal 0 -1 0
    outer loop
      vertex 456.52201033003104 0 79.19913764563829
      vertex 456.52201033003104 0 98.60086235436172
      vertex 455.73663764563827 0 97.81548966996894
    endloop
  endfacet
  facet normal 0 -1 0
    outer loop
      vertex 457.0262506328478 0 78.20951033003108
      vertex 457.0262506328478 0 99.59048966996893
      vertex 456.52201033003104 0 98.60086235436172
    endloop
  endfacet
  facet normal 0 -1 0
    outer loop
      vertex 457.2 0 77.11250000000001
      vertex 457.2 0 100.6875
      vertex 457.0262506328478 0 99.59048966996893
    endloop
  endfacet
  facet normal 0 1 0
    outer loop
      vertex 455.73663764563827 3 79.98451033003107
      vertex 455.73663764563827 3 97.81548966996894
      vertex 456.52201033003104 3 98.60086235436172
    endloop
  endfacet
  facet normal 0 1 0
    outer loop
      vertex 456.52201033003104 3 79.19913764563829
      vertex 456.52201033003104 3 98.60086235436172
      vertex 457.0262506328478 3 99.59048966996893
    endloop
  endfacet
  facet normal 0 1 0
    outer loop
      vertex 457.0262506328478 3 78.20951033003108
      vertex 457.0262506328478 3 99.59048966996893
      vertex 457.2 3 100.6875
    endloop
  endfacet
  facet normal 0.15643446504022965 0 0.9876883405951378
    outer loop
      vertex 453.65 0 97.1375
      vertex 453.65 3 97.1375
      vertex 452.55298966996895 0 97.3112493671522
    endloop
  endfacet
  facet normal -0.15643446504022174 0 0.9876883405951391
    outer loop
      vertex 453.65 0 97.1375
      vertex 454.74701033003106 3 97.3112493671522
      vertex 453.65 3 97.1375
    endloop
  endfacet
  facet normal 0.7071067811865283 0 0.7071067811865667
    outer loop
      vertex 451.56336235436174 0 97.81548966996894
      vertex 451.56336235436174 3 97.81548966996894
      vertex 450.7779896699689 0 98.60086235436172
    endloop
  endfacet
  facet normal 0.45399049973955546 0 0.8910065241883635
    outer loop
      vertex 451.56336235436174 0 97.81548966996894
      vertex 452.55298966996895 3 97.3112493671522
      vertex 451.56336235436174 3 97.81548966996894
    endloop
  endfacet
  facet normal 0.7071067811865283 0 0.7071067811865667
    outer loop
      vertex 450.7779896699689 0 98.60086235436172
      vertex 451.56336235436174 3 97.81548966996894
      vertex 450.7779896699689 3 98.60086235436172
    endloop
  endfacet
  facet normal 0.891006524188379 0 0.453990499739525
    outer loop
      vertex 450.7779896699689 0 98.60086235436172
      vertex 450.7779896699689 3 98.60086235436172
      vertex 450.2737493671522 0 99.59048966996893
    endloop
  endfacet
  facet normal 0.9876883405951388 0 0.1564344650402237
    outer loop
      vertex 450.2737493671522 0 99.59048966996893
      vertex 450.2737493671522 3 99.59048966996893
      vertex 450.1 0 100.6875
    endloop
  endfacet
  facet normal 0.891006524188379 0 0.453990499739525
    outer loop
      vertex 450.2737493671522 0 99.59048966996893
      vertex 450.7779896699689 3 98.60086235436172
      vertex 450.2737493671522 3 99.59048966996893
    endloop
  endfacet
  facet normal 0.45399049973955546 7.12433721968826e-18 0.8910065241883635
    outer loop
      vertex 451.56336235436174 0 97.81548966996894
      vertex 452.55298966996895 0 97.3112493671522
      vertex 452.55298966996895 3 97.3112493671522
    endloop
  endfacet
  facet normal 0.15643446504022965 2.025488032262308e-18 0.9876883405951378
    outer loop
      vertex 453.65 3 97.1375
      vertex 452.55298966996895 3 97.3112493671522
      vertex 452.55298966996895 0 97.3112493671522
    endloop
  endfacet
  facet normal -0.15643446504022174 -3.3690632533301307e-18 0.9876883405951391
    outer loop
      vertex 453.65 0 97.1375
      vertex 454.74701033003106 0 97.3112493671522
      vertex 454.74701033003106 3 97.3112493671522
    endloop
  endfacet
  facet normal -0.45399049973955546 -7.12433721968826e-18 0.8910065241883635
    outer loop
      vertex 454.74701033003106 0 97.3112493671522
      vertex 455.73663764563827 0 97.81548966996894
      vertex 455.73663764563827 3 97.81548966996894
    endloop
  endfacet
  facet normal -0.45399049973955546 0 0.8910065241883635
    outer loop
      vertex 454.74701033003106 0 97.3112493671522
      vertex 455.73663764563827 3 97.81548966996894
      vertex 454.74701033003106 3 97.3112493671522
    endloop
  endfacet
  facet normal -0.7071067811865539 -1.1001393312921479e-17 0.707106781186541
    outer loop
      vertex 455.73663764563827 0 97.81548966996894
      vertex 456.52201033003104 0 98.60086235436172
      vertex 456.52201033003104 3 98.60086235436172
    endloop
  endfacet
  facet normal -0.7071067811865539 0 0.707106781186541
    outer loop
      vertex 455.73663764563827 0 97.81548966996894
      vertex 456.52201033003104 3 98.60086235436172
      vertex 455.73663764563827 3 97.81548966996894
    endloop
  endfacet
  facet normal -0.8910065241883584 -1.3835112377764652e-18 0.4539904997395656
    outer loop
      vertex 456.52201033003104 0 98.60086235436172
      vertex 457.0262506328478 0 99.59048966996893
      vertex 457.0262506328478 3 99.59048966996893
    endloop
  endfacet
  facet normal -0.8910065241883584 0 0.4539904997395656
    outer loop
      vertex 456.52201033003104 0 98.60086235436172
      vertex 457.0262506328478 3 99.59048966996893
      vertex 456.52201033003104 3 98.60086235436172
    endloop
  endfacet
  facet normal -0.9876883405951388 0 0.1564344650402237
    outer loop
      vertex 457.0262506328478 0 99.59048966996893
      vertex 457.2 3 100.6875
      vertex 457.0262506328478 3 99.59048966996893
    endloop
  endfacet
  facet normal 0 1 0
    outer loop
      vertex 463.3 3 0
      vertex 457.2 3 116.5625
      vertex 463.3 3 177.8
    endloop
  endfacet
  facet normal 0 -1 0
    outer loop
      vertex 450.1 0 61.237500000000004
      vertex 450.1 0 72.11250000000001
      vertex 444 0 177.8
    endloop
  endfacet
  facet normal 0 -1 0
    outer loop
      vertex 450.1 0 72.11250000000001
      vertex 450.1 0 77.11250000000001
      vertex 444 0 177.8
    endloop
  endfacet
  facet normal 0.9876883405951388 3.0331694480631876e-18 0.1564344650402237
    outer loop
      vertex 450.2737493671522 3 99.59048966996893
      vertex 450.1 3 100.6875
      vertex 450.1 0 100.6875
    endloop
  endfacet
  facet normal 1 0 0
    outer loop
      vertex 450.1 0 100.6875
      vertex 450.1 3 100.6875
      vertex 450.1 0 105.6875
    endloop
  endfacet
  facet normal 1 0 0
    outer loop
      vertex 450.1 3 100.6875
      vertex 450.1 3 105.6875
      vertex 450.1 0 105.6875
    endloop
  endfacet
  facet normal -0.9876883405951388 -3.0331694480631876e-18 0.1564344650402237
    outer loop
      vertex 457.0262506328478 0 99.59048966996893
      vertex 457.2 0 100.6875
      vertex 457.2 3 100.6875
    endloop
  endfacet
  facet normal -1 0 0
    outer loop
      vertex 457.2 0 100.6875
      vertex 457.2 3 105.6875
      vertex 457.2 3 100.6875
    endloop
  endfacet
  facet normal -1 0 0
    outer loop
      vertex 457.2 0 100.6875
      vertex 457.2 0 105.6875
      vertex 457.2 3 105.6875
    endloop
  endfacet
  facet normal 0 -1 0
    outer loop
      vertex 457.2 0 61.237500000000004
      vertex 463.3 0 177.8
      vertex 457.2 0 72.11250000000001
    endloop
  endfacet
  facet normal 0.9876883405951388 0 -0.1564344650402237
    outer loop
      vertex 450.1 0 105.6875
      vertex 450.1 3 105.6875
      vertex 450.2737493671522 0 106.78451033003107
    endloop
  endfacet
  facet normal 0.9876883405951388 0 -0.1564344650402237
    outer loop
      vertex 450.2737493671522 0 106.78451033003107
      vertex 450.1 3 105.6875
      vertex 450.2737493671522 3 106.78451033003107
    endloop
  endfacet
  facet normal 0.891006524188379 0 -0.453990499739525
    outer loop
      vertex 450.2737493671522 0 106.78451033003107
      vertex 450.2737493671522 3 106.78451033003107
      vertex 450.7779896699689 0 107.77413764563828
    endloop
  endfacet
  facet normal 0.7071067811865283 0 -0.7071067811865667
    outer loop
      vertex 450.7779896699689 0 107.77413764563828
      vertex 450.7779896699689 3 107.77413764563828
      vertex 451.56336235436174 0 108.55951033003106
    endloop
  endfacet
  facet normal 0.891006524188379 0 -0.453990499739525
    outer loop
      vertex 450.7779896699689 0 107.77413764563828
      vertex 450.2737493671522 3 106.78451033003107
      vertex 450.7779896699689 3 107.77413764563828
    endloop
  endfacet
  facet normal 0.7071067811865283 -7.309115079781584e-18 -0.7071067811865667
    outer loop
      vertex 450.7779896699689 3 107.77413764563828
      vertex 451.56336235436174 3 108.55951033003106
      vertex 451.56336235436174 0 108.55951033003106
    endloop
  endfacet
  facet normal 0.45399049973955546 0 -0.8910065241883635
    outer loop
      vertex 451.56336235436174 0 108.55951033003106
      vertex 451.56336235436174 3 108.55951033003106
      vertex 452.55298966996895 0 109.0637506328478
    endloop
  endfacet
  facet normal 0 -1 0
    outer loop
      vertex 450.1 0 105.6875
      vertex 450.2737493671522 0 106.78451033003107
      vertex 450.1 0 116.5625
    endloop
  endfacet
  facet normal 0 -1 0
    outer loop
      vertex 450.2737493671522 0 106.78451033003107
      vertex 450.7779896699689 0 107.77413764563828
      vertex 450.2737493671522 0 115.46548966996893
    endloop
  endfacet
  facet normal 0 -1 0
    outer loop
      vertex 450.7779896699689 0 107.77413764563828
      vertex 451.56336235436174 0 108.55951033003106
      vertex 450.7779896699689 0 114.47586235436172
    endloop
  endfacet
  facet normal 0 -1 0
    outer loop
      vertex 451.56336235436174 0 108.55951033003106
      vertex 452.55298966996895 0 109.0637506328478
      vertex 451.56336235436174 0 113.69048966996894
    endloop
  endfacet
  facet normal 0 1 0
    outer loop
      vertex 450.1 3 105.6875
      vertex 450.2737493671522 3 115.46548966996893
      vertex 450.2737493671522 3 106.78451033003107
    endloop
  endfacet
  facet normal 0 1 0
    outer loop
      vertex 450.2737493671522 3 106.78451033003107
      vertex 450.7779896699689 3 114.47586235436172
      vertex 450.7779896699689 3 107.77413764563828
    endloop
  endfacet
  facet normal 0 1 0
    outer loop
      vertex 450.7779896699689 3 107.77413764563828
      vertex 451.56336235436174 3 113.69048966996894
      vertex 451.56336235436174 3 108.55951033003106
    endloop
  endfacet
  facet normal 0.15643446504022965 0 -0.9876883405951378
    outer loop
      vertex 452.55298966996895 0 109.0637506328478
      vertex 452.55298966996895 3 109.0637506328478
      vertex 453.65 0 109.2375
    endloop
  endfacet
  facet normal 0.45399049973955546 -7.12433721968826e-18 -0.8910065241883635
    outer loop
      vertex 451.56336235436174 3 108.55951033003106
      vertex 452.55298966996895 3 109.0637506328478
      vertex 452.55298966996895 0 109.0637506328478
    endloop
  endfacet
  facet normal 0.15643446504022965 0 -0.9876883405951378
    outer loop
      vertex 453.65 0 109.2375
      vertex 452.55298966996895 3 109.0637506328478
      vertex 453.65 3 109.2375
    endloop
  endfacet
  facet normal -0.45399049973955546 7.12433721968826e-18 -0.8910065241883635
    outer loop
      vertex 455.73663764563827 0 108.55951033003106
      vertex 454.74701033003106 0 109.0637506328478
      vertex 454.74701033003106 3 109.0637506328478
    endloop
  endfacet
  facet normal -0.15643446504022174 0 -0.9876883405951391
    outer loop
      vertex 453.65 0 109.2375
      vertex 453.65 3 109.2375
      vertex 454.74701033003106 0 109.0637506328478
    endloop
  endfacet
  facet normal -0.45399049973955546 0 -0.8910065241883635
    outer loop
      vertex 455.73663764563827 0 108.55951033003106
      vertex 454.74701033003106 3 109.0637506328478
      vertex 455.73663764563827 3 108.55951033003106
    endloop
  endfacet
  facet normal -0.15643446504022174 0 -0.9876883405951391
    outer loop
      vertex 454.74701033003106 0 109.0637506328478
      vertex 453.65 3 109.2375
      vertex 454.74701033003106 3 109.0637506328478
    endloop
  endfacet
  facet normal 0 -1 0
    outer loop
      vertex 452.55298966996895 0 109.0637506328478
      vertex 453.65 0 109.2375
      vertex 452.55298966996895 0 113.1862493671522
    endloop
  endfacet
  facet normal 0 -1 0
    outer loop
      vertex 455.73663764563827 0 108.55951033003106
      vertex 454.74701033003106 0 113.1862493671522
      vertex 454.74701033003106 0 109.0637506328478
    endloop
  endfacet
  facet normal 0 -1 0
    outer loop
      vertex 453.65 0 109.2375
      vertex 454.74701033003106 0 109.0637506328478
      vertex 453.65 0 113.0125
    endloop
  endfacet
  facet normal 0 1 0
    outer loop
      vertex 451.56336235436174 3 108.55951033003106
      vertex 452.55298966996895 3 113.1862493671522
      vertex 452.55298966996895 3 109.0637506328478
    endloop
  endfacet
  facet normal 0 1 0
    outer loop
      vertex 452.55298966996895 3 109.0637506328478
      vertex 453.65 3 113.0125
      vertex 453.65 3 109.2375
    endloop
  endfacet
  facet normal 0 1 0
    outer loop
      vertex 453.65 3 109.2375
      vertex 454.74701033003106 3 113.1862493671522
      vertex 454.74701033003106 3 109.0637506328478
    endloop
  endfacet
  facet normal 0 1 0
    outer loop
      vertex 455.73663764563827 3 108.55951033003106
      vertex 454.74701033003106 3 109.0637506328478
      vertex 455.73663764563827 3 113.69048966996894
    endloop
  endfacet
  facet normal -0.9876883405951388 3.0331694480631876e-18 -0.1564344650402237
    outer loop
      vertex 457.2 0 105.6875
      vertex 457.0262506328478 0 106.78451033003107
      vertex 457.0262506328478 3 106.78451033003107
    endloop
  endfacet
  facet normal -0.9876883405951388 0 -0.1564344650402237
    outer loop
      vertex 457.2 0 105.6875
      vertex 457.0262506328478 3 106.78451033003107
      vertex 457.2 3 105.6875
    endloop
  endfacet
  facet normal -0.8910065241883584 1.3835112377764652e-18 -0.4539904997395656
    outer loop
      vertex 457.0262506328478 0 106.78451033003107
      vertex 456.52201033003104 0 107.77413764563828
      vertex 456.52201033003104 3 107.77413764563828
    endloop
  endfacet
  facet normal -0.7071067811865539 0 -0.707106781186541
    outer loop
      vertex 455.73663764563827 0 108.55951033003106
      vertex 455.73663764563827 3 108.55951033003106
      vertex 456.52201033003104 0 107.77413764563828
    endloop
  endfacet
  facet normal -0.8910065241883584 0 -0.4539904997395656
    outer loop
      vertex 457.0262506328478 0 106.78451033003107
      vertex 456.52201033003104 3 107.77413764563828
      vertex 457.0262506328478 3 106.78451033003107
    endloop
  endfacet
  facet normal -0.7071067811865539 1.1001393312921479e-17 -0.707106781186541
    outer loop
      vertex 455.73663764563827 3 108.55951033003106
      vertex 456.52201033003104 3 107.77413764563828
      vertex 456.52201033003104 0 107.77413764563828
    endloop
  endfacet
  facet normal 0 -1 0
    outer loop
      vertex 457.0262506328478 0 106.78451033003107
      vertex 456.52201033003104 0 114.47586235436172
      vertex 456.52201033003104 0 107.77413764563828
    endloop
  endfacet
  facet normal 0 -1 0
    outer loop
      vertex 457.2 0 105.6875
      vertex 457.0262506328478 0 115.46548966996893
      vertex 457.0262506328478 0 106.78451033003107
    endloop
  endfacet
  facet normal 0 -1 0
    outer loop
      vertex 457.2 0 72.11250000000001
      vertex 463.3 0 177.8
      vertex 457.2 0 77.11250000000001
    endloop
  endfacet
  facet normal 0 -1 0
    outer loop
      vertex 455.73663764563827 0 108.55951033003106
      vertex 456.52201033003104 0 107.77413764563828
      vertex 455.73663764563827 0 113.69048966996894
    endloop
  endfacet
  facet normal 0 1 0
    outer loop
      vertex 457.2 3 105.6875
      vertex 457.0262506328478 3 106.78451033003107
      vertex 457.2 3 116.5625
    endloop
  endfacet
  facet normal 0 1 0
    outer loop
      vertex 455.73663764563827 3 108.55951033003106
      vertex 456.52201033003104 3 114.47586235436172
      vertex 456.52201033003104 3 107.77413764563828
    endloop
  endfacet
  facet normal 0 1 0
    outer loop
      vertex 457.0262506328478 3 106.78451033003107
      vertex 456.52201033003104 3 107.77413764563828
      vertex 457.0262506328478 3 115.46548966996893
    endloop
  endfacet
  facet normal 0 -1 0
    outer loop
      vertex 450.1 0 77.11250000000001
      vertex 450.1 0 100.6875
      vertex 444 0 177.8
    endloop
  endfacet
  facet normal 0 -1 0
    outer loop
      vertex 451.56336235436174 0 108.55951033003106
      vertex 451.56336235436174 0 113.69048966996894
      vertex 450.7779896699689 0 114.47586235436172
    endloop
  endfacet
  facet normal 0 -1 0
    outer loop
      vertex 450.7779896699689 0 107.77413764563828
      vertex 450.7779896699689 0 114.47586235436172
      vertex 450.2737493671522 0 115.46548966996893
    endloop
  endfacet
  facet normal 0 -1 0
    outer loop
      vertex 450.2737493671522 0 106.78451033003107
      vertex 450.2737493671522 0 115.46548966996893
      vertex 450.1 0 116.5625
    endloop
  endfacet
  facet normal 0.45399049973955546 0 0.8910065241883635
    outer loop
      vertex 451.56336235436174 0 113.69048966996894
      vertex 452.55298966996895 3 113.1862493671522
      vertex 451.56336235436174 3 113.69048966996894
    endloop
  endfacet
  facet normal 0 1 0
    outer loop
      vertex 451.56336235436174 3 108.55951033003106
      vertex 451.56336235436174 3 113.69048966996894
      vertex 452.55298966996895 3 113.1862493671522
    endloop
  endfacet
  facet normal 0 1 0
    outer loop
      vertex 450.7779896699689 3 107.77413764563828
      vertex 450.7779896699689 3 114.47586235436172
      vertex 451.56336235436174 3 113.69048966996894
    endloop
  endfacet
  facet normal 0 1 0
    outer loop
      vertex 450.2737493671522 3 106.78451033003107
      vertex 450.2737493671522 3 115.46548966996893
      vertex 450.7779896699689 3 114.47586235436172
    endloop
  endfacet
  facet normal 0 1 0
    outer loop
      vertex 450.1 3 105.6875
      vertex 450.1 3 116.5625
      vertex 450.2737493671522 3 115.46548966996893
    endloop
  endfacet
  facet normal 0 -1 0
    outer loop
      vertex 453.65 0 109.2375
      vertex 453.65 0 113.0125
      vertex 452.55298966996895 0 113.1862493671522
    endloop
  endfacet
  facet normal 0 -1 0
    outer loop
      vertex 452.55298966996895 0 109.0637506328478
      vertex 452.55298966996895 0 113.1862493671522
      vertex 451.56336235436174 0 113.69048966996894
    endloop
  endfacet
  facet normal 0 -1 0
    outer loop
      vertex 454.74701033003106 0 109.0637506328478
      vertex 454.74701033003106 0 113.1862493671522
      vertex 453.65 0 113.0125
    endloop
  endfacet
  facet normal 0 -1 0
    outer loop
      vertex 455.73663764563827 0 108.55951033003106
      vertex 455.73663764563827 0 113.69048966996894
      vertex 454.74701033003106 0 113.1862493671522
    endloop
  endfacet
  facet normal 0.15643446504022965 2.025488032262308e-18 0.9876883405951378
    outer loop
      vertex 452.55298966996895 0 113.1862493671522
      vertex 453.65 0 113.0125
      vertex 453.65 3 113.0125
    endloop
  endfacet
  facet normal 0.45399049973955546 7.12433721968826e-18 0.8910065241883635
    outer loop
      vertex 451.56336235436174 0 113.69048966996894
      vertex 452.55298966996895 0 113.1862493671522
      vertex 452.55298966996895 3 113.1862493671522
    endloop
  endfacet
  facet normal 0.15643446504022965 0 0.9876883405951378
    outer loop
      vertex 452.55298966996895 0 113.1862493671522
      vertex 453.65 3 113.0125
      vertex 452.55298966996895 3 113.1862493671522
    endloop
  endfacet
  facet normal -0.15643446504022174 -3.3690632533301307e-18 0.9876883405951391
    outer loop
      vertex 453.65 0 113.0125
      vertex 454.74701033003106 0 113.1862493671522
      vertex 454.74701033003106 3 113.1862493671522
    endloop
  endfacet
  facet normal -0.45399049973955546 -7.12433721968826e-18 0.8910065241883635
    outer loop
      vertex 454.74701033003106 0 113.1862493671522
      vertex 455.73663764563827 0 113.69048966996894
      vertex 455.73663764563827 3 113.69048966996894
    endloop
  endfacet
  facet normal -0.15643446504022174 0 0.9876883405951391
    outer loop
      vertex 453.65 0 113.0125
      vertex 454.74701033003106 3 113.1862493671522
      vertex 453.65 3 113.0125
    endloop
  endfacet
  facet normal -0.45399049973955546 0 0.8910065241883635
    outer loop
      vertex 454.74701033003106 0 113.1862493671522
      vertex 455.73663764563827 3 113.69048966996894
      vertex 454.74701033003106 3 113.1862493671522
    endloop
  endfacet
  facet normal 0 1 0
    outer loop
      vertex 452.55298966996895 3 109.0637506328478
      vertex 452.55298966996895 3 113.1862493671522
      vertex 453.65 3 113.0125
    endloop
  endfacet
  facet normal 0 1 0
    outer loop
      vertex 453.65 3 109.2375
      vertex 453.65 3 113.0125
      vertex 454.74701033003106 3 113.1862493671522
    endloop
  endfacet
  facet normal 0 1 0
    outer loop
      vertex 454.74701033003106 3 109.0637506328478
      vertex 454.74701033003106 3 113.1862493671522
      vertex 455.73663764563827 3 113.69048966996894
    endloop
  endfacet
  facet normal 0.7071067811865283 0 0.7071067811865667
    outer loop
      vertex 451.56336235436174 0 113.69048966996894
      vertex 451.56336235436174 3 113.69048966996894
      vertex 450.7779896699689 0 114.47586235436172
    endloop
  endfacet
  facet normal 0.891006524188379 0 0.453990499739525
    outer loop
      vertex 450.7779896699689 0 114.47586235436172
      vertex 450.7779896699689 3 114.47586235436172
      vertex 450.2737493671522 0 115.46548966996893
    endloop
  endfacet
  facet normal 0.7071067811865283 7.309115079781584e-18 0.7071067811865667
    outer loop
      vertex 451.56336235436174 3 113.69048966996894
      vertex 450.7779896699689 3 114.47586235436172
      vertex 450.7779896699689 0 114.47586235436172
    endloop
  endfacet
  facet normal 0.891006524188379 0 0.453990499739525
    outer loop
      vertex 450.2737493671522 0 115.46548966996893
      vertex 450.7779896699689 3 114.47586235436172
      vertex 450.2737493671522 3 115.46548966996893
    endloop
  endfacet
  facet normal 0.9876883405951388 3.0331694480631876e-18 0.1564344650402237
    outer loop
      vertex 450.1 0 116.5625
      vertex 450.2737493671522 0 115.46548966996893
      vertex 450.2737493671522 3 115.46548966996893
    endloop
  endfacet
  facet normal 0.9876883405951388 0 0.1564344650402237
    outer loop
      vertex 450.1 0 116.5625
      vertex 450.2737493671522 3 115.46548966996893
      vertex 450.1 3 116.5625
    endloop
  endfacet
  facet normal 0 -1 0
    outer loop
      vertex 456.52201033003104 0 107.77413764563828
      vertex 456.52201033003104 0 114.47586235436172
      vertex 455.73663764563827 0 113.69048966996894
    endloop
  endfacet
  facet normal 0 -1 0
    outer loop
      vertex 457.0262506328478 0 106.78451033003107
      vertex 457.0262506328478 0 115.46548966996893
      vertex 456.52201033003104 0 114.47586235436172
    endloop
  endfacet
  facet normal 0 -1 0
    outer loop
      vertex 457.2 0 105.6875
      vertex 457.2 0 116.5625
      vertex 457.0262506328478 0 115.46548966996893
    endloop
  endfacet
  facet normal 0 1 0
    outer loop
      vertex 455.73663764563827 3 108.55951033003106
      vertex 455.73663764563827 3 113.69048966996894
      vertex 456.52201033003104 3 114.47586235436172
    endloop
  endfacet
  facet normal 0 1 0
    outer loop
      vertex 456.52201033003104 3 107.77413764563828
      vertex 456.52201033003104 3 114.47586235436172
      vertex 457.0262506328478 3 115.46548966996893
    endloop
  endfacet
  facet normal 0 1 0
    outer loop
      vertex 457.0262506328478 3 106.78451033003107
      vertex 457.0262506328478 3 115.46548966996893
      vertex 457.2 3 116.5625
    endloop
  endfacet
  facet normal -0.7071067811865539 -1.1001393312921479e-17 0.707106781186541
    outer loop
      vertex 455.73663764563827 0 113.69048966996894
      vertex 456.52201033003104 0 114.47586235436172
      vertex 456.52201033003104 3 114.47586235436172
    endloop
  endfacet
  facet normal -0.8910065241883584 -1.3835112377764652e-18 0.4539904997395656
    outer loop
      vertex 456.52201033003104 0 114.47586235436172
      vertex 457.0262506328478 0 115.46548966996893
      vertex 457.0262506328478 3 115.46548966996893
    endloop
  endfacet
  facet normal -0.7071067811865539 0 0.707106781186541
    outer loop
      vertex 455.73663764563827 0 113.69048966996894
      vertex 456.52201033003104 3 114.47586235436172
      vertex 455.73663764563827 3 113.69048966996894
    endloop
  endfacet
  facet normal -0.8910065241883584 0 0.4539904997395656
    outer loop
      vertex 456.52201033003104 0 114.47586235436172
      vertex 457.0262506328478 3 115.46548966996893
      vertex 456.52201033003104 3 114.47586235436172
    endloop
  endfacet
  facet normal -0.9876883405951388 -3.0331694480631876e-18 0.1564344650402237
    outer loop
      vertex 457.0262506328478 0 115.46548966996893
      vertex 457.2 0 116.5625
      vertex 457.2 3 116.5625
    endloop
  endfacet
  facet normal -0.9876883405951388 0 0.1564344650402237
    outer loop
      vertex 457.0262506328478 0 115.46548966996893
      vertex 457.2 3 116.5625
      vertex 457.0262506328478 3 115.46548966996893
    endloop
  endfacet
  facet normal 1 0 0
    outer loop
      vertex 450.1 0 116.5625
      vertex 450.1 3 116.5625
      vertex 450.1 0 121.5625
    endloop
  endfacet
  facet normal 1 0 0
    outer loop
      vertex 450.1 3 116.5625
      vertex 450.1 3 121.5625
      vertex 450.1 0 121.5625
    endloop
  endfacet
  facet normal 0.9876883405951388 0 -0.1564344650402237
    outer loop
      vertex 450.1 0 121.5625
      vertex 450.1 3 121.5625
      vertex 450.2737493671522 0 122.65951033003107
    endloop
  endfacet
  facet normal -1 0 0
    outer loop
      vertex 457.2 0 116.5625
      vertex 457.2 3 121.5625
      vertex 457.2 3 116.5625
    endloop
  endfacet
  facet normal 0 -1 0
    outer loop
      vertex 457.2 0 77.11250000000001
      vertex 463.3 0 177.8
      vertex 457.2 0 100.6875
    endloop
  endfacet
  facet normal 1 0 0
    outer loop
      vertex 463.3 3 0
      vertex 463.3 3 177.8
      vertex 463.3 0 177.8
    endloop
  endfacet
  facet normal -1 0 0
    outer loop
      vertex 457.2 0 116.5625
      vertex 457.2 0 121.5625
      vertex 457.2 3 121.5625
    endloop
  endfacet
  facet normal -0.9876883405951388 0 -0.1564344650402237
    outer loop
      vertex 457.2 0 121.5625
      vertex 457.0262506328478 3 122.65951033003107
      vertex 457.2 3 121.5625
    endloop
  endfacet
  facet normal 0 -1 0
    outer loop
      vertex 450.1 0 100.6875
      vertex 450.1 0 105.6875
      vertex 444 0 177.8
    endloop
  endfacet
  facet normal 0 -1 0
    outer loop
      vertex 450.1 0 105.6875
      vertex 450.1 0 116.5625
      vertex 444 0 177.8
    endloop
  endfacet
  facet normal 0.891006524188379 0 -0.453990499739525
    outer loop
      vertex 450.2737493671522 0 122.65951033003107
      vertex 450.2737493671522 3 122.65951033003107
      vertex 450.7779896699689 0 123.64913764563828
    endloop
  endfacet
  facet normal 0.9876883405951388 -3.0331694480631876e-18 -0.1564344650402237
    outer loop
      vertex 450.1 3 121.5625
      vertex 450.2737493671522 3 122.65951033003107
      vertex 450.2737493671522 0 122.65951033003107
    endloop
  endfacet
  facet normal 0.891006524188379 0 -0.453990499739525
    outer loop
      vertex 450.7779896699689 0 123.64913764563828
      vertex 450.2737493671522 3 122.65951033003107
      vertex 450.7779896699689 3 123.64913764563828
    endloop
  endfacet
  facet normal 0.7071067811865283 0 -0.7071067811865667
    outer loop
      vertex 450.7779896699689 0 123.64913764563828
      vertex 450.7779896699689 3 123.64913764563828
      vertex 451.56336235436174 0 124.43451033003106
    endloop
  endfacet
  facet normal 0.45399049973955546 0 -0.8910065241883635
    outer loop
      vertex 451.56336235436174 0 124.43451033003106
      vertex 451.56336235436174 3 124.43451033003106
      vertex 452.55298966996895 0 124.9387506328478
    endloop
  endfacet
  facet normal 0.7071067811865283 0 -0.7071067811865667
    outer loop
      vertex 451.56336235436174 0 124.43451033003106
      vertex 450.7779896699689 3 123.64913764563828
      vertex 451.56336235436174 3 124.43451033003106
    endloop
  endfacet
  facet normal 0.15643446504022965 0 -0.9876883405951378
    outer loop
      vertex 452.55298966996895 0 124.9387506328478
      vertex 452.55298966996895 3 124.9387506328478
      vertex 453.65 0 125.1125
    endloop
  endfacet
  facet normal 0.45399049973955546 -7.12433721968826e-18 -0.8910065241883635
    outer loop
      vertex 451.56336235436174 3 124.43451033003106
      vertex 452.55298966996895 3 124.9387506328478
      vertex 452.55298966996895 0 124.9387506328478
    endloop
  endfacet
  facet normal -0.45399049973955546 0 -0.8910065241883635
    outer loop
      vertex 454.74701033003106 0 124.9387506328478
      vertex 454.74701033003106 3 124.9387506328478
      vertex 455.73663764563827 0 124.43451033003106
    endloop
  endfacet
  facet normal -0.15643446504022174 0 -0.9876883405951391
    outer loop
      vertex 454.74701033003106 0 124.9387506328478
      vertex 453.65 3 125.1125
      vertex 454.74701033003106 3 124.9387506328478
    endloop
  endfacet
  facet normal -0.45399049973955546 0 -0.8910065241883635
    outer loop
      vertex 455.73663764563827 0 124.43451033003106
      vertex 454.74701033003106 3 124.9387506328478
      vertex 455.73663764563827 3 124.43451033003106
    endloop
  endfacet
  facet normal 0.15643446504022965 -2.025488032262308e-18 -0.9876883405951378
    outer loop
      vertex 452.55298966996895 3 124.9387506328478
      vertex 453.65 3 125.1125
      vertex 453.65 0 125.1125
    endloop
  endfacet
  facet normal -0.15643446504022174 3.3690632533301307e-18 -0.9876883405951391
    outer loop
      vertex 454.74701033003106 0 124.9387506328478
      vertex 453.65 0 125.1125
      vertex 453.65 3 125.1125
    endloop
  endfacet
  facet normal -0.9876883405951388 3.0331694480631876e-18 -0.1564344650402237
    outer loop
      vertex 457.2 0 121.5625
      vertex 457.0262506328478 0 122.65951033003107
      vertex 457.0262506328478 3 122.65951033003107
    endloop
  endfacet
  facet normal -0.8910065241883584 1.3835112377764652e-18 -0.4539904997395656
    outer loop
      vertex 457.0262506328478 0 122.65951033003107
      vertex 456.52201033003104 0 123.64913764563828
      vertex 456.52201033003104 3 123.64913764563828
    endloop
  endfacet
  facet normal -0.8910065241883584 0 -0.4539904997395656
    outer loop
      vertex 457.0262506328478 0 122.65951033003107
      vertex 456.52201033003104 3 123.64913764563828
      vertex 457.0262506328478 3 122.65951033003107
    endloop
  endfacet
  facet normal -0.7071067811865539 0 -0.707106781186541
    outer loop
      vertex 455.73663764563827 0 124.43451033003106
      vertex 455.73663764563827 3 124.43451033003106
      vertex 456.52201033003104 0 123.64913764563828
    endloop
  endfacet
  facet normal -0.7071067811865539 1.1001393312921479e-17 -0.707106781186541
    outer loop
      vertex 455.73663764563827 3 124.43451033003106
      vertex 456.52201033003104 3 123.64913764563828
      vertex 456.52201033003104 0 123.64913764563828
    endloop
  endfacet
  facet normal 0 -1 0
    outer loop
      vertex 450.1 0 121.5625
      vertex 450.2737493671522 0 122.65951033003107
      vertex 450.1 0 145.13750000000002
    endloop
  endfacet
  facet normal 0 -1 0
    outer loop
      vertex 450.2737493671522 0 122.65951033003107
      vertex 450.7779896699689 0 123.64913764563828
      vertex 450.2737493671522 0 144.04048966996896
    endloop
  endfacet
  facet normal 0 -1 0
    outer loop
      vertex 450.7779896699689 0 123.64913764563828
      vertex 451.56336235436174 0 124.43451033003106
      vertex 450.7779896699689 0 143.05086235436173
    endloop
  endfacet
  facet normal 0 -1 0
    outer loop
      vertex 451.56336235436174 0 124.43451033003106
      vertex 452.55298966996895 0 124.9387506328478
      vertex 451.56336235436174 0 142.26548966996896
    endloop
  endfacet
  facet normal 0 1 0
    outer loop
      vertex 450.1 3 121.5625
      vertex 450.2737493671522 3 144.04048966996896
      vertex 450.2737493671522 3 122.65951033003107
    endloop
  endfacet
  facet normal 0 1 0
    outer loop
      vertex 450.2737493671522 3 122.65951033003107
      vertex 450.7779896699689 3 143.05086235436173
      vertex 450.7779896699689 3 123.64913764563828
    endloop
  endfacet
  facet normal 0 1 0
    outer loop
      vertex 450.7779896699689 3 123.64913764563828
      vertex 451.56336235436174 3 142.26548966996896
      vertex 451.56336235436174 3 124.43451033003106
    endloop
  endfacet
  facet normal 0 -1 0
    outer loop
      vertex 454.74701033003106 0 124.9387506328478
      vertex 453.65 0 141.5875
      vertex 453.65 0 125.1125
    endloop
  endfacet
  facet normal 0 -1 0
    outer loop
      vertex 454.74701033003106 0 124.9387506328478
      vertex 455.73663764563827 0 124.43451033003106
      vertex 454.74701033003106 0 141.76124936715223
    endloop
  endfacet
  facet normal 0 1 0
    outer loop
      vertex 451.56336235436174 3 124.43451033003106
      vertex 452.55298966996895 3 141.76124936715223
      vertex 452.55298966996895 3 124.9387506328478
    endloop
  endfacet
  facet normal 0 1 0
    outer loop
      vertex 452.55298966996895 3 124.9387506328478
      vertex 453.65 3 141.5875
      vertex 453.65 3 125.1125
    endloop
  endfacet
  facet normal 0 1 0
    outer loop
      vertex 454.74701033003106 3 124.9387506328478
      vertex 455.73663764563827 3 142.26548966996896
      vertex 455.73663764563827 3 124.43451033003106
    endloop
  endfacet
  facet normal 0 -1 0
    outer loop
      vertex 452.55298966996895 0 124.9387506328478
      vertex 453.65 0 125.1125
      vertex 452.55298966996895 0 141.76124936715223
    endloop
  endfacet
  facet normal 0 1 0
    outer loop
      vertex 454.74701033003106 3 124.9387506328478
      vertex 453.65 3 125.1125
      vertex 454.74701033003106 3 141.76124936715223
    endloop
  endfacet
  facet normal 0 -1 0
    outer loop
      vertex 457.2 0 100.6875
      vertex 463.3 0 177.8
      vertex 457.2 0 105.6875
    endloop
  endfacet
  facet normal 0 -1 0
    outer loop
      vertex 457.0262506328478 0 122.65951033003107
      vertex 456.52201033003104 0 143.05086235436173
      vertex 456.52201033003104 0 123.64913764563828
    endloop
  endfacet
  facet normal 0 -1 0
    outer loop
      vertex 457.2 0 121.5625
      vertex 457.0262506328478 0 144.04048966996896
      vertex 457.0262506328478 0 122.65951033003107
    endloop
  endfacet
  facet normal 0 -1 0
    outer loop
      vertex 455.73663764563827 0 124.43451033003106
      vertex 456.52201033003104 0 123.64913764563828
      vertex 455.73663764563827 0 142.26548966996896
    endloop
  endfacet
  facet normal 0 1 0
    outer loop
      vertex 455.73663764563827 3 124.43451033003106
      vertex 456.52201033003104 3 143.05086235436173
      vertex 456.52201033003104 3 123.64913764563828
    endloop
  endfacet
  facet normal 0 1 0
    outer loop
      vertex 457.0262506328478 3 122.65951033003107
      vertex 456.52201033003104 3 123.64913764563828
      vertex 457.0262506328478 3 144.04048966996896
    endloop
  endfacet
  facet normal 0 -1 0
    outer loop
      vertex 457.2 0 105.6875
      vertex 463.3 0 177.8
      vertex 457.2 0 116.5625
    endloop
  endfacet
  facet normal 0 -1 0
    outer loop
      vertex 450.1 0 116.5625
      vertex 450.1 0 121.5625
      vertex 444 0 177.8
    endloop
  endfacet
  facet normal 0 1 0
    outer loop
      vertex 450.1 3 116.5625
      vertex 444 3 177.8
      vertex 450.1 3 121.5625
    endloop
  endfacet
  facet normal 0 -1 0
    outer loop
      vertex 454.74701033003106 0 124.9387506328478
      vertex 454.74701033003106 0 141.76124936715223
      vertex 453.65 0 141.5875
    endloop
  endfacet
  facet normal 0 1 0
    outer loop
      vertex 452.55298966996895 3 124.9387506328478
      vertex 452.55298966996895 3 141.76124936715223
      vertex 453.65 3 141.5875
    endloop
  endfacet
  facet normal 0 -1 0
    outer loop
      vertex 451.56336235436174 0 124.43451033003106
      vertex 451.56336235436174 0 142.26548966996896
      vertex 450.7779896699689 0 143.05086235436173
    endloop
  endfacet
  facet normal 0 -1 0
    outer loop
      vertex 450.7779896699689 0 123.64913764563828
      vertex 450.7779896699689 0 143.05086235436173
      vertex 450.2737493671522 0 144.04048966996896
    endloop
  endfacet
  facet normal 0 -1 0
    outer loop
      vertex 450.2737493671522 0 122.65951033003107
      vertex 450.2737493671522 0 144.04048966996896
      vertex 450.1 0 145.13750000000002
    endloop
  endfacet
  facet normal 0 1 0
    outer loop
      vertex 450.7779896699689 3 123.64913764563828
      vertex 450.7779896699689 3 143.05086235436173
      vertex 451.56336235436174 3 142.26548966996896
    endloop
  endfacet
  facet normal 0 1 0
    outer loop
      vertex 450.2737493671522 3 122.65951033003107
      vertex 450.2737493671522 3 144.04048966996896
      vertex 450.7779896699689 3 143.05086235436173
    endloop
  endfacet
  facet normal 0 1 0
    outer loop
      vertex 451.56336235436174 3 124.43451033003106
      vertex 451.56336235436174 3 142.26548966996896
      vertex 452.55298966996895 3 141.76124936715223
    endloop
  endfacet
  facet normal 0 1 0
    outer loop
      vertex 450.1 3 121.5625
      vertex 450.1 3 145.13750000000002
      vertex 450.2737493671522 3 144.04048966996896
    endloop
  endfacet
  facet normal 0 -1 0
    outer loop
      vertex 452.55298966996895 0 124.9387506328478
      vertex 452.55298966996895 0 141.76124936715223
      vertex 451.56336235436174 0 142.26548966996896
    endloop
  endfacet
  facet normal 0 -1 0
    outer loop
      vertex 453.65 0 125.1125
      vertex 453.65 0 141.5875
      vertex 452.55298966996895 0 141.76124936715223
    endloop
  endfacet
  facet normal 0 -1 0
    outer loop
      vertex 455.73663764563827 0 124.43451033003106
      vertex 455.73663764563827 0 142.26548966996896
      vertex 454.74701033003106 0 141.76124936715223
    endloop
  endfacet
  facet normal 0 1 0
    outer loop
      vertex 453.65 3 125.1125
      vertex 453.65 3 141.5875
      vertex 454.74701033003106 3 141.76124936715223
    endloop
  endfacet
  facet normal 0 1 0
    outer loop
      vertex 454.74701033003106 3 124.9387506328478
      vertex 454.74701033003106 3 141.76124936715223
      vertex 455.73663764563827 3 142.26548966996896
    endloop
  endfacet
  facet normal 0 -1 0
    outer loop
      vertex 456.52201033003104 0 123.64913764563828
      vertex 456.52201033003104 0 143.05086235436173
      vertex 455.73663764563827 0 142.26548966996896
    endloop
  endfacet
  facet normal 0 -1 0
    outer loop
      vertex 457.0262506328478 0 122.65951033003107
      vertex 457.0262506328478 0 144.04048966996896
      vertex 456.52201033003104 0 143.05086235436173
    endloop
  endfacet
  facet normal 0 -1 0
    outer loop
      vertex 457.2 0 116.5625
      vertex 463.3 0 177.8
      vertex 457.2 0 121.5625
    endloop
  endfacet
  facet normal 0 1 0
    outer loop
      vertex 455.73663764563827 3 124.43451033003106
      vertex 455.73663764563827 3 142.26548966996896
      vertex 456.52201033003104 3 143.05086235436173
    endloop
  endfacet
  facet normal 0 1 0
    outer loop
      vertex 456.52201033003104 3 123.64913764563828
      vertex 456.52201033003104 3 143.05086235436173
      vertex 457.0262506328478 3 144.04048966996896
    endloop
  endfacet
  facet normal 0 1 0
    outer loop
      vertex 457.0262506328478 3 122.65951033003107
      vertex 457.0262506328478 3 144.04048966996896
      vertex 457.2 3 145.13750000000002
    endloop
  endfacet
  facet normal 0 1 0
    outer loop
      vertex 457.2 3 116.5625
      vertex 457.2 3 121.5625
      vertex 463.3 3 177.8
    endloop
  endfacet
  facet normal 0.1564344650402546 0 0.9876883405951339
    outer loop
      vertex 453.65 0 141.5875
      vertex 453.65 3 141.5875
      vertex 452.55298966996895 0 141.76124936715223
    endloop
  endfacet
  facet normal -0.1564344650402467 0 0.9876883405951352
    outer loop
      vertex 453.65 0 141.5875
      vertex 454.74701033003106 3 141.76124936715223
      vertex 453.65 3 141.5875
    endloop
  endfacet
  facet normal 0.707106781186522 0 0.7071067811865732
    outer loop
      vertex 451.56336235436174 0 142.26548966996896
      vertex 451.56336235436174 3 142.26548966996896
      vertex 450.7779896699689 0 143.05086235436173
    endloop
  endfacet
  facet normal 0.4539904997395453 0 0.8910065241883687
    outer loop
      vertex 451.56336235436174 0 142.26548966996896
      vertex 452.55298966996895 3 141.76124936715223
      vertex 451.56336235436174 3 142.26548966996896
    endloop
  endfacet
  facet normal 0.707106781186522 0 0.7071067811865732
    outer loop
      vertex 450.7779896699689 0 143.05086235436173
      vertex 451.56336235436174 3 142.26548966996896
      vertex 450.7779896699689 3 143.05086235436173
    endloop
  endfacet
  facet normal 0.8910065241883843 0 0.45399049973951466
    outer loop
      vertex 450.7779896699689 0 143.05086235436173
      vertex 450.7779896699689 3 143.05086235436173
      vertex 450.2737493671522 0 144.04048966996896
    endloop
  endfacet
  facet normal 0.9876883405951385 0 0.1564344650402257
    outer loop
      vertex 450.2737493671522 0 144.04048966996896
      vertex 450.2737493671522 3 144.04048966996896
      vertex 450.1 0 145.13750000000002
    endloop
  endfacet
  facet normal 0.8910065241883843 0 0.45399049973951466
    outer loop
      vertex 450.2737493671522 0 144.04048966996896
      vertex 450.7779896699689 3 143.05086235436173
      vertex 450.2737493671522 3 144.04048966996896
    endloop
  endfacet
  facet normal 0.4539904997395453 -3.7945756489826076e-18 0.8910065241883687
    outer loop
      vertex 451.56336235436174 0 142.26548966996896
      vertex 452.55298966996895 0 141.76124936715223
      vertex 452.55298966996895 3 141.76124936715223
    endloop
  endfacet
  facet normal 0.1564344650402546 -7.948220962667561e-19 0.9876883405951339
    outer loop
      vertex 453.65 3 141.5875
      vertex 452.55298966996895 3 141.76124936715223
      vertex 452.55298966996895 0 141.76124936715223
    endloop
  endfacet
  facet normal -0.1564344650402467 -5.487531243163415e-19 0.9876883405951352
    outer loop
      vertex 453.65 0 141.5875
      vertex 454.74701033003106 0 141.76124936715223
      vertex 454.74701033003106 3 141.76124936715223
    endloop
  endfacet
  facet normal -0.4539904997395453 3.7945756489826076e-18 0.8910065241883687
    outer loop
      vertex 454.74701033003106 0 141.76124936715223
      vertex 455.73663764563827 0 142.26548966996896
      vertex 455.73663764563827 3 142.26548966996896
    endloop
  endfacet
  facet normal -0.4539904997395453 0 0.8910065241883687
    outer loop
      vertex 454.74701033003106 0 141.76124936715223
      vertex 455.73663764563827 3 142.26548966996896
      vertex 454.74701033003106 3 141.76124936715223
    endloop
  endfacet
  facet normal 0 1 0
    outer loop
      vertex 457.2 3 121.5625
      vertex 457.0262506328478 3 122.65951033003107
      vertex 463.3 3 177.8
    endloop
  endfacet
  facet normal -0.7071067811865476 4.73527597943701e-18 0.7071067811865476
    outer loop
      vertex 455.73663764563827 0 142.26548966996896
      vertex 456.52201033003104 0 143.05086235436173
      vertex 456.52201033003104 3 143.05086235436173
    endloop
  endfacet
  facet normal -0.7071067811865476 0 0.7071067811865476
    outer loop
      vertex 455.73663764563827 0 142.26548966996896
      vertex 456.52201033003104 3 143.05086235436173
      vertex 455.73663764563827 3 142.26548966996896
    endloop
  endfacet
  facet normal -0.8910065241883637 1.4658878992093267e-18 0.4539904997395553
    outer loop
      vertex 456.52201033003104 0 143.05086235436173
      vertex 457.0262506328478 0 144.04048966996896
      vertex 457.0262506328478 3 144.04048966996896
    endloop
  endfacet
  facet normal -0.8910065241883637 0 0.4539904997395553
    outer loop
      vertex 456.52201033003104 0 143.05086235436173
      vertex 457.0262506328478 3 144.04048966996896
      vertex 456.52201033003104 3 143.05086235436173
    endloop
  endfacet
  facet normal -0.9876883405951385 0 0.1564344650402257
    outer loop
      vertex 457.0262506328478 0 144.04048966996896
      vertex 457.2 3 145.13750000000002
      vertex 457.0262506328478 3 144.04048966996896
    endloop
  endfacet
  facet normal 0 -1 0
    outer loop
      vertex 450.1 0 121.5625
      vertex 450.1 0 145.13750000000002
      vertex 444 0 177.8
    endloop
  endfacet
  facet normal 0 1 0
    outer loop
      vertex 450.1 3 121.5625
      vertex 444 3 177.8
      vertex 450.1 3 145.13750000000002
    endloop
  endfacet
  facet normal 0.9876883405951385 2.6972756427962364e-18 0.1564344650402257
    outer loop
      vertex 450.2737493671522 3 144.04048966996896
      vertex 450.1 3 145.13750000000002
      vertex 450.1 0 145.13750000000002
    endloop
  endfacet
  facet normal 1 0 0
    outer loop
      vertex 450.1 0 145.13750000000002
      vertex 450.1 3 145.13750000000002
      vertex 450.1 0 150.13750000000002
    endloop
  endfacet
  facet normal 1 0 0
    outer loop
      vertex 450.1 3 145.13750000000002
      vertex 450.1 3 150.13750000000002
      vertex 450.1 0 150.13750000000002
    endloop
  endfacet
  facet normal -0.9876883405951385 -2.6972756427962364e-18 0.1564344650402257
    outer loop
      vertex 457.0262506328478 0 144.04048966996896
      vertex 457.2 0 145.13750000000002
      vertex 457.2 3 145.13750000000002
    endloop
  endfacet
  facet normal -1 0 0
    outer loop
      vertex 457.2 0 145.13750000000002
      vertex 457.2 3 150.13750000000002
      vertex 457.2 3 145.13750000000002
    endloop
  endfacet
  facet normal -1 0 0
    outer loop
      vertex 457.2 0 145.13750000000002
      vertex 457.2 0 150.13750000000002
      vertex 457.2 3 150.13750000000002
    endloop
  endfacet
  facet normal 0 -1 0
    outer loop
      vertex 457.2 0 121.5625
      vertex 463.3 0 177.8
      vertex 457.0262506328478 0 144.04048966996896
    endloop
  endfacet
  facet normal 0 1 0
    outer loop
      vertex 457.0262506328478 3 122.65951033003107
      vertex 457.2 3 145.13750000000002
      vertex 463.3 3 177.8
    endloop
  endfacet
  facet normal 0.9876883405951385 0 -0.1564344650402257
    outer loop
      vertex 450.1 0 150.13750000000002
      vertex 450.1 3 150.13750000000002
      vertex 450.2737493671522 0 151.23451033003107
    endloop
  endfacet
  facet normal 0.9876883405951385 0 -0.1564344650402257
    outer loop
      vertex 450.2737493671522 0 151.23451033003107
      vertex 450.1 3 150.13750000000002
      vertex 450.2737493671522 3 151.23451033003107
    endloop
  endfacet
  facet normal 0.8910065241883843 0 -0.45399049973951466
    outer loop
      vertex 450.2737493671522 0 151.23451033003107
      vertex 450.2737493671522 3 151.23451033003107
      vertex 450.7779896699689 0 152.2241376456383
    endloop
  endfacet
  facet normal 0.707106781186522 0 -0.7071067811865732
    outer loop
      vertex 450.7779896699689 0 152.2241376456383
      vertex 450.7779896699689 3 152.2241376456383
      vertex 451.56336235436174 0 153.00951033003108
    endloop
  endfacet
  facet normal 0.8910065241883843 0 -0.45399049973951466
    outer loop
      vertex 450.7779896699689 0 152.2241376456383
      vertex 450.2737493671522 3 151.23451033003107
      vertex 450.7779896699689 3 152.2241376456383
    endloop
  endfacet
  facet normal 0.707106781186522 8.427554212333939e-18 -0.7071067811865732
    outer loop
      vertex 450.7779896699689 3 152.2241376456383
      vertex 451.56336235436174 3 153.00951033003108
      vertex 451.56336235436174 0 153.00951033003108
    endloop
  endfacet
  facet normal 0.4539904997395453 0 -0.8910065241883687
    outer loop
      vertex 451.56336235436174 0 153.00951033003108
      vertex 451.56336235436174 3 153.00951033003108
      vertex 452.55298966996895 0 153.5137506328478
    endloop
  endfacet
  facet normal 0 -1 0
    outer loop
      vertex 450.2737493671522 0 151.23451033003107
      vertex 450.7779896699689 0 152.2241376456383
      vertex 450.2737493671522 0 159.91548966996896
    endloop
  endfacet
  facet normal 0 -1 0
    outer loop
      vertex 450.7779896699689 0 152.2241376456383
      vertex 451.56336235436174 0 153.00951033003108
      vertex 450.7779896699689 0 158.92586235436173
    endloop
  endfacet
  facet normal 0 -1 0
    outer loop
      vertex 451.56336235436174 0 153.00951033003108
      vertex 452.55298966996895 0 153.5137506328478
      vertex 451.56336235436174 0 158.14048966996896
    endloop
  endfacet
  facet normal 0 1 0
    outer loop
      vertex 450.2737493671522 3 151.23451033003107
      vertex 450.7779896699689 3 158.92586235436173
      vertex 450.7779896699689 3 152.2241376456383
    endloop
  endfacet
  facet normal 0 1 0
    outer loop
      vertex 450.7779896699689 3 152.2241376456383
      vertex 451.56336235436174 3 158.14048966996896
      vertex 451.56336235436174 3 153.00951033003108
    endloop
  endfacet
  facet normal 0.1564344650402546 0 -0.9876883405951339
    outer loop
      vertex 452.55298966996895 0 153.5137506328478
      vertex 452.55298966996895 3 153.5137506328478
      vertex 453.65 0 153.68750000000003
    endloop
  endfacet
  facet normal 0.4539904997395453 3.7945756489826076e-18 -0.8910065241883687
    outer loop
      vertex 451.56336235436174 3 153.00951033003108
      vertex 452.55298966996895 3 153.5137506328478
      vertex 452.55298966996895 0 153.5137506328478
    endloop
  endfacet
  facet normal 0.1564344650402546 0 -0.9876883405951339
    outer loop
      vertex 453.65 0 153.68750000000003
      vertex 452.55298966996895 3 153.5137506328478
      vertex 453.65 3 153.68750000000003
    endloop
  endfacet
  facet normal -0.4539904997395453 -3.7945756489826076e-18 -0.8910065241883687
    outer loop
      vertex 455.73663764563827 0 153.00951033003108
      vertex 454.74701033003106 0 153.5137506328478
      vertex 454.74701033003106 3 153.5137506328478
    endloop
  endfacet
  facet normal -0.1564344650402467 0 -0.9876883405951352
    outer loop
      vertex 453.65 0 153.68750000000003
      vertex 453.65 3 153.68750000000003
      vertex 454.74701033003106 0 153.5137506328478
    endloop
  endfacet
  facet normal -0.4539904997395453 0 -0.8910065241883687
    outer loop
      vertex 455.73663764563827 0 153.00951033003108
      vertex 454.74701033003106 3 153.5137506328478
      vertex 455.73663764563827 3 153.00951033003108
    endloop
  endfacet
  facet normal -0.1564344650402467 0 -0.9876883405951352
    outer loop
      vertex 454.74701033003106 0 153.5137506328478
      vertex 453.65 3 153.68750000000003
      vertex 454.74701033003106 3 153.5137506328478
    endloop
  endfacet
  facet normal 0 -1 0
    outer loop
      vertex 452.55298966996895 0 153.5137506328478
      vertex 453.65 0 153.68750000000003
      vertex 452.55298966996895 0 157.63624936715223
    endloop
  endfacet
  facet normal 0 -1 0
    outer loop
      vertex 455.73663764563827 0 153.00951033003108
      vertex 454.74701033003106 0 157.63624936715223
      vertex 454.74701033003106 0 153.5137506328478
    endloop
  endfacet
  facet normal 0 -1 0
    outer loop
      vertex 453.65 0 153.68750000000003
      vertex 454.74701033003106 0 153.5137506328478
      vertex 453.65 0 157.4625
    endloop
  endfacet
  facet normal 0 1 0
    outer loop
      vertex 451.56336235436174 3 153.00951033003108
      vertex 452.55298966996895 3 157.63624936715223
      vertex 452.55298966996895 3 153.5137506328478
    endloop
  endfacet
  facet normal 0 1 0
    outer loop
      vertex 452.55298966996895 3 153.5137506328478
      vertex 453.65 3 157.4625
      vertex 453.65 3 153.68750000000003
    endloop
  endfacet
  facet normal 0 1 0
    outer loop
      vertex 453.65 3 153.68750000000003
      vertex 454.74701033003106 3 157.63624936715223
      vertex 454.74701033003106 3 153.5137506328478
    endloop
  endfacet
  facet normal 0 1 0
    outer loop
      vertex 455.73663764563827 3 153.00951033003108
      vertex 454.74701033003106 3 153.5137506328478
      vertex 455.73663764563827 3 158.14048966996896
    endloop
  endfacet
  facet normal -0.9876883405951385 2.6972756427962364e-18 -0.1564344650402257
    outer loop
      vertex 457.2 0 150.13750000000002
      vertex 457.0262506328478 0 151.23451033003107
      vertex 457.0262506328478 3 151.23451033003107
    endloop
  endfacet
  facet normal -0.9876883405951385 0 -0.1564344650402257
    outer loop
      vertex 457.2 0 150.13750000000002
      vertex 457.0262506328478 3 151.23451033003107
      vertex 457.2 3 150.13750000000002
    endloop
  endfacet
  facet normal -0.8910065241883637 -1.4658878992093267e-18 -0.4539904997395553
    outer loop
      vertex 457.0262506328478 0 151.23451033003107
      vertex 456.52201033003104 0 152.2241376456383
      vertex 456.52201033003104 3 152.2241376456383
    endloop
  endfacet
  facet normal -0.7071067811865476 0 -0.7071067811865476
    outer loop
      vertex 455.73663764563827 0 153.00951033003108
      vertex 455.73663764563827 3 153.00951033003108
      vertex 456.52201033003104 0 152.2241376456383
    endloop
  endfacet
  facet normal -0.8910065241883637 0 -0.4539904997395553
    outer loop
      vertex 457.0262506328478 0 151.23451033003107
      vertex 456.52201033003104 3 152.2241376456383
      vertex 457.0262506328478 3 151.23451033003107
    endloop
  endfacet
  facet normal -0.7071067811865476 -4.73527597943701e-18 -0.7071067811865476
    outer loop
      vertex 455.73663764563827 3 153.00951033003108
      vertex 456.52201033003104 3 152.2241376456383
      vertex 456.52201033003104 0 152.2241376456383
    endloop
  endfacet
  facet normal 0 -1 0
    outer loop
      vertex 457.0262506328478 0 151.23451033003107
      vertex 456.52201033003104 0 158.92586235436173
      vertex 456.52201033003104 0 152.2241376456383
    endloop
  endfacet
  facet normal 0 -1 0
    outer loop
      vertex 455.73663764563827 0 153.00951033003108
      vertex 456.52201033003104 0 152.2241376456383
      vertex 455.73663764563827 0 158.14048966996896
    endloop
  endfacet
  facet normal 0 1 0
    outer loop
      vertex 455.73663764563827 3 153.00951033003108
      vertex 456.52201033003104 3 158.92586235436173
      vertex 456.52201033003104 3 152.2241376456383
    endloop
  endfacet
  facet normal 0 1 0
    outer loop
      vertex 457.0262506328478 3 151.23451033003107
      vertex 456.52201033003104 3 152.2241376456383
      vertex 457.0262506328478 3 159.91548966996896
    endloop
  endfacet
  facet normal 0 -1 0
    outer loop
      vertex 450.1 0 145.13750000000002
      vertex 450.1 0 150.13750000000002
      vertex 444 0 177.8
    endloop
  endfacet
  facet normal 0 1 0
    outer loop
      vertex 450.1 3 145.13750000000002
      vertex 444 3 177.8
      vertex 450.1 3 150.13750000000002
    endloop
  endfacet
  facet normal 0 -1 0
    outer loop
      vertex 450.1 0 150.13750000000002
      vertex 450.2737493671522 0 151.23451033003107
      vertex 444 0 177.8
    endloop
  endfacet
  facet normal 0 1 0
    outer loop
      vertex 450.1 3 150.13750000000002
      vertex 444 3 177.8
      vertex 450.2737493671522 3 151.23451033003107
    endloop
  endfacet
  facet normal 0 -1 0
    outer loop
      vertex 450.2737493671522 0 151.23451033003107
      vertex 450.1 0 161.01250000000002
      vertex 444 0 177.8
    endloop
  endfacet
  facet normal 0 1 0
    outer loop
      vertex 450.2737493671522 3 151.23451033003107
      vertex 444 3 177.8
      vertex 450.2737493671522 3 159.91548966996896
    endloop
  endfacet
  facet normal 0 1 0
    outer loop
      vertex 450.1 3 161.01250000000002
      vertex 450.2737493671522 3 159.91548966996896
      vertex 444 3 177.8
    endloop
  endfacet
  facet normal 0 -1 0
    outer loop
      vertex 451.56336235436174 0 153.00951033003108
      vertex 451.56336235436174 0 158.14048966996896
      vertex 450.7779896699689 0 158.92586235436173
    endloop
  endfacet
  facet normal 0 -1 0
    outer loop
      vertex 450.7779896699689 0 152.2241376456383
      vertex 450.7779896699689 0 158.92586235436173
      vertex 450.2737493671522 0 159.91548966996896
    endloop
  endfacet
  facet normal 0 -1 0
    outer loop
      vertex 450.2737493671522 0 151.23451033003107
      vertex 450.2737493671522 0 159.91548966996896
      vertex 450.1 0 161.01250000000002
    endloop
  endfacet
  facet normal 0.4539904997395453 0 0.8910065241883687
    outer loop
      vertex 451.56336235436174 0 158.14048966996896
      vertex 452.55298966996895 3 157.63624936715223
      vertex 451.56336235436174 3 158.14048966996896
    endloop
  endfacet
  facet normal 0 1 0
    outer loop
      vertex 451.56336235436174 3 153.00951033003108
      vertex 451.56336235436174 3 158.14048966996896
      vertex 452.55298966996895 3 157.63624936715223
    endloop
  endfacet
  facet normal 0 1 0
    outer loop
      vertex 450.7779896699689 3 152.2241376456383
      vertex 450.7779896699689 3 158.92586235436173
      vertex 451.56336235436174 3 158.14048966996896
    endloop
  endfacet
  facet normal 0 1 0
    outer loop
      vertex 450.2737493671522 3 151.23451033003107
      vertex 450.2737493671522 3 159.91548966996896
      vertex 450.7779896699689 3 158.92586235436173
    endloop
  endfacet
  facet normal 0 -1 0
    outer loop
      vertex 453.65 0 153.68750000000003
      vertex 453.65 0 157.4625
      vertex 452.55298966996895 0 157.63624936715223
    endloop
  endfacet
  facet normal 0 -1 0
    outer loop
      vertex 452.55298966996895 0 153.5137506328478
      vertex 452.55298966996895 0 157.63624936715223
      vertex 451.56336235436174 0 158.14048966996896
    endloop
  endfacet
  facet normal 0 -1 0
    outer loop
      vertex 454.74701033003106 0 153.5137506328478
      vertex 454.74701033003106 0 157.63624936715223
      vertex 453.65 0 157.4625
    endloop
  endfacet
  facet normal 0 -1 0
    outer loop
      vertex 455.73663764563827 0 153.00951033003108
      vertex 455.73663764563827 0 158.14048966996896
      vertex 454.74701033003106 0 157.63624936715223
    endloop
  endfacet
  facet normal 0.1564344650402546 -7.948220962667561e-19 0.9876883405951339
    outer loop
      vertex 452.55298966996895 0 157.63624936715223
      vertex 453.65 0 157.4625
      vertex 453.65 3 157.4625
    endloop
  endfacet
  facet normal 0.4539904997395453 -3.7945756489826076e-18 0.8910065241883687
    outer loop
      vertex 451.56336235436174 0 158.14048966996896
      vertex 452.55298966996895 0 157.63624936715223
      vertex 452.55298966996895 3 157.63624936715223
    endloop
  endfacet
  facet normal 0.1564344650402546 0 0.9876883405951339
    outer loop
      vertex 452.55298966996895 0 157.63624936715223
      vertex 453.65 3 157.4625
      vertex 452.55298966996895 3 157.63624936715223
    endloop
  endfacet
  facet normal -0.1564344650402467 -5.487531243163415e-19 0.9876883405951352
    outer loop
      vertex 453.65 0 157.4625
      vertex 454.74701033003106 0 157.63624936715223
      vertex 454.74701033003106 3 157.63624936715223
    endloop
  endfacet
  facet normal -0.4539904997395453 3.7945756489826076e-18 0.8910065241883687
    outer loop
      vertex 454.74701033003106 0 157.63624936715223
      vertex 455.73663764563827 0 158.14048966996896
      vertex 455.73663764563827 3 158.14048966996896
    endloop
  endfacet
  facet normal -0.1564344650402467 0 0.9876883405951352
    outer loop
      vertex 453.65 0 157.4625
      vertex 454.74701033003106 3 157.63624936715223
      vertex 453.65 3 157.4625
    endloop
  endfacet
  facet normal -0.4539904997395453 0 0.8910065241883687
    outer loop
      vertex 454.74701033003106 0 157.63624936715223
      vertex 455.73663764563827 3 158.14048966996896
      vertex 454.74701033003106 3 157.63624936715223
    endloop
  endfacet
  facet normal 0 1 0
    outer loop
      vertex 452.55298966996895 3 153.5137506328478
      vertex 452.55298966996895 3 157.63624936715223
      vertex 453.65 3 157.4625
    endloop
  endfacet
  facet normal 0 1 0
    outer loop
      vertex 453.65 3 153.68750000000003
      vertex 453.65 3 157.4625
      vertex 454.74701033003106 3 157.63624936715223
    endloop
  endfacet
  facet normal 0 1 0
    outer loop
      vertex 454.74701033003106 3 153.5137506328478
      vertex 454.74701033003106 3 157.63624936715223
      vertex 455.73663764563827 3 158.14048966996896
    endloop
  endfacet
  facet normal 0.707106781186522 0 0.7071067811865732
    outer loop
      vertex 451.56336235436174 0 158.14048966996896
      vertex 451.56336235436174 3 158.14048966996896
      vertex 450.7779896699689 0 158.92586235436173
    endloop
  endfacet
  facet normal 0.8910065241883843 0 0.45399049973951466
    outer loop
      vertex 450.7779896699689 0 158.92586235436173
      vertex 450.7779896699689 3 158.92586235436173
      vertex 450.2737493671522 0 159.91548966996896
    endloop
  endfacet
  facet normal 0.707106781186522 -8.427554212333939e-18 0.7071067811865732
    outer loop
      vertex 451.56336235436174 3 158.14048966996896
      vertex 450.7779896699689 3 158.92586235436173
      vertex 450.7779896699689 0 158.92586235436173
    endloop
  endfacet
  facet normal 0.8910065241883843 0 0.45399049973951466
    outer loop
      vertex 450.2737493671522 0 159.91548966996896
      vertex 450.7779896699689 3 158.92586235436173
      vertex 450.2737493671522 3 159.91548966996896
    endloop
  endfacet
  facet normal 0.9876883405951385 2.6972756427962364e-18 0.1564344650402257
    outer loop
      vertex 450.1 0 161.01250000000002
      vertex 450.2737493671522 0 159.91548966996896
      vertex 450.2737493671522 3 159.91548966996896
    endloop
  endfacet
  facet normal 0.9876883405951385 0 0.1564344650402257
    outer loop
      vertex 450.1 0 161.01250000000002
      vertex 450.2737493671522 3 159.91548966996896
      vertex 450.1 3 161.01250000000002
    endloop
  endfacet
  facet normal 0 -1 0
    outer loop
      vertex 456.52201033003104 0 152.2241376456383
      vertex 456.52201033003104 0 158.92586235436173
      vertex 455.73663764563827 0 158.14048966996896
    endloop
  endfacet
  facet normal 0 -1 0
    outer loop
      vertex 457.0262506328478 0 151.23451033003107
      vertex 457.0262506328478 0 159.91548966996896
      vertex 456.52201033003104 0 158.92586235436173
    endloop
  endfacet
  facet normal 0 -1 0
    outer loop
      vertex 457.0262506328478 0 144.04048966996896
      vertex 463.3 0 177.8
      vertex 457.2 0 145.13750000000002
    endloop
  endfacet
  facet normal 0 -1 0
    outer loop
      vertex 457.2 0 145.13750000000002
      vertex 463.3 0 177.8
      vertex 457.2 0 150.13750000000002
    endloop
  endfacet
  facet normal 0 1 0
    outer loop
      vertex 455.73663764563827 3 153.00951033003108
      vertex 455.73663764563827 3 158.14048966996896
      vertex 456.52201033003104 3 158.92586235436173
    endloop
  endfacet
  facet normal 0 1 0
    outer loop
      vertex 456.52201033003104 3 152.2241376456383
      vertex 456.52201033003104 3 158.92586235436173
      vertex 457.0262506328478 3 159.91548966996896
    endloop
  endfacet
  facet normal 0 1 0
    outer loop
      vertex 457.2 3 145.13750000000002
      vertex 457.2 3 150.13750000000002
      vertex 463.3 3 177.8
    endloop
  endfacet
  facet normal -0.7071067811865476 4.73527597943701e-18 0.7071067811865476
    outer loop
      vertex 455.73663764563827 0 158.14048966996896
      vertex 456.52201033003104 0 158.92586235436173
      vertex 456.52201033003104 3 158.92586235436173
    endloop
  endfacet
  facet normal -0.8910065241883637 1.4658878992093267e-18 0.4539904997395553
    outer loop
      vertex 456.52201033003104 0 158.92586235436173
      vertex 457.0262506328478 0 159.91548966996896
      vertex 457.0262506328478 3 159.91548966996896
    endloop
  endfacet
  facet normal -0.7071067811865476 0 0.7071067811865476
    outer loop
      vertex 455.73663764563827 0 158.14048966996896
      vertex 456.52201033003104 3 158.92586235436173
      vertex 455.73663764563827 3 158.14048966996896
    endloop
  endfacet
  facet normal -0.8910065241883637 0 0.4539904997395553
    outer loop
      vertex 456.52201033003104 0 158.92586235436173
      vertex 457.0262506328478 3 159.91548966996896
      vertex 456.52201033003104 3 158.92586235436173
    endloop
  endfacet
  facet normal 0 -1 0
    outer loop
      vertex 457.2 0 150.13750000000002
      vertex 463.3 0 177.8
      vertex 457.0262506328478 0 151.23451033003107
    endloop
  endfacet
  facet normal -0.9876883405951385 -2.6972756427962364e-18 0.1564344650402257
    outer loop
      vertex 457.0262506328478 0 159.91548966996896
      vertex 457.2 0 161.01250000000002
      vertex 457.2 3 161.01250000000002
    endloop
  endfacet
  facet normal -0.9876883405951385 0 0.1564344650402257
    outer loop
      vertex 457.0262506328478 0 159.91548966996896
      vertex 457.2 3 161.01250000000002
      vertex 457.0262506328478 3 159.91548966996896
    endloop
  endfacet
  facet normal 0 1 0
    outer loop
      vertex 457.2 3 150.13750000000002
      vertex 457.0262506328478 3 151.23451033003107
      vertex 463.3 3 177.8
    endloop
  endfacet
  facet normal 1 0 0
    outer loop
      vertex 450.1 0 161.01250000000002
      vertex 450.1 3 161.01250000000002
      vertex 450.1 0 166.01250000000002
    endloop
  endfacet
  facet normal 1 0 0
    outer loop
      vertex 450.1 3 161.01250000000002
      vertex 450.1 3 166.01250000000002
      vertex 450.1 0 166.01250000000002
    endloop
  endfacet
  facet normal 0.9876883405951385 0 -0.1564344650402257
    outer loop
      vertex 450.1 0 166.01250000000002
      vertex 450.1 3 166.01250000000002
      vertex 450.2737493671522 0 167.10951033003107
    endloop
  endfacet
  facet normal -1 0 0
    outer loop
      vertex 457.2 0 161.01250000000002
      vertex 457.2 3 166.01250000000002
      vertex 457.2 3 161.01250000000002
    endloop
  endfacet
  facet normal 0 -1 0
    outer loop
      vertex 457.0262506328478 0 151.23451033003107
      vertex 463.3 0 177.8
      vertex 457.0262506328478 0 159.91548966996896
    endloop
  endfacet
  facet normal 0 1 0
    outer loop
      vertex 457.0262506328478 3 151.23451033003107
      vertex 457.0262506328478 3 159.91548966996896
      vertex 463.3 3 177.8
    endloop
  endfacet
  facet normal -1 0 0
    outer loop
      vertex 457.2 0 161.01250000000002
      vertex 457.2 0 166.01250000000002
      vertex 457.2 3 166.01250000000002
    endloop
  endfacet
  facet normal -0.9876883405951385 0 -0.1564344650402257
    outer loop
      vertex 457.2 0 166.01250000000002
      vertex 457.0262506328478 3 167.10951033003107
      vertex 457.2 3 166.01250000000002
    endloop
  endfacet
  facet normal 0 -1 0
    outer loop
      vertex 457.0262506328478 0 159.91548966996896
      vertex 463.3 0 177.8
      vertex 457.2 0 161.01250000000002
    endloop
  endfacet
  facet normal 0 1 0
    outer loop
      vertex 457.0262506328478 3 159.91548966996896
      vertex 457.2 3 161.01250000000002
      vertex 463.3 3 177.8
    endloop
  endfacet
  facet normal 0 -1 0
    outer loop
      vertex 450.1 0 161.01250000000002
      vertex 450.1 0 166.01250000000002
      vertex 444 0 177.8
    endloop
  endfacet
  facet normal 0 1 0
    outer loop
      vertex 450.1 3 161.01250000000002
      vertex 444 3 177.8
      vertex 450.1 3 166.01250000000002
    endloop
  endfacet
  facet normal 0 -1 0
    outer loop
      vertex 450.1 0 166.01250000000002
      vertex 450.2737493671522 0 167.10951033003107
      vertex 444 0 177.8
    endloop
  endfacet
  facet normal 0 1 0
    outer loop
      vertex 450.1 3 166.01250000000002
      vertex 444 3 177.8
      vertex 450.2737493671522 3 167.10951033003107
    endloop
  endfacet
  facet normal 0.8910065241883843 0 -0.45399049973951466
    outer loop
      vertex 450.2737493671522 0 167.10951033003107
      vertex 450.2737493671522 3 167.10951033003107
      vertex 450.7779896699689 0 168.0991376456383
    endloop
  endfacet
  facet normal 0.9876883405951385 -2.6972756427962364e-18 -0.1564344650402257
    outer loop
      vertex 450.1 3 166.01250000000002
      vertex 450.2737493671522 3 167.10951033003107
      vertex 450.2737493671522 0 167.10951033003107
    endloop
  endfacet
  facet normal 0.8910065241883843 0 -0.45399049973951466
    outer loop
      vertex 450.7779896699689 0 168.0991376456383
      vertex 450.2737493671522 3 167.10951033003107
      vertex 450.7779896699689 3 168.0991376456383
    endloop
  endfacet
  facet normal 0.707106781186522 0 -0.7071067811865732
    outer loop
      vertex 450.7779896699689 0 168.0991376456383
      vertex 450.7779896699689 3 168.0991376456383
      vertex 451.56336235436174 0 168.88451033003108
    endloop
  endfacet
  facet normal 0.4539904997395453 0 -0.8910065241883687
    outer loop
      vertex 451.56336235436174 0 168.88451033003108
      vertex 451.56336235436174 3 168.88451033003108
      vertex 452.55298966996895 0 169.3887506328478
    endloop
  endfacet
  facet normal 0.707106781186522 0 -0.7071067811865732
    outer loop
      vertex 451.56336235436174 0 168.88451033003108
      vertex 450.7779896699689 3 168.0991376456383
      vertex 451.56336235436174 3 168.88451033003108
    endloop
  endfacet
  facet normal 0.1564344650402546 0 -0.9876883405951339
    outer loop
      vertex 452.55298966996895 0 169.3887506328478
      vertex 452.55298966996895 3 169.3887506328478
      vertex 453.65 0 169.56250000000003
    endloop
  endfacet
  facet normal 0.4539904997395453 3.7945756489826076e-18 -0.8910065241883687
    outer loop
      vertex 451.56336235436174 3 168.88451033003108
      vertex 452.55298966996895 3 169.3887506328478
      vertex 452.55298966996895 0 169.3887506328478
    endloop
  endfacet
  facet normal -0.4539904997395453 0 -0.8910065241883687
    outer loop
      vertex 454.74701033003106 0 169.3887506328478
      vertex 454.74701033003106 3 169.3887506328478
      vertex 455.73663764563827 0 168.88451033003108
    endloop
  endfacet
  facet normal -0.1564344650402467 0 -0.9876883405951352
    outer loop
      vertex 454.74701033003106 0 169.3887506328478
      vertex 453.65 3 169.56250000000003
      vertex 454.74701033003106 3 169.3887506328478
    endloop
  endfacet
  facet normal -0.4539904997395453 0 -0.8910065241883687
    outer loop
      vertex 455.73663764563827 0 168.88451033003108
      vertex 454.74701033003106 3 169.3887506328478
      vertex 455.73663764563827 3 168.88451033003108
    endloop
  endfacet
  facet normal 0 -1 0
    outer loop
      vertex 444 0 177.8
      vertex 450.2737493671522 0 167.10951033003107
      vertex 450.7779896699689 0 168.0991376456383
    endloop
  endfacet
  facet normal 0 -1 0
    outer loop
      vertex 444 0 177.8
      vertex 450.7779896699689 0 168.0991376456383
      vertex 451.56336235436174 0 168.88451033003108
    endloop
  endfacet
  facet normal 0 -1 0
    outer loop
      vertex 444 0 177.8
      vertex 451.56336235436174 0 168.88451033003108
      vertex 452.55298966996895 0 169.3887506328478
    endloop
  endfacet
  facet normal 0 1 0
    outer loop
      vertex 444 3 177.8
      vertex 450.7779896699689 3 168.0991376456383
      vertex 450.2737493671522 3 167.10951033003107
    endloop
  endfacet
  facet normal 0 1 0
    outer loop
      vertex 444 3 177.8
      vertex 451.56336235436174 3 168.88451033003108
      vertex 450.7779896699689 3 168.0991376456383
    endloop
  endfacet
  facet normal 0 1 0
    outer loop
      vertex 444 3 177.8
      vertex 452.55298966996895 3 169.3887506328478
      vertex 451.56336235436174 3 168.88451033003108
    endloop
  endfacet
  facet normal 0.1564344650402546 7.948220962667561e-19 -0.9876883405951339
    outer loop
      vertex 452.55298966996895 3 169.3887506328478
      vertex 453.65 3 169.56250000000003
      vertex 453.65 0 169.56250000000003
    endloop
  endfacet
  facet normal -0.1564344650402467 5.487531243163415e-19 -0.9876883405951352
    outer loop
      vertex 454.74701033003106 0 169.3887506328478
      vertex 453.65 0 169.56250000000003
      vertex 453.65 3 169.56250000000003
    endloop
  endfacet
  facet normal -0.9876883405951385 2.6972756427962364e-18 -0.1564344650402257
    outer loop
      vertex 457.2 0 166.01250000000002
      vertex 457.0262506328478 0 167.10951033003107
      vertex 457.0262506328478 3 167.10951033003107
    endloop
  endfacet
  facet normal -0.8910065241883637 -1.4658878992093267e-18 -0.4539904997395553
    outer loop
      vertex 457.0262506328478 0 167.10951033003107
      vertex 456.52201033003104 0 168.0991376456383
      vertex 456.52201033003104 3 168.0991376456383
    endloop
  endfacet
  facet normal -0.8910065241883637 0 -0.4539904997395553
    outer loop
      vertex 457.0262506328478 0 167.10951033003107
      vertex 456.52201033003104 3 168.0991376456383
      vertex 457.0262506328478 3 167.10951033003107
    endloop
  endfacet
  facet normal -0.7071067811865476 0 -0.7071067811865476
    outer loop
      vertex 455.73663764563827 0 168.88451033003108
      vertex 455.73663764563827 3 168.88451033003108
      vertex 456.52201033003104 0 168.0991376456383
    endloop
  endfacet
  facet normal -0.7071067811865476 -4.73527597943701e-18 -0.7071067811865476
    outer loop
      vertex 455.73663764563827 3 168.88451033003108
      vertex 456.52201033003104 3 168.0991376456383
      vertex 456.52201033003104 0 168.0991376456383
    endloop
  endfacet
  facet normal 0 -1 0
    outer loop
      vertex 457.2 0 161.01250000000002
      vertex 463.3 0 177.8
      vertex 457.2 0 166.01250000000002
    endloop
  endfacet
  facet normal 0 1 0
    outer loop
      vertex 457.2 3 161.01250000000002
      vertex 457.2 3 166.01250000000002
      vertex 463.3 3 177.8
    endloop
  endfacet
  facet normal 0 -1 0
    outer loop
      vertex 457.2 0 166.01250000000002
      vertex 463.3 0 177.8
      vertex 457.0262506328478 0 167.10951033003107
    endloop
  endfacet
  facet normal 0 -1 0
    outer loop
      vertex 457.0262506328478 0 167.10951033003107
      vertex 463.3 0 177.8
      vertex 456.52201033003104 0 168.0991376456383
    endloop
  endfacet
  facet normal 0 -1 0
    outer loop
      vertex 455.73663764563827 0 168.88451033003108
      vertex 456.52201033003104 0 168.0991376456383
      vertex 463.3 0 177.8
    endloop
  endfacet
  facet normal 0 -1 0
    outer loop
      vertex 454.74701033003106 0 169.3887506328478
      vertex 455.73663764563827 0 168.88451033003108
      vertex 463.3 0 177.8
    endloop
  endfacet
  facet normal 0 1 0
    outer loop
      vertex 457.2 3 166.01250000000002
      vertex 457.0262506328478 3 167.10951033003107
      vertex 463.3 3 177.8
    endloop
  endfacet
  facet normal 0 1 0
    outer loop
      vertex 457.0262506328478 3 167.10951033003107
      vertex 456.52201033003104 3 168.0991376456383
      vertex 463.3 3 177.8
    endloop
  endfacet
  facet normal 0 1 0
    outer loop
      vertex 455.73663764563827 3 168.88451033003108
      vertex 463.3 3 177.8
      vertex 456.52201033003104 3 168.0991376456383
    endloop
  endfacet
  facet normal 0 1 0
    outer loop
      vertex 454.74701033003106 3 169.3887506328478
      vertex 463.3 3 177.8
      vertex 455.73663764563827 3 168.88451033003108
    endloop
  endfacet
  facet normal 0 -1 0
    outer loop
      vertex 444 0 177.8
      vertex 452.55298966996895 0 169.3887506328478
      vertex 453.65 0 169.56250000000003
    endloop
  endfacet
  facet normal 0 -1 0
    outer loop
      vertex 444 0 177.8
      vertex 453.65 0 169.56250000000003
      vertex 454.74701033003106 0 169.3887506328478
    endloop
  endfacet
  facet normal 0 1 0
    outer loop
      vertex 444 3 177.8
      vertex 453.65 3 169.56250000000003
      vertex 452.55298966996895 3 169.3887506328478
    endloop
  endfacet
  facet normal 0 -1 0
    outer loop
      vertex 444 0 177.8
      vertex 454.74701033003106 0 169.3887506328478
      vertex 463.3 0 177.8
    endloop
  endfacet
  facet normal 0 0 1
    outer loop
      vertex 444 0 177.8
      vertex 463.3 0 177.8
      vertex 444 3 177.8
    endloop
  endfacet
  facet normal 0 1 0
    outer loop
      vertex 444 3 177.8
      vertex 463.3 3 177.8
      vertex 453.65 3 169.56250000000003
    endloop
  endfacet
  facet normal 0 1 0
    outer loop
      vertex 454.74701033003106 3 169.3887506328478
      vertex 453.65 3 169.56250000000003
      vertex 463.3 3 177.8
    endloop
  endfacet
  facet normal 0 0 1
    outer loop
      vertex 444 3 177.8
      vertex 463.3 0 177.8
      vertex 463.3 3 177.8
    endloop
  endfacet
  facet normal 0 -1 0
    outer loop
      vertex 0 0 0
      vertex 3 0 3
      vertex 1.5254550418590456 0 88.91681956101294
    endloop
  endfacet
  facet normal 0 0 1
    outer loop
      vertex 3 3 3
      vertex 7.051902961143719 107.05190296114371 3
      vertex 6.535417437700574 107.725 3
    endloop
  endfacet
  facet normal 0 0 1
    outer loop
      vertex 3 3 3
      vertex 7.725 106.53541743770057 3
      vertex 7.051902961143719 107.05190296114371 3
    endloop
  endfacet
  facet normal 0 0 1
    outer loop
      vertex 3 3 3
      vertex 8.508838103416807 106.21074106456052 3
      vertex 7.725 106.53541743770057 3
    endloop
  endfacet
  facet normal 0 0 1
    outer loop
      vertex 3 3 3
      vertex 9.35 106.1 3
      vertex 8.508838103416807 106.21074106456052 3
    endloop
  endfacet
  facet normal 0 0 1
    outer loop
      vertex 3 3 3
      vertex 10.191161896583193 106.21074106456052 3
      vertex 9.35 106.1 3
    endloop
  endfacet
  facet normal 0 0 1
    outer loop
      vertex 3 3 3
      vertex 10.975 106.53541743770057 3
      vertex 10.191161896583193 106.21074106456052 3
    endloop
  endfacet
  facet normal 0 0 1
    outer loop
      vertex 3 3 3
      vertex 11.64809703885628 107.05190296114371 3
      vertex 10.975 106.53541743770057 3
    endloop
  endfacet
  facet normal 0 0 1
    outer loop
      vertex 3 3 3
      vertex 6.210741064560528 108.5088381034168 3
      vertex 6.1 109.35 3
    endloop
  endfacet
  facet normal 0 0 1
    outer loop
      vertex 3 3 3
      vertex 6.535417437700574 107.725 3
      vertex 6.210741064560528 108.5088381034168 3
    endloop
  endfacet
  facet normal 1 0 0
    outer loop
      vertex 3 3 3
      vertex 3 103 9
      vertex 3 103 10.6
    endloop
  endfacet
  facet normal 0 0 1
    outer loop
      vertex 3 3 3
      vertex 6.1 109.35 3
      vertex 6.1 153.8 3
    endloop
  endfacet
  facet normal 0 -1 0
    outer loop
      vertex 3 0 3
      vertex 102.59474411167423 0 35.300000000000004
      vertex 102.3 0 36.400000000000006
    endloop
  endfacet
  facet normal 0 -1 0
    outer loop
      vertex 3 0 3
      vertex 103.4 0 34.494744111674244
      vertex 102.59474411167423 0 35.300000000000004
    endloop
  endfacet
  facet normal 0 -1 0
    outer loop
      vertex 3 0 3
      vertex 104.5 0 34.2
      vertex 103.4 0 34.494744111674244
    endloop
  endfacet
  facet normal 0 1 0
    outer loop
      vertex 3 3 3
      vertex 102.3 3 36.400000000000006
      vertex 102.59474411167423 3 35.300000000000004
    endloop
  endfacet
  facet normal 0 1 0
    outer loop
      vertex 3 3 3
      vertex 102.59474411167423 3 35.300000000000004
      vertex 103.4 3 34.494744111674244
    endloop
  endfacet
  facet normal 0 1 0
    outer loop
      vertex 3 3 3
      vertex 103.4 3 34.494744111674244
      vertex 104.5 3 34.2
    endloop
  endfacet
  facet normal 0 -1 0
    outer loop
      vertex 3 0 3
      vertex 102.3 0 36.400000000000006
      vertex 102.59474411167423 0 37.50000000000001
    endloop
  endfacet
  facet normal 0 -1 0
    outer loop
      vertex 3 0 3
      vertex 102.59474411167423 0 37.50000000000001
      vertex 103.4 0 38.30525588832577
    endloop
  endfacet
  facet normal 0 1 0
    outer loop
      vertex 3 3 3
      vertex 102.59474411167423 3 37.50000000000001
      vertex 102.3 3 36.400000000000006
    endloop
  endfacet
  facet normal 0 1 0
    outer loop
      vertex 3 3 3
      vertex 103.4 3 38.30525588832577
      vertex 102.59474411167423 3 37.50000000000001
    endloop
  endfacet
  facet normal 0 1 0
    outer loop
      vertex 3 3 3
      vertex 105.26274617936795 3 67.46972778755497
      vertex 103.4 3 38.30525588832577
    endloop
  endfacet
  facet normal 0 -1 0
    outer loop
      vertex 3 0 3
      vertex 140.74405807375013 0 35.31134119899631
      vertex 104.5 0 34.2
    endloop
  endfacet
  facet normal 0 1 0
    outer loop
      vertex 3 3 3
      vertex 104.5 3 34.2
      vertex 146.0749419670968 3 33.9760242974191
    endloop
  endfacet
  facet normal 0 -1 0
    outer loop
      vertex 3 0 3
      vertex 103.4 0 38.30525588832577
      vertex 121.47397608683585 0 45.61141461168673
    endloop
  endfacet
  facet normal 0 -1 0
    outer loop
      vertex 3 0 3
      vertex 121.47397608683585 0 45.61141461168673
      vertex 117.40202025355333 0 49.302020253553344
    endloop
  endfacet
  facet normal 0 -1 0
    outer loop
      vertex 3 0 3
      vertex 146.0749419670968 0 33.9760242974191
      vertex 140.74405807375013 0 35.31134119899631
    endloop
  endfacet
  facet normal 0 -1 0
    outer loop
      vertex 3 0 3
      vertex 151.5110401415446 0 33.16965530635698
      vertex 146.0749419670968 0 33.9760242974191
    endloop
  endfacet
  facet normal 0 1 0
    outer loop
      vertex 3 3 3
      vertex 146.0749419670968 3 33.9760242974191
      vertex 151.5110401415446 3 33.16965530635698
    endloop
  endfacet
  facet normal 0 -1 0
    outer loop
      vertex 3 0 3
      vertex 117.40202025355333 0 49.302020253553344
      vertex 113.71141461168673 0 53.37397608683586
    endloop
  endfacet
  facet normal 0 -1 0
    outer loop
      vertex 3 0 3
      vertex 113.71141461168673 0 53.37397608683586
      vertex 110.43770171105746 0 57.788066950902284
    endloop
  endfacet
  facet normal 0 -1 0
    outer loop
      vertex 3 0 3
      vertex 110.43770171105746 0 57.788066950902284
      vertex 107.61240919649211 0 62.501782737744136
    endloop
  endfacet
  facet normal 0 -1 0
    outer loop
      vertex 3 0 3
      vertex 107.61240919649211 0 62.501782737744136
      vertex 105.26274617936795 0 67.46972778755497
    endloop
  endfacet
  facet normal 0 0 1
    outer loop
      vertex 3 3 3
      vertex 132.45190296114373 107.05190296114371 3
      vertex 11.64809703885628 107.05190296114371 3
    endloop
  endfacet
  facet normal 0 0 1
    outer loop
      vertex 3 3 3
      vertex 133.9088381034168 106.21074106456052 3
      vertex 133.125 106.53541743770057 3
    endloop
  endfacet
  facet normal 0 0 1
    outer loop
      vertex 3 3 3
      vertex 133.125 106.53541743770057 3
      vertex 132.45190296114373 107.05190296114371 3
    endloop
  endfacet
  facet normal 0 0 1
    outer loop
      vertex 3 3 3
      vertex 134.75 106.1 3
      vertex 133.9088381034168 106.21074106456052 3
    endloop
  endfacet
  facet normal 0 0 1
    outer loop
      vertex 3 3 3
      vertex 135.5911618965832 106.21074106456052 3
      vertex 134.75 106.1 3
    endloop
  endfacet
  facet normal 0 0 1
    outer loop
      vertex 3 3 3
      vertex 136.375 106.53541743770057 3
      vertex 135.5911618965832 106.21074106456052 3
    endloop
  endfacet
  facet normal 0 0 1
    outer loop
      vertex 3 3 3
      vertex 137.04809703885627 107.05190296114371 3
      vertex 136.375 106.53541743770057 3
    endloop
  endfacet
  facet normal 1 0 0
    outer loop
      vertex 3 3 3
      vertex 3 103 10.6
      vertex 3 3 177.8
    endloop
  endfacet
  facet normal 0 -1 0
    outer loop
      vertex 3 0 3
      vertex 102.0760242974191 0 77.97494196709683
      vertex 1.5254550418590456 0 88.91681956101294
    endloop
  endfacet
  facet normal 0 -1 0
    outer loop
      vertex 3 0 3
      vertex 105.26274617936795 0 67.46972778755497
      vertex 103.4113411989963 0 72.64405807375012
    endloop
  endfacet
  facet normal 0 1 0
    outer loop
      vertex 3 3 3
      vertex 103.4113411989963 3 72.64405807375012
      vertex 105.26274617936795 3 67.46972778755497
    endloop
  endfacet
  facet normal 0 -1 0
    outer loop
      vertex 3 0 3
      vertex 103.4113411989963 0 72.64405807375012
      vertex 102.0760242974191 0 77.97494196709683
    endloop
  endfacet
  facet normal 0 1 0
    outer loop
      vertex 3 3 3
      vertex 102.0760242974191 3 77.97494196709683
      vertex 103.4113411989963 3 72.64405807375012
    endloop
  endfacet
  facet normal 0 1 0
    outer loop
      vertex 3 3 3
      vertex 101.26965530635698 3 83.41104014154462
      vertex 102.0760242974191 3 77.97494196709683
    endloop
  endfacet
  facet normal 0 1 0
    outer loop
      vertex 3 3 3
      vertex 101 3 88.9
      vertex 101.26965530635698 3 83.41104014154462
    endloop
  endfacet
  facet normal 0 1 0
    outer loop
      vertex 3 3 3
      vertex 101.26965530635698 3 94.3889598584554
      vertex 101 3 88.9
    endloop
  endfacet
  facet normal 0 1 0
    outer loop
      vertex 3 3 3
      vertex 102.0760242974191 3 99.82505803290319
      vertex 101.26965530635698 3 94.3889598584554
    endloop
  endfacet
  facet normal 0.9987954562051722 0 0.04906767432741924
    outer loop
      vertex 101.26965530635698 0 83.41104014154462
      vertex 101.26965530635698 3 83.41104014154462
      vertex 101 0 88.9
    endloop
  endfacet
  facet normal 0.9987954562051722 -2.522979937260881e-18 0.04906767432741924
    outer loop
      vertex 101.26965530635698 3 83.41104014154462
      vertex 101 3 88.9
      vertex 101 0 88.9
    endloop
  endfacet
  facet normal -0.13052619222005196 -0.9914448613738105 7.791129442783704e-19
    outer loop
      vertex 8.508838103416807 106.21074106456052 3
      vertex 9.35 106.1 3
      vertex 9.35 106.1 9
    endloop
  endfacet
  facet normal 0.13052619222005196 -0.9914448613738105 -7.791129442783704e-19
    outer loop
      vertex 9.35 106.1 3
      vertex 10.191161896583193 106.21074106456052 3
      vertex 10.191161896583193 106.21074106456052 9
    endloop
  endfacet
  facet normal -0.7933533402912376 -0.6087614290087173 4.998559441217571e-18
    outer loop
      vertex 7.051902961143719 107.05190296114371 3
      vertex 6.535417437700574 107.725 9
      vertex 6.535417437700574 107.725 3
    endloop
  endfacet
  facet normal -0.9914448613738103 -0.13052619222005277 -5.170083738957161e-19
    outer loop
      vertex 6.210741064560528 108.5088381034168 3
      vertex 6.1 109.35 9
      vertex 6.1 109.35 3
    endloop
  endfacet
  facet normal -0.9238795325112875 -0.38268343236508756 -3.588250453501879e-18
    outer loop
      vertex 6.535417437700574 107.725 3
      vertex 6.210741064560528 108.5088381034168 9
      vertex 6.210741064560528 108.5088381034168 3
    endloop
  endfacet
  facet normal -0.9914448613738103 0.13052619222005277 5.170083738957161e-19
    outer loop
      vertex 6.1 109.35 3
      vertex 6.210741064560528 110.19116189658318 9
      vertex 6.210741064560528 110.19116189658318 3
    endloop
  endfacet
  facet normal -0.9238795325112875 0.38268343236508756 3.588250453501879e-18
    outer loop
      vertex 6.210741064560528 110.19116189658318 3
      vertex 6.535417437700574 110.975 9
      vertex 6.535417437700574 110.975 3
    endloop
  endfacet
  facet normal -0.7933533402912376 0.6087614290087173 -4.998559441217571e-18
    outer loop
      vertex 6.535417437700574 110.975 3
      vertex 7.051902961143719 111.64809703885628 9
      vertex 7.051902961143719 111.64809703885628 3
    endloop
  endfacet
  facet normal 0 0 1
    outer loop
      vertex 8.218629150101524 108.21862915010152 3
      vertex 8.737706508215856 107.87179274798194 3
      vertex 8.737706508215856 110.82820725201805 3
    endloop
  endfacet
  facet normal 0 0 1
    outer loop
      vertex 8.737706508215856 107.87179274798194 3
      vertex 9.35 107.75 3
      vertex 9.962293491784143 110.82820725201805 3
    endloop
  endfacet
  facet normal 0 0 1
    outer loop
      vertex 9.35 107.75 3
      vertex 9.962293491784143 107.87179274798194 3
      vertex 9.962293491784143 110.82820725201805 3
    endloop
  endfacet
  facet normal 0 0 1
    outer loop
      vertex 9.962293491784143 107.87179274798194 3
      vertex 10.481370849898475 108.21862915010152 3
      vertex 10.95 109.35 3
    endloop
  endfacet
  facet normal 0 0 1
    outer loop
      vertex 10.481370849898475 108.21862915010152 3
      vertex 10.828207252018059 108.73770650821585 3
      vertex 10.95 109.35 3
    endloop
  endfacet
  facet normal 0 0 1
    outer loop
      vertex 9.962293491784143 107.87179274798194 3
      vertex 10.95 109.35 3
      vertex 10.828207252018059 109.96229349178414 3
    endloop
  endfacet
  facet normal -0.6087614290087134 -0.7933533402912406 4.7918816893443756e-18
    outer loop
      vertex 7.051902961143719 107.05190296114371 3
      vertex 7.725 106.53541743770057 3
      vertex 7.725 106.53541743770057 9
    endloop
  endfacet
  facet normal -0.3826834323650943 -0.9238795325112849 0
    outer loop
      vertex 8.508838103416807 106.21074106456052 3
      vertex 8.508838103416807 106.21074106456052 9
      vertex 7.725 106.53541743770057 3
    endloop
  endfacet
  facet normal 0.8314696123025437 0.5555702330196045 0
    outer loop
      vertex 7.8717927479819405 108.73770650821585 3
      vertex 7.8717927479819405 108.73770650821585 9
      vertex 8.218629150101524 108.21862915010152 3
    endloop
  endfacet
  facet normal 0.5555702330195973 0.8314696123025485 0
    outer loop
      vertex 8.218629150101524 108.21862915010152 3
      vertex 8.218629150101524 108.21862915010152 9
      vertex 8.737706508215856 107.87179274798194 3
    endloop
  endfacet
  facet normal 0.19509032201613002 0.9807852804032301 0
    outer loop
      vertex 8.737706508215856 107.87179274798194 3
      vertex 8.737706508215856 107.87179274798194 9
      vertex 9.35 107.75 3
    endloop
  endfacet
  facet normal 0.3826834323650943 -0.9238795325112849 -1.448500202991304e-18
    outer loop
      vertex 10.191161896583193 106.21074106456052 3
      vertex 10.975 106.53541743770057 3
      vertex 10.975 106.53541743770057 9
    endloop
  endfacet
  facet normal -0.19509032201613002 0.9807852804032301 0
    outer loop
      vertex 9.35 107.75 3
      vertex 9.35 107.75 9
      vertex 9.962293491784143 107.87179274798194 3
    endloop
  endfacet
  facet normal -0.5555702330195973 0.8314696123025485 0
    outer loop
      vertex 9.962293491784143 107.87179274798194 3
      vertex 9.962293491784143 107.87179274798194 9
      vertex 10.481370849898475 108.21862915010152 3
    endloop
  endfacet
  facet normal -0.8314696123025437 0.5555702330196045 0
    outer loop
      vertex 10.481370849898475 108.21862915010152 3
      vertex 10.481370849898475 108.21862915010152 9
      vertex 10.828207252018059 108.73770650821585 3
    endloop
  endfacet
  facet normal 0 0 1
    outer loop
      vertex 7.8717927479819405 108.73770650821585 3
      vertex 8.218629150101524 110.48137084989847 3
      vertex 7.75 109.35 3
    endloop
  endfacet
  facet normal 0 0 1
    outer loop
      vertex 7.75 109.35 3
      vertex 8.218629150101524 110.48137084989847 3
      vertex 7.8717927479819405 109.96229349178414 3
    endloop
  endfacet
  facet normal 0 0 1
    outer loop
      vertex 7.8717927479819405 108.73770650821585 3
      vertex 8.218629150101524 108.21862915010152 3
      vertex 8.218629150101524 110.48137084989847 3
    endloop
  endfacet
  facet normal 0 0 1
    outer loop
      vertex 8.218629150101524 108.21862915010152 3
      vertex 8.737706508215856 110.82820725201805 3
      vertex 8.218629150101524 110.48137084989847 3
    endloop
  endfacet
  facet normal 0 0 1
    outer loop
      vertex 8.737706508215856 107.87179274798194 3
      vertex 9.35 110.94999999999999 3
      vertex 8.737706508215856 110.82820725201805 3
    endloop
  endfacet
  facet normal 0 0 1
    outer loop
      vertex 8.737706508215856 107.87179274798194 3
      vertex 9.962293491784143 110.82820725201805 3
      vertex 9.35 110.94999999999999 3
    endloop
  endfacet
  facet normal 0 0 1
    outer loop
      vertex 9.962293491784143 107.87179274798194 3
      vertex 10.481370849898475 110.48137084989847 3
      vertex 9.962293491784143 110.82820725201805 3
    endloop
  endfacet
  facet normal 0 0 1
    outer loop
      vertex 9.962293491784143 107.87179274798194 3
      vertex 10.828207252018059 109.96229349178414 3
      vertex 10.481370849898475 110.48137084989847 3
    endloop
  endfacet
  facet normal 0.9807852804032307 0.1950903220161273 -1.1229914379268943e-18
    outer loop
      vertex 7.8717927479819405 108.73770650821585 3
      vertex 7.75 109.35 3
      vertex 7.75 109.35 9
    endloop
  endfacet
  facet normal 0.9807852804032307 -0.1950903220161273 1.1229914379268943e-18
    outer loop
      vertex 7.75 109.35 3
      vertex 7.8717927479819405 109.96229349178414 3
      vertex 7.8717927479819405 109.96229349178414 9
    endloop
  endfacet
  facet normal 0.8314696123025437 -0.5555702330196045 1.8601536494458442e-18
    outer loop
      vertex 7.8717927479819405 109.96229349178414 3
      vertex 8.218629150101524 110.48137084989847 3
      vertex 8.218629150101524 110.48137084989847 9
    endloop
  endfacet
  facet normal -0.6087614290087134 0.7933533402912406 0
    outer loop
      vertex 7.051902961143719 111.64809703885628 3
      vertex 7.051902961143719 111.64809703885628 9
      vertex 7.725 112.16458256229942 3
    endloop
  endfacet
  facet normal 0.5555702330195973 -0.8314696123025485 -1.587850854107661e-18
    outer loop
      vertex 8.218629150101524 110.48137084989847 3
      vertex 8.737706508215856 110.82820725201805 3
      vertex 8.737706508215856 110.82820725201805 9
    endloop
  endfacet
  facet normal -0.8314696123025437 -0.5555702330196045 0
    outer loop
      vertex 10.828207252018059 109.96229349178414 3
      vertex 10.828207252018059 109.96229349178414 9
      vertex 10.481370849898475 110.48137084989847 3
    endloop
  endfacet
  facet normal 0.19509032201613002 -0.9807852804032301 -1.197916705114116e-18
    outer loop
      vertex 8.737706508215856 110.82820725201805 3
      vertex 9.35 110.94999999999999 3
      vertex 9.35 110.94999999999999 9
    endloop
  endfacet
  facet normal -0.19509032201613002 -0.9807852804032301 1.197916705114116e-18
    outer loop
      vertex 9.35 110.94999999999999 3
      vertex 9.962293491784143 110.82820725201805 3
      vertex 9.962293491784143 110.82820725201805 9
    endloop
  endfacet
  facet normal -0.5555702330195973 -0.8314696123025485 1.587850854107661e-18
    outer loop
      vertex 9.962293491784143 110.82820725201805 3
      vertex 10.481370849898475 110.48137084989847 3
      vertex 10.481370849898475 110.48137084989847 9
    endloop
  endfacet
  facet normal -0.13052619222005196 -0.9914448613738105 0
    outer loop
      vertex 8.508838103416807 106.21074106456052 3
      vertex 9.35 106.1 9
      vertex 8.508838103416807 106.21074106456052 9
    endloop
  endfacet
  facet normal 0.13052619222005196 -0.9914448613738105 0
    outer loop
      vertex 9.35 106.1 3
      vertex 10.191161896583193 106.21074106456052 9
      vertex 9.35 106.1 9
    endloop
  endfacet
  facet normal -0.7933533402912376 -0.6087614290087173 0
    outer loop
      vertex 7.051902961143719 107.05190296114371 3
      vertex 7.051902961143719 107.05190296114371 9
      vertex 6.535417437700574 107.725 9
    endloop
  endfacet
  facet normal -0.9238795325112875 -0.38268343236508756 0
    outer loop
      vertex 6.535417437700574 107.725 3
      vertex 6.535417437700574 107.725 9
      vertex 6.210741064560528 108.5088381034168 9
    endloop
  endfacet
  facet normal -0.9914448613738103 -0.13052619222005277 0
    outer loop
      vertex 6.210741064560528 108.5088381034168 3
      vertex 6.210741064560528 108.5088381034168 9
      vertex 6.1 109.35 9
    endloop
  endfacet
  facet normal -0.9914448613738103 0.13052619222005277 0
    outer loop
      vertex 6.1 109.35 3
      vertex 6.1 109.35 9
      vertex 6.210741064560528 110.19116189658318 9
    endloop
  endfacet
  facet normal -0.9238795325112875 0.38268343236508756 0
    outer loop
      vertex 6.210741064560528 110.19116189658318 3
      vertex 6.210741064560528 110.19116189658318 9
      vertex 6.535417437700574 110.975 9
    endloop
  endfacet
  facet normal -0.7933533402912376 0.6087614290087173 0
    outer loop
      vertex 6.535417437700574 110.975 3
      vertex 6.535417437700574 110.975 9
      vertex 7.051902961143719 111.64809703885628 9
    endloop
  endfacet
  facet normal -0.6087614290087134 -0.7933533402912406 0
    outer loop
      vertex 7.051902961143719 107.05190296114371 3
      vertex 7.725 106.53541743770057 9
      vertex 7.051902961143719 107.05190296114371 9
    endloop
  endfacet
  facet normal -0.3826834323650943 -0.9238795325112849 0
    outer loop
      vertex 7.725 106.53541743770057 3
      vertex 8.508838103416807 106.21074106456052 9
      vertex 7.725 106.53541743770057 9
    endloop
  endfacet
  facet normal 0.9807852804032307 0.1950903220161273 0
    outer loop
      vertex 7.8717927479819405 108.73770650821585 3
      vertex 7.75 109.35 9
      vertex 7.8717927479819405 108.73770650821585 9
    endloop
  endfacet
  facet normal 0.5555702330195973 0.8314696123025485 0
    outer loop
      vertex 8.737706508215856 107.87179274798194 3
      vertex 8.218629150101524 108.21862915010152 9
      vertex 8.737706508215856 107.87179274798194 9
    endloop
  endfacet
  facet normal 0.8314696123025437 0.5555702330196045 0
    outer loop
      vertex 8.218629150101524 108.21862915010152 3
      vertex 7.8717927479819405 108.73770650821585 9
      vertex 8.218629150101524 108.21862915010152 9
    endloop
  endfacet
  facet normal 0.3826834323650943 -0.9238795325112849 0
    outer loop
      vertex 10.191161896583193 106.21074106456052 3
      vertex 10.975 106.53541743770057 9
      vertex 10.191161896583193 106.21074106456052 9
    endloop
  endfacet
  facet normal 0.19509032201613002 0.9807852804032301 0
    outer loop
      vertex 9.35 107.75 3
      vertex 8.737706508215856 107.87179274798194 9
      vertex 9.35 107.75 9
    endloop
  endfacet
  facet normal -0.19509032201613002 0.9807852804032301 0
    outer loop
      vertex 9.962293491784143 107.87179274798194 3
      vertex 9.35 107.75 9
      vertex 9.962293491784143 107.87179274798194 9
    endloop
  endfacet
  facet normal -0.5555702330195973 0.8314696123025485 0
    outer loop
      vertex 10.481370849898475 108.21862915010152 3
      vertex 9.962293491784143 107.87179274798194 9
      vertex 10.481370849898475 108.21862915010152 9
    endloop
  endfacet
  facet normal -0.8314696123025437 0.5555702330196045 0
    outer loop
      vertex 10.828207252018059 108.73770650821585 3
      vertex 10.481370849898475 108.21862915010152 9
      vertex 10.828207252018059 108.73770650821585 9
    endloop
  endfacet
  facet normal 0.9807852804032307 -0.1950903220161273 0
    outer loop
      vertex 7.75 109.35 3
      vertex 7.8717927479819405 109.96229349178414 9
      vertex 7.75 109.35 9
    endloop
  endfacet
  facet normal 0.8314696123025437 -0.5555702330196045 0
    outer loop
      vertex 7.8717927479819405 109.96229349178414 3
      vertex 8.218629150101524 110.48137084989847 9
      vertex 7.8717927479819405 109.96229349178414 9
    endloop
  endfacet
  facet normal 0.5555702330195973 -0.8314696123025485 0
    outer loop
      vertex 8.218629150101524 110.48137084989847 3
      vertex 8.737706508215856 110.82820725201805 9
      vertex 8.218629150101524 110.48137084989847 9
    endloop
  endfacet
  facet normal 0.19509032201613002 -0.9807852804032301 0
    outer loop
      vertex 8.737706508215856 110.82820725201805 3
      vertex 9.35 110.94999999999999 9
      vertex 8.737706508215856 110.82820725201805 9
    endloop
  endfacet
  facet normal -0.8314696123025437 -0.5555702330196045 0
    outer loop
      vertex 10.481370849898475 110.48137084989847 3
      vertex 10.828207252018059 109.96229349178414 9
      vertex 10.481370849898475 110.48137084989847 9
    endloop
  endfacet
  facet normal -0.19509032201613002 -0.9807852804032301 0
    outer loop
      vertex 9.35 110.94999999999999 3
      vertex 9.962293491784143 110.82820725201805 9
      vertex 9.35 110.94999999999999 9
    endloop
  endfacet
  facet normal -0.5555702330195973 -0.8314696123025485 0
    outer loop
      vertex 9.962293491784143 110.82820725201805 3
      vertex 10.481370849898475 110.48137084989847 9
      vertex 9.962293491784143 110.82820725201805 9
    endloop
  endfacet
  facet normal -0.3826834323650943 0.9238795325112849 0
    outer loop
      vertex 7.725 112.16458256229942 3
      vertex 7.725 112.16458256229942 9
      vertex 8.508838103416807 112.48925893543947 3
    endloop
  endfacet
  facet normal -0.13052619222005196 0.9914448613738105 0
    outer loop
      vertex 8.508838103416807 112.48925893543947 3
      vertex 8.508838103416807 112.48925893543947 9
      vertex 9.35 112.6 3
    endloop
  endfacet
  facet normal 0.13052619222005196 0.9914448613738105 0
    outer loop
      vertex 9.35 112.6 3
      vertex 9.35 112.6 9
      vertex 10.191161896583193 112.48925893543947 3
    endloop
  endfacet
  facet normal 0.3826834323650943 0.9238795325112849 0
    outer loop
      vertex 10.191161896583193 112.48925893543947 3
      vertex 10.191161896583193 112.48925893543947 9
      vertex 10.975 112.16458256229942 3
    endloop
  endfacet
  facet normal -0.6087614290087134 0.7933533402912406 0
    outer loop
      vertex 7.725 112.16458256229942 3
      vertex 7.051902961143719 111.64809703885628 9
      vertex 7.725 112.16458256229942 9
    endloop
  endfacet
  facet normal -0.3826834323650943 0.9238795325112849 0
    outer loop
      vertex 8.508838103416807 112.48925893543947 3
      vertex 7.725 112.16458256229942 9
      vertex 8.508838103416807 112.48925893543947 9
    endloop
  endfacet
  facet normal -0.13052619222005196 0.9914448613738105 0
    outer loop
      vertex 9.35 112.6 3
      vertex 8.508838103416807 112.48925893543947 9
      vertex 9.35 112.6 9
    endloop
  endfacet
  facet normal 0.13052619222005196 0.9914448613738105 0
    outer loop
      vertex 10.191161896583193 112.48925893543947 3
      vertex 9.35 112.6 9
      vertex 10.191161896583193 112.48925893543947 9
    endloop
  endfacet
  facet normal 0.3826834323650943 0.9238795325112849 0
    outer loop
      vertex 10.975 112.16458256229942 3
      vertex 10.191161896583193 112.48925893543947 9
      vertex 10.975 112.16458256229942 9
    endloop
  endfacet
  facet normal 0 0 1
    outer loop
      vertex 6.1 109.35 3
      vertex 6.210741064560528 110.19116189658318 3
      vertex 6.210741064560528 152.9588381034168 3
    endloop
  endfacet
  facet normal 0 0 1
    outer loop
      vertex 6.210741064560528 110.19116189658318 3
      vertex 6.535417437700574 110.975 3
      vertex 6.210741064560528 152.9588381034168 3
    endloop
  endfacet
  facet normal 0 0 1
    outer loop
      vertex 6.535417437700574 110.975 3
      vertex 7.051902961143719 111.64809703885628 3
      vertex 6.535417437700574 152.175 3
    endloop
  endfacet
  facet normal 0 0 1
    outer loop
      vertex 7.051902961143719 111.64809703885628 3
      vertex 7.725 112.16458256229942 3
      vertex 7.725 150.9854174377006 3
    endloop
  endfacet
  facet normal 0 0 1
    outer loop
      vertex 7.725 112.16458256229942 3
      vertex 8.508838103416807 112.48925893543947 3
      vertex 8.508838103416807 150.66074106456054 3
    endloop
  endfacet
  facet normal 0 0 1
    outer loop
      vertex 8.508838103416807 112.48925893543947 3
      vertex 9.35 112.6 3
      vertex 9.35 150.55 3
    endloop
  endfacet
  facet normal 0 0 1
    outer loop
      vertex 9.35 112.6 3
      vertex 10.191161896583193 112.48925893543947 3
      vertex 10.191161896583193 150.66074106456054 3
    endloop
  endfacet
  facet normal 0.6087614290087134 -0.7933533402912406 -4.7918816893443756e-18
    outer loop
      vertex 10.975 106.53541743770057 3
      vertex 11.64809703885628 107.05190296114371 3
      vertex 11.64809703885628 107.05190296114371 9
    endloop
  endfacet
  facet normal 0.7933533402912372 -0.6087614290087181 0
    outer loop
      vertex 11.64809703885628 107.05190296114371 3
      vertex 12.164582562299426 107.725 3
      vertex 11.64809703885628 107.05190296114371 9
    endloop
  endfacet
  facet normal -0.9807852804032307 0.1950903220161273 0
    outer loop
      vertex 10.828207252018059 108.73770650821585 3
      vertex 10.828207252018059 108.73770650821585 9
      vertex 10.95 109.35 3
    endloop
  endfacet
  facet normal 0.9238795325112881 -0.38268343236508673 0
    outer loop
      vertex 12.164582562299426 107.725 3
      vertex 12.489258935439471 108.5088381034168 3
      vertex 12.164582562299426 107.725 9
    endloop
  endfacet
  facet normal 0.9914448613738103 -0.13052619222005277 0
    outer loop
      vertex 12.489258935439471 108.5088381034168 3
      vertex 12.6 109.35 3
      vertex 12.489258935439471 108.5088381034168 9
    endloop
  endfacet
  facet normal -0.9807852804032307 -0.1950903220161273 -1.1229914379268943e-18
    outer loop
      vertex 10.828207252018059 109.96229349178414 3
      vertex 10.95 109.35 3
      vertex 10.95 109.35 9
    endloop
  endfacet
  facet normal 0.9914448613738103 0.13052619222005277 0
    outer loop
      vertex 12.6 109.35 3
      vertex 12.489258935439471 110.19116189658318 3
      vertex 12.6 109.35 9
    endloop
  endfacet
  facet normal 0.9238795325112881 0.38268343236508673 0
    outer loop
      vertex 12.489258935439471 110.19116189658318 3
      vertex 12.164582562299426 110.975 3
      vertex 12.489258935439471 110.19116189658318 9
    endloop
  endfacet
  facet normal 0.7933533402912372 0.6087614290087181 -3.393262888245659e-18
    outer loop
      vertex 11.64809703885628 111.64809703885628 3
      vertex 12.164582562299426 110.975 9
      vertex 12.164582562299426 110.975 3
    endloop
  endfacet
  facet normal 0.6087614290087134 -0.7933533402912406 0
    outer loop
      vertex 10.975 106.53541743770057 3
      vertex 11.64809703885628 107.05190296114371 9
      vertex 10.975 106.53541743770057 9
    endloop
  endfacet
  facet normal 0.7933533402912372 -0.6087614290087181 0
    outer loop
      vertex 12.164582562299426 107.725 3
      vertex 12.164582562299426 107.725 9
      vertex 11.64809703885628 107.05190296114371 9
    endloop
  endfacet
  facet normal 0.9238795325112881 -0.38268343236508673 0
    outer loop
      vertex 12.489258935439471 108.5088381034168 3
      vertex 12.489258935439471 108.5088381034168 9
      vertex 12.164582562299426 107.725 9
    endloop
  endfacet
  facet normal 0.9914448613738103 -0.13052619222005277 0
    outer loop
      vertex 12.6 109.35 3
      vertex 12.6 109.35 9
      vertex 12.489258935439471 108.5088381034168 9
    endloop
  endfacet
  facet normal -0.9807852804032307 0.1950903220161273 0
    outer loop
      vertex 10.95 109.35 3
      vertex 10.828207252018059 108.73770650821585 9
      vertex 10.95 109.35 9
    endloop
  endfacet
  facet normal -0.9807852804032307 -0.1950903220161273 0
    outer loop
      vertex 10.828207252018059 109.96229349178414 3
      vertex 10.95 109.35 9
      vertex 10.828207252018059 109.96229349178414 9
    endloop
  endfacet
  facet normal 0.9914448613738103 0.13052619222005277 0
    outer loop
      vertex 12.489258935439471 110.19116189658318 3
      vertex 12.489258935439471 110.19116189658318 9
      vertex 12.6 109.35 9
    endloop
  endfacet
  facet normal 0.6087614290087134 0.7933533402912406 0
    outer loop
      vertex 11.64809703885628 111.64809703885628 3
      vertex 10.975 112.16458256229942 9
      vertex 11.64809703885628 111.64809703885628 9
    endloop
  endfacet
  facet normal 0.9238795325112881 0.38268343236508673 0
    outer loop
      vertex 12.164582562299426 110.975 3
      vertex 12.164582562299426 110.975 9
      vertex 12.489258935439471 110.19116189658318 9
    endloop
  endfacet
  facet normal 0.7933533402912372 0.6087614290087181 0
    outer loop
      vertex 11.64809703885628 111.64809703885628 3
      vertex 11.64809703885628 111.64809703885628 9
      vertex 12.164582562299426 110.975 9
    endloop
  endfacet
  facet normal 0 0 -1
    outer loop
      vertex 0 0 0
      vertex 0 3 0
      vertex 34.52841475573292 347.2333000997009 0
    endloop
  endfacet
  facet normal 0.6087614290087134 0.7933533402912406 4.7918816893443756e-18
    outer loop
      vertex 11.64809703885628 111.64809703885628 3
      vertex 10.975 112.16458256229942 3
      vertex 10.975 112.16458256229942 9
    endloop
  endfacet
  facet normal 0 0 1
    outer loop
      vertex 3 3 3
      vertex 6.1 153.8 3
      vertex 6.210741064560528 259.63883810341684 3
    endloop
  endfacet
  facet normal 0 0 1
    outer loop
      vertex 7.051902961143719 111.64809703885628 3
      vertex 7.051902961143719 151.50190296114374 3
      vertex 6.535417437700574 152.175 3
    endloop
  endfacet
  facet normal 0 0 1
    outer loop
      vertex 6.1 109.35 3
      vertex 6.210741064560528 152.9588381034168 3
      vertex 6.1 153.8 3
    endloop
  endfacet
  facet normal 0 0 1
    outer loop
      vertex 6.535417437700574 110.975 3
      vertex 6.535417437700574 152.175 3
      vertex 6.210741064560528 152.9588381034168 3
    endloop
  endfacet
  facet normal 0 0 1
    outer loop
      vertex 7.051902961143719 111.64809703885628 3
      vertex 7.725 150.9854174377006 3
      vertex 7.051902961143719 151.50190296114374 3
    endloop
  endfacet
  facet normal 0 0 1
    outer loop
      vertex 7.725 112.16458256229942 3
      vertex 8.508838103416807 150.66074106456054 3
      vertex 7.725 150.9854174377006 3
    endloop
  endfacet
  facet normal 0 0 1
    outer loop
      vertex 8.508838103416807 112.48925893543947 3
      vertex 9.35 150.55 3
      vertex 8.508838103416807 150.66074106456054 3
    endloop
  endfacet
  facet normal 0 0 1
    outer loop
      vertex 9.35 112.6 3
      vertex 10.191161896583193 150.66074106456054 3
      vertex 9.35 150.55 3
    endloop
  endfacet
  facet normal 1 0 0
    outer loop
      vertex 3 3 3
      vertex 3 347 3
      vertex 3 103 9
    endloop
  endfacet
  facet normal -0.3826834323650943 -0.9238795325112849 1.448500202991304e-18
    outer loop
      vertex 7.725 150.9854174377006 3
      vertex 8.508838103416807 150.66074106456054 3
      vertex 8.508838103416807 150.66074106456054 9
    endloop
  endfacet
  facet normal -0.13052619222005196 -0.9914448613738105 7.791129442783704e-19
    outer loop
      vertex 8.508838103416807 150.66074106456054 3
      vertex 9.35 150.55 3
      vertex 9.35 150.55 9
    endloop
  endfacet
  facet normal 0.13052619222005196 -0.9914448613738105 -7.791129442783704e-19
    outer loop
      vertex 9.35 150.55 3
      vertex 10.191161896583193 150.66074106456054 3
      vertex 10.191161896583193 150.66074106456054 9
    endloop
  endfacet
  facet normal 0.3826834323650943 -0.9238795325112849 -1.448500202991304e-18
    outer loop
      vertex 10.191161896583193 150.66074106456054 3
      vertex 10.975 150.9854174377006 3
      vertex 10.975 150.9854174377006 9
    endloop
  endfacet
  facet normal -0.7933533402912313 -0.6087614290087254 -3.50398349682102e-18
    outer loop
      vertex 7.051902961143719 151.50190296114374 3
      vertex 6.535417437700574 152.175 9
      vertex 6.535417437700574 152.175 3
    endloop
  endfacet
  facet normal -0.9914448613738106 -0.1305261922200506 0
    outer loop
      vertex 6.1 153.8 3
      vertex 6.210741064560528 152.9588381034168 3
      vertex 6.1 153.8 9
    endloop
  endfacet
  facet normal -0.9238795325112852 -0.38268343236509356 -2.310735770207284e-18
    outer loop
      vertex 6.535417437700574 152.175 3
      vertex 6.210741064560528 152.9588381034168 9
      vertex 6.210741064560528 152.9588381034168 3
    endloop
  endfacet
  facet normal -0.9914448613738106 0.1305261922200506 -1.121847413271527e-18
    outer loop
      vertex 6.1 153.8 3
      vertex 6.210741064560528 154.6411618965832 9
      vertex 6.210741064560528 154.6411618965832 3
    endloop
  endfacet
  facet normal -0.9238795325112852 0.38268343236509356 2.310735770207284e-18
    outer loop
      vertex 6.210741064560528 154.6411618965832 3
      vertex 6.535417437700574 155.425 9
      vertex 6.535417437700574 155.425 3
    endloop
  endfacet
  facet normal -0.7933533402912313 0.6087614290087254 3.50398349682102e-18
    outer loop
      vertex 6.535417437700574 155.425 3
      vertex 7.051902961143719 156.09809703885628 9
      vertex 7.051902961143719 156.09809703885628 3
    endloop
  endfacet
  facet normal 0 0 1
    outer loop
      vertex 7.8717927479819405 153.18770650821585 3
      vertex 8.218629150101524 152.66862915010154 3
      vertex 7.75 153.8 3
    endloop
  endfacet
  facet normal 0 0 1
    outer loop
      vertex 8.737706508215856 152.32179274798196 3
      vertex 7.75 153.8 3
      vertex 8.218629150101524 152.66862915010154 3
    endloop
  endfacet
  facet normal 0 0 1
    outer loop
      vertex 8.737706508215856 152.32179274798196 3
      vertex 7.8717927479819405 154.41229349178417 3
      vertex 7.75 153.8 3
    endloop
  endfacet
  facet normal 0 0 1
    outer loop
      vertex 8.737706508215856 152.32179274798196 3
      vertex 9.35 152.20000000000002 3
      vertex 9.962293491784143 155.27820725201806 3
    endloop
  endfacet
  facet normal 0 0 1
    outer loop
      vertex 9.962293491784143 152.32179274798196 3
      vertex 10.481370849898475 152.66862915010154 3
      vertex 10.95 153.8 3
    endloop
  endfacet
  facet normal 0 0 1
    outer loop
      vertex 9.35 152.20000000000002 3
      vertex 9.962293491784143 152.32179274798196 3
      vertex 10.481370849898475 154.93137084989849 3
    endloop
  endfacet
  facet normal 0 0 1
    outer loop
      vertex 10.481370849898475 152.66862915010154 3
      vertex 10.828207252018059 153.18770650821585 3
      vertex 10.95 153.8 3
    endloop
  endfacet
  facet normal 0 0 1
    outer loop
      vertex 9.962293491784143 152.32179274798196 3
      vertex 10.95 153.8 3
      vertex 10.828207252018059 154.41229349178417 3
    endloop
  endfacet
  facet normal -0.6087614290087241 -0.7933533402912325 0
    outer loop
      vertex 7.725 150.9854174377006 3
      vertex 7.725 150.9854174377006 9
      vertex 7.051902961143719 151.50190296114374 3
    endloop
  endfacet
  facet normal 0.19509032201613002 0.9807852804032301 0
    outer loop
      vertex 8.737706508215856 152.32179274798196 3
      vertex 8.737706508215856 152.32179274798196 9
      vertex 9.35 152.20000000000002 3
    endloop
  endfacet
  facet normal 0.8314696123025367 0.5555702330196151 0
    outer loop
      vertex 7.8717927479819405 153.18770650821585 3
      vertex 7.8717927479819405 153.18770650821585 9
      vertex 8.218629150101524 152.66862915010154 3
    endloop
  endfacet
  facet normal 0.9807852804032315 0.19509032201612295 -6.99458004531974e-20
    outer loop
      vertex 7.8717927479819405 153.18770650821585 3
      vertex 7.75 153.8 3
      vertex 7.75 153.8 9
    endloop
  endfacet
  facet normal 0.5555702330195973 0.8314696123025485 1.587850854107661e-18
    outer loop
      vertex 8.737706508215856 152.32179274798196 3
      vertex 8.218629150101524 152.66862915010154 3
      vertex 8.218629150101524 152.66862915010154 9
    endloop
  endfacet
  facet normal -0.19509032201613002 0.9807852804032301 0
    outer loop
      vertex 9.35 152.20000000000002 3
      vertex 9.35 152.20000000000002 9
      vertex 9.962293491784143 152.32179274798196 3
    endloop
  endfacet
  facet normal -0.5555702330195973 0.8314696123025485 0
    outer loop
      vertex 9.962293491784143 152.32179274798196 3
      vertex 9.962293491784143 152.32179274798196 9
      vertex 10.481370849898475 152.66862915010154 3
    endloop
  endfacet
  facet normal -0.8314696123025367 0.5555702330196151 0
    outer loop
      vertex 10.481370849898475 152.66862915010154 3
      vertex 10.481370849898475 152.66862915010154 9
      vertex 10.828207252018059 153.18770650821585 3
    endloop
  endfacet
  facet normal 0 0 1
    outer loop
      vertex 8.737706508215856 152.32179274798196 3
      vertex 8.218629150101524 154.93137084989849 3
      vertex 7.8717927479819405 154.41229349178417 3
    endloop
  endfacet
  facet normal 0 0 1
    outer loop
      vertex 8.737706508215856 152.32179274798196 3
      vertex 8.737706508215856 155.27820725201806 3
      vertex 8.218629150101524 154.93137084989849 3
    endloop
  endfacet
  facet normal 0 0 1
    outer loop
      vertex 8.737706508215856 152.32179274798196 3
      vertex 9.35 155.4 3
      vertex 8.737706508215856 155.27820725201806 3
    endloop
  endfacet
  facet normal 0 0 1
    outer loop
      vertex 8.737706508215856 152.32179274798196 3
      vertex 9.962293491784143 155.27820725201806 3
      vertex 9.35 155.4 3
    endloop
  endfacet
  facet normal 0 0 1
    outer loop
      vertex 9.35 152.20000000000002 3
      vertex 10.481370849898475 154.93137084989849 3
      vertex 9.962293491784143 155.27820725201806 3
    endloop
  endfacet
  facet normal 0 0 1
    outer loop
      vertex 9.962293491784143 152.32179274798196 3
      vertex 10.828207252018059 154.41229349178417 3
      vertex 10.481370849898475 154.93137084989849 3
    endloop
  endfacet
  facet normal 0.9807852804032315 -0.19509032201612295 6.99458004531974e-20
    outer loop
      vertex 7.75 153.8 3
      vertex 7.8717927479819405 154.41229349178417 3
      vertex 7.8717927479819405 154.41229349178417 9
    endloop
  endfacet
  facet normal 0.8314696123025367 -0.5555702330196151 -2.4393603344360702e-18
    outer loop
      vertex 7.8717927479819405 154.41229349178417 3
      vertex 8.218629150101524 154.93137084989849 3
      vertex 8.218629150101524 154.93137084989849 9
    endloop
  endfacet
  facet normal 0.5555702330195973 -0.8314696123025485 -1.587850854107661e-18
    outer loop
      vertex 8.218629150101524 154.93137084989849 3
      vertex 8.737706508215856 155.27820725201806 3
      vertex 8.737706508215856 155.27820725201806 9
    endloop
  endfacet
  facet normal -0.6087614290087241 0.7933533402912325 0
    outer loop
      vertex 7.051902961143719 156.09809703885628 3
      vertex 7.051902961143719 156.09809703885628 9
      vertex 7.725 156.61458256229943 3
    endloop
  endfacet
  facet normal -0.5555702330195973 -0.8314696123025485 0
    outer loop
      vertex 10.481370849898475 154.93137084989849 3
      vertex 10.481370849898475 154.93137084989849 9
      vertex 9.962293491784143 155.27820725201806 3
    endloop
  endfacet
  facet normal -0.8314696123025367 -0.5555702330196151 0
    outer loop
      vertex 10.828207252018059 154.41229349178417 3
      vertex 10.828207252018059 154.41229349178417 9
      vertex 10.481370849898475 154.93137084989849 3
    endloop
  endfacet
  facet normal 0.19509032201613002 -0.9807852804032301 -1.197916705114116e-18
    outer loop
      vertex 8.737706508215856 155.27820725201806 3
      vertex 9.35 155.4 3
      vertex 9.35 155.4 9
    endloop
  endfacet
  facet normal -0.19509032201613002 -0.9807852804032301 1.197916705114116e-18
    outer loop
      vertex 9.35 155.4 3
      vertex 9.962293491784143 155.27820725201806 3
      vertex 9.962293491784143 155.27820725201806 9
    endloop
  endfacet
  facet normal -0.3826834323650943 -0.9238795325112849 0
    outer loop
      vertex 7.725 150.9854174377006 3
      vertex 8.508838103416807 150.66074106456054 9
      vertex 7.725 150.9854174377006 9
    endloop
  endfacet
  facet normal -0.13052619222005196 -0.9914448613738105 0
    outer loop
      vertex 8.508838103416807 150.66074106456054 3
      vertex 9.35 150.55 9
      vertex 8.508838103416807 150.66074106456054 9
    endloop
  endfacet
  facet normal 0.13052619222005196 -0.9914448613738105 0
    outer loop
      vertex 9.35 150.55 3
      vertex 10.191161896583193 150.66074106456054 9
      vertex 9.35 150.55 9
    endloop
  endfacet
  facet normal 0.3826834323650943 -0.9238795325112849 0
    outer loop
      vertex 10.191161896583193 150.66074106456054 3
      vertex 10.975 150.9854174377006 9
      vertex 10.191161896583193 150.66074106456054 9
    endloop
  endfacet
  facet normal -0.7933533402912313 -0.6087614290087254 0
    outer loop
      vertex 7.051902961143719 151.50190296114374 3
      vertex 7.051902961143719 151.50190296114374 9
      vertex 6.535417437700574 152.175 9
    endloop
  endfacet
  facet normal -0.9238795325112852 -0.38268343236509356 0
    outer loop
      vertex 6.535417437700574 152.175 3
      vertex 6.535417437700574 152.175 9
      vertex 6.210741064560528 152.9588381034168 9
    endloop
  endfacet
  facet normal -0.9914448613738106 -0.1305261922200506 0
    outer loop
      vertex 6.210741064560528 152.9588381034168 3
      vertex 6.210741064560528 152.9588381034168 9
      vertex 6.1 153.8 9
    endloop
  endfacet
  facet normal -0.9914448613738106 0.1305261922200506 0
    outer loop
      vertex 6.1 153.8 3
      vertex 6.1 153.8 9
      vertex 6.210741064560528 154.6411618965832 9
    endloop
  endfacet
  facet normal -0.9238795325112852 0.38268343236509356 0
    outer loop
      vertex 6.210741064560528 154.6411618965832 3
      vertex 6.210741064560528 154.6411618965832 9
      vertex 6.535417437700574 155.425 9
    endloop
  endfacet
  facet normal -0.7933533402912313 0.6087614290087254 0
    outer loop
      vertex 6.535417437700574 155.425 3
      vertex 6.535417437700574 155.425 9
      vertex 7.051902961143719 156.09809703885628 9
    endloop
  endfacet
  facet normal -0.6087614290087241 -0.7933533402912325 0
    outer loop
      vertex 7.051902961143719 151.50190296114374 3
      vertex 7.725 150.9854174377006 9
      vertex 7.051902961143719 151.50190296114374 9
    endloop
  endfacet
  facet normal 0.9807852804032315 0.19509032201612295 0
    outer loop
      vertex 7.8717927479819405 153.18770650821585 3
      vertex 7.75 153.8 9
      vertex 7.8717927479819405 153.18770650821585 9
    endloop
  endfacet
  facet normal 0.8314696123025367 0.5555702330196151 0
    outer loop
      vertex 8.218629150101524 152.66862915010154 3
      vertex 7.8717927479819405 153.18770650821585 9
      vertex 8.218629150101524 152.66862915010154 9
    endloop
  endfacet
  facet normal 0.5555702330195973 0.8314696123025485 0
    outer loop
      vertex 8.737706508215856 152.32179274798196 3
      vertex 8.218629150101524 152.66862915010154 9
      vertex 8.737706508215856 152.32179274798196 9
    endloop
  endfacet
  facet normal 0.19509032201613002 0.9807852804032301 0
    outer loop
      vertex 9.35 152.20000000000002 3
      vertex 8.737706508215856 152.32179274798196 9
      vertex 9.35 152.20000000000002 9
    endloop
  endfacet
  facet normal -0.19509032201613002 0.9807852804032301 0
    outer loop
      vertex 9.962293491784143 152.32179274798196 3
      vertex 9.35 152.20000000000002 9
      vertex 9.962293491784143 152.32179274798196 9
    endloop
  endfacet
  facet normal -0.5555702330195973 0.8314696123025485 0
    outer loop
      vertex 10.481370849898475 152.66862915010154 3
      vertex 9.962293491784143 152.32179274798196 9
      vertex 10.481370849898475 152.66862915010154 9
    endloop
  endfacet
  facet normal -0.8314696123025367 0.5555702330196151 0
    outer loop
      vertex 10.828207252018059 153.18770650821585 3
      vertex 10.481370849898475 152.66862915010154 9
      vertex 10.828207252018059 153.18770650821585 9
    endloop
  endfacet
  facet normal 0.9807852804032315 -0.19509032201612295 0
    outer loop
      vertex 7.75 153.8 3
      vertex 7.8717927479819405 154.41229349178417 9
      vertex 7.75 153.8 9
    endloop
  endfacet
  facet normal 0.8314696123025367 -0.5555702330196151 0
    outer loop
      vertex 7.8717927479819405 154.41229349178417 3
      vertex 8.218629150101524 154.93137084989849 9
      vertex 7.8717927479819405 154.41229349178417 9
    endloop
  endfacet
  facet normal 0.5555702330195973 -0.8314696123025485 0
    outer loop
      vertex 8.218629150101524 154.93137084989849 3
      vertex 8.737706508215856 155.27820725201806 9
      vertex 8.218629150101524 154.93137084989849 9
    endloop
  endfacet
  facet normal -0.6087614290087241 0.7933533402912325 0
    outer loop
      vertex 7.725 156.61458256229943 3
      vertex 7.051902961143719 156.09809703885628 9
      vertex 7.725 156.61458256229943 9
    endloop
  endfacet
  facet normal 0.19509032201613002 -0.9807852804032301 0
    outer loop
      vertex 8.737706508215856 155.27820725201806 3
      vertex 9.35 155.4 9
      vertex 8.737706508215856 155.27820725201806 9
    endloop
  endfacet
  facet normal -0.5555702330195973 -0.8314696123025485 0
    outer loop
      vertex 9.962293491784143 155.27820725201806 3
      vertex 10.481370849898475 154.93137084989849 9
      vertex 9.962293491784143 155.27820725201806 9
    endloop
  endfacet
  facet normal -0.8314696123025367 -0.5555702330196151 0
    outer loop
      vertex 10.481370849898475 154.93137084989849 3
      vertex 10.828207252018059 154.41229349178417 9
      vertex 10.481370849898475 154.93137084989849 9
    endloop
  endfacet
  facet normal -0.19509032201613002 -0.9807852804032301 0
    outer loop
      vertex 9.35 155.4 3
      vertex 9.962293491784143 155.27820725201806 9
      vertex 9.35 155.4 9
    endloop
  endfacet
  facet normal -0.3826834323650943 0.9238795325112849 0
    outer loop
      vertex 7.725 156.61458256229943 3
      vertex 7.725 156.61458256229943 9
      vertex 8.508838103416807 156.93925893543948 3
    endloop
  endfacet
  facet normal -0.13052619222005196 0.9914448613738105 0
    outer loop
      vertex 8.508838103416807 156.93925893543948 3
      vertex 8.508838103416807 156.93925893543948 9
      vertex 9.35 157.05 3
    endloop
  endfacet
  facet normal 0.13052619222005196 0.9914448613738105 0
    outer loop
      vertex 9.35 157.05 3
      vertex 9.35 157.05 9
      vertex 10.191161896583193 156.93925893543948 3
    endloop
  endfacet
  facet normal 0.3826834323650943 0.9238795325112849 0
    outer loop
      vertex 10.191161896583193 156.93925893543948 3
      vertex 10.191161896583193 156.93925893543948 9
      vertex 10.975 156.61458256229943 3
    endloop
  endfacet
  facet normal -0.3826834323650943 0.9238795325112849 0
    outer loop
      vertex 8.508838103416807 156.93925893543948 3
      vertex 7.725 156.61458256229943 9
      vertex 8.508838103416807 156.93925893543948 9
    endloop
  endfacet
  facet normal -0.13052619222005196 0.9914448613738105 0
    outer loop
      vertex 9.35 157.05 3
      vertex 8.508838103416807 156.93925893543948 9
      vertex 9.35 157.05 9
    endloop
  endfacet
  facet normal 0.13052619222005196 0.9914448613738105 0
    outer loop
      vertex 10.191161896583193 156.93925893543948 3
      vertex 9.35 157.05 9
      vertex 10.191161896583193 156.93925893543948 9
    endloop
  endfacet
  facet normal 0.3826834323650943 0.9238795325112849 0
    outer loop
      vertex 10.975 156.61458256229943 3
      vertex 10.191161896583193 156.93925893543948 9
      vertex 10.975 156.61458256229943 9
    endloop
  endfacet
  facet normal 0 0 1
    outer loop
      vertex 3 3 3
      vertex 6.210741064560528 259.63883810341684 3
      vertex 6.1 260.48 3
    endloop
  endfacet
  facet normal 0.6087614290087241 -0.7933533402912325 -1.3804008313240686e-18
    outer loop
      vertex 10.975 150.9854174377006 3
      vertex 11.64809703885628 151.50190296114374 3
      vertex 11.64809703885628 151.50190296114374 9
    endloop
  endfacet
  facet normal 0.793353340291231 -0.6087614290087262 0
    outer loop
      vertex 11.64809703885628 151.50190296114374 3
      vertex 12.164582562299426 152.175 3
      vertex 11.64809703885628 151.50190296114374 9
    endloop
  endfacet
  facet normal -0.9807852804032315 0.19509032201612295 0
    outer loop
      vertex 10.828207252018059 153.18770650821585 3
      vertex 10.828207252018059 153.18770650821585 9
      vertex 10.95 153.8 3
    endloop
  endfacet
  facet normal 0.9238795325112856 -0.38268343236509267 0
    outer loop
      vertex 12.164582562299426 152.175 3
      vertex 12.489258935439471 152.9588381034168 3
      vertex 12.164582562299426 152.175 9
    endloop
  endfacet
  facet normal 0.9914448613738106 -0.1305261922200506 0
    outer loop
      vertex 12.489258935439471 152.9588381034168 3
      vertex 12.6 153.8 3
      vertex 12.489258935439471 152.9588381034168 9
    endloop
  endfacet
  facet normal -0.9807852804032315 -0.19509032201612295 -6.99458004531974e-20
    outer loop
      vertex 10.828207252018059 154.41229349178417 3
      vertex 10.95 153.8 3
      vertex 10.95 153.8 9
    endloop
  endfacet
  facet normal 0.9914448613738106 0.1305261922200506 0
    outer loop
      vertex 12.6 153.8 3
      vertex 12.489258935439471 154.6411618965832 3
      vertex 12.6 153.8 9
    endloop
  endfacet
  facet normal 0.9238795325112856 0.38268343236509267 0
    outer loop
      vertex 12.489258935439471 154.6411618965832 3
      vertex 12.164582562299426 155.425 3
      vertex 12.489258935439471 154.6411618965832 9
    endloop
  endfacet
  facet normal 0.6087614290087241 0.7933533402912325 0
    outer loop
      vertex 10.975 156.61458256229943 3
      vertex 10.975 156.61458256229943 9
      vertex 11.64809703885628 156.09809703885628 3
    endloop
  endfacet
  facet normal 0.793353340291231 0.6087614290087262 -9.909994584999449e-19
    outer loop
      vertex 11.64809703885628 156.09809703885628 3
      vertex 12.164582562299426 155.425 9
      vertex 12.164582562299426 155.425 3
    endloop
  endfacet
  facet normal 0.6087614290087241 -0.7933533402912325 0
    outer loop
      vertex 10.975 150.9854174377006 3
      vertex 11.64809703885628 151.50190296114374 9
      vertex 10.975 150.9854174377006 9
    endloop
  endfacet
  facet normal 0.793353340291231 -0.6087614290087262 0
    outer loop
      vertex 12.164582562299426 152.175 3
      vertex 12.164582562299426 152.175 9
      vertex 11.64809703885628 151.50190296114374 9
    endloop
  endfacet
  facet normal -0.9807852804032315 0.19509032201612295 0
    outer loop
      vertex 10.95 153.8 3
      vertex 10.828207252018059 153.18770650821585 9
      vertex 10.95 153.8 9
    endloop
  endfacet
  facet normal 0.9238795325112856 -0.38268343236509267 0
    outer loop
      vertex 12.489258935439471 152.9588381034168 3
      vertex 12.489258935439471 152.9588381034168 9
      vertex 12.164582562299426 152.175 9
    endloop
  endfacet
  facet normal 0.9914448613738106 -0.1305261922200506 0
    outer loop
      vertex 12.6 153.8 3
      vertex 12.6 153.8 9
      vertex 12.489258935439471 152.9588381034168 9
    endloop
  endfacet
  facet normal -0.9807852804032315 -0.19509032201612295 0
    outer loop
      vertex 10.828207252018059 154.41229349178417 3
      vertex 10.95 153.8 9
      vertex 10.828207252018059 154.41229349178417 9
    endloop
  endfacet
  facet normal 0.9914448613738106 0.1305261922200506 0
    outer loop
      vertex 12.489258935439471 154.6411618965832 3
      vertex 12.489258935439471 154.6411618965832 9
      vertex 12.6 153.8 9
    endloop
  endfacet
  facet normal 0.9238795325112856 0.38268343236509267 0
    outer loop
      vertex 12.164582562299426 155.425 3
      vertex 12.164582562299426 155.425 9
      vertex 12.489258935439471 154.6411618965832 9
    endloop
  endfacet
  facet normal 0.6087614290087241 0.7933533402912325 0
    outer loop
      vertex 11.64809703885628 156.09809703885628 3
      vertex 10.975 156.61458256229943 9
      vertex 11.64809703885628 156.09809703885628 9
    endloop
  endfacet
  facet normal 0.793353340291231 0.6087614290087262 0
    outer loop
      vertex 11.64809703885628 156.09809703885628 3
      vertex 11.64809703885628 156.09809703885628 9
      vertex 12.164582562299426 155.425 9
    endloop
  endfacet
  facet normal 0 0 1
    outer loop
      vertex 11.64809703885628 107.05190296114371 3
      vertex 131.93541743770058 107.725 3
      vertex 12.164582562299426 107.725 3
    endloop
  endfacet
  facet normal 0 0 1
    outer loop
      vertex 12.164582562299426 107.725 3
      vertex 131.61074106456053 108.5088381034168 3
      vertex 12.489258935439471 108.5088381034168 3
    endloop
  endfacet
  facet normal 0 0 1
    outer loop
      vertex 12.489258935439471 108.5088381034168 3
      vertex 131.61074106456053 108.5088381034168 3
      vertex 12.6 109.35 3
    endloop
  endfacet
  facet normal 0 0 1
    outer loop
      vertex 12.6 109.35 3
      vertex 131.5 109.35 3
      vertex 12.489258935439471 110.19116189658318 3
    endloop
  endfacet
  facet normal 0 0 1
    outer loop
      vertex 12.489258935439471 110.19116189658318 3
      vertex 131.61074106456053 110.19116189658318 3
      vertex 12.164582562299426 110.975 3
    endloop
  endfacet
  facet normal 0 0 1
    outer loop
      vertex 11.64809703885628 111.64809703885628 3
      vertex 12.164582562299426 110.975 3
      vertex 131.93541743770058 110.975 3
    endloop
  endfacet
  facet normal 0 0 1
    outer loop
      vertex 10.191161896583193 112.48925893543947 3
      vertex 10.975 112.16458256229942 3
      vertex 133.9088381034168 112.48925893543947 3
    endloop
  endfacet
  facet normal 0 0 1
    outer loop
      vertex 11.64809703885628 111.64809703885628 3
      vertex 133.125 112.16458256229942 3
      vertex 10.975 112.16458256229942 3
    endloop
  endfacet
  facet normal 0 0 1
    outer loop
      vertex 10.191161896583193 112.48925893543947 3
      vertex 133.9088381034168 112.48925893543947 3
      vertex 10.191161896583193 150.66074106456054 3
    endloop
  endfacet
  facet normal 0 0 1
    outer loop
      vertex 12.164582562299426 107.725 3
      vertex 131.93541743770058 107.725 3
      vertex 131.61074106456053 108.5088381034168 3
    endloop
  endfacet
  facet normal 0 0 1
    outer loop
      vertex 12.6 109.35 3
      vertex 131.61074106456053 108.5088381034168 3
      vertex 131.5 109.35 3
    endloop
  endfacet
  facet normal 0 0 1
    outer loop
      vertex 11.64809703885628 107.05190296114371 3
      vertex 132.45190296114373 107.05190296114371 3
      vertex 131.93541743770058 107.725 3
    endloop
  endfacet
  facet normal 0 0 1
    outer loop
      vertex 12.489258935439471 110.19116189658318 3
      vertex 131.5 109.35 3
      vertex 131.61074106456053 110.19116189658318 3
    endloop
  endfacet
  facet normal 0 0 1
    outer loop
      vertex 12.164582562299426 110.975 3
      vertex 131.61074106456053 110.19116189658318 3
      vertex 131.93541743770058 110.975 3
    endloop
  endfacet
  facet normal 0 0 1
    outer loop
      vertex 11.64809703885628 111.64809703885628 3
      vertex 131.93541743770058 110.975 3
      vertex 132.45190296114373 111.64809703885628 3
    endloop
  endfacet
  facet normal 0 0 1
    outer loop
      vertex 11.64809703885628 111.64809703885628 3
      vertex 132.45190296114373 111.64809703885628 3
      vertex 133.125 112.16458256229942 3
    endloop
  endfacet
  facet normal 0 0 1
    outer loop
      vertex 10.975 112.16458256229942 3
      vertex 133.125 112.16458256229942 3
      vertex 133.9088381034168 112.48925893543947 3
    endloop
  endfacet
  facet normal 0 0 1
    outer loop
      vertex 10.191161896583193 150.66074106456054 3
      vertex 133.9088381034168 112.48925893543947 3
      vertex 134.75 112.6 3
    endloop
  endfacet
  facet normal 0 0 1
    outer loop
      vertex 10.191161896583193 150.66074106456054 3
      vertex 134.75 112.6 3
      vertex 135.5911618965832 112.48925893543947 3
    endloop
  endfacet
  facet normal 0 0 1
    outer loop
      vertex 10.191161896583193 150.66074106456054 3
      vertex 210.925 112.16458256229942 3
      vertex 10.975 150.9854174377006 3
    endloop
  endfacet
  facet normal 0 0 1
    outer loop
      vertex 10.975 150.9854174377006 3
      vertex 210.925 112.16458256229942 3
      vertex 11.64809703885628 151.50190296114374 3
    endloop
  endfacet
  facet normal 0 0 1
    outer loop
      vertex 11.64809703885628 151.50190296114374 3
      vertex 210.925 112.16458256229942 3
      vertex 12.164582562299426 152.175 3
    endloop
  endfacet
  facet normal 0 0 1
    outer loop
      vertex 12.164582562299426 152.175 3
      vertex 210.925 112.16458256229942 3
      vertex 12.489258935439471 152.9588381034168 3
    endloop
  endfacet
  facet normal 0 0 1
    outer loop
      vertex 12.489258935439471 152.9588381034168 3
      vertex 210.925 112.16458256229942 3
      vertex 12.6 153.8 3
    endloop
  endfacet
  facet normal 0 0 1
    outer loop
      vertex 10.975 156.61458256229943 3
      vertex 11.64809703885628 156.09809703885628 3
      vertex 213.3911618965832 112.48925893543947 3
    endloop
  endfacet
  facet normal 0 0 1
    outer loop
      vertex 12.6 153.8 3
      vertex 213.3911618965832 112.48925893543947 3
      vertex 12.489258935439471 154.6411618965832 3
    endloop
  endfacet
  facet normal 0 0 1
    outer loop
      vertex 12.489258935439471 154.6411618965832 3
      vertex 213.3911618965832 112.48925893543947 3
      vertex 12.164582562299426 155.425 3
    endloop
  endfacet
  facet normal 0 0 1
    outer loop
      vertex 11.64809703885628 156.09809703885628 3
      vertex 12.164582562299426 155.425 3
      vertex 213.3911618965832 112.48925893543947 3
    endloop
  endfacet
  facet normal 0 0 1
    outer loop
      vertex 10.975 156.61458256229943 3
      vertex 213.3911618965832 112.48925893543947 3
      vertex 12.6 260.48 3
    endloop
  endfacet
  facet normal -1 0 0
    outer loop
      vertex 0 3 0
      vertex 0 3 177.8
      vertex 0 350 0
    endloop
  endfacet
  facet normal 1 0 0
    outer loop
      vertex 3 3 177.8
      vertex 3 103 10.6
      vertex 3 347 10.6
    endloop
  endfacet
  facet normal 0 -1 0
    outer loop
      vertex 0 0 0
      vertex 441 0 3
      vertex 3 0 3
    endloop
  endfacet
  facet normal 0 -1 0
    outer loop
      vertex 3 0 3
      vertex 157 0 32.900000000000006
      vertex 151.5110401415446 0 33.16965530635698
    endloop
  endfacet
  facet normal 0 1 0
    outer loop
      vertex 3 3 3
      vertex 151.5110401415446 3 33.16965530635698
      vertex 157 3 32.900000000000006
    endloop
  endfacet
  facet normal 0.258819045102527 2.9539073489677382e-18 0.9659258262890666
    outer loop
      vertex 103.4 0 34.494744111674244
      vertex 104.5 0 34.2
      vertex 104.5 3 34.2
    endloop
  endfacet
  facet normal 0.258819045102527 0 0.9659258262890666
    outer loop
      vertex 103.4 0 34.494744111674244
      vertex 104.5 3 34.2
      vertex 103.4 3 34.494744111674244
    endloop
  endfacet
  facet normal -0.258819045102527 0 0.9659258262890666
    outer loop
      vertex 104.5 0 34.2
      vertex 105.6 3 34.494744111674244
      vertex 104.5 3 34.2
    endloop
  endfacet
  facet normal 0.7071067811865412 0 0.7071067811865538
    outer loop
      vertex 103.4 0 34.494744111674244
      vertex 103.4 3 34.494744111674244
      vertex 102.59474411167423 0 35.300000000000004
    endloop
  endfacet
  facet normal 0.9659258262890686 0 0.25881904510251963
    outer loop
      vertex 102.59474411167423 0 35.300000000000004
      vertex 102.59474411167423 3 35.300000000000004
      vertex 102.3 0 36.400000000000006
    endloop
  endfacet
  facet normal 0.7071067811865412 0 0.7071067811865538
    outer loop
      vertex 102.59474411167423 0 35.300000000000004
      vertex 103.4 3 34.494744111674244
      vertex 102.59474411167423 3 35.300000000000004
    endloop
  endfacet
  facet normal 0.9659258262890686 4.13603721924376e-18 0.25881904510251963
    outer loop
      vertex 102.59474411167423 3 35.300000000000004
      vertex 102.3 3 36.400000000000006
      vertex 102.3 0 36.400000000000006
    endloop
  endfacet
  facet normal -0.258819045102527 -2.9539073489677382e-18 0.9659258262890666
    outer loop
      vertex 104.5 0 34.2
      vertex 105.6 0 34.494744111674244
      vertex 105.6 3 34.494744111674244
    endloop
  endfacet
  facet normal -0.7071067811865412 4.2570253552185874e-18 0.7071067811865538
    outer loop
      vertex 105.6 0 34.494744111674244
      vertex 106.40525588832577 0 35.300000000000004
      vertex 106.40525588832577 3 35.300000000000004
    endloop
  endfacet
  facet normal -0.9659258262890686 -4.13603721924376e-18 0.25881904510251963
    outer loop
      vertex 106.40525588832577 0 35.300000000000004
      vertex 106.7 0 36.400000000000006
      vertex 106.7 3 36.400000000000006
    endloop
  endfacet
  facet normal -0.7071067811865412 0 0.7071067811865538
    outer loop
      vertex 105.6 0 34.494744111674244
      vertex 106.40525588832577 3 35.300000000000004
      vertex 105.6 3 34.494744111674244
    endloop
  endfacet
  facet normal -0.9659258262890686 0 0.25881904510251963
    outer loop
      vertex 106.40525588832577 0 35.300000000000004
      vertex 106.7 3 36.400000000000006
      vertex 106.40525588832577 3 35.300000000000004
    endloop
  endfacet
  facet normal 0.9659258262890686 0 -0.25881904510251963
    outer loop
      vertex 102.3 0 36.400000000000006
      vertex 102.3 3 36.400000000000006
      vertex 102.59474411167423 0 37.50000000000001
    endloop
  endfacet
  facet normal 0.9659258262890686 0 -0.25881904510251963
    outer loop
      vertex 102.59474411167423 0 37.50000000000001
      vertex 102.3 3 36.400000000000006
      vertex 102.59474411167423 3 37.50000000000001
    endloop
  endfacet
  facet normal 0.7071067811865412 0 -0.7071067811865538
    outer loop
      vertex 102.59474411167423 0 37.50000000000001
      vertex 102.59474411167423 3 37.50000000000001
      vertex 103.4 0 38.30525588832577
    endloop
  endfacet
  facet normal 0.7071067811865412 0 -0.7071067811865538
    outer loop
      vertex 103.4 0 38.30525588832577
      vertex 102.59474411167423 3 37.50000000000001
      vertex 103.4 3 38.30525588832577
    endloop
  endfacet
  facet normal 0.258819045102527 0 -0.9659258262890666
    outer loop
      vertex 103.4 0 38.30525588832577
      vertex 103.4 3 38.30525588832577
      vertex 104.5 0 38.60000000000001
    endloop
  endfacet
  facet normal -0.258819045102527 0 -0.9659258262890666
    outer loop
      vertex 104.5 0 38.60000000000001
      vertex 104.5 3 38.60000000000001
      vertex 105.6 0 38.30525588832577
    endloop
  endfacet
  facet normal 0.258819045102527 0 -0.9659258262890666
    outer loop
      vertex 104.5 0 38.60000000000001
      vertex 103.4 3 38.30525588832577
      vertex 104.5 3 38.60000000000001
    endloop
  endfacet
  facet normal -0.9659258262890686 4.13603721924376e-18 -0.25881904510251963
    outer loop
      vertex 106.7 0 36.400000000000006
      vertex 106.40525588832577 0 37.50000000000001
      vertex 106.40525588832577 3 37.50000000000001
    endloop
  endfacet
  facet normal -0.9659258262890686 0 -0.25881904510251963
    outer loop
      vertex 106.7 0 36.400000000000006
      vertex 106.40525588832577 3 37.50000000000001
      vertex 106.7 3 36.400000000000006
    endloop
  endfacet
  facet normal -0.7071067811865412 -4.2570253552185874e-18 -0.7071067811865538
    outer loop
      vertex 106.40525588832577 0 37.50000000000001
      vertex 105.6 0 38.30525588832577
      vertex 105.6 3 38.30525588832577
    endloop
  endfacet
  facet normal -0.7071067811865412 0 -0.7071067811865538
    outer loop
      vertex 106.40525588832577 0 37.50000000000001
      vertex 105.6 3 38.30525588832577
      vertex 106.40525588832577 3 37.50000000000001
    endloop
  endfacet
  facet normal -0.258819045102527 2.9539073489677382e-18 -0.9659258262890666
    outer loop
      vertex 104.5 3 38.60000000000001
      vertex 105.6 3 38.30525588832577
      vertex 105.6 0 38.30525588832577
    endloop
  endfacet
  facet normal 0 1 0
    outer loop
      vertex 105.6 3 34.494744111674244
      vertex 106.40525588832577 3 35.300000000000004
      vertex 135.56972778755497 3 37.16274617936795
    endloop
  endfacet
  facet normal 0 -1 0
    outer loop
      vertex 105.6 0 34.494744111674244
      vertex 130.60178273774414 0 39.51240919649212
      vertex 106.40525588832577 0 35.300000000000004
    endloop
  endfacet
  facet normal 0 1 0
    outer loop
      vertex 106.40525588832577 3 35.300000000000004
      vertex 106.7 3 36.400000000000006
      vertex 125.88806695090227 3 42.33770171105747
    endloop
  endfacet
  facet normal 0 -1 0
    outer loop
      vertex 106.40525588832577 0 35.300000000000004
      vertex 121.47397608683585 0 45.61141461168673
      vertex 106.7 0 36.400000000000006
    endloop
  endfacet
  facet normal 0 -1 0
    outer loop
      vertex 106.7 0 36.400000000000006
      vertex 121.47397608683585 0 45.61141461168673
      vertex 106.40525588832577 0 37.50000000000001
    endloop
  endfacet
  facet normal 0 -1 0
    outer loop
      vertex 103.4 0 38.30525588832577
      vertex 104.5 0 38.60000000000001
      vertex 121.47397608683585 0 45.61141461168673
    endloop
  endfacet
  facet normal 0 -1 0
    outer loop
      vertex 104.5 0 38.60000000000001
      vertex 105.6 0 38.30525588832577
      vertex 121.47397608683585 0 45.61141461168673
    endloop
  endfacet
  facet normal 0 -1 0
    outer loop
      vertex 106.40525588832577 0 37.50000000000001
      vertex 121.47397608683585 0 45.61141461168673
      vertex 105.6 0 38.30525588832577
    endloop
  endfacet
  facet normal 0 1 0
    outer loop
      vertex 106.7 3 36.400000000000006
      vertex 106.40525588832577 3 37.50000000000001
      vertex 121.47397608683585 3 45.61141461168673
    endloop
  endfacet
  facet normal 0 1 0
    outer loop
      vertex 106.40525588832577 3 37.50000000000001
      vertex 105.6 3 38.30525588832577
      vertex 117.40202025355333 3 49.302020253553344
    endloop
  endfacet
  facet normal 0 1 0
    outer loop
      vertex 104.5 3 38.60000000000001
      vertex 117.40202025355333 3 49.302020253553344
      vertex 105.6 3 38.30525588832577
    endloop
  endfacet
  facet normal 0 1 0
    outer loop
      vertex 106.40525588832577 3 37.50000000000001
      vertex 117.40202025355333 3 49.302020253553344
      vertex 121.47397608683585 3 45.61141461168673
    endloop
  endfacet
  facet normal 0 -1 0
    outer loop
      vertex 104.5 0 34.2
      vertex 140.74405807375013 0 35.31134119899631
      vertex 105.6 0 34.494744111674244
    endloop
  endfacet
  facet normal 0 1 0
    outer loop
      vertex 104.5 3 34.2
      vertex 105.6 3 34.494744111674244
      vertex 146.0749419670968 3 33.9760242974191
    endloop
  endfacet
  facet normal 0 -1 0
    outer loop
      vertex 105.6 0 34.494744111674244
      vertex 135.56972778755497 0 37.16274617936795
      vertex 130.60178273774414 0 39.51240919649212
    endloop
  endfacet
  facet normal 0 -1 0
    outer loop
      vertex 105.6 0 34.494744111674244
      vertex 140.74405807375013 0 35.31134119899631
      vertex 135.56972778755497 0 37.16274617936795
    endloop
  endfacet
  facet normal 0 1 0
    outer loop
      vertex 105.6 3 34.494744111674244
      vertex 135.56972778755497 3 37.16274617936795
      vertex 140.74405807375013 3 35.31134119899631
    endloop
  endfacet
  facet normal 0 1 0
    outer loop
      vertex 105.6 3 34.494744111674244
      vertex 140.74405807375013 3 35.31134119899631
      vertex 146.0749419670968 3 33.9760242974191
    endloop
  endfacet
  facet normal 0 1 0
    outer loop
      vertex 106.40525588832577 3 35.300000000000004
      vertex 130.60178273774414 3 39.51240919649212
      vertex 135.56972778755497 3 37.16274617936795
    endloop
  endfacet
  facet normal 0 -1 0
    outer loop
      vertex 106.40525588832577 0 35.300000000000004
      vertex 125.88806695090227 0 42.33770171105747
      vertex 121.47397608683585 0 45.61141461168673
    endloop
  endfacet
  facet normal 0 1 0
    outer loop
      vertex 106.7 3 36.400000000000006
      vertex 121.47397608683585 3 45.61141461168673
      vertex 125.88806695090227 3 42.33770171105747
    endloop
  endfacet
  facet normal 0 -1 0
    outer loop
      vertex 106.40525588832577 0 35.300000000000004
      vertex 130.60178273774414 0 39.51240919649212
      vertex 125.88806695090227 0 42.33770171105747
    endloop
  endfacet
  facet normal 0 1 0
    outer loop
      vertex 106.40525588832577 3 35.300000000000004
      vertex 125.88806695090227 3 42.33770171105747
      vertex 130.60178273774414 3 39.51240919649212
    endloop
  endfacet
  facet normal 0.5141027441932203 2.5280962969510012e-17 0.8577286100002731
    outer loop
      vertex 130.60178273774414 3 39.51240919649212
      vertex 125.88806695090227 3 42.33770171105747
      vertex 125.88806695090227 0 42.33770171105747
    endloop
  endfacet
  facet normal 0.5141027441932203 0 0.8577286100002731
    outer loop
      vertex 130.60178273774414 0 39.51240919649212
      vertex 130.60178273774414 3 39.51240919649212
      vertex 125.88806695090227 0 42.33770171105747
    endloop
  endfacet
  facet normal 0.5956993044924334 0 0.8032075314806449
    outer loop
      vertex 125.88806695090227 0 42.33770171105747
      vertex 125.88806695090227 3 42.33770171105747
      vertex 121.47397608683585 0 45.61141461168673
    endloop
  endfacet
  facet normal 0 1 0
    outer loop
      vertex 3 3 3
      vertex 157 3 32.900000000000006
      vertex 287 3 32.900000000000006
    endloop
  endfacet
  facet normal 0.04906767432741796 0 0.9987954562051724
    outer loop
      vertex 151.5110401415446 0 33.16965530635698
      vertex 157 3 32.900000000000006
      vertex 151.5110401415446 3 33.16965530635698
    endloop
  endfacet
  facet normal 0.04906767432741796 6.187031476913541e-18 0.9987954562051724
    outer loop
      vertex 151.5110401415446 0 33.16965530635698
      vertex 157 0 32.900000000000006
      vertex 157 3 32.900000000000006
    endloop
  endfacet
  facet normal -0.04906767432741796 0 0.9987954562051724
    outer loop
      vertex 157 0 32.900000000000006
      vertex 162.4889598584554 3 33.16965530635698
      vertex 157 3 32.900000000000006
    endloop
  endfacet
  facet normal -0.04906767432741796 -6.187031476913541e-18 0.9987954562051724
    outer loop
      vertex 157 0 32.900000000000006
      vertex 162.4889598584554 0 33.16965530635698
      vertex 162.4889598584554 3 33.16965530635698
    endloop
  endfacet
  facet normal 0.3368898533922191 -1.2771325347740716e-17 0.9415440651830211
    outer loop
      vertex 135.56972778755497 0 37.16274617936795
      vertex 140.74405807375013 0 35.31134119899631
      vertex 140.74405807375013 3 35.31134119899631
    endloop
  endfacet
  facet normal 0.4275550934302827 0 0.903989293123443
    outer loop
      vertex 130.60178273774414 0 39.51240919649212
      vertex 135.56972778755497 3 37.16274617936795
      vertex 130.60178273774414 3 39.51240919649212
    endloop
  endfacet
  facet normal 0.4275550934302827 1.2353748538650429e-17 0.903989293123443
    outer loop
      vertex 130.60178273774414 0 39.51240919649212
      vertex 135.56972778755497 0 37.16274617936795
      vertex 135.56972778755497 3 37.16274617936795
    endloop
  endfacet
  facet normal 0.3368898533922191 0 0.9415440651830211
    outer loop
      vertex 135.56972778755497 0 37.16274617936795
      vertex 140.74405807375013 3 35.31134119899631
      vertex 135.56972778755497 3 37.16274617936795
    endloop
  endfacet
  facet normal 0.24298017990326506 0 0.9700312531945436
    outer loop
      vertex 140.74405807375013 0 35.31134119899631
      vertex 146.0749419670968 3 33.9760242974191
      vertex 140.74405807375013 3 35.31134119899631
    endloop
  endfacet
  facet normal 0.24298017990326506 -1.0852507052783569e-17 0.9700312531945436
    outer loop
      vertex 140.74405807375013 0 35.31134119899631
      vertex 146.0749419670968 0 33.9760242974191
      vertex 146.0749419670968 3 33.9760242974191
    endloop
  endfacet
  facet normal 0.14673047445536158 4.698664290486438e-18 0.989176509964781
    outer loop
      vertex 151.5110401415446 3 33.16965530635698
      vertex 146.0749419670968 3 33.9760242974191
      vertex 146.0749419670968 0 33.9760242974191
    endloop
  endfacet
  facet normal 0.14673047445536158 0 0.989176509964781
    outer loop
      vertex 151.5110401415446 0 33.16965530635698
      vertex 151.5110401415446 3 33.16965530635698
      vertex 146.0749419670968 0 33.9760242974191
    endloop
  endfacet
  facet normal 0 0 1
    outer loop
      vertex 3 3 3
      vertex 210.25190296114374 107.05190296114371 3
      vertex 137.04809703885627 107.05190296114371 3
    endloop
  endfacet
  facet normal 0 0 1
    outer loop
      vertex 3 3 3
      vertex 211.7088381034168 106.21074106456052 3
      vertex 210.925 106.53541743770057 3
    endloop
  endfacet
  facet normal 0 0 1
    outer loop
      vertex 3 3 3
      vertex 210.925 106.53541743770057 3
      vertex 210.25190296114374 107.05190296114371 3
    endloop
  endfacet
  facet normal 0 0 1
    outer loop
      vertex 3 3 3
      vertex 212.55 106.1 3
      vertex 211.7088381034168 106.21074106456052 3
    endloop
  endfacet
  facet normal 0 0 1
    outer loop
      vertex 3 3 3
      vertex 213.3911618965832 106.21074106456052 3
      vertex 212.55 106.1 3
    endloop
  endfacet
  facet normal 0 -1 0
    outer loop
      vertex 3 0 3
      vertex 441 0 3
      vertex 157 0 32.900000000000006
    endloop
  endfacet
  facet normal 0 0 1
    outer loop
      vertex 3 3 3
      vertex 441 3 3
      vertex 213.3911618965832 106.21074106456052 3
    endloop
  endfacet
  facet normal -0.14673047445536158 0 0.989176509964781
    outer loop
      vertex 162.4889598584554 0 33.16965530635698
      vertex 167.9250580329032 3 33.9760242974191
      vertex 162.4889598584554 3 33.16965530635698
    endloop
  endfacet
  facet normal -0.14673047445536158 -4.698664290486438e-18 0.989176509964781
    outer loop
      vertex 162.4889598584554 0 33.16965530635698
      vertex 167.9250580329032 0 33.9760242974191
      vertex 167.9250580329032 3 33.9760242974191
    endloop
  endfacet
  facet normal -0.24298017990326506 0 0.9700312531945436
    outer loop
      vertex 167.9250580329032 0 33.9760242974191
      vertex 173.25594192624987 3 35.31134119899631
      vertex 167.9250580329032 3 33.9760242974191
    endloop
  endfacet
  facet normal -0.24298017990326506 1.0852507052783569e-17 0.9700312531945436
    outer loop
      vertex 167.9250580329032 0 33.9760242974191
      vertex 173.25594192624987 0 35.31134119899631
      vertex 173.25594192624987 3 35.31134119899631
    endloop
  endfacet
  facet normal 0 -1 0
    outer loop
      vertex 157 0 32.900000000000006
      vertex 209.5 0 34.2
      vertex 162.4889598584554 0 33.16965530635698
    endloop
  endfacet
  facet normal -0.3368898533922191 0 0.9415440651830211
    outer loop
      vertex 173.25594192624987 0 35.31134119899631
      vertex 178.43027221244503 3 37.16274617936795
      vertex 173.25594192624987 3 35.31134119899631
    endloop
  endfacet
  facet normal -0.3368898533922191 1.2771325347740716e-17 0.9415440651830211
    outer loop
      vertex 173.25594192624987 0 35.31134119899631
      vertex 178.43027221244503 0 37.16274617936795
      vertex 178.43027221244503 3 37.16274617936795
    endloop
  endfacet
  facet normal 0 -1 0
    outer loop
      vertex 162.4889598584554 0 33.16965530635698
      vertex 209.5 0 34.2
      vertex 167.9250580329032 0 33.9760242974191
    endloop
  endfacet
  facet normal 0 -1 0
    outer loop
      vertex 167.9250580329032 0 33.9760242974191
      vertex 209.5 0 34.2
      vertex 173.25594192624987 0 35.31134119899631
    endloop
  endfacet
  facet normal 0 1 0
    outer loop
      vertex 167.9250580329032 3 33.9760242974191
      vertex 173.25594192624987 3 35.31134119899631
      vertex 209.5 3 34.2
    endloop
  endfacet
  facet normal -0.4275550934302827 0 0.903989293123443
    outer loop
      vertex 178.43027221244503 0 37.16274617936795
      vertex 183.39821726225586 3 39.51240919649212
      vertex 178.43027221244503 3 37.16274617936795
    endloop
  endfacet
  facet normal -0.4275550934302827 -1.2353748538650429e-17 0.903989293123443
    outer loop
      vertex 178.43027221244503 0 37.16274617936795
      vertex 183.39821726225586 0 39.51240919649212
      vertex 183.39821726225586 3 39.51240919649212
    endloop
  endfacet
  facet normal 0 1 0
    outer loop
      vertex 173.25594192624987 3 35.31134119899631
      vertex 178.43027221244503 3 37.16274617936795
      vertex 208.4 3 34.494744111674244
    endloop
  endfacet
  facet normal 0 -1 0
    outer loop
      vertex 173.25594192624987 0 35.31134119899631
      vertex 207.3 0 36.400000000000006
      vertex 178.43027221244503 0 37.16274617936795
    endloop
  endfacet
  facet normal 0 1 0
    outer loop
      vertex 178.43027221244503 3 37.16274617936795
      vertex 183.39821726225586 3 39.51240919649212
      vertex 208.4 3 34.494744111674244
    endloop
  endfacet
  facet normal -0.5141027441932203 0 0.8577286100002731
    outer loop
      vertex 183.39821726225586 0 39.51240919649212
      vertex 188.11193304909773 3 42.33770171105747
      vertex 183.39821726225586 3 39.51240919649212
    endloop
  endfacet
  facet normal -0.5141027441932203 -2.5280962969510012e-17 0.8577286100002731
    outer loop
      vertex 183.39821726225586 0 39.51240919649212
      vertex 188.11193304909773 0 42.33770171105747
      vertex 188.11193304909773 3 42.33770171105747
    endloop
  endfacet
  facet normal -0.5956993044924334 0 0.8032075314806449
    outer loop
      vertex 188.11193304909773 0 42.33770171105747
      vertex 192.52602391316415 3 45.61141461168673
      vertex 188.11193304909773 3 42.33770171105747
    endloop
  endfacet
  facet normal 0 1 0
    outer loop
      vertex 157 3 32.900000000000006
      vertex 162.4889598584554 3 33.16965530635698
      vertex 287 3 32.900000000000006
    endloop
  endfacet
  facet normal 0 -1 0
    outer loop
      vertex 173.25594192624987 0 35.31134119899631
      vertex 209.5 0 34.2
      vertex 208.4 0 34.494744111674244
    endloop
  endfacet
  facet normal 0 -1 0
    outer loop
      vertex 173.25594192624987 0 35.31134119899631
      vertex 208.4 0 34.494744111674244
      vertex 207.59474411167423 0 35.300000000000004
    endloop
  endfacet
  facet normal 0 -1 0
    outer loop
      vertex 173.25594192624987 0 35.31134119899631
      vertex 207.59474411167423 0 35.300000000000004
      vertex 207.3 0 36.400000000000006
    endloop
  endfacet
  facet normal 0 1 0
    outer loop
      vertex 173.25594192624987 3 35.31134119899631
      vertex 208.4 3 34.494744111674244
      vertex 209.5 3 34.2
    endloop
  endfacet
  facet normal 0 -1 0
    outer loop
      vertex 178.43027221244503 0 37.16274617936795
      vertex 207.3 0 36.400000000000006
      vertex 207.59474411167423 0 37.50000000000001
    endloop
  endfacet
  facet normal 0 -1 0
    outer loop
      vertex 178.43027221244503 0 37.16274617936795
      vertex 207.59474411167423 0 37.50000000000001
      vertex 208.4 0 38.30525588832577
    endloop
  endfacet
  facet normal 0 1 0
    outer loop
      vertex 162.4889598584554 3 33.16965530635698
      vertex 167.9250580329032 3 33.9760242974191
      vertex 281.5110401415446 3 33.16965530635698
    endloop
  endfacet
  facet normal 0 1 0
    outer loop
      vertex 183.39821726225586 3 39.51240919649212
      vertex 207.59474411167423 3 35.300000000000004
      vertex 208.4 3 34.494744111674244
    endloop
  endfacet
  facet normal 0 -1 0
    outer loop
      vertex 178.43027221244503 0 37.16274617936795
      vertex 216 0 43.900000000000006
      vertex 183.39821726225586 0 39.51240919649212
    endloop
  endfacet
  facet normal 0 1 0
    outer loop
      vertex 183.39821726225586 3 39.51240919649212
      vertex 188.11193304909773 3 42.33770171105747
      vertex 207.59474411167423 3 35.300000000000004
    endloop
  endfacet
  facet normal 0 1 0
    outer loop
      vertex 188.11193304909773 3 42.33770171105747
      vertex 192.52602391316415 3 45.61141461168673
      vertex 207.59474411167423 3 35.300000000000004
    endloop
  endfacet
  facet normal 0 -1 0
    outer loop
      vertex 183.39821726225586 0 39.51240919649212
      vertex 216 0 43.900000000000006
      vertex 188.11193304909773 0 42.33770171105747
    endloop
  endfacet
  facet normal 0 -1 0
    outer loop
      vertex 188.11193304909773 0 42.33770171105747
      vertex 216 0 43.900000000000006
      vertex 192.52602391316415 0 45.61141461168673
    endloop
  endfacet
  facet normal 0 1 0
    outer loop
      vertex 207.3 3 36.400000000000006
      vertex 192.52602391316415 3 45.61141461168673
      vertex 196.59797974644667 3 49.302020253553344
    endloop
  endfacet
  facet normal 0 -1 0
    outer loop
      vertex 178.43027221244503 0 37.16274617936795
      vertex 208.4 0 38.30525588832577
      vertex 216 0 43.900000000000006
    endloop
  endfacet
  facet normal 0 1 0
    outer loop
      vertex 207.59474411167423 3 35.300000000000004
      vertex 192.52602391316415 3 45.61141461168673
      vertex 207.3 3 36.400000000000006
    endloop
  endfacet
  facet normal 0 1 0
    outer loop
      vertex 207.3 3 36.400000000000006
      vertex 196.59797974644667 3 49.302020253553344
      vertex 207.59474411167423 3 37.50000000000001
    endloop
  endfacet
  facet normal 0 1 0
    outer loop
      vertex 207.59474411167423 3 37.50000000000001
      vertex 196.59797974644667 3 49.302020253553344
      vertex 208.4 3 38.30525588832577
    endloop
  endfacet
  facet normal 0 1 0
    outer loop
      vertex 208.4 3 38.30525588832577
      vertex 200.28858538831327 3 53.37397608683586
      vertex 209.5 3 38.60000000000001
    endloop
  endfacet
  facet normal 0.258819045102527 0 0.9659258262890666
    outer loop
      vertex 208.4 0 34.494744111674244
      vertex 209.5 3 34.2
      vertex 208.4 3 34.494744111674244
    endloop
  endfacet
  facet normal 0.258819045102527 2.9539073489677382e-18 0.9659258262890666
    outer loop
      vertex 208.4 0 34.494744111674244
      vertex 209.5 0 34.2
      vertex 209.5 3 34.2
    endloop
  endfacet
  facet normal -0.258819045102527 -2.9539073489677382e-18 0.9659258262890666
    outer loop
      vertex 209.5 0 34.2
      vertex 210.6 0 34.494744111674244
      vertex 210.6 3 34.494744111674244
    endloop
  endfacet
  facet normal -0.258819045102527 0 0.9659258262890666
    outer loop
      vertex 209.5 0 34.2
      vertex 210.6 3 34.494744111674244
      vertex 209.5 3 34.2
    endloop
  endfacet
  facet normal 0.7071067811865412 0 0.7071067811865538
    outer loop
      vertex 208.4 0 34.494744111674244
      vertex 208.4 3 34.494744111674244
      vertex 207.59474411167423 0 35.300000000000004
    endloop
  endfacet
  facet normal 0.9659258262890716 0 0.25881904510250797
    outer loop
      vertex 207.59474411167423 0 35.300000000000004
      vertex 207.59474411167423 3 35.300000000000004
      vertex 207.3 0 36.400000000000006
    endloop
  endfacet
  facet normal 0.7071067811865412 0 0.7071067811865538
    outer loop
      vertex 207.59474411167423 0 35.300000000000004
      vertex 208.4 3 34.494744111674244
      vertex 207.59474411167423 3 35.300000000000004
    endloop
  endfacet
  facet normal 0.9659258262890716 -2.3633148560606505e-18 0.25881904510250797
    outer loop
      vertex 207.59474411167423 3 35.300000000000004
      vertex 207.3 3 36.400000000000006
      vertex 207.3 0 36.400000000000006
    endloop
  endfacet
  facet normal -0.7071067811865412 4.2570253552185874e-18 0.7071067811865538
    outer loop
      vertex 210.6 0 34.494744111674244
      vertex 211.40525588832577 0 35.300000000000004
      vertex 211.40525588832577 3 35.300000000000004
    endloop
  endfacet
  facet normal -0.9659258262890716 2.3633148560606505e-18 0.25881904510250797
    outer loop
      vertex 211.40525588832577 0 35.300000000000004
      vertex 211.7 0 36.400000000000006
      vertex 211.7 3 36.400000000000006
    endloop
  endfacet
  facet normal -0.7071067811865412 0 0.7071067811865538
    outer loop
      vertex 210.6 0 34.494744111674244
      vertex 211.40525588832577 3 35.300000000000004
      vertex 210.6 3 34.494744111674244
    endloop
  endfacet
  facet normal -0.9659258262890716 0 0.25881904510250797
    outer loop
      vertex 211.40525588832577 0 35.300000000000004
      vertex 211.7 3 36.400000000000006
      vertex 211.40525588832577 3 35.300000000000004
    endloop
  endfacet
  facet normal 0.9659258262890716 0 -0.25881904510250797
    outer loop
      vertex 207.3 0 36.400000000000006
      vertex 207.3 3 36.400000000000006
      vertex 207.59474411167423 0 37.50000000000001
    endloop
  endfacet
  facet normal 0.9659258262890716 0 -0.25881904510250797
    outer loop
      vertex 207.59474411167423 0 37.50000000000001
      vertex 207.3 3 36.400000000000006
      vertex 207.59474411167423 3 37.50000000000001
    endloop
  endfacet
  facet normal 0.7071067811865412 0 -0.7071067811865538
    outer loop
      vertex 207.59474411167423 0 37.50000000000001
      vertex 207.59474411167423 3 37.50000000000001
      vertex 208.4 0 38.30525588832577
    endloop
  endfacet
  facet normal 0.258819045102527 0 -0.9659258262890666
    outer loop
      vertex 208.4 0 38.30525588832577
      vertex 208.4 3 38.30525588832577
      vertex 209.5 0 38.60000000000001
    endloop
  endfacet
  facet normal 0.7071067811865412 0 -0.7071067811865538
    outer loop
      vertex 208.4 0 38.30525588832577
      vertex 207.59474411167423 3 37.50000000000001
      vertex 208.4 3 38.30525588832577
    endloop
  endfacet
  facet normal -0.258819045102527 0 -0.9659258262890666
    outer loop
      vertex 209.5 0 38.60000000000001
      vertex 209.5 3 38.60000000000001
      vertex 210.6 0 38.30525588832577
    endloop
  endfacet
  facet normal 0.258819045102527 0 -0.9659258262890666
    outer loop
      vertex 209.5 0 38.60000000000001
      vertex 208.4 3 38.30525588832577
      vertex 209.5 3 38.60000000000001
    endloop
  endfacet
  facet normal -0.258819045102527 0 -0.9659258262890666
    outer loop
      vertex 210.6 0 38.30525588832577
      vertex 209.5 3 38.60000000000001
      vertex 210.6 3 38.30525588832577
    endloop
  endfacet
  facet normal -0.9659258262890716 -2.3633148560606505e-18 -0.25881904510250797
    outer loop
      vertex 211.7 0 36.400000000000006
      vertex 211.40525588832577 0 37.50000000000001
      vertex 211.40525588832577 3 37.50000000000001
    endloop
  endfacet
  facet normal -0.9659258262890716 0 -0.25881904510250797
    outer loop
      vertex 211.7 0 36.400000000000006
      vertex 211.40525588832577 3 37.50000000000001
      vertex 211.7 3 36.400000000000006
    endloop
  endfacet
  facet normal -0.7071067811865412 0 -0.7071067811865538
    outer loop
      vertex 210.6 0 38.30525588832577
      vertex 210.6 3 38.30525588832577
      vertex 211.40525588832577 0 37.50000000000001
    endloop
  endfacet
  facet normal -0.7071067811865412 -4.2570253552185874e-18 -0.7071067811865538
    outer loop
      vertex 210.6 3 38.30525588832577
      vertex 211.40525588832577 3 37.50000000000001
      vertex 211.40525588832577 0 37.50000000000001
    endloop
  endfacet
  facet normal 0 -1 0
    outer loop
      vertex 209.5 0 34.2
      vertex 233.4 0 34.494744111674244
      vertex 210.6 0 34.494744111674244
    endloop
  endfacet
  facet normal 0 1 0
    outer loop
      vertex 209.5 3 34.2
      vertex 210.6 3 34.494744111674244
      vertex 234.5 3 34.2
    endloop
  endfacet
  facet normal 0 -1 0
    outer loop
      vertex 210.6 0 34.494744111674244
      vertex 233.4 0 34.494744111674244
      vertex 211.40525588832577 0 35.300000000000004
    endloop
  endfacet
  facet normal 0 -1 0
    outer loop
      vertex 211.40525588832577 0 35.300000000000004
      vertex 233.4 0 34.494744111674244
      vertex 211.7 0 36.400000000000006
    endloop
  endfacet
  facet normal 0 1 0
    outer loop
      vertex 167.9250580329032 3 33.9760242974191
      vertex 209.5 3 34.2
      vertex 281.5110401415446 3 33.16965530635698
    endloop
  endfacet
  facet normal 0 1 0
    outer loop
      vertex 210.6 3 34.494744111674244
      vertex 211.40525588832577 3 35.300000000000004
      vertex 233.4 3 34.494744111674244
    endloop
  endfacet
  facet normal 0 1 0
    outer loop
      vertex 211.40525588832577 3 35.300000000000004
      vertex 211.7 3 36.400000000000006
      vertex 228 3 43.900000000000006
    endloop
  endfacet
  facet normal 0 -1 0
    outer loop
      vertex 211.7 0 36.400000000000006
      vertex 233.4 0 34.494744111674244
      vertex 211.40525588832577 0 37.50000000000001
    endloop
  endfacet
  facet normal 0 -1 0
    outer loop
      vertex 211.40525588832577 0 37.50000000000001
      vertex 233.4 0 34.494744111674244
      vertex 216 0 43.900000000000006
    endloop
  endfacet
  facet normal 0 -1 0
    outer loop
      vertex 208.4 0 38.30525588832577
      vertex 209.5 0 38.60000000000001
      vertex 216 0 43.900000000000006
    endloop
  endfacet
  facet normal 0 -1 0
    outer loop
      vertex 209.5 0 38.60000000000001
      vertex 210.6 0 38.30525588832577
      vertex 216 0 43.900000000000006
    endloop
  endfacet
  facet normal 0 -1 0
    outer loop
      vertex 210.6 0 38.30525588832577
      vertex 211.40525588832577 0 37.50000000000001
      vertex 216 0 43.900000000000006
    endloop
  endfacet
  facet normal 0 1 0
    outer loop
      vertex 209.5 3 38.60000000000001
      vertex 216 3 43.900000000000006
      vertex 210.6 3 38.30525588832577
    endloop
  endfacet
  facet normal 0 1 0
    outer loop
      vertex 210.6 3 38.30525588832577
      vertex 216 3 43.900000000000006
      vertex 211.40525588832577 3 37.50000000000001
    endloop
  endfacet
  facet normal 0 1 0
    outer loop
      vertex 211.7 3 36.400000000000006
      vertex 211.40525588832577 3 37.50000000000001
      vertex 228 3 43.900000000000006
    endloop
  endfacet
  facet normal 0 0 1
    outer loop
      vertex 216 0 43.900000000000006
      vertex 228 3 43.900000000000006
      vertex 216 3 43.900000000000006
    endloop
  endfacet
  facet normal 0 1 0
    outer loop
      vertex 211.40525588832577 3 37.50000000000001
      vertex 216 3 43.900000000000006
      vertex 228 3 43.900000000000006
    endloop
  endfacet
  facet normal 0 1 0
    outer loop
      vertex 103.4 3 38.30525588832577
      vertex 105.26274617936795 3 67.46972778755497
      vertex 104.5 3 38.60000000000001
    endloop
  endfacet
  facet normal 0 1 0
    outer loop
      vertex 104.5 3 38.60000000000001
      vertex 113.71141461168673 3 53.37397608683586
      vertex 117.40202025355333 3 49.302020253553344
    endloop
  endfacet
  facet normal 0 1 0
    outer loop
      vertex 104.5 3 38.60000000000001
      vertex 110.43770171105746 3 57.788066950902284
      vertex 113.71141461168673 3 53.37397608683586
    endloop
  endfacet
  facet normal 0 1 0
    outer loop
      vertex 104.5 3 38.60000000000001
      vertex 107.61240919649211 3 62.501782737744136
      vertex 110.43770171105746 3 57.788066950902284
    endloop
  endfacet
  facet normal 0.7409511253549603 -1.6851483359148988e-17 0.671558954847017
    outer loop
      vertex 113.71141461168673 0 53.37397608683586
      vertex 117.40202025355333 0 49.302020253553344
      vertex 117.40202025355333 3 49.302020253553344
    endloop
  endfacet
  facet normal 0.7409511253549603 0 0.671558954847017
    outer loop
      vertex 113.71141461168673 0 53.37397608683586
      vertex 117.40202025355333 3 49.302020253553344
      vertex 113.71141461168673 3 53.37397608683586
    endloop
  endfacet
  facet normal 0.8032075314806437 0 0.595699304492435
    outer loop
      vertex 113.71141461168673 0 53.37397608683586
      vertex 113.71141461168673 3 53.37397608683586
      vertex 110.43770171105746 0 57.788066950902284
    endloop
  endfacet
  facet normal 0.6715589548470184 0 0.7409511253549591
    outer loop
      vertex 121.47397608683585 0 45.61141461168673
      vertex 121.47397608683585 3 45.61141461168673
      vertex 117.40202025355333 0 49.302020253553344
    endloop
  endfacet
  facet normal 0.5956993044924334 1.6695816593315973e-17 0.8032075314806449
    outer loop
      vertex 125.88806695090227 3 42.33770171105747
      vertex 121.47397608683585 3 45.61141461168673
      vertex 121.47397608683585 0 45.61141461168673
    endloop
  endfacet
  facet normal 0.6715589548470184 2.88702913464509e-17 0.7409511253549591
    outer loop
      vertex 121.47397608683585 3 45.61141461168673
      vertex 117.40202025355333 3 49.302020253553344
      vertex 117.40202025355333 0 49.302020253553344
    endloop
  endfacet
  facet normal 0 1 0
    outer loop
      vertex 104.5 3 38.60000000000001
      vertex 105.26274617936795 3 67.46972778755497
      vertex 107.61240919649211 3 62.501782737744136
    endloop
  endfacet
  facet normal 0.857728610000272 1.4884706597443803e-17 0.514102744193222
    outer loop
      vertex 110.43770171105746 3 57.788066950902284
      vertex 107.61240919649211 3 62.501782737744136
      vertex 107.61240919649211 0 62.501782737744136
    endloop
  endfacet
  facet normal 0.8032075314806437 -1.6998815455699273e-17 0.595699304492435
    outer loop
      vertex 113.71141461168673 3 53.37397608683586
      vertex 110.43770171105746 3 57.788066950902284
      vertex 110.43770171105746 0 57.788066950902284
    endloop
  endfacet
  facet normal 0.857728610000272 0 0.514102744193222
    outer loop
      vertex 110.43770171105746 0 57.788066950902284
      vertex 110.43770171105746 3 57.788066950902284
      vertex 107.61240919649211 0 62.501782737744136
    endloop
  endfacet
  facet normal 0.9039892931234444 0 0.4275550934302796
    outer loop
      vertex 107.61240919649211 0 62.501782737744136
      vertex 107.61240919649211 3 62.501782737744136
      vertex 105.26274617936795 0 67.46972778755497
    endloop
  endfacet
  facet normal 0.9039892931234444 6.563151626913885e-18 0.4275550934302796
    outer loop
      vertex 107.61240919649211 3 62.501782737744136
      vertex 105.26274617936795 3 67.46972778755497
      vertex 105.26274617936795 0 67.46972778755497
    endloop
  endfacet
  facet normal 0.9415440651830199 0 0.33688985339222216
    outer loop
      vertex 105.26274617936795 0 67.46972778755497
      vertex 105.26274617936795 3 67.46972778755497
      vertex 103.4113411989963 0 72.64405807375012
    endloop
  endfacet
  facet normal 0.9415440651830199 3.2114806009206473e-17 0.33688985339222216
    outer loop
      vertex 105.26274617936795 3 67.46972778755497
      vertex 103.4113411989963 3 72.64405807375012
      vertex 103.4113411989963 0 72.64405807375012
    endloop
  endfacet
  facet normal 0.9700312531945443 0 0.2429801799032626
    outer loop
      vertex 103.4113411989963 0 72.64405807375012
      vertex 103.4113411989963 3 72.64405807375012
      vertex 102.0760242974191 0 77.97494196709683
    endloop
  endfacet
  facet normal 0.9700312531945443 -1.532766251323648e-17 0.2429801799032626
    outer loop
      vertex 103.4113411989963 3 72.64405807375012
      vertex 102.0760242974191 3 77.97494196709683
      vertex 102.0760242974191 0 77.97494196709683
    endloop
  endfacet
  facet normal 0.9891765099647811 2.5745990381651883e-17 0.1467304744553607
    outer loop
      vertex 101.26965530635698 0 83.41104014154462
      vertex 102.0760242974191 0 77.97494196709683
      vertex 102.0760242974191 3 77.97494196709683
    endloop
  endfacet
  facet normal 0.9891765099647811 0 0.1467304744553607
    outer loop
      vertex 101.26965530635698 0 83.41104014154462
      vertex 102.0760242974191 3 77.97494196709683
      vertex 101.26965530635698 3 83.41104014154462
    endloop
  endfacet
  facet normal -0.5956993044924334 -1.6695816593315973e-17 0.8032075314806449
    outer loop
      vertex 188.11193304909773 0 42.33770171105747
      vertex 192.52602391316415 0 45.61141461168673
      vertex 192.52602391316415 3 45.61141461168673
    endloop
  endfacet
  facet normal -0.6715589548470184 0 0.7409511253549591
    outer loop
      vertex 192.52602391316415 0 45.61141461168673
      vertex 196.59797974644667 3 49.302020253553344
      vertex 192.52602391316415 3 45.61141461168673
    endloop
  endfacet
  facet normal -0.6715589548470184 -2.88702913464509e-17 0.7409511253549591
    outer loop
      vertex 192.52602391316415 0 45.61141461168673
      vertex 196.59797974644667 0 49.302020253553344
      vertex 196.59797974644667 3 49.302020253553344
    endloop
  endfacet
  facet normal 0 -1 0
    outer loop
      vertex 216 0 43.900000000000006
      vertex 196.59797974644667 0 49.302020253553344
      vertex 192.52602391316415 0 45.61141461168673
    endloop
  endfacet
  facet normal 0 1 0
    outer loop
      vertex 208.4 3 38.30525588832577
      vertex 196.59797974644667 3 49.302020253553344
      vertex 200.28858538831327 3 53.37397608683586
    endloop
  endfacet
  facet normal 0 1 0
    outer loop
      vertex 209.5 3 38.60000000000001
      vertex 200.28858538831327 3 53.37397608683586
      vertex 203.56229828894254 3 57.788066950902284
    endloop
  endfacet
  facet normal -0.7409511253549603 0 0.671558954847017
    outer loop
      vertex 196.59797974644667 0 49.302020253553344
      vertex 200.28858538831327 3 53.37397608683586
      vertex 196.59797974644667 3 49.302020253553344
    endloop
  endfacet
  facet normal -0.7409511253549603 1.6851483359148988e-17 0.671558954847017
    outer loop
      vertex 196.59797974644667 0 49.302020253553344
      vertex 200.28858538831327 0 53.37397608683586
      vertex 200.28858538831327 3 53.37397608683586
    endloop
  endfacet
  facet normal 0 -1 0
    outer loop
      vertex 196.59797974644667 0 49.302020253553344
      vertex 216 0 52.900000000000006
      vertex 200.28858538831327 0 53.37397608683586
    endloop
  endfacet
  facet normal -0.8032075314806437 0 0.595699304492435
    outer loop
      vertex 200.28858538831327 0 53.37397608683586
      vertex 203.56229828894254 3 57.788066950902284
      vertex 200.28858538831327 3 53.37397608683586
    endloop
  endfacet
  facet normal 0 -1 0
    outer loop
      vertex 200.28858538831327 0 53.37397608683586
      vertex 216 0 52.900000000000006
      vertex 203.56229828894254 0 57.788066950902284
    endloop
  endfacet
  facet normal 0 1 0
    outer loop
      vertex 209.5 3 38.60000000000001
      vertex 203.56229828894254 3 57.788066950902284
      vertex 206.3875908035079 3 62.501782737744136
    endloop
  endfacet
  facet normal 0 1 0
    outer loop
      vertex 209.5 3 38.60000000000001
      vertex 216 3 52.900000000000006
      vertex 216 3 43.900000000000006
    endloop
  endfacet
  facet normal 0 -1 0
    outer loop
      vertex 216 0 43.900000000000006
      vertex 216 0 52.900000000000006
      vertex 196.59797974644667 0 49.302020253553344
    endloop
  endfacet
  facet normal 1 0 0
    outer loop
      vertex 216 0 43.900000000000006
      vertex 216 3 43.900000000000006
      vertex 216 0 52.900000000000006
    endloop
  endfacet
  facet normal 1 0 0
    outer loop
      vertex 216 3 43.900000000000006
      vertex 216 3 52.900000000000006
      vertex 216 0 52.900000000000006
    endloop
  endfacet
  facet normal 0 1 0
    outer loop
      vertex 209.5 3 38.60000000000001
      vertex 208.73725382063205 3 67.46972778755497
      vertex 216 3 52.900000000000006
    endloop
  endfacet
  facet normal 0 0 -1
    outer loop
      vertex 216 0 52.900000000000006
      vertex 216 3 52.900000000000006
      vertex 228 0 52.900000000000006
    endloop
  endfacet
  facet normal 0 -1 0
    outer loop
      vertex 216 0 52.900000000000006
      vertex 228 0 52.900000000000006
      vertex 216 0 58.900000000000006
    endloop
  endfacet
  facet normal -0.8032075314806437 1.6998815455699273e-17 0.595699304492435
    outer loop
      vertex 200.28858538831327 0 53.37397608683586
      vertex 203.56229828894254 0 57.788066950902284
      vertex 203.56229828894254 3 57.788066950902284
    endloop
  endfacet
  facet normal -0.857728610000272 0 0.514102744193222
    outer loop
      vertex 203.56229828894254 0 57.788066950902284
      vertex 206.3875908035079 3 62.501782737744136
      vertex 203.56229828894254 3 57.788066950902284
    endloop
  endfacet
  facet normal -0.857728610000272 -1.4884706597443803e-17 0.514102744193222
    outer loop
      vertex 203.56229828894254 0 57.788066950902284
      vertex 206.3875908035079 0 62.501782737744136
      vertex 206.3875908035079 3 62.501782737744136
    endloop
  endfacet
  facet normal 0 1 0
    outer loop
      vertex 209.5 3 38.60000000000001
      vertex 206.3875908035079 3 62.501782737744136
      vertex 208.73725382063205 3 67.46972778755497
    endloop
  endfacet
  facet normal 0 -1 0
    outer loop
      vertex 216 0 52.900000000000006
      vertex 216 0 58.900000000000006
      vertex 203.56229828894254 0 57.788066950902284
    endloop
  endfacet
  facet normal 0 1 0
    outer loop
      vertex 216 3 52.900000000000006
      vertex 208.73725382063205 3 67.46972778755497
      vertex 216 3 58.900000000000006
    endloop
  endfacet
  facet normal 0 1 0
    outer loop
      vertex 216 3 52.900000000000006
      vertex 216 3 58.900000000000006
      vertex 228 3 58.900000000000006
    endloop
  endfacet
  facet normal 0 0 1
    outer loop
      vertex 216 0 58.900000000000006
      vertex 228 3 58.900000000000006
      vertex 216 3 58.900000000000006
    endloop
  endfacet
  facet normal 0 -1 0
    outer loop
      vertex 203.56229828894254 0 57.788066950902284
      vertex 216 0 67.9
      vertex 206.3875908035079 0 62.501782737744136
    endloop
  endfacet
  facet normal 0 -1 0
    outer loop
      vertex 203.56229828894254 0 57.788066950902284
      vertex 216 0 58.900000000000006
      vertex 216 0 67.9
    endloop
  endfacet
  facet normal -0.9039892931234444 0 0.4275550934302796
    outer loop
      vertex 206.3875908035079 0 62.501782737744136
      vertex 208.73725382063205 3 67.46972778755497
      vertex 206.3875908035079 3 62.501782737744136
    endloop
  endfacet
  facet normal -0.9039892931234444 -6.563151626913885e-18 0.4275550934302796
    outer loop
      vertex 206.3875908035079 0 62.501782737744136
      vertex 208.73725382063205 0 67.46972778755497
      vertex 208.73725382063205 3 67.46972778755497
    endloop
  endfacet
  facet normal 0 -1 0
    outer loop
      vertex 206.3875908035079 0 62.501782737744136
      vertex 216 0 67.9
      vertex 208.73725382063205 0 67.46972778755497
    endloop
  endfacet
  facet normal 0 1 0
    outer loop
      vertex 216 3 58.900000000000006
      vertex 208.73725382063205 3 67.46972778755497
      vertex 216 3 67.9
    endloop
  endfacet
  facet normal 1 0 0
    outer loop
      vertex 216 0 58.900000000000006
      vertex 216 3 58.900000000000006
      vertex 216 0 67.9
    endloop
  endfacet
  facet normal 1 0 0
    outer loop
      vertex 216 3 58.900000000000006
      vertex 216 3 67.9
      vertex 216 0 67.9
    endloop
  endfacet
  facet normal -0.9415440651830199 0 0.33688985339222216
    outer loop
      vertex 208.73725382063205 0 67.46972778755497
      vertex 210.5886588010037 3 72.64405807375012
      vertex 208.73725382063205 3 67.46972778755497
    endloop
  endfacet
  facet normal 0 -1 0
    outer loop
      vertex 208.73725382063205 0 67.46972778755497
      vertex 216 0 67.9
      vertex 210.5886588010037 0 72.64405807375012
    endloop
  endfacet
  facet normal 0 1 0
    outer loop
      vertex 208.73725382063205 3 67.46972778755497
      vertex 210.5886588010037 3 72.64405807375012
      vertex 216 3 67.9
    endloop
  endfacet
  facet normal -0.9415440651830199 -3.2114806009206473e-17 0.33688985339222216
    outer loop
      vertex 208.73725382063205 0 67.46972778755497
      vertex 210.5886588010037 0 72.64405807375012
      vertex 210.5886588010037 3 72.64405807375012
    endloop
  endfacet
  facet normal 0 -1 0
    outer loop
      vertex 216 0 67.9
      vertex 216 0 73.9
      vertex 210.5886588010037 0 72.64405807375012
    endloop
  endfacet
  facet normal 0 1 0
    outer loop
      vertex 216 3 67.9
      vertex 210.5886588010037 3 72.64405807375012
      vertex 216 3 73.9
    endloop
  endfacet
  facet normal 0 0 -1
    outer loop
      vertex 216 0 67.9
      vertex 216 3 67.9
      vertex 228 0 67.9
    endloop
  endfacet
  facet normal 0 -1 0
    outer loop
      vertex 216 0 67.9
      vertex 228 0 67.9
      vertex 216 0 73.9
    endloop
  endfacet
  facet normal 0 1 0
    outer loop
      vertex 216 3 67.9
      vertex 216 3 73.9
      vertex 228 3 73.9
    endloop
  endfacet
  facet normal -0.9700312531945449 0 0.24298017990326018
    outer loop
      vertex 210.5886588010037 0 72.64405807375012
      vertex 211.9239757025809 3 77.97494196709683
      vertex 210.5886588010037 3 72.64405807375012
    endloop
  endfacet
  facet normal 0 1 0
    outer loop
      vertex 210.5886588010037 3 72.64405807375012
      vertex 211.9239757025809 3 77.97494196709683
      vertex 216 3 73.9
    endloop
  endfacet
  facet normal -0.9700312531945449 -5.184574623448178e-19 0.24298017990326018
    outer loop
      vertex 210.5886588010037 0 72.64405807375012
      vertex 211.9239757025809 0 77.97494196709683
      vertex 211.9239757025809 3 77.97494196709683
    endloop
  endfacet
  facet normal 0 -1 0
    outer loop
      vertex 210.5886588010037 0 72.64405807375012
      vertex 216 0 73.9
      vertex 216 0 82.9
    endloop
  endfacet
  facet normal 0 0 1
    outer loop
      vertex 216 0 73.9
      vertex 228 3 73.9
      vertex 216 3 73.9
    endloop
  endfacet
  facet normal 1 0 0
    outer loop
      vertex 216 0 73.9
      vertex 216 3 73.9
      vertex 216 0 82.9
    endloop
  endfacet
  facet normal 0 -1 0
    outer loop
      vertex 210.5886588010037 0 72.64405807375012
      vertex 216 0 82.9
      vertex 211.9239757025809 0 77.97494196709683
    endloop
  endfacet
  facet normal -0.9891765099647807 0 0.14673047445536322
    outer loop
      vertex 211.9239757025809 0 77.97494196709683
      vertex 212.73034469364302 3 83.41104014154462
      vertex 211.9239757025809 3 77.97494196709683
    endloop
  endfacet
  facet normal 0 1 0
    outer loop
      vertex 216 3 73.9
      vertex 211.9239757025809 3 77.97494196709683
      vertex 212.73034469364302 3 83.41104014154462
    endloop
  endfacet
  facet normal -0.9891765099647807 2.6917990219717884e-17 0.14673047445536322
    outer loop
      vertex 211.9239757025809 0 77.97494196709683
      vertex 212.73034469364302 0 83.41104014154462
      vertex 212.73034469364302 3 83.41104014154462
    endloop
  endfacet
  facet normal 0 -1 0
    outer loop
      vertex 211.9239757025809 0 77.97494196709683
      vertex 216 0 82.9
      vertex 212.73034469364302 0 83.41104014154462
    endloop
  endfacet
  facet normal 1 0 0
    outer loop
      vertex 216 3 73.9
      vertex 216 3 82.9
      vertex 216 0 82.9
    endloop
  endfacet
  facet normal 0 1 0
    outer loop
      vertex 216 3 73.9
      vertex 212.73034469364302 3 83.41104014154462
      vertex 216 3 82.9
    endloop
  endfacet
  facet normal 0 -1 0
    outer loop
      vertex 216 0 82.9
      vertex 228 0 82.9
      vertex 212.73034469364302 0 83.41104014154462
    endloop
  endfacet
  facet normal 0 0 -1
    outer loop
      vertex 216 0 82.9
      vertex 216 3 82.9
      vertex 228 0 82.9
    endloop
  endfacet
  facet normal -0.9987954562051722 0 0.04906767432741924
    outer loop
      vertex 212.73034469364302 0 83.41104014154462
      vertex 213 3 88.9
      vertex 212.73034469364302 3 83.41104014154462
    endloop
  endfacet
  facet normal -0.9987954562051722 2.522979937260881e-18 0.04906767432741924
    outer loop
      vertex 212.73034469364302 0 83.41104014154462
      vertex 213 0 88.9
      vertex 213 3 88.9
    endloop
  endfacet
  facet normal 0 -1 0
    outer loop
      vertex 212.73034469364302 0 83.41104014154462
      vertex 216 0 88.9
      vertex 213 0 88.9
    endloop
  endfacet
  facet normal 0 1 0
    outer loop
      vertex 212.73034469364302 3 83.41104014154462
      vertex 213 3 88.9
      vertex 216 3 88.9
    endloop
  endfacet
  facet normal 0 1 0
    outer loop
      vertex 216 3 82.9
      vertex 212.73034469364302 3 83.41104014154462
      vertex 216 3 88.9
    endloop
  endfacet
  facet normal 0 -1 0
    outer loop
      vertex 212.73034469364302 0 83.41104014154462
      vertex 231.26965530635698 0 83.41104014154462
      vertex 216 0 88.9
    endloop
  endfacet
  facet normal 0 1 0
    outer loop
      vertex 216 3 82.9
      vertex 216 3 88.9
      vertex 228 3 88.9
    endloop
  endfacet
  facet normal 0 0 1
    outer loop
      vertex 10.191161896583193 150.66074106456054 3
      vertex 135.5911618965832 112.48925893543947 3
      vertex 210.925 112.16458256229942 3
    endloop
  endfacet
  facet normal -0.1305261922200506 -0.9914448613738106 1.121847413271527e-18
    outer loop
      vertex 133.9088381034168 106.21074106456052 3
      vertex 134.75 106.1 3
      vertex 134.75 106.1 9
    endloop
  endfacet
  facet normal 0.1305261922200506 -0.9914448613738106 -1.121847413271527e-18
    outer loop
      vertex 134.75 106.1 3
      vertex 135.5911618965832 106.21074106456052 3
      vertex 135.5911618965832 106.21074106456052 9
    endloop
  endfacet
  facet normal 0 0 1
    outer loop
      vertex 133.61862915010153 108.21862915010152 3
      vertex 134.13770650821584 107.87179274798194 3
      vertex 134.75 107.75 3
    endloop
  endfacet
  facet normal 0 0 1
    outer loop
      vertex 133.27179274798195 108.73770650821585 3
      vertex 133.61862915010153 108.21862915010152 3
      vertex 134.75 107.75 3
    endloop
  endfacet
  facet normal 0 0 1
    outer loop
      vertex 133.27179274798195 108.73770650821585 3
      vertex 134.75 107.75 3
      vertex 133.15 109.35 3
    endloop
  endfacet
  facet normal 0 0 1
    outer loop
      vertex 134.75 107.75 3
      vertex 133.27179274798195 109.96229349178414 3
      vertex 133.15 109.35 3
    endloop
  endfacet
  facet normal 0 0 1
    outer loop
      vertex 134.75 107.75 3
      vertex 135.36229349178416 107.87179274798194 3
      vertex 133.27179274798195 109.96229349178414 3
    endloop
  endfacet
  facet normal 0 0 1
    outer loop
      vertex 133.27179274798195 109.96229349178414 3
      vertex 135.36229349178416 107.87179274798194 3
      vertex 135.88137084989847 108.21862915010152 3
    endloop
  endfacet
  facet normal 0 0 1
    outer loop
      vertex 133.27179274798195 109.96229349178414 3
      vertex 135.88137084989847 108.21862915010152 3
      vertex 136.22820725201805 108.73770650821585 3
    endloop
  endfacet
  facet normal -0.793353340291234 -0.608761429008722 7.7983497388391525e-19
    outer loop
      vertex 132.45190296114373 107.05190296114371 3
      vertex 131.93541743770058 107.725 9
      vertex 131.93541743770058 107.725 3
    endloop
  endfacet
  facet normal -0.6087614290087195 -0.7933533402912359 -4.311227106146844e-18
    outer loop
      vertex 132.45190296114373 107.05190296114371 3
      vertex 133.125 106.53541743770057 3
      vertex 133.125 106.53541743770057 9
    endloop
  endfacet
  facet normal -0.9238795325112857 -0.3826834323650921 -3.9366859922155816e-19
    outer loop
      vertex 131.93541743770058 107.725 3
      vertex 131.61074106456053 108.5088381034168 9
      vertex 131.61074106456053 108.5088381034168 3
    endloop
  endfacet
  facet normal -0.9914448613738103 -0.13052619222005277 0
    outer loop
      vertex 131.5 109.35 3
      vertex 131.61074106456053 108.5088381034168 3
      vertex 131.5 109.35 9
    endloop
  endfacet
  facet normal 0.8314696123025477 0.5555702330195987 0
    outer loop
      vertex 133.27179274798195 108.73770650821585 3
      vertex 133.27179274798195 108.73770650821585 9
      vertex 133.61862915010153 108.21862915010152 3
    endloop
  endfacet
  facet normal -0.38268343236509805 -0.9238795325112834 0
    outer loop
      vertex 133.9088381034168 106.21074106456052 3
      vertex 133.9088381034168 106.21074106456052 9
      vertex 133.125 106.53541743770057 3
    endloop
  endfacet
  facet normal 0.5555702330196092 0.8314696123025406 0
    outer loop
      vertex 133.61862915010153 108.21862915010152 3
      vertex 133.61862915010153 108.21862915010152 9
      vertex 134.13770650821584 107.87179274798194 3
    endloop
  endfacet
  facet normal 0.19509032201612567 0.980785280403231 0
    outer loop
      vertex 134.13770650821584 107.87179274798194 3
      vertex 134.13770650821584 107.87179274798194 9
      vertex 134.75 107.75 3
    endloop
  endfacet
  facet normal -0.19509032201612567 0.980785280403231 0
    outer loop
      vertex 134.75 107.75 3
      vertex 134.75 107.75 9
      vertex 135.36229349178416 107.87179274798194 3
    endloop
  endfacet
  facet normal 0 0 1
    outer loop
      vertex 133.27179274798195 109.96229349178414 3
      vertex 136.22820725201805 108.73770650821585 3
      vertex 133.61862915010153 110.48137084989847 3
    endloop
  endfacet
  facet normal 0 0 1
    outer loop
      vertex 133.61862915010153 110.48137084989847 3
      vertex 136.22820725201805 108.73770650821585 3
      vertex 134.13770650821584 110.82820725201805 3
    endloop
  endfacet
  facet normal 0 0 1
    outer loop
      vertex 134.13770650821584 110.82820725201805 3
      vertex 136.22820725201805 108.73770650821585 3
      vertex 134.75 110.94999999999999 3
    endloop
  endfacet
  facet normal -0.9914448613738103 0.13052619222005277 5.170083738957161e-19
    outer loop
      vertex 131.5 109.35 3
      vertex 131.61074106456053 110.19116189658318 9
      vertex 131.61074106456053 110.19116189658318 3
    endloop
  endfacet
  facet normal 0.9807852804032301 0.19509032201613002 1.197916705114116e-18
    outer loop
      vertex 133.27179274798195 108.73770650821585 3
      vertex 133.15 109.35 3
      vertex 133.15 109.35 9
    endloop
  endfacet
  facet normal 0.9807852804032301 -0.19509032201613002 -1.197916705114116e-18
    outer loop
      vertex 133.15 109.35 3
      vertex 133.27179274798195 109.96229349178414 3
      vertex 133.27179274798195 109.96229349178414 9
    endloop
  endfacet
  facet normal -0.9238795325112857 0.3826834323650921 3.9366859922155816e-19
    outer loop
      vertex 131.61074106456053 110.19116189658318 3
      vertex 131.93541743770058 110.975 9
      vertex 131.93541743770058 110.975 3
    endloop
  endfacet
  facet normal -0.793353340291234 0.608761429008722 -7.7983497388391525e-19
    outer loop
      vertex 131.93541743770058 110.975 3
      vertex 132.45190296114373 111.64809703885628 9
      vertex 132.45190296114373 111.64809703885628 3
    endloop
  endfacet
  facet normal -0.6087614290087195 0.7933533402912359 0
    outer loop
      vertex 132.45190296114373 111.64809703885628 3
      vertex 132.45190296114373 111.64809703885628 9
      vertex 133.125 112.16458256229942 3
    endloop
  endfacet
  facet normal 0.8314696123025477 -0.5555702330195987 -3.0515296008697135e-18
    outer loop
      vertex 133.27179274798195 109.96229349178414 3
      vertex 133.61862915010153 110.48137084989847 3
      vertex 133.61862915010153 110.48137084989847 9
    endloop
  endfacet
  facet normal 0.5555702330196092 -0.8314696123025406 5.887240550333412e-20
    outer loop
      vertex 133.61862915010153 110.48137084989847 3
      vertex 134.13770650821584 110.82820725201805 3
      vertex 134.13770650821584 110.82820725201805 9
    endloop
  endfacet
  facet normal 0.19509032201612567 -0.980785280403231 1.4539956525362302e-18
    outer loop
      vertex 134.13770650821584 110.82820725201805 3
      vertex 134.75 110.94999999999999 3
      vertex 134.75 110.94999999999999 9
    endloop
  endfacet
  facet normal -0.19509032201612567 -0.980785280403231 -1.4539956525362302e-18
    outer loop
      vertex 134.75 110.94999999999999 3
      vertex 135.36229349178416 110.82820725201805 3
      vertex 135.36229349178416 110.82820725201805 9
    endloop
  endfacet
  facet normal 0.38268343236509805 -0.9238795325112834 -8.83846084085481e-19
    outer loop
      vertex 135.5911618965832 106.21074106456052 3
      vertex 136.375 106.53541743770057 3
      vertex 136.375 106.53541743770057 9
    endloop
  endfacet
  facet normal 0.6087614290087195 -0.7933533402912359 4.311227106146844e-18
    outer loop
      vertex 136.375 106.53541743770057 3
      vertex 137.04809703885627 107.05190296114371 3
      vertex 137.04809703885627 107.05190296114371 9
    endloop
  endfacet
  facet normal -0.5555702330196092 0.8314696123025406 0
    outer loop
      vertex 135.36229349178416 107.87179274798194 3
      vertex 135.36229349178416 107.87179274798194 9
      vertex 135.88137084989847 108.21862915010152 3
    endloop
  endfacet
  facet normal -0.8314696123025477 0.5555702330195987 0
    outer loop
      vertex 135.88137084989847 108.21862915010152 3
      vertex 135.88137084989847 108.21862915010152 9
      vertex 136.22820725201805 108.73770650821585 3
    endloop
  endfacet
  facet normal -0.9807852804032301 0.19509032201613002 0
    outer loop
      vertex 136.22820725201805 108.73770650821585 3
      vertex 136.22820725201805 108.73770650821585 9
      vertex 136.35 109.35 3
    endloop
  endfacet
  facet normal 0.793353340291234 -0.608761429008722 0
    outer loop
      vertex 137.04809703885627 107.05190296114371 3
      vertex 137.56458256229942 107.725 3
      vertex 137.04809703885627 107.05190296114371 9
    endloop
  endfacet
  facet normal 0.9238795325112857 -0.3826834323650921 0
    outer loop
      vertex 137.56458256229942 107.725 3
      vertex 137.88925893543947 108.5088381034168 3
      vertex 137.56458256229942 107.725 9
    endloop
  endfacet
  facet normal 0.9914448613738103 -0.13052619222005277 0
    outer loop
      vertex 137.88925893543947 108.5088381034168 3
      vertex 138 109.35 3
      vertex 137.88925893543947 108.5088381034168 9
    endloop
  endfacet
  facet normal 0 0 1
    outer loop
      vertex 136.22820725201805 108.73770650821585 3
      vertex 136.22820725201805 109.96229349178414 3
      vertex 135.88137084989847 110.48137084989847 3
    endloop
  endfacet
  facet normal 0 0 1
    outer loop
      vertex 134.75 110.94999999999999 3
      vertex 136.22820725201805 108.73770650821585 3
      vertex 135.36229349178416 110.82820725201805 3
    endloop
  endfacet
  facet normal 0 0 1
    outer loop
      vertex 136.22820725201805 108.73770650821585 3
      vertex 135.88137084989847 110.48137084989847 3
      vertex 135.36229349178416 110.82820725201805 3
    endloop
  endfacet
  facet normal 0 0 1
    outer loop
      vertex 136.22820725201805 108.73770650821585 3
      vertex 136.35 109.35 3
      vertex 136.22820725201805 109.96229349178414 3
    endloop
  endfacet
  facet normal -0.8314696123025477 -0.5555702330195987 0
    outer loop
      vertex 136.22820725201805 109.96229349178414 3
      vertex 136.22820725201805 109.96229349178414 9
      vertex 135.88137084989847 110.48137084989847 3
    endloop
  endfacet
  facet normal -0.9807852804032301 -0.19509032201613002 0
    outer loop
      vertex 136.35 109.35 3
      vertex 136.35 109.35 9
      vertex 136.22820725201805 109.96229349178414 3
    endloop
  endfacet
  facet normal -0.5555702330196092 -0.8314696123025406 -5.887240550333412e-20
    outer loop
      vertex 135.36229349178416 110.82820725201805 3
      vertex 135.88137084989847 110.48137084989847 3
      vertex 135.88137084989847 110.48137084989847 9
    endloop
  endfacet
  facet normal 0.9914448613738103 0.13052619222005277 0
    outer loop
      vertex 138 109.35 3
      vertex 137.88925893543947 110.19116189658318 3
      vertex 138 109.35 9
    endloop
  endfacet
  facet normal 0.9238795325112857 0.3826834323650921 0
    outer loop
      vertex 137.88925893543947 110.19116189658318 3
      vertex 137.56458256229942 110.975 3
      vertex 137.88925893543947 110.19116189658318 9
    endloop
  endfacet
  facet normal 0.793353340291234 0.608761429008722 7.7983497388391525e-19
    outer loop
      vertex 137.04809703885627 111.64809703885628 3
      vertex 137.56458256229942 110.975 9
      vertex 137.56458256229942 110.975 3
    endloop
  endfacet
  facet normal -0.1305261922200506 -0.9914448613738106 0
    outer loop
      vertex 133.9088381034168 106.21074106456052 3
      vertex 134.75 106.1 9
      vertex 133.9088381034168 106.21074106456052 9
    endloop
  endfacet
  facet normal 0.1305261922200506 -0.9914448613738106 0
    outer loop
      vertex 134.75 106.1 3
      vertex 135.5911618965832 106.21074106456052 9
      vertex 134.75 106.1 9
    endloop
  endfacet
  facet normal -0.793353340291234 -0.608761429008722 0
    outer loop
      vertex 132.45190296114373 107.05190296114371 3
      vertex 132.45190296114373 107.05190296114371 9
      vertex 131.93541743770058 107.725 9
    endloop
  endfacet
  facet normal -0.6087614290087195 -0.7933533402912359 0
    outer loop
      vertex 132.45190296114373 107.05190296114371 3
      vertex 133.125 106.53541743770057 9
      vertex 132.45190296114373 107.05190296114371 9
    endloop
  endfacet
  facet normal -0.38268343236509805 -0.9238795325112834 0
    outer loop
      vertex 133.125 106.53541743770057 3
      vertex 133.9088381034168 106.21074106456052 9
      vertex 133.125 106.53541743770057 9
    endloop
  endfacet
  facet normal -0.9238795325112857 -0.3826834323650921 0
    outer loop
      vertex 131.93541743770058 107.725 3
      vertex 131.93541743770058 107.725 9
      vertex 131.61074106456053 108.5088381034168 9
    endloop
  endfacet
  facet normal -0.9914448613738103 -0.13052619222005277 0
    outer loop
      vertex 131.61074106456053 108.5088381034168 3
      vertex 131.61074106456053 108.5088381034168 9
      vertex 131.5 109.35 9
    endloop
  endfacet
  facet normal 0.9807852804032301 0.19509032201613002 0
    outer loop
      vertex 133.27179274798195 108.73770650821585 3
      vertex 133.15 109.35 9
      vertex 133.27179274798195 108.73770650821585 9
    endloop
  endfacet
  facet normal 0.5555702330196092 0.8314696123025406 0
    outer loop
      vertex 134.13770650821584 107.87179274798194 3
      vertex 133.61862915010153 108.21862915010152 9
      vertex 134.13770650821584 107.87179274798194 9
    endloop
  endfacet
  facet normal 0.8314696123025477 0.5555702330195987 0
    outer loop
      vertex 133.61862915010153 108.21862915010152 3
      vertex 133.27179274798195 108.73770650821585 9
      vertex 133.61862915010153 108.21862915010152 9
    endloop
  endfacet
  facet normal 0.19509032201612567 0.980785280403231 0
    outer loop
      vertex 134.75 107.75 3
      vertex 134.13770650821584 107.87179274798194 9
      vertex 134.75 107.75 9
    endloop
  endfacet
  facet normal -0.19509032201612567 0.980785280403231 0
    outer loop
      vertex 135.36229349178416 107.87179274798194 3
      vertex 134.75 107.75 9
      vertex 135.36229349178416 107.87179274798194 9
    endloop
  endfacet
  facet normal -0.9914448613738103 0.13052619222005277 0
    outer loop
      vertex 131.5 109.35 3
      vertex 131.5 109.35 9
      vertex 131.61074106456053 110.19116189658318 9
    endloop
  endfacet
  facet normal -0.9238795325112857 0.3826834323650921 0
    outer loop
      vertex 131.61074106456053 110.19116189658318 3
      vertex 131.61074106456053 110.19116189658318 9
      vertex 131.93541743770058 110.975 9
    endloop
  endfacet
  facet normal 0.9807852804032301 -0.19509032201613002 0
    outer loop
      vertex 133.15 109.35 3
      vertex 133.27179274798195 109.96229349178414 9
      vertex 133.15 109.35 9
    endloop
  endfacet
  facet normal 0.8314696123025477 -0.5555702330195987 0
    outer loop
      vertex 133.27179274798195 109.96229349178414 3
      vertex 133.61862915010153 110.48137084989847 9
      vertex 133.27179274798195 109.96229349178414 9
    endloop
  endfacet
  facet normal -0.793353340291234 0.608761429008722 0
    outer loop
      vertex 131.93541743770058 110.975 3
      vertex 131.93541743770058 110.975 9
      vertex 132.45190296114373 111.64809703885628 9
    endloop
  endfacet
  facet normal 0.5555702330196092 -0.8314696123025406 0
    outer loop
      vertex 133.61862915010153 110.48137084989847 3
      vertex 134.13770650821584 110.82820725201805 9
      vertex 133.61862915010153 110.48137084989847 9
    endloop
  endfacet
  facet normal 0.19509032201612567 -0.980785280403231 0
    outer loop
      vertex 134.13770650821584 110.82820725201805 3
      vertex 134.75 110.94999999999999 9
      vertex 134.13770650821584 110.82820725201805 9
    endloop
  endfacet
  facet normal -0.19509032201612567 -0.980785280403231 0
    outer loop
      vertex 134.75 110.94999999999999 3
      vertex 135.36229349178416 110.82820725201805 9
      vertex 134.75 110.94999999999999 9
    endloop
  endfacet
  facet normal 0.38268343236509805 -0.9238795325112834 0
    outer loop
      vertex 135.5911618965832 106.21074106456052 3
      vertex 136.375 106.53541743770057 9
      vertex 135.5911618965832 106.21074106456052 9
    endloop
  endfacet
  facet normal 0.6087614290087195 -0.7933533402912359 0
    outer loop
      vertex 136.375 106.53541743770057 3
      vertex 137.04809703885627 107.05190296114371 9
      vertex 136.375 106.53541743770057 9
    endloop
  endfacet
  facet normal -0.5555702330196092 0.8314696123025406 0
    outer loop
      vertex 135.88137084989847 108.21862915010152 3
      vertex 135.36229349178416 107.87179274798194 9
      vertex 135.88137084989847 108.21862915010152 9
    endloop
  endfacet
  facet normal -0.8314696123025477 0.5555702330195987 0
    outer loop
      vertex 136.22820725201805 108.73770650821585 3
      vertex 135.88137084989847 108.21862915010152 9
      vertex 136.22820725201805 108.73770650821585 9
    endloop
  endfacet
  facet normal 0.793353340291234 -0.608761429008722 0
    outer loop
      vertex 137.56458256229942 107.725 3
      vertex 137.56458256229942 107.725 9
      vertex 137.04809703885627 107.05190296114371 9
    endloop
  endfacet
  facet normal 0.9238795325112857 -0.3826834323650921 0
    outer loop
      vertex 137.88925893543947 108.5088381034168 3
      vertex 137.88925893543947 108.5088381034168 9
      vertex 137.56458256229942 107.725 9
    endloop
  endfacet
  facet normal 0.9914448613738103 -0.13052619222005277 0
    outer loop
      vertex 138 109.35 3
      vertex 138 109.35 9
      vertex 137.88925893543947 108.5088381034168 9
    endloop
  endfacet
  facet normal -0.8314696123025477 -0.5555702330195987 0
    outer loop
      vertex 135.88137084989847 110.48137084989847 3
      vertex 136.22820725201805 109.96229349178414 9
      vertex 135.88137084989847 110.48137084989847 9
    endloop
  endfacet
  facet normal -0.9807852804032301 0.19509032201613002 0
    outer loop
      vertex 136.35 109.35 3
      vertex 136.22820725201805 108.73770650821585 9
      vertex 136.35 109.35 9
    endloop
  endfacet
  facet normal -0.9807852804032301 -0.19509032201613002 0
    outer loop
      vertex 136.22820725201805 109.96229349178414 3
      vertex 136.35 109.35 9
      vertex 136.22820725201805 109.96229349178414 9
    endloop
  endfacet
  facet normal -0.5555702330196092 -0.8314696123025406 0
    outer loop
      vertex 135.36229349178416 110.82820725201805 3
      vertex 135.88137084989847 110.48137084989847 9
      vertex 135.36229349178416 110.82820725201805 9
    endloop
  endfacet
  facet normal 0.6087614290087195 0.7933533402912359 0
    outer loop
      vertex 137.04809703885627 111.64809703885628 3
      vertex 136.375 112.16458256229942 9
      vertex 137.04809703885627 111.64809703885628 9
    endloop
  endfacet
  facet normal 0.9914448613738103 0.13052619222005277 0
    outer loop
      vertex 137.88925893543947 110.19116189658318 3
      vertex 137.88925893543947 110.19116189658318 9
      vertex 138 109.35 9
    endloop
  endfacet
  facet normal 0.9238795325112857 0.3826834323650921 0
    outer loop
      vertex 137.56458256229942 110.975 3
      vertex 137.56458256229942 110.975 9
      vertex 137.88925893543947 110.19116189658318 9
    endloop
  endfacet
  facet normal 0.793353340291234 0.608761429008722 0
    outer loop
      vertex 137.04809703885627 111.64809703885628 3
      vertex 137.04809703885627 111.64809703885628 9
      vertex 137.56458256229942 110.975 9
    endloop
  endfacet
  facet normal 0 0 1
    outer loop
      vertex 137.04809703885627 107.05190296114371 3
      vertex 210.25190296114374 107.05190296114371 3
      vertex 137.56458256229942 107.725 3
    endloop
  endfacet
  facet normal 0 0 1
    outer loop
      vertex 137.88925893543947 110.19116189658318 3
      vertex 209.41074106456054 110.19116189658318 3
      vertex 137.56458256229942 110.975 3
    endloop
  endfacet
  facet normal 0 0 1
    outer loop
      vertex 137.04809703885627 111.64809703885628 3
      vertex 137.56458256229942 110.975 3
      vertex 209.7354174377006 110.975 3
    endloop
  endfacet
  facet normal 0 0 1
    outer loop
      vertex 137.04809703885627 111.64809703885628 3
      vertex 210.25190296114374 111.64809703885628 3
      vertex 136.375 112.16458256229942 3
    endloop
  endfacet
  facet normal -0.38268343236509805 0.9238795325112834 0
    outer loop
      vertex 133.125 112.16458256229942 3
      vertex 133.125 112.16458256229942 9
      vertex 133.9088381034168 112.48925893543947 3
    endloop
  endfacet
  facet normal -0.1305261922200506 0.9914448613738106 0
    outer loop
      vertex 133.9088381034168 112.48925893543947 3
      vertex 133.9088381034168 112.48925893543947 9
      vertex 134.75 112.6 3
    endloop
  endfacet
  facet normal 0.1305261922200506 0.9914448613738106 0
    outer loop
      vertex 134.75 112.6 3
      vertex 134.75 112.6 9
      vertex 135.5911618965832 112.48925893543947 3
    endloop
  endfacet
  facet normal 0.38268343236509805 0.9238795325112834 0
    outer loop
      vertex 135.5911618965832 112.48925893543947 3
      vertex 135.5911618965832 112.48925893543947 9
      vertex 136.375 112.16458256229942 3
    endloop
  endfacet
  facet normal 0.6087614290087195 0.7933533402912359 -4.311227106146844e-18
    outer loop
      vertex 137.04809703885627 111.64809703885628 3
      vertex 136.375 112.16458256229942 3
      vertex 136.375 112.16458256229942 9
    endloop
  endfacet
  facet normal -0.6087614290087195 0.7933533402912359 0
    outer loop
      vertex 133.125 112.16458256229942 3
      vertex 132.45190296114373 111.64809703885628 9
      vertex 133.125 112.16458256229942 9
    endloop
  endfacet
  facet normal -0.38268343236509805 0.9238795325112834 0
    outer loop
      vertex 133.9088381034168 112.48925893543947 3
      vertex 133.125 112.16458256229942 9
      vertex 133.9088381034168 112.48925893543947 9
    endloop
  endfacet
  facet normal -0.1305261922200506 0.9914448613738106 0
    outer loop
      vertex 134.75 112.6 3
      vertex 133.9088381034168 112.48925893543947 9
      vertex 134.75 112.6 9
    endloop
  endfacet
  facet normal 0.1305261922200506 0.9914448613738106 0
    outer loop
      vertex 135.5911618965832 112.48925893543947 3
      vertex 134.75 112.6 9
      vertex 135.5911618965832 112.48925893543947 9
    endloop
  endfacet
  facet normal 0.38268343236509805 0.9238795325112834 0
    outer loop
      vertex 136.375 112.16458256229942 3
      vertex 135.5911618965832 112.48925893543947 9
      vertex 136.375 112.16458256229942 9
    endloop
  endfacet
  facet normal 0 0 1
    outer loop
      vertex 12.6 153.8 3
      vertex 210.925 112.16458256229942 3
      vertex 211.7088381034168 112.48925893543947 3
    endloop
  endfacet
  facet normal 0 0 1
    outer loop
      vertex 12.6 153.8 3
      vertex 211.7088381034168 112.48925893543947 3
      vertex 212.55 112.6 3
    endloop
  endfacet
  facet normal 0 0 1
    outer loop
      vertex 12.6 153.8 3
      vertex 212.55 112.6 3
      vertex 213.3911618965832 112.48925893543947 3
    endloop
  endfacet
  facet normal 0 0 1
    outer loop
      vertex 135.5911618965832 112.48925893543947 3
      vertex 136.375 112.16458256229942 3
      vertex 210.925 112.16458256229942 3
    endloop
  endfacet
  facet normal 0 0 1
    outer loop
      vertex 213.3911618965832 112.48925893543947 3
      vertex 214.175 112.16458256229942 3
      vertex 12.6 260.48 3
    endloop
  endfacet
  facet normal 0 0 1
    outer loop
      vertex 137.56458256229942 107.725 3
      vertex 209.7354174377006 107.725 3
      vertex 137.88925893543947 108.5088381034168 3
    endloop
  endfacet
  facet normal 0 0 1
    outer loop
      vertex 137.88925893543947 108.5088381034168 3
      vertex 209.41074106456054 108.5088381034168 3
      vertex 138 109.35 3
    endloop
  endfacet
  facet normal 0 0 1
    outer loop
      vertex 138 109.35 3
      vertex 209.3 109.35 3
      vertex 137.88925893543947 110.19116189658318 3
    endloop
  endfacet
  facet normal 0 0 1
    outer loop
      vertex 137.56458256229942 107.725 3
      vertex 210.25190296114374 107.05190296114371 3
      vertex 209.7354174377006 107.725 3
    endloop
  endfacet
  facet normal 0 0 1
    outer loop
      vertex 137.88925893543947 108.5088381034168 3
      vertex 209.7354174377006 107.725 3
      vertex 209.41074106456054 108.5088381034168 3
    endloop
  endfacet
  facet normal 0 0 1
    outer loop
      vertex 138 109.35 3
      vertex 209.41074106456054 108.5088381034168 3
      vertex 209.3 109.35 3
    endloop
  endfacet
  facet normal 0 0 1
    outer loop
      vertex 137.88925893543947 110.19116189658318 3
      vertex 209.3 109.35 3
      vertex 209.41074106456054 110.19116189658318 3
    endloop
  endfacet
  facet normal 0 0 1
    outer loop
      vertex 137.56458256229942 110.975 3
      vertex 209.41074106456054 110.19116189658318 3
      vertex 209.7354174377006 110.975 3
    endloop
  endfacet
  facet normal 0 0 1
    outer loop
      vertex 137.04809703885627 111.64809703885628 3
      vertex 209.7354174377006 110.975 3
      vertex 210.25190296114374 111.64809703885628 3
    endloop
  endfacet
  facet normal 0 0 1
    outer loop
      vertex 136.375 112.16458256229942 3
      vertex 210.25190296114374 111.64809703885628 3
      vertex 210.925 112.16458256229942 3
    endloop
  endfacet
  facet normal -0.1305261922200506 -0.9914448613738106 1.121847413271527e-18
    outer loop
      vertex 211.7088381034168 106.21074106456052 3
      vertex 212.55 106.1 3
      vertex 212.55 106.1 9
    endloop
  endfacet
  facet normal 0.1305261922200506 -0.9914448613738106 -1.121847413271527e-18
    outer loop
      vertex 212.55 106.1 3
      vertex 213.3911618965832 106.21074106456052 3
      vertex 213.3911618965832 106.21074106456052 9
    endloop
  endfacet
  facet normal -0.793353340291234 -0.608761429008722 7.7983497388391525e-19
    outer loop
      vertex 210.25190296114374 107.05190296114371 3
      vertex 209.7354174377006 107.725 9
      vertex 209.7354174377006 107.725 3
    endloop
  endfacet
  facet normal -0.9238795325112857 -0.3826834323650921 -3.9366859922155816e-19
    outer loop
      vertex 209.7354174377006 107.725 3
      vertex 209.41074106456054 108.5088381034168 9
      vertex 209.41074106456054 108.5088381034168 3
    endloop
  endfacet
  facet normal -0.9914448613738103 -0.13052619222005277 -5.170083738957161e-19
    outer loop
      vertex 209.41074106456054 108.5088381034168 3
      vertex 209.3 109.35 9
      vertex 209.3 109.35 3
    endloop
  endfacet
  facet normal -0.9914448613738103 0.13052619222005277 5.170083738957161e-19
    outer loop
      vertex 209.3 109.35 3
      vertex 209.41074106456054 110.19116189658318 9
      vertex 209.41074106456054 110.19116189658318 3
    endloop
  endfacet
  facet normal -0.9238795325112857 0.3826834323650921 3.9366859922155816e-19
    outer loop
      vertex 209.41074106456054 110.19116189658318 3
      vertex 209.7354174377006 110.975 9
      vertex 209.7354174377006 110.975 3
    endloop
  endfacet
  facet normal -0.793353340291234 0.608761429008722 -7.7983497388391525e-19
    outer loop
      vertex 209.7354174377006 110.975 3
      vertex 210.25190296114374 111.64809703885628 9
      vertex 210.25190296114374 111.64809703885628 3
    endloop
  endfacet
  facet normal -0.6087614290087195 0.7933533402912359 0
    outer loop
      vertex 210.25190296114374 111.64809703885628 3
      vertex 210.25190296114374 111.64809703885628 9
      vertex 210.925 112.16458256229942 3
    endloop
  endfacet
  facet normal 0 0 1
    outer loop
      vertex 211.07179274798196 108.73770650821585 3
      vertex 212.55 107.75 3
      vertex 210.95000000000002 109.35 3
    endloop
  endfacet
  facet normal 0 0 1
    outer loop
      vertex 212.55 107.75 3
      vertex 211.07179274798196 109.96229349178414 3
      vertex 210.95000000000002 109.35 3
    endloop
  endfacet
  facet normal 0 0 1
    outer loop
      vertex 211.41862915010154 108.21862915010152 3
      vertex 211.93770650821585 107.87179274798194 3
      vertex 212.55 107.75 3
    endloop
  endfacet
  facet normal 0 0 1
    outer loop
      vertex 211.41862915010154 108.21862915010152 3
      vertex 212.55 107.75 3
      vertex 211.07179274798196 108.73770650821585 3
    endloop
  endfacet
  facet normal 0 0 1
    outer loop
      vertex 212.55 107.75 3
      vertex 213.16229349178417 107.87179274798194 3
      vertex 211.07179274798196 109.96229349178414 3
    endloop
  endfacet
  facet normal 0 0 1
    outer loop
      vertex 213.16229349178417 107.87179274798194 3
      vertex 213.68137084989849 108.21862915010152 3
      vertex 211.07179274798196 109.96229349178414 3
    endloop
  endfacet
  facet normal 0 0 1
    outer loop
      vertex 213.68137084989849 108.21862915010152 3
      vertex 214.02820725201806 108.73770650821585 3
      vertex 211.07179274798196 109.96229349178414 3
    endloop
  endfacet
  facet normal -0.6087614290087195 -0.7933533402912359 -4.311227106146844e-18
    outer loop
      vertex 210.25190296114374 107.05190296114371 3
      vertex 210.925 106.53541743770057 3
      vertex 210.925 106.53541743770057 9
    endloop
  endfacet
  facet normal -0.38268343236509805 -0.9238795325112834 0
    outer loop
      vertex 211.7088381034168 106.21074106456052 3
      vertex 211.7088381034168 106.21074106456052 9
      vertex 210.925 106.53541743770057 3
    endloop
  endfacet
  facet normal 0.5555702330196092 0.8314696123025406 0
    outer loop
      vertex 211.41862915010154 108.21862915010152 3
      vertex 211.41862915010154 108.21862915010152 9
      vertex 211.93770650821585 107.87179274798194 3
    endloop
  endfacet
  facet normal 0.8314696123025477 0.5555702330195987 3.0515296008697135e-18
    outer loop
      vertex 211.41862915010154 108.21862915010152 3
      vertex 211.07179274798196 108.73770650821585 3
      vertex 211.07179274798196 108.73770650821585 9
    endloop
  endfacet
  facet normal 0.19509032201612567 0.980785280403231 0
    outer loop
      vertex 211.93770650821585 107.87179274798194 3
      vertex 211.93770650821585 107.87179274798194 9
      vertex 212.55 107.75 3
    endloop
  endfacet
  facet normal 0.38268343236509805 -0.9238795325112834 -8.83846084085481e-19
    outer loop
      vertex 213.3911618965832 106.21074106456052 3
      vertex 214.175 106.53541743770057 3
      vertex 214.175 106.53541743770057 9
    endloop
  endfacet
  facet normal -0.19509032201612567 0.980785280403231 0
    outer loop
      vertex 212.55 107.75 3
      vertex 212.55 107.75 9
      vertex 213.16229349178417 107.87179274798194 3
    endloop
  endfacet
  facet normal -0.5555702330196092 0.8314696123025406 0
    outer loop
      vertex 213.16229349178417 107.87179274798194 3
      vertex 213.16229349178417 107.87179274798194 9
      vertex 213.68137084989849 108.21862915010152 3
    endloop
  endfacet
  facet normal -0.8314696123025477 0.5555702330195987 0
    outer loop
      vertex 213.68137084989849 108.21862915010152 3
      vertex 213.68137084989849 108.21862915010152 9
      vertex 214.02820725201806 108.73770650821585 3
    endloop
  endfacet
  facet normal -0.9807852804032301 0.19509032201613002 0
    outer loop
      vertex 214.02820725201806 108.73770650821585 3
      vertex 214.02820725201806 108.73770650821585 9
      vertex 214.15 109.35 3
    endloop
  endfacet
  facet normal 0 0 1
    outer loop
      vertex 214.02820725201806 108.73770650821585 3
      vertex 211.41862915010154 110.48137084989847 3
      vertex 211.07179274798196 109.96229349178414 3
    endloop
  endfacet
  facet normal 0 0 1
    outer loop
      vertex 214.02820725201806 108.73770650821585 3
      vertex 211.93770650821585 110.82820725201805 3
      vertex 211.41862915010154 110.48137084989847 3
    endloop
  endfacet
  facet normal 0 0 1
    outer loop
      vertex 214.02820725201806 108.73770650821585 3
      vertex 212.55 110.94999999999999 3
      vertex 211.93770650821585 110.82820725201805 3
    endloop
  endfacet
  facet normal 0 0 1
    outer loop
      vertex 214.02820725201806 108.73770650821585 3
      vertex 213.16229349178417 110.82820725201805 3
      vertex 212.55 110.94999999999999 3
    endloop
  endfacet
  facet normal 0 0 1
    outer loop
      vertex 214.02820725201806 108.73770650821585 3
      vertex 214.02820725201806 109.96229349178414 3
      vertex 213.68137084989849 110.48137084989847 3
    endloop
  endfacet
  facet normal 0 0 1
    outer loop
      vertex 214.02820725201806 108.73770650821585 3
      vertex 214.15 109.35 3
      vertex 214.02820725201806 109.96229349178414 3
    endloop
  endfacet
  facet normal 0 0 1
    outer loop
      vertex 214.02820725201806 108.73770650821585 3
      vertex 213.68137084989849 110.48137084989847 3
      vertex 213.16229349178417 110.82820725201805 3
    endloop
  endfacet
  facet normal 0.9807852804032301 0.19509032201613002 1.197916705114116e-18
    outer loop
      vertex 211.07179274798196 108.73770650821585 3
      vertex 210.95000000000002 109.35 3
      vertex 210.95000000000002 109.35 9
    endloop
  endfacet
  facet normal 0.9807852804032301 -0.19509032201613002 -1.197916705114116e-18
    outer loop
      vertex 210.95000000000002 109.35 3
      vertex 211.07179274798196 109.96229349178414 3
      vertex 211.07179274798196 109.96229349178414 9
    endloop
  endfacet
  facet normal 0.8314696123025477 -0.5555702330195987 -3.0515296008697135e-18
    outer loop
      vertex 211.07179274798196 109.96229349178414 3
      vertex 211.41862915010154 110.48137084989847 3
      vertex 211.41862915010154 110.48137084989847 9
    endloop
  endfacet
  facet normal 0.5555702330196092 -0.8314696123025406 5.887240550333412e-20
    outer loop
      vertex 211.41862915010154 110.48137084989847 3
      vertex 211.93770650821585 110.82820725201805 3
      vertex 211.93770650821585 110.82820725201805 9
    endloop
  endfacet
  facet normal 0.19509032201612567 -0.980785280403231 1.4539956525362302e-18
    outer loop
      vertex 211.93770650821585 110.82820725201805 3
      vertex 212.55 110.94999999999999 3
      vertex 212.55 110.94999999999999 9
    endloop
  endfacet
  facet normal -0.9807852804032301 -0.19509032201613002 0
    outer loop
      vertex 214.15 109.35 3
      vertex 214.15 109.35 9
      vertex 214.02820725201806 109.96229349178414 3
    endloop
  endfacet
  facet normal -0.8314696123025477 -0.5555702330195987 0
    outer loop
      vertex 214.02820725201806 109.96229349178414 3
      vertex 214.02820725201806 109.96229349178414 9
      vertex 213.68137084989849 110.48137084989847 3
    endloop
  endfacet
  facet normal -0.19509032201612567 -0.980785280403231 -1.4539956525362302e-18
    outer loop
      vertex 212.55 110.94999999999999 3
      vertex 213.16229349178417 110.82820725201805 3
      vertex 213.16229349178417 110.82820725201805 9
    endloop
  endfacet
  facet normal -0.5555702330196092 -0.8314696123025406 -5.887240550333412e-20
    outer loop
      vertex 213.16229349178417 110.82820725201805 3
      vertex 213.68137084989849 110.48137084989847 3
      vertex 213.68137084989849 110.48137084989847 9
    endloop
  endfacet
  facet normal 0.6087614290087195 -0.7933533402912359 4.311227106146844e-18
    outer loop
      vertex 214.175 106.53541743770057 3
      vertex 214.84809703885628 107.05190296114371 3
      vertex 214.84809703885628 107.05190296114371 9
    endloop
  endfacet
  facet normal 0.793353340291234 -0.608761429008722 0
    outer loop
      vertex 214.84809703885628 107.05190296114371 3
      vertex 215.36458256229943 107.725 3
      vertex 214.84809703885628 107.05190296114371 9
    endloop
  endfacet
  facet normal 0.9238795325112857 -0.3826834323650921 0
    outer loop
      vertex 215.36458256229943 107.725 3
      vertex 215.68925893543948 108.5088381034168 3
      vertex 215.36458256229943 107.725 9
    endloop
  endfacet
  facet normal 0.9914448613738103 -0.13052619222005277 0
    outer loop
      vertex 215.68925893543948 108.5088381034168 3
      vertex 215.8 109.35 3
      vertex 215.68925893543948 108.5088381034168 9
    endloop
  endfacet
  facet normal 0.9914448613738103 0.13052619222005277 0
    outer loop
      vertex 215.8 109.35 3
      vertex 215.68925893543948 110.19116189658318 3
      vertex 215.8 109.35 9
    endloop
  endfacet
  facet normal 0.9238795325112857 0.3826834323650921 0
    outer loop
      vertex 215.68925893543948 110.19116189658318 3
      vertex 215.36458256229943 110.975 3
      vertex 215.68925893543948 110.19116189658318 9
    endloop
  endfacet
  facet normal 0.793353340291234 0.608761429008722 0
    outer loop
      vertex 215.36458256229943 110.975 3
      vertex 214.84809703885628 111.64809703885628 3
      vertex 215.36458256229943 110.975 9
    endloop
  endfacet
  facet normal -0.1305261922200506 -0.9914448613738106 0
    outer loop
      vertex 211.7088381034168 106.21074106456052 3
      vertex 212.55 106.1 9
      vertex 211.7088381034168 106.21074106456052 9
    endloop
  endfacet
  facet normal 0.1305261922200506 -0.9914448613738106 0
    outer loop
      vertex 212.55 106.1 3
      vertex 213.3911618965832 106.21074106456052 9
      vertex 212.55 106.1 9
    endloop
  endfacet
  facet normal -0.6087614290087195 -0.7933533402912359 0
    outer loop
      vertex 210.25190296114374 107.05190296114371 3
      vertex 210.925 106.53541743770057 9
      vertex 210.25190296114374 107.05190296114371 9
    endloop
  endfacet
  facet normal -0.793353340291234 -0.608761429008722 0
    outer loop
      vertex 210.25190296114374 107.05190296114371 3
      vertex 210.25190296114374 107.05190296114371 9
      vertex 209.7354174377006 107.725 9
    endloop
  endfacet
  facet normal -0.9238795325112857 -0.3826834323650921 0
    outer loop
      vertex 209.7354174377006 107.725 3
      vertex 209.7354174377006 107.725 9
      vertex 209.41074106456054 108.5088381034168 9
    endloop
  endfacet
  facet normal -0.9914448613738103 -0.13052619222005277 0
    outer loop
      vertex 209.41074106456054 108.5088381034168 3
      vertex 209.41074106456054 108.5088381034168 9
      vertex 209.3 109.35 9
    endloop
  endfacet
  facet normal -0.9914448613738103 0.13052619222005277 0
    outer loop
      vertex 209.3 109.35 3
      vertex 209.3 109.35 9
      vertex 209.41074106456054 110.19116189658318 9
    endloop
  endfacet
  facet normal -0.9238795325112857 0.3826834323650921 0
    outer loop
      vertex 209.41074106456054 110.19116189658318 3
      vertex 209.41074106456054 110.19116189658318 9
      vertex 209.7354174377006 110.975 9
    endloop
  endfacet
  facet normal -0.793353340291234 0.608761429008722 0
    outer loop
      vertex 209.7354174377006 110.975 3
      vertex 209.7354174377006 110.975 9
      vertex 210.25190296114374 111.64809703885628 9
    endloop
  endfacet
  facet normal -0.38268343236509805 -0.9238795325112834 0
    outer loop
      vertex 210.925 106.53541743770057 3
      vertex 211.7088381034168 106.21074106456052 9
      vertex 210.925 106.53541743770057 9
    endloop
  endfacet
  facet normal 0.9807852804032301 0.19509032201613002 0
    outer loop
      vertex 211.07179274798196 108.73770650821585 3
      vertex 210.95000000000002 109.35 9
      vertex 211.07179274798196 108.73770650821585 9
    endloop
  endfacet
  facet normal 0.8314696123025477 0.5555702330195987 0
    outer loop
      vertex 211.41862915010154 108.21862915010152 3
      vertex 211.07179274798196 108.73770650821585 9
      vertex 211.41862915010154 108.21862915010152 9
    endloop
  endfacet
  facet normal 0.5555702330196092 0.8314696123025406 0
    outer loop
      vertex 211.93770650821585 107.87179274798194 3
      vertex 211.41862915010154 108.21862915010152 9
      vertex 211.93770650821585 107.87179274798194 9
    endloop
  endfacet
  facet normal 0.19509032201612567 0.980785280403231 0
    outer loop
      vertex 212.55 107.75 3
      vertex 211.93770650821585 107.87179274798194 9
      vertex 212.55 107.75 9
    endloop
  endfacet
  facet normal 0.38268343236509805 -0.9238795325112834 0
    outer loop
      vertex 213.3911618965832 106.21074106456052 3
      vertex 214.175 106.53541743770057 9
      vertex 213.3911618965832 106.21074106456052 9
    endloop
  endfacet
  facet normal 0.6087614290087195 -0.7933533402912359 0
    outer loop
      vertex 214.175 106.53541743770057 3
      vertex 214.84809703885628 107.05190296114371 9
      vertex 214.175 106.53541743770057 9
    endloop
  endfacet
  facet normal -0.19509032201612567 0.980785280403231 0
    outer loop
      vertex 213.16229349178417 107.87179274798194 3
      vertex 212.55 107.75 9
      vertex 213.16229349178417 107.87179274798194 9
    endloop
  endfacet
  facet normal -0.5555702330196092 0.8314696123025406 0
    outer loop
      vertex 213.68137084989849 108.21862915010152 3
      vertex 213.16229349178417 107.87179274798194 9
      vertex 213.68137084989849 108.21862915010152 9
    endloop
  endfacet
  facet normal -0.8314696123025477 0.5555702330195987 0
    outer loop
      vertex 214.02820725201806 108.73770650821585 3
      vertex 213.68137084989849 108.21862915010152 9
      vertex 214.02820725201806 108.73770650821585 9
    endloop
  endfacet
  facet normal 0.9807852804032301 -0.19509032201613002 0
    outer loop
      vertex 210.95000000000002 109.35 3
      vertex 211.07179274798196 109.96229349178414 9
      vertex 210.95000000000002 109.35 9
    endloop
  endfacet
  facet normal 0.8314696123025477 -0.5555702330195987 0
    outer loop
      vertex 211.07179274798196 109.96229349178414 3
      vertex 211.41862915010154 110.48137084989847 9
      vertex 211.07179274798196 109.96229349178414 9
    endloop
  endfacet
  facet normal 0.5555702330196092 -0.8314696123025406 0
    outer loop
      vertex 211.41862915010154 110.48137084989847 3
      vertex 211.93770650821585 110.82820725201805 9
      vertex 211.41862915010154 110.48137084989847 9
    endloop
  endfacet
  facet normal 0.19509032201612567 -0.980785280403231 0
    outer loop
      vertex 211.93770650821585 110.82820725201805 3
      vertex 212.55 110.94999999999999 9
      vertex 211.93770650821585 110.82820725201805 9
    endloop
  endfacet
  facet normal -0.9807852804032301 0.19509032201613002 0
    outer loop
      vertex 214.15 109.35 3
      vertex 214.02820725201806 108.73770650821585 9
      vertex 214.15 109.35 9
    endloop
  endfacet
  facet normal -0.9807852804032301 -0.19509032201613002 0
    outer loop
      vertex 214.02820725201806 109.96229349178414 3
      vertex 214.15 109.35 9
      vertex 214.02820725201806 109.96229349178414 9
    endloop
  endfacet
  facet normal -0.8314696123025477 -0.5555702330195987 0
    outer loop
      vertex 213.68137084989849 110.48137084989847 3
      vertex 214.02820725201806 109.96229349178414 9
      vertex 213.68137084989849 110.48137084989847 9
    endloop
  endfacet
  facet normal -0.19509032201612567 -0.980785280403231 0
    outer loop
      vertex 212.55 110.94999999999999 3
      vertex 213.16229349178417 110.82820725201805 9
      vertex 212.55 110.94999999999999 9
    endloop
  endfacet
  facet normal -0.5555702330196092 -0.8314696123025406 0
    outer loop
      vertex 213.16229349178417 110.82820725201805 3
      vertex 213.68137084989849 110.48137084989847 9
      vertex 213.16229349178417 110.82820725201805 9
    endloop
  endfacet
  facet normal 0.793353340291234 -0.608761429008722 0
    outer loop
      vertex 215.36458256229943 107.725 3
      vertex 215.36458256229943 107.725 9
      vertex 214.84809703885628 107.05190296114371 9
    endloop
  endfacet
  facet normal 0.9238795325112857 -0.3826834323650921 0
    outer loop
      vertex 215.68925893543948 108.5088381034168 3
      vertex 215.68925893543948 108.5088381034168 9
      vertex 215.36458256229943 107.725 9
    endloop
  endfacet
  facet normal 0.9914448613738103 -0.13052619222005277 0
    outer loop
      vertex 215.8 109.35 3
      vertex 215.8 109.35 9
      vertex 215.68925893543948 108.5088381034168 9
    endloop
  endfacet
  facet normal 0.9914448613738103 0.13052619222005277 0
    outer loop
      vertex 215.68925893543948 110.19116189658318 3
      vertex 215.68925893543948 110.19116189658318 9
      vertex 215.8 109.35 9
    endloop
  endfacet
  facet normal 0.6087614290087195 0.7933533402912359 0
    outer loop
      vertex 214.84809703885628 111.64809703885628 3
      vertex 214.175 112.16458256229942 9
      vertex 214.84809703885628 111.64809703885628 9
    endloop
  endfacet
  facet normal 0.793353340291234 0.608761429008722 0
    outer loop
      vertex 214.84809703885628 111.64809703885628 3
      vertex 214.84809703885628 111.64809703885628 9
      vertex 215.36458256229943 110.975 9
    endloop
  endfacet
  facet normal 0.9238795325112857 0.3826834323650921 0
    outer loop
      vertex 215.36458256229943 110.975 3
      vertex 215.36458256229943 110.975 9
      vertex 215.68925893543948 110.19116189658318 9
    endloop
  endfacet
  facet normal -0.38268343236509805 0.9238795325112834 0
    outer loop
      vertex 210.925 112.16458256229942 3
      vertex 210.925 112.16458256229942 9
      vertex 211.7088381034168 112.48925893543947 3
    endloop
  endfacet
  facet normal -0.1305261922200506 0.9914448613738106 0
    outer loop
      vertex 211.7088381034168 112.48925893543947 3
      vertex 211.7088381034168 112.48925893543947 9
      vertex 212.55 112.6 3
    endloop
  endfacet
  facet normal 0.1305261922200506 0.9914448613738106 0
    outer loop
      vertex 212.55 112.6 3
      vertex 212.55 112.6 9
      vertex 213.3911618965832 112.48925893543947 3
    endloop
  endfacet
  facet normal 0.38268343236509805 0.9238795325112834 0
    outer loop
      vertex 213.3911618965832 112.48925893543947 3
      vertex 213.3911618965832 112.48925893543947 9
      vertex 214.175 112.16458256229942 3
    endloop
  endfacet
  facet normal 0.6087614290087195 0.7933533402912359 -4.311227106146844e-18
    outer loop
      vertex 214.84809703885628 111.64809703885628 3
      vertex 214.175 112.16458256229942 3
      vertex 214.175 112.16458256229942 9
    endloop
  endfacet
  facet normal -0.6087614290087195 0.7933533402912359 0
    outer loop
      vertex 210.925 112.16458256229942 3
      vertex 210.25190296114374 111.64809703885628 9
      vertex 210.925 112.16458256229942 9
    endloop
  endfacet
  facet normal -0.38268343236509805 0.9238795325112834 0
    outer loop
      vertex 211.7088381034168 112.48925893543947 3
      vertex 210.925 112.16458256229942 9
      vertex 211.7088381034168 112.48925893543947 9
    endloop
  endfacet
  facet normal -0.1305261922200506 0.9914448613738106 0
    outer loop
      vertex 212.55 112.6 3
      vertex 211.7088381034168 112.48925893543947 9
      vertex 212.55 112.6 9
    endloop
  endfacet
  facet normal 0.1305261922200506 0.9914448613738106 0
    outer loop
      vertex 213.3911618965832 112.48925893543947 3
      vertex 212.55 112.6 9
      vertex 213.3911618965832 112.48925893543947 9
    endloop
  endfacet
  facet normal 0.38268343236509805 0.9238795325112834 0
    outer loop
      vertex 214.175 112.16458256229942 3
      vertex 213.3911618965832 112.48925893543947 9
      vertex 214.175 112.16458256229942 9
    endloop
  endfacet
  facet normal 0 -1 0
    outer loop
      vertex 0 0 0
      vertex 1.5254550418590456 0 88.91681956101294
      vertex 0 0 177.8
    endloop
  endfacet
  facet normal 0 1 0
    outer loop
      vertex 3 3 3
      vertex 3 3 177.8
      vertex 102.0760242974191 3 99.82505803290319
    endloop
  endfacet
  facet normal 0 -1 0
    outer loop
      vertex 102.0760242974191 0 77.97494196709683
      vertex 3 0 174.86615558197948
      vertex 1.5254550418590456 0 88.91681956101294
    endloop
  endfacet
  facet normal 0.9987954562051722 0 -0.04906767432741924
    outer loop
      vertex 101 0 88.9
      vertex 101 3 88.9
      vertex 101.26965530635698 0 94.3889598584554
    endloop
  endfacet
  facet normal 0.9987954562051722 2.522979937260881e-18 -0.04906767432741924
    outer loop
      vertex 101 3 88.9
      vertex 101.26965530635698 3 94.3889598584554
      vertex 101.26965530635698 0 94.3889598584554
    endloop
  endfacet
  facet normal 0 -1 0
    outer loop
      vertex 101.26965530635698 0 83.41104014154462
      vertex 3 0 174.86615558197948
      vertex 102.0760242974191 0 77.97494196709683
    endloop
  endfacet
  facet normal 0 -1 0
    outer loop
      vertex 101.26965530635698 0 83.41104014154462
      vertex 101 0 88.9
      vertex 3 0 174.86615558197948
    endloop
  endfacet
  facet normal 0 -1 0
    outer loop
      vertex 101 0 88.9
      vertex 101.26965530635698 0 94.3889598584554
      vertex 3 0 174.86615558197948
    endloop
  endfacet
  facet normal 0 -1 0
    outer loop
      vertex 101.26965530635698 0 94.3889598584554
      vertex 102.0760242974191 0 99.82505803290319
      vertex 3 0 174.86615558197948
    endloop
  endfacet
  facet normal 0 -1 0
    outer loop
      vertex 3 0 174.86615558197948
      vertex 102.0760242974191 0 99.82505803290319
      vertex 103.4113411989963 0 105.1559419262499
    endloop
  endfacet
  facet normal 0 1 0
    outer loop
      vertex 3 3 177.8
      vertex 103.4113411989963 3 105.1559419262499
      vertex 102.0760242974191 3 99.82505803290319
    endloop
  endfacet
  facet normal 0 -1 0
    outer loop
      vertex 3 0 174.86615558197948
      vertex 103.4113411989963 0 105.1559419262499
      vertex 105.26274617936795 0 110.33027221244504
    endloop
  endfacet
  facet normal 0 1 0
    outer loop
      vertex 3 3 177.8
      vertex 105.26274617936795 3 110.33027221244504
      vertex 103.4113411989963 3 105.1559419262499
    endloop
  endfacet
  facet normal 0 -1 0
    outer loop
      vertex 1.5254550418590456 0 88.91681956101294
      vertex 3 0 174.86615558197948
      vertex 0 0 177.8
    endloop
  endfacet
  facet normal 0 0 1
    outer loop
      vertex 0 0 177.8
      vertex 3 0 177.8
      vertex 0 3 177.8
    endloop
  endfacet
  facet normal 0 -1 0
    outer loop
      vertex 3 0 174.86615558197948
      vertex 3 0 177.8
      vertex 0 0 177.8
    endloop
  endfacet
  facet normal 0 -1 0
    outer loop
      vertex 3 0 174.86615558197948
      vertex 105.26274617936795 0 110.33027221244504
      vertex 103.4 0 139.49474411167424
    endloop
  endfacet
  facet normal 0 -1 0
    outer loop
      vertex 3 0 174.86615558197948
      vertex 102.59474411167423 0 140.3
      vertex 102.3 0 141.4
    endloop
  endfacet
  facet normal 0 -1 0
    outer loop
      vertex 3 0 174.86615558197948
      vertex 103.4 0 139.49474411167424
      vertex 102.59474411167423 0 140.3
    endloop
  endfacet
  facet normal 0 1 0
    outer loop
      vertex 3 3 177.8
      vertex 102.59474411167423 3 140.3
      vertex 103.4 3 139.49474411167424
    endloop
  endfacet
  facet normal 0 -1 0
    outer loop
      vertex 3 0 174.86615558197948
      vertex 102.3 0 141.4
      vertex 102.59474411167423 0 142.5
    endloop
  endfacet
  facet normal 0 -1 0
    outer loop
      vertex 3 0 174.86615558197948
      vertex 102.59474411167423 0 142.5
      vertex 103.4 0 143.30525588832577
    endloop
  endfacet
  facet normal 0 -1 0
    outer loop
      vertex 3 0 174.86615558197948
      vertex 103.4 0 143.30525588832577
      vertex 104.5 0 143.60000000000002
    endloop
  endfacet
  facet normal 0 1 0
    outer loop
      vertex 3 3 177.8
      vertex 102.3 3 141.4
      vertex 102.59474411167423 3 140.3
    endloop
  endfacet
  facet normal 0 1 0
    outer loop
      vertex 3 3 177.8
      vertex 102.59474411167423 3 142.5
      vertex 102.3 3 141.4
    endloop
  endfacet
  facet normal 0 1 0
    outer loop
      vertex 3 3 177.8
      vertex 103.4 3 143.30525588832577
      vertex 102.59474411167423 3 142.5
    endloop
  endfacet
  facet normal 0 1 0
    outer loop
      vertex 3 3 177.8
      vertex 104.5 3 143.60000000000002
      vertex 103.4 3 143.30525588832577
    endloop
  endfacet
  facet normal 0 1 0
    outer loop
      vertex 3 3 177.8
      vertex 107.61240919649211 3 115.29821726225587
      vertex 105.26274617936795 3 110.33027221244504
    endloop
  endfacet
  facet normal 0 1 0
    outer loop
      vertex 3 3 177.8
      vertex 110.43770171105746 3 120.01193304909773
      vertex 107.61240919649211 3 115.29821726225587
    endloop
  endfacet
  facet normal 0 1 0
    outer loop
      vertex 3 3 177.8
      vertex 113.71141461168673 3 124.42602391316416
      vertex 110.43770171105746 3 120.01193304909773
    endloop
  endfacet
  facet normal 0 1 0
    outer loop
      vertex 3 3 177.8
      vertex 117.40202025355333 3 128.49797974644667
      vertex 113.71141461168673 3 124.42602391316416
    endloop
  endfacet
  facet normal 0 1 0
    outer loop
      vertex 3 3 177.8
      vertex 103.4 3 139.49474411167424
      vertex 121.47397608683585 3 132.18858538831327
    endloop
  endfacet
  facet normal 0 1 0
    outer loop
      vertex 3 3 177.8
      vertex 121.47397608683585 3 132.18858538831327
      vertex 117.40202025355333 3 128.49797974644667
    endloop
  endfacet
  facet normal 0 -1 0
    outer loop
      vertex 3 0 174.86615558197948
      vertex 104.5 0 143.60000000000002
      vertex 146.0749419670968 0 143.82397570258092
    endloop
  endfacet
  facet normal 0 1 0
    outer loop
      vertex 3 3 177.8
      vertex 140.74405807375013 3 142.4886588010037
      vertex 104.5 3 143.60000000000002
    endloop
  endfacet
  facet normal 0 1 0
    outer loop
      vertex 3 3 177.8
      vertex 146.0749419670968 3 143.82397570258092
      vertex 140.74405807375013 3 142.4886588010037
    endloop
  endfacet
  facet normal 0 -1 0
    outer loop
      vertex 3 0 174.86615558197948
      vertex 146.0749419670968 0 143.82397570258092
      vertex 151.5110401415446 0 144.63034469364302
    endloop
  endfacet
  facet normal 0 1 0
    outer loop
      vertex 3 3 177.8
      vertex 151.5110401415446 3 144.63034469364302
      vertex 146.0749419670968 3 143.82397570258092
    endloop
  endfacet
  facet normal 0 -1 0
    outer loop
      vertex 3 0 174.86615558197948
      vertex 287 0 144.9
      vertex 3 0 177.8
    endloop
  endfacet
  facet normal 0 0 1
    outer loop
      vertex 0 3 177.8
      vertex 2.974285714285714 3 177.8
      vertex 0.025714285714285717 347 177.8
    endloop
  endfacet
  facet normal 0 0 1
    outer loop
      vertex 2.974285714285714 3 177.8
      vertex 3 3 177.8
      vertex 3 347 177.8
    endloop
  endfacet
  facet normal 0.9891765099647811 0 -0.1467304744553607
    outer loop
      vertex 101.26965530635698 0 94.3889598584554
      vertex 101.26965530635698 3 94.3889598584554
      vertex 102.0760242974191 0 99.82505803290319
    endloop
  endfacet
  facet normal 0.9891765099647811 -2.5745990381651883e-17 -0.1467304744553607
    outer loop
      vertex 101.26965530635698 3 94.3889598584554
      vertex 102.0760242974191 3 99.82505803290319
      vertex 102.0760242974191 0 99.82505803290319
    endloop
  endfacet
  facet normal 0.9700312531945443 0 -0.2429801799032626
    outer loop
      vertex 102.0760242974191 0 99.82505803290319
      vertex 102.0760242974191 3 99.82505803290319
      vertex 103.4113411989963 0 105.1559419262499
    endloop
  endfacet
  facet normal 0.9700312531945443 1.532766251323648e-17 -0.2429801799032626
    outer loop
      vertex 102.0760242974191 3 99.82505803290319
      vertex 103.4113411989963 3 105.1559419262499
      vertex 103.4113411989963 0 105.1559419262499
    endloop
  endfacet
  facet normal 0.9415440651830199 0 -0.33688985339222216
    outer loop
      vertex 103.4113411989963 0 105.1559419262499
      vertex 103.4113411989963 3 105.1559419262499
      vertex 105.26274617936795 0 110.33027221244504
    endloop
  endfacet
  facet normal 0.9415440651830199 -3.2114806009206473e-17 -0.33688985339222216
    outer loop
      vertex 103.4113411989963 3 105.1559419262499
      vertex 105.26274617936795 3 110.33027221244504
      vertex 105.26274617936795 0 110.33027221244504
    endloop
  endfacet
  facet normal 0.9039892931234444 0 -0.4275550934302796
    outer loop
      vertex 105.26274617936795 0 110.33027221244504
      vertex 105.26274617936795 3 110.33027221244504
      vertex 107.61240919649211 0 115.29821726225587
    endloop
  endfacet
  facet normal 0.9039892931234444 -6.563151626913885e-18 -0.4275550934302796
    outer loop
      vertex 105.26274617936795 3 110.33027221244504
      vertex 107.61240919649211 3 115.29821726225587
      vertex 107.61240919649211 0 115.29821726225587
    endloop
  endfacet
  facet normal 0.8577286100002721 0 -0.5141027441932213
    outer loop
      vertex 107.61240919649211 0 115.29821726225587
      vertex 107.61240919649211 3 115.29821726225587
      vertex 110.43770171105746 0 120.01193304909773
    endloop
  endfacet
  facet normal 0 -1 0
    outer loop
      vertex 105.26274617936795 0 110.33027221244504
      vertex 107.61240919649211 0 115.29821726225587
      vertex 104.5 0 139.2
    endloop
  endfacet
  facet normal 0.8577286100002721 1.7564736960694225e-17 -0.5141027441932213
    outer loop
      vertex 107.61240919649211 3 115.29821726225587
      vertex 110.43770171105746 3 120.01193304909773
      vertex 110.43770171105746 0 120.01193304909773
    endloop
  endfacet
  facet normal 0.8032075314806437 0 -0.595699304492435
    outer loop
      vertex 110.43770171105746 0 120.01193304909773
      vertex 110.43770171105746 3 120.01193304909773
      vertex 113.71141461168673 0 124.42602391316416
    endloop
  endfacet
  facet normal 0 -1 0
    outer loop
      vertex 107.61240919649211 0 115.29821726225587
      vertex 110.43770171105746 0 120.01193304909773
      vertex 104.5 0 139.2
    endloop
  endfacet
  facet normal 0.8032075314806437 1.6998815455699273e-17 -0.595699304492435
    outer loop
      vertex 110.43770171105746 3 120.01193304909773
      vertex 113.71141461168673 3 124.42602391316416
      vertex 113.71141461168673 0 124.42602391316416
    endloop
  endfacet
  facet normal 0.7409511253549603 0 -0.671558954847017
    outer loop
      vertex 113.71141461168673 0 124.42602391316416
      vertex 113.71141461168673 3 124.42602391316416
      vertex 117.40202025355333 0 128.49797974644667
    endloop
  endfacet
  facet normal 0.7409511253549603 1.6851483359148988e-17 -0.671558954847017
    outer loop
      vertex 113.71141461168673 3 124.42602391316416
      vertex 117.40202025355333 3 128.49797974644667
      vertex 117.40202025355333 0 128.49797974644667
    endloop
  endfacet
  facet normal 0 -1 0
    outer loop
      vertex 105.26274617936795 0 110.33027221244504
      vertex 104.5 0 139.2
      vertex 103.4 0 139.49474411167424
    endloop
  endfacet
  facet normal 0 -1 0
    outer loop
      vertex 110.43770171105746 0 120.01193304909773
      vertex 113.71141461168673 0 124.42602391316416
      vertex 104.5 0 139.2
    endloop
  endfacet
  facet normal 0 -1 0
    outer loop
      vertex 113.71141461168673 0 124.42602391316416
      vertex 117.40202025355333 0 128.49797974644667
      vertex 104.5 0 139.2
    endloop
  endfacet
  facet normal 0.671558954847017 0 -0.7409511253549603
    outer loop
      vertex 117.40202025355333 0 128.49797974644667
      vertex 117.40202025355333 3 128.49797974644667
      vertex 121.47397608683585 0 132.18858538831327
    endloop
  endfacet
  facet normal 0.671558954847017 1.6851483359148988e-17 -0.7409511253549603
    outer loop
      vertex 117.40202025355333 3 128.49797974644667
      vertex 121.47397608683585 3 132.18858538831327
      vertex 121.47397608683585 0 132.18858538831327
    endloop
  endfacet
  facet normal 0.595699304492435 0 -0.8032075314806437
    outer loop
      vertex 121.47397608683585 0 132.18858538831327
      vertex 121.47397608683585 3 132.18858538831327
      vertex 125.88806695090227 0 135.46229828894255
    endloop
  endfacet
  facet normal -0.9987954562051722 0 -0.04906767432741924
    outer loop
      vertex 213 0 88.9
      vertex 212.73034469364302 3 94.3889598584554
      vertex 213 3 88.9
    endloop
  endfacet
  facet normal 0 1 0
    outer loop
      vertex 213 3 88.9
      vertex 212.73034469364302 3 94.3889598584554
      vertex 216 3 88.9
    endloop
  endfacet
  facet normal -0.9987954562051722 -2.522979937260881e-18 -0.04906767432741924
    outer loop
      vertex 213 0 88.9
      vertex 212.73034469364302 0 94.3889598584554
      vertex 212.73034469364302 3 94.3889598584554
    endloop
  endfacet
  facet normal 0 -1 0
    outer loop
      vertex 213 0 88.9
      vertex 216 0 97.9
      vertex 212.73034469364302 0 94.3889598584554
    endloop
  endfacet
  facet normal 0 1 0
    outer loop
      vertex 212.73034469364302 3 94.3889598584554
      vertex 211.9239757025809 3 99.82505803290319
      vertex 216 3 88.9
    endloop
  endfacet
  facet normal 0 0 1
    outer loop
      vertex 216 0 88.9
      vertex 228 3 88.9
      vertex 216 3 88.9
    endloop
  endfacet
  facet normal 0 -1 0
    outer loop
      vertex 213 0 88.9
      vertex 216 0 88.9
      vertex 216 0 97.9
    endloop
  endfacet
  facet normal 1 0 0
    outer loop
      vertex 216 0 88.9
      vertex 216 3 88.9
      vertex 216 0 97.9
    endloop
  endfacet
  facet normal -0.9891765099647807 0 -0.14673047445536322
    outer loop
      vertex 212.73034469364302 0 94.3889598584554
      vertex 211.9239757025809 3 99.82505803290319
      vertex 212.73034469364302 3 94.3889598584554
    endloop
  endfacet
  facet normal -0.9891765099647807 -2.6917990219717884e-17 -0.14673047445536322
    outer loop
      vertex 212.73034469364302 0 94.3889598584554
      vertex 211.9239757025809 0 99.82505803290319
      vertex 211.9239757025809 3 99.82505803290319
    endloop
  endfacet
  facet normal 0 -1 0
    outer loop
      vertex 212.73034469364302 0 94.3889598584554
      vertex 216 0 97.9
      vertex 211.9239757025809 0 99.82505803290319
    endloop
  endfacet
  facet normal 1 0 0
    outer loop
      vertex 216 3 88.9
      vertex 216 3 97.9
      vertex 216 0 97.9
    endloop
  endfacet
  facet normal 0 1 0
    outer loop
      vertex 216 3 88.9
      vertex 211.9239757025809 3 99.82505803290319
      vertex 216 3 97.9
    endloop
  endfacet
  facet normal 0 0 -1
    outer loop
      vertex 216 0 97.9
      vertex 216 3 97.9
      vertex 228 0 97.9
    endloop
  endfacet
  facet normal 0 -1 0
    outer loop
      vertex 216 0 97.9
      vertex 228 0 97.9
      vertex 216 0 103.9
    endloop
  endfacet
  facet normal -0.9700312531945449 0 -0.24298017990326018
    outer loop
      vertex 211.9239757025809 0 99.82505803290319
      vertex 210.5886588010037 3 105.1559419262499
      vertex 211.9239757025809 3 99.82505803290319
    endloop
  endfacet
  facet normal 0 1 0
    outer loop
      vertex 211.9239757025809 3 99.82505803290319
      vertex 210.5886588010037 3 105.1559419262499
      vertex 216 3 97.9
    endloop
  endfacet
  facet normal -0.9700312531945449 5.184574623448178e-19 -0.24298017990326018
    outer loop
      vertex 211.9239757025809 0 99.82505803290319
      vertex 210.5886588010037 0 105.1559419262499
      vertex 210.5886588010037 3 105.1559419262499
    endloop
  endfacet
  facet normal 0 -1 0
    outer loop
      vertex 211.9239757025809 0 99.82505803290319
      vertex 216 0 103.9
      vertex 210.5886588010037 0 105.1559419262499
    endloop
  endfacet
  facet normal 0 -1 0
    outer loop
      vertex 211.9239757025809 0 99.82505803290319
      vertex 216 0 97.9
      vertex 216 0 103.9
    endloop
  endfacet
  facet normal 0 1 0
    outer loop
      vertex 216 3 97.9
      vertex 210.5886588010037 3 105.1559419262499
      vertex 228 3 97.9
    endloop
  endfacet
  facet normal 0 1 0
    outer loop
      vertex 210.5886588010037 3 105.1559419262499
      vertex 216 3 103.9
      vertex 228 3 97.9
    endloop
  endfacet
  facet normal 0 0 1
    outer loop
      vertex 216 0 103.9
      vertex 228 3 103.9
      vertex 216 3 103.9
    endloop
  endfacet
  facet normal -0.9415440651830199 0 -0.33688985339222216
    outer loop
      vertex 210.5886588010037 0 105.1559419262499
      vertex 208.73725382063205 3 110.33027221244504
      vertex 210.5886588010037 3 105.1559419262499
    endloop
  endfacet
  facet normal 0 -1 0
    outer loop
      vertex 210.5886588010037 0 105.1559419262499
      vertex 216 0 103.9
      vertex 216 0 112.9
    endloop
  endfacet
  facet normal 0 1 0
    outer loop
      vertex 210.5886588010037 3 105.1559419262499
      vertex 208.73725382063205 3 110.33027221244504
      vertex 216 3 103.9
    endloop
  endfacet
  facet normal -0.9415440651830199 3.2114806009206473e-17 -0.33688985339222216
    outer loop
      vertex 210.5886588010037 0 105.1559419262499
      vertex 208.73725382063205 0 110.33027221244504
      vertex 208.73725382063205 3 110.33027221244504
    endloop
  endfacet
  facet normal 0 1 0
    outer loop
      vertex 216 3 103.9
      vertex 208.73725382063205 3 110.33027221244504
      vertex 206.3875908035079 3 115.29821726225587
    endloop
  endfacet
  facet normal 0 -1 0
    outer loop
      vertex 210.5886588010037 0 105.1559419262499
      vertex 216 0 112.9
      vertex 208.73725382063205 0 110.33027221244504
    endloop
  endfacet
  facet normal 1 0 0
    outer loop
      vertex 216 0 103.9
      vertex 216 3 103.9
      vertex 216 0 112.9
    endloop
  endfacet
  facet normal 1 0 0
    outer loop
      vertex 216 3 103.9
      vertex 216 3 112.9
      vertex 216 0 112.9
    endloop
  endfacet
  facet normal -0.595699304492435 0 -0.8032075314806437
    outer loop
      vertex 192.52602391316415 0 132.18858538831327
      vertex 188.11193304909773 3 135.46229828894255
      vertex 192.52602391316415 3 132.18858538831327
    endloop
  endfacet
  facet normal -0.8577286100002721 0 -0.5141027441932213
    outer loop
      vertex 206.3875908035079 0 115.29821726225587
      vertex 203.56229828894254 3 120.01193304909773
      vertex 206.3875908035079 3 115.29821726225587
    endloop
  endfacet
  facet normal -0.8577286100002721 -1.7564736960694225e-17 -0.5141027441932213
    outer loop
      vertex 206.3875908035079 0 115.29821726225587
      vertex 203.56229828894254 0 120.01193304909773
      vertex 203.56229828894254 3 120.01193304909773
    endloop
  endfacet
  facet normal -0.8032075314806437 0 -0.595699304492435
    outer loop
      vertex 203.56229828894254 0 120.01193304909773
      vertex 200.28858538831327 3 124.42602391316416
      vertex 203.56229828894254 3 120.01193304909773
    endloop
  endfacet
  facet normal -0.9039892931234444 0 -0.4275550934302796
    outer loop
      vertex 208.73725382063205 0 110.33027221244504
      vertex 206.3875908035079 3 115.29821726225587
      vertex 208.73725382063205 3 110.33027221244504
    endloop
  endfacet
  facet normal -0.9039892931234444 6.563151626913885e-18 -0.4275550934302796
    outer loop
      vertex 208.73725382063205 0 110.33027221244504
      vertex 206.3875908035079 0 115.29821726225587
      vertex 206.3875908035079 3 115.29821726225587
    endloop
  endfacet
  facet normal 0 -1 0
    outer loop
      vertex 208.73725382063205 0 110.33027221244504
      vertex 216 0 112.9
      vertex 216 0 118.9
    endloop
  endfacet
  facet normal 0 0 -1
    outer loop
      vertex 216 0 112.9
      vertex 216 3 112.9
      vertex 228 0 112.9
    endloop
  endfacet
  facet normal 0 -1 0
    outer loop
      vertex 216 0 112.9
      vertex 228 0 112.9
      vertex 216 0 118.9
    endloop
  endfacet
  facet normal 0 -1 0
    outer loop
      vertex 208.73725382063205 0 110.33027221244504
      vertex 216 0 118.9
      vertex 216 0 127.9
    endloop
  endfacet
  facet normal 0 1 0
    outer loop
      vertex 216 3 103.9
      vertex 207.59474411167423 3 140.3
      vertex 216 3 112.9
    endloop
  endfacet
  facet normal 0 -1 0
    outer loop
      vertex 208.73725382063205 0 110.33027221244504
      vertex 209.5 0 139.2
      vertex 206.3875908035079 0 115.29821726225587
    endloop
  endfacet
  facet normal 0 1 0
    outer loop
      vertex 216 3 103.9
      vertex 206.3875908035079 3 115.29821726225587
      vertex 207.59474411167423 3 140.3
    endloop
  endfacet
  facet normal 0 0 1
    outer loop
      vertex 216 0 118.9
      vertex 228 3 118.9
      vertex 216 3 118.9
    endloop
  endfacet
  facet normal 0 1 0
    outer loop
      vertex 216 3 112.9
      vertex 216 3 118.9
      vertex 228 3 118.9
    endloop
  endfacet
  facet normal 1 0 0
    outer loop
      vertex 216 0 118.9
      vertex 216 3 118.9
      vertex 216 0 127.9
    endloop
  endfacet
  facet normal -0.7409511253549603 0 -0.671558954847017
    outer loop
      vertex 200.28858538831327 0 124.42602391316416
      vertex 196.59797974644667 3 128.49797974644667
      vertex 200.28858538831327 3 124.42602391316416
    endloop
  endfacet
  facet normal -0.7409511253549603 -1.6851483359148988e-17 -0.671558954847017
    outer loop
      vertex 200.28858538831327 0 124.42602391316416
      vertex 196.59797974644667 0 128.49797974644667
      vertex 196.59797974644667 3 128.49797974644667
    endloop
  endfacet
  facet normal -0.8032075314806437 -1.6998815455699273e-17 -0.595699304492435
    outer loop
      vertex 203.56229828894254 0 120.01193304909773
      vertex 200.28858538831327 0 124.42602391316416
      vertex 200.28858538831327 3 124.42602391316416
    endloop
  endfacet
  facet normal 0 -1 0
    outer loop
      vertex 206.3875908035079 0 115.29821726225587
      vertex 209.5 0 139.2
      vertex 203.56229828894254 0 120.01193304909773
    endloop
  endfacet
  facet normal 0 1 0
    outer loop
      vertex 206.3875908035079 3 115.29821726225587
      vertex 203.56229828894254 3 120.01193304909773
      vertex 207.59474411167423 3 140.3
    endloop
  endfacet
  facet normal -0.671558954847017 0 -0.7409511253549603
    outer loop
      vertex 196.59797974644667 0 128.49797974644667
      vertex 192.52602391316415 3 132.18858538831327
      vertex 196.59797974644667 3 128.49797974644667
    endloop
  endfacet
  facet normal -0.671558954847017 -1.6851483359148988e-17 -0.7409511253549603
    outer loop
      vertex 196.59797974644667 0 128.49797974644667
      vertex 192.52602391316415 0 132.18858538831327
      vertex 192.52602391316415 3 132.18858538831327
    endloop
  endfacet
  facet normal 0 -1 0
    outer loop
      vertex 203.56229828894254 0 120.01193304909773
      vertex 209.5 0 139.2
      vertex 200.28858538831327 0 124.42602391316416
    endloop
  endfacet
  facet normal 0 1 0
    outer loop
      vertex 203.56229828894254 3 120.01193304909773
      vertex 200.28858538831327 3 124.42602391316416
      vertex 207.59474411167423 3 140.3
    endloop
  endfacet
  facet normal 0 -1 0
    outer loop
      vertex 200.28858538831327 0 124.42602391316416
      vertex 208.4 0 139.49474411167424
      vertex 196.59797974644667 0 128.49797974644667
    endloop
  endfacet
  facet normal 0 1 0
    outer loop
      vertex 200.28858538831327 3 124.42602391316416
      vertex 196.59797974644667 3 128.49797974644667
      vertex 207.59474411167423 3 140.3
    endloop
  endfacet
  facet normal 0 1 0
    outer loop
      vertex 216 3 112.9
      vertex 207.59474411167423 3 140.3
      vertex 216 3 118.9
    endloop
  endfacet
  facet normal 0 -1 0
    outer loop
      vertex 208.73725382063205 0 110.33027221244504
      vertex 216 0 127.9
      vertex 211.40525588832577 0 140.3
    endloop
  endfacet
  facet normal 1 0 0
    outer loop
      vertex 216 3 118.9
      vertex 216 3 127.9
      vertex 216 0 127.9
    endloop
  endfacet
  facet normal 0 -1 0
    outer loop
      vertex 208.73725382063205 0 110.33027221244504
      vertex 210.6 0 139.49474411167424
      vertex 209.5 0 139.2
    endloop
  endfacet
  facet normal 0 -1 0
    outer loop
      vertex 208.73725382063205 0 110.33027221244504
      vertex 211.40525588832577 0 140.3
      vertex 210.6 0 139.49474411167424
    endloop
  endfacet
  facet normal 0 1 0
    outer loop
      vertex 216 3 118.9
      vertex 208.4 3 139.49474411167424
      vertex 216 3 127.9
    endloop
  endfacet
  facet normal 0 1 0
    outer loop
      vertex 216 3 118.9
      vertex 207.59474411167423 3 140.3
      vertex 208.4 3 139.49474411167424
    endloop
  endfacet
  facet normal 0 0 -1
    outer loop
      vertex 216 0 127.9
      vertex 216 3 127.9
      vertex 228 0 127.9
    endloop
  endfacet
  facet normal 0 -1 0
    outer loop
      vertex 216 0 127.9
      vertex 228 0 127.9
      vertex 216 0 133.9
    endloop
  endfacet
  facet normal 0 1 0
    outer loop
      vertex 216 3 127.9
      vertex 216 3 133.9
      vertex 228 3 133.9
    endloop
  endfacet
  facet normal 0 -1 0
    outer loop
      vertex 117.40202025355333 0 128.49797974644667
      vertex 105.6 0 139.49474411167424
      vertex 104.5 0 139.2
    endloop
  endfacet
  facet normal 0 -1 0
    outer loop
      vertex 117.40202025355333 0 128.49797974644667
      vertex 106.40525588832577 0 140.3
      vertex 105.6 0 139.49474411167424
    endloop
  endfacet
  facet normal 0 -1 0
    outer loop
      vertex 117.40202025355333 0 128.49797974644667
      vertex 121.47397608683585 0 132.18858538831327
      vertex 106.40525588832577 0 140.3
    endloop
  endfacet
  facet normal 0 -1 0
    outer loop
      vertex 121.47397608683585 0 132.18858538831327
      vertex 106.7 0 141.4
      vertex 106.40525588832577 0 140.3
    endloop
  endfacet
  facet normal 0 1 0
    outer loop
      vertex 121.47397608683585 3 132.18858538831327
      vertex 103.4 3 139.49474411167424
      vertex 104.5 3 139.2
    endloop
  endfacet
  facet normal 0 1 0
    outer loop
      vertex 121.47397608683585 3 132.18858538831327
      vertex 104.5 3 139.2
      vertex 105.6 3 139.49474411167424
    endloop
  endfacet
  facet normal 0 1 0
    outer loop
      vertex 121.47397608683585 3 132.18858538831327
      vertex 105.6 3 139.49474411167424
      vertex 106.40525588832577 3 140.3
    endloop
  endfacet
  facet normal 0 1 0
    outer loop
      vertex 121.47397608683585 3 132.18858538831327
      vertex 106.40525588832577 3 140.3
      vertex 106.7 3 141.4
    endloop
  endfacet
  facet normal 0 1 0
    outer loop
      vertex 121.47397608683585 3 132.18858538831327
      vertex 106.7 3 141.4
      vertex 106.40525588832577 3 142.5
    endloop
  endfacet
  facet normal 0.7071067811865476 0 0.7071067811865476
    outer loop
      vertex 103.4 0 139.49474411167424
      vertex 103.4 3 139.49474411167424
      vertex 102.59474411167423 0 140.3
    endloop
  endfacet
  facet normal 0.7071067811865476 0 0.7071067811865476
    outer loop
      vertex 102.59474411167423 0 140.3
      vertex 103.4 3 139.49474411167424
      vertex 102.59474411167423 3 140.3
    endloop
  endfacet
  facet normal 0.25881904510253284 6.2035833866347216e-18 0.965925826289065
    outer loop
      vertex 103.4 0 139.49474411167424
      vertex 104.5 0 139.2
      vertex 104.5 3 139.2
    endloop
  endfacet
  facet normal 0.25881904510253284 0 0.965925826289065
    outer loop
      vertex 103.4 0 139.49474411167424
      vertex 104.5 3 139.2
      vertex 103.4 3 139.49474411167424
    endloop
  endfacet
  facet normal -0.25881904510253284 0 0.965925826289065
    outer loop
      vertex 104.5 0 139.2
      vertex 105.6 3 139.49474411167424
      vertex 104.5 3 139.2
    endloop
  endfacet
  facet normal 0.9659258262890682 0 0.2588190451025212
    outer loop
      vertex 102.59474411167423 0 140.3
      vertex 102.59474411167423 3 140.3
      vertex 102.3 0 141.4
    endloop
  endfacet
  facet normal 0.9659258262890682 0 0.2588190451025212
    outer loop
      vertex 102.3 0 141.4
      vertex 102.59474411167423 3 140.3
      vertex 102.3 3 141.4
    endloop
  endfacet
  facet normal -0.25881904510253284 -6.2035833866347216e-18 0.965925826289065
    outer loop
      vertex 104.5 0 139.2
      vertex 105.6 0 139.49474411167424
      vertex 105.6 3 139.49474411167424
    endloop
  endfacet
  facet normal -0.7071067811865476 6.6212850958297065e-18 0.7071067811865476
    outer loop
      vertex 105.6 0 139.49474411167424
      vertex 106.40525588832577 0 140.3
      vertex 106.40525588832577 3 140.3
    endloop
  endfacet
  facet normal -0.7071067811865476 0 0.7071067811865476
    outer loop
      vertex 105.6 0 139.49474411167424
      vertex 106.40525588832577 3 140.3
      vertex 105.6 3 139.49474411167424
    endloop
  endfacet
  facet normal -0.9659258262890682 2.9576868869925638e-19 0.2588190451025212
    outer loop
      vertex 106.40525588832577 0 140.3
      vertex 106.7 0 141.4
      vertex 106.7 3 141.4
    endloop
  endfacet
  facet normal -0.9659258262890682 0 0.2588190451025212
    outer loop
      vertex 106.40525588832577 0 140.3
      vertex 106.7 3 141.4
      vertex 106.40525588832577 3 140.3
    endloop
  endfacet
  facet normal 0.9659258262890682 0 -0.2588190451025212
    outer loop
      vertex 102.3 0 141.4
      vertex 102.3 3 141.4
      vertex 102.59474411167423 0 142.5
    endloop
  endfacet
  facet normal 0.7071067811865476 0 -0.7071067811865476
    outer loop
      vertex 102.59474411167423 0 142.5
      vertex 102.59474411167423 3 142.5
      vertex 103.4 0 143.30525588832577
    endloop
  endfacet
  facet normal 0.9659258262890682 2.9576868869925638e-19 -0.2588190451025212
    outer loop
      vertex 102.3 3 141.4
      vertex 102.59474411167423 3 142.5
      vertex 102.59474411167423 0 142.5
    endloop
  endfacet
  facet normal 0.7071067811865476 0 -0.7071067811865476
    outer loop
      vertex 103.4 0 143.30525588832577
      vertex 102.59474411167423 3 142.5
      vertex 103.4 3 143.30525588832577
    endloop
  endfacet
  facet normal 0.25881904510253284 0 -0.965925826289065
    outer loop
      vertex 103.4 0 143.30525588832577
      vertex 103.4 3 143.30525588832577
      vertex 104.5 0 143.60000000000002
    endloop
  endfacet
  facet normal -0.25881904510253284 0 -0.965925826289065
    outer loop
      vertex 104.5 0 143.60000000000002
      vertex 104.5 3 143.60000000000002
      vertex 105.6 0 143.30525588832577
    endloop
  endfacet
  facet normal 0.25881904510253284 0 -0.965925826289065
    outer loop
      vertex 104.5 0 143.60000000000002
      vertex 103.4 3 143.30525588832577
      vertex 104.5 3 143.60000000000002
    endloop
  endfacet
  facet normal -0.9659258262890682 -2.9576868869925638e-19 -0.2588190451025212
    outer loop
      vertex 106.7 0 141.4
      vertex 106.40525588832577 0 142.5
      vertex 106.40525588832577 3 142.5
    endloop
  endfacet
  facet normal -0.7071067811865476 -6.6212850958297065e-18 -0.7071067811865476
    outer loop
      vertex 106.40525588832577 0 142.5
      vertex 105.6 0 143.30525588832577
      vertex 105.6 3 143.30525588832577
    endloop
  endfacet
  facet normal -0.9659258262890682 0 -0.2588190451025212
    outer loop
      vertex 106.7 0 141.4
      vertex 106.40525588832577 3 142.5
      vertex 106.7 3 141.4
    endloop
  endfacet
  facet normal -0.7071067811865476 0 -0.7071067811865476
    outer loop
      vertex 106.40525588832577 0 142.5
      vertex 105.6 3 143.30525588832577
      vertex 106.40525588832577 3 142.5
    endloop
  endfacet
  facet normal -0.25881904510253284 6.2035833866347216e-18 -0.965925826289065
    outer loop
      vertex 104.5 3 143.60000000000002
      vertex 105.6 3 143.30525588832577
      vertex 105.6 0 143.30525588832577
    endloop
  endfacet
  facet normal 0 -1 0
    outer loop
      vertex 106.7 0 141.4
      vertex 125.88806695090227 0 135.46229828894255
      vertex 106.40525588832577 0 142.5
    endloop
  endfacet
  facet normal 0 1 0
    outer loop
      vertex 106.40525588832577 3 142.5
      vertex 105.6 3 143.30525588832577
      vertex 130.60178273774414 3 138.2875908035079
    endloop
  endfacet
  facet normal 0 -1 0
    outer loop
      vertex 106.40525588832577 0 142.5
      vertex 135.56972778755497 0 140.63725382063205
      vertex 105.6 0 143.30525588832577
    endloop
  endfacet
  facet normal 0 -1 0
    outer loop
      vertex 121.47397608683585 0 132.18858538831327
      vertex 125.88806695090227 0 135.46229828894255
      vertex 106.7 0 141.4
    endloop
  endfacet
  facet normal 0 1 0
    outer loop
      vertex 121.47397608683585 3 132.18858538831327
      vertex 106.40525588832577 3 142.5
      vertex 125.88806695090227 3 135.46229828894255
    endloop
  endfacet
  facet normal 0 -1 0
    outer loop
      vertex 106.40525588832577 0 142.5
      vertex 125.88806695090227 0 135.46229828894255
      vertex 130.60178273774414 0 138.2875908035079
    endloop
  endfacet
  facet normal 0 1 0
    outer loop
      vertex 106.40525588832577 3 142.5
      vertex 130.60178273774414 3 138.2875908035079
      vertex 125.88806695090227 3 135.46229828894255
    endloop
  endfacet
  facet normal 0.595699304492435 1.6998815455699273e-17 -0.8032075314806437
    outer loop
      vertex 121.47397608683585 3 132.18858538831327
      vertex 125.88806695090227 3 135.46229828894255
      vertex 125.88806695090227 0 135.46229828894255
    endloop
  endfacet
  facet normal 0.5141027441932203 0 -0.8577286100002731
    outer loop
      vertex 125.88806695090227 0 135.46229828894255
      vertex 125.88806695090227 3 135.46229828894255
      vertex 130.60178273774414 0 138.2875908035079
    endloop
  endfacet
  facet normal 0.5141027441932203 -2.5280962969510012e-17 -0.8577286100002731
    outer loop
      vertex 125.88806695090227 3 135.46229828894255
      vertex 130.60178273774414 3 138.2875908035079
      vertex 130.60178273774414 0 138.2875908035079
    endloop
  endfacet
  facet normal 0 1 0
    outer loop
      vertex 105.6 3 143.30525588832577
      vertex 135.56972778755497 3 140.63725382063205
      vertex 130.60178273774414 3 138.2875908035079
    endloop
  endfacet
  facet normal 0 -1 0
    outer loop
      vertex 104.5 0 143.60000000000002
      vertex 105.6 0 143.30525588832577
      vertex 146.0749419670968 0 143.82397570258092
    endloop
  endfacet
  facet normal 0 1 0
    outer loop
      vertex 104.5 3 143.60000000000002
      vertex 140.74405807375013 3 142.4886588010037
      vertex 105.6 3 143.30525588832577
    endloop
  endfacet
  facet normal 0 -1 0
    outer loop
      vertex 106.40525588832577 0 142.5
      vertex 130.60178273774414 0 138.2875908035079
      vertex 135.56972778755497 0 140.63725382063205
    endloop
  endfacet
  facet normal 0 -1 0
    outer loop
      vertex 105.6 0 143.30525588832577
      vertex 135.56972778755497 0 140.63725382063205
      vertex 140.74405807375013 0 142.4886588010037
    endloop
  endfacet
  facet normal 0 1 0
    outer loop
      vertex 105.6 3 143.30525588832577
      vertex 140.74405807375013 3 142.4886588010037
      vertex 135.56972778755497 3 140.63725382063205
    endloop
  endfacet
  facet normal 0 -1 0
    outer loop
      vertex 105.6 0 143.30525588832577
      vertex 140.74405807375013 0 142.4886588010037
      vertex 146.0749419670968 0 143.82397570258092
    endloop
  endfacet
  facet normal 0 -1 0
    outer loop
      vertex 3 0 174.86615558197948
      vertex 151.5110401415446 0 144.63034469364302
      vertex 157 0 144.9
    endloop
  endfacet
  facet normal 0 1 0
    outer loop
      vertex 3 3 177.8
      vertex 209.5 3 143.60000000000002
      vertex 157 3 144.9
    endloop
  endfacet
  facet normal 0 -1 0
    outer loop
      vertex 3 0 174.86615558197948
      vertex 157 0 144.9
      vertex 234.5 0 143.60000000000002
    endloop
  endfacet
  facet normal 0.4275550934302806 0 -0.903989293123444
    outer loop
      vertex 130.60178273774414 0 138.2875908035079
      vertex 130.60178273774414 3 138.2875908035079
      vertex 135.56972778755497 0 140.63725382063205
    endloop
  endfacet
  facet normal 0.4275550934302806 1.5276230428777182e-17 -0.903989293123444
    outer loop
      vertex 130.60178273774414 3 138.2875908035079
      vertex 135.56972778755497 3 140.63725382063205
      vertex 135.56972778755497 0 140.63725382063205
    endloop
  endfacet
  facet normal 0.3368898533922214 0 -0.9415440651830204
    outer loop
      vertex 135.56972778755497 0 140.63725382063205
      vertex 135.56972778755497 3 140.63725382063205
      vertex 140.74405807375013 0 142.4886588010037
    endloop
  endfacet
  facet normal 0.3368898533922214 -5.245269117888371e-17 -0.9415440651830204
    outer loop
      vertex 135.56972778755497 3 140.63725382063205
      vertex 140.74405807375013 3 142.4886588010037
      vertex 140.74405807375013 0 142.4886588010037
    endloop
  endfacet
  facet normal 0.24298017990326629 0 -0.9700312531945434
    outer loop
      vertex 140.74405807375013 0 142.4886588010037
      vertex 140.74405807375013 3 142.4886588010037
      vertex 146.0749419670968 0 143.82397570258092
    endloop
  endfacet
  facet normal 0.24298017990326629 -8.160579721058226e-18 -0.9700312531945434
    outer loop
      vertex 140.74405807375013 3 142.4886588010037
      vertex 146.0749419670968 3 143.82397570258092
      vertex 146.0749419670968 0 143.82397570258092
    endloop
  endfacet
  facet normal 0.1467304744553578 0 -0.9891765099647816
    outer loop
      vertex 146.0749419670968 0 143.82397570258092
      vertex 146.0749419670968 3 143.82397570258092
      vertex 151.5110401415446 0 144.63034469364302
    endloop
  endfacet
  facet normal 0.1467304744553578 2.4049951853920783e-17 -0.9891765099647816
    outer loop
      vertex 146.0749419670968 3 143.82397570258092
      vertex 151.5110401415446 3 144.63034469364302
      vertex 151.5110401415446 0 144.63034469364302
    endloop
  endfacet
  facet normal 0 1 0
    outer loop
      vertex 3 3 177.8
      vertex 216 3 142.9
      vertex 209.5 3 143.60000000000002
    endloop
  endfacet
  facet normal 0.04906767432741924 0 -0.9987954562051722
    outer loop
      vertex 151.5110401415446 0 144.63034469364302
      vertex 151.5110401415446 3 144.63034469364302
      vertex 157 0 144.9
    endloop
  endfacet
  facet normal 0.04906767432741924 2.522979937260881e-18 -0.9987954562051722
    outer loop
      vertex 151.5110401415446 3 144.63034469364302
      vertex 157 3 144.9
      vertex 157 0 144.9
    endloop
  endfacet
  facet normal -0.04906767432741924 0 -0.9987954562051722
    outer loop
      vertex 157 0 144.9
      vertex 157 3 144.9
      vertex 162.4889598584554 0 144.63034469364302
    endloop
  endfacet
  facet normal -0.04906767432741924 -2.522979937260881e-18 -0.9987954562051722
    outer loop
      vertex 157 3 144.9
      vertex 162.4889598584554 3 144.63034469364302
      vertex 162.4889598584554 0 144.63034469364302
    endloop
  endfacet
  facet normal 0 1 0
    outer loop
      vertex 3 3 177.8
      vertex 228 3 142.9
      vertex 216 3 142.9
    endloop
  endfacet
  facet normal 0 1 0
    outer loop
      vertex 3 3 177.8
      vertex 233.4 3 143.30525588832577
      vertex 228 3 142.9
    endloop
  endfacet
  facet normal 0 1 0
    outer loop
      vertex 3 3 177.8
      vertex 234.5 3 143.60000000000002
      vertex 233.4 3 143.30525588832577
    endloop
  endfacet
  facet normal 0 1 0
    outer loop
      vertex 3 3 177.8
      vertex 157 3 144.9
      vertex 151.5110401415446 3 144.63034469364302
    endloop
  endfacet
  facet normal 0 0 1
    outer loop
      vertex 3 0 177.8
      vertex 441 0 177.8
      vertex 0 3 177.8
    endloop
  endfacet
  facet normal 0 0 1
    outer loop
      vertex 0 3 177.8
      vertex 444 0 177.8
      vertex 2.974285714285714 3 177.8
    endloop
  endfacet
  facet normal 0 0 1
    outer loop
      vertex 2.974285714285714 3 177.8
      vertex 444 0 177.8
      vertex 3 3 177.8
    endloop
  endfacet
  facet normal -0.1467304744553578 -2.4049951853920783e-17 -0.9891765099647816
    outer loop
      vertex 167.9250580329032 0 143.82397570258092
      vertex 162.4889598584554 0 144.63034469364302
      vertex 162.4889598584554 3 144.63034469364302
    endloop
  endfacet
  facet normal -0.1467304744553578 0 -0.9891765099647816
    outer loop
      vertex 167.9250580329032 0 143.82397570258092
      vertex 162.4889598584554 3 144.63034469364302
      vertex 167.9250580329032 3 143.82397570258092
    endloop
  endfacet
  facet normal -0.3368898533922214 5.245269117888371e-17 -0.9415440651830204
    outer loop
      vertex 173.25594192624987 3 142.4886588010037
      vertex 178.43027221244503 3 140.63725382063205
      vertex 178.43027221244503 0 140.63725382063205
    endloop
  endfacet
  facet normal -0.24298017990326629 8.160579721058226e-18 -0.9700312531945434
    outer loop
      vertex 167.9250580329032 3 143.82397570258092
      vertex 173.25594192624987 3 142.4886588010037
      vertex 173.25594192624987 0 142.4886588010037
    endloop
  endfacet
  facet normal -0.24298017990326629 0 -0.9700312531945434
    outer loop
      vertex 167.9250580329032 0 143.82397570258092
      vertex 167.9250580329032 3 143.82397570258092
      vertex 173.25594192624987 0 142.4886588010037
    endloop
  endfacet
  facet normal -0.3368898533922214 0 -0.9415440651830204
    outer loop
      vertex 173.25594192624987 0 142.4886588010037
      vertex 173.25594192624987 3 142.4886588010037
      vertex 178.43027221244503 0 140.63725382063205
    endloop
  endfacet
  facet normal 0 1 0
    outer loop
      vertex 157 3 144.9
      vertex 209.5 3 143.60000000000002
      vertex 162.4889598584554 3 144.63034469364302
    endloop
  endfacet
  facet normal -0.595699304492435 -1.6998815455699273e-17 -0.8032075314806437
    outer loop
      vertex 192.52602391316415 0 132.18858538831327
      vertex 188.11193304909773 0 135.46229828894255
      vertex 188.11193304909773 3 135.46229828894255
    endloop
  endfacet
  facet normal -0.5141027441932203 0 -0.8577286100002731
    outer loop
      vertex 183.39821726225586 0 138.2875908035079
      vertex 183.39821726225586 3 138.2875908035079
      vertex 188.11193304909773 0 135.46229828894255
    endloop
  endfacet
  facet normal -0.5141027441932203 2.5280962969510012e-17 -0.8577286100002731
    outer loop
      vertex 183.39821726225586 3 138.2875908035079
      vertex 188.11193304909773 3 135.46229828894255
      vertex 188.11193304909773 0 135.46229828894255
    endloop
  endfacet
  facet normal -0.4275550934302806 -1.5276230428777182e-17 -0.903989293123444
    outer loop
      vertex 183.39821726225586 0 138.2875908035079
      vertex 178.43027221244503 0 140.63725382063205
      vertex 178.43027221244503 3 140.63725382063205
    endloop
  endfacet
  facet normal -0.4275550934302806 0 -0.903989293123444
    outer loop
      vertex 183.39821726225586 0 138.2875908035079
      vertex 178.43027221244503 3 140.63725382063205
      vertex 183.39821726225586 3 138.2875908035079
    endloop
  endfacet
  facet normal 0 -1 0
    outer loop
      vertex 167.9250580329032 0 143.82397570258092
      vertex 209.5 0 143.60000000000002
      vertex 162.4889598584554 0 144.63034469364302
    endloop
  endfacet
  facet normal 0 1 0
    outer loop
      vertex 167.9250580329032 3 143.82397570258092
      vertex 162.4889598584554 3 144.63034469364302
      vertex 209.5 3 143.60000000000002
    endloop
  endfacet
  facet normal 0 -1 0
    outer loop
      vertex 167.9250580329032 0 143.82397570258092
      vertex 173.25594192624987 0 142.4886588010037
      vertex 209.5 0 143.60000000000002
    endloop
  endfacet
  facet normal 0 -1 0
    outer loop
      vertex 157 0 144.9
      vertex 162.4889598584554 0 144.63034469364302
      vertex 233.4 0 143.30525588832577
    endloop
  endfacet
  facet normal 0 1 0
    outer loop
      vertex 167.9250580329032 3 143.82397570258092
      vertex 209.5 3 143.60000000000002
      vertex 173.25594192624987 3 142.4886588010037
    endloop
  endfacet
  facet normal 0 -1 0
    outer loop
      vertex 183.39821726225586 0 138.2875908035079
      vertex 208.4 0 143.30525588832577
      vertex 178.43027221244503 0 140.63725382063205
    endloop
  endfacet
  facet normal 0 1 0
    outer loop
      vertex 183.39821726225586 3 138.2875908035079
      vertex 178.43027221244503 3 140.63725382063205
      vertex 209.5 3 143.60000000000002
    endloop
  endfacet
  facet normal 0 -1 0
    outer loop
      vertex 173.25594192624987 0 142.4886588010037
      vertex 178.43027221244503 0 140.63725382063205
      vertex 208.4 0 143.30525588832577
    endloop
  endfacet
  facet normal 0 1 0
    outer loop
      vertex 173.25594192624987 3 142.4886588010037
      vertex 209.5 3 143.60000000000002
      vertex 178.43027221244503 3 140.63725382063205
    endloop
  endfacet
  facet normal 0 -1 0
    outer loop
      vertex 3 0 174.86615558197948
      vertex 234.5 0 143.60000000000002
      vertex 276.07494196709683 0 143.82397570258092
    endloop
  endfacet
  facet normal 0 -1 0
    outer loop
      vertex 3 0 174.86615558197948
      vertex 276.07494196709683 0 143.82397570258092
      vertex 281.5110401415446 0 144.63034469364302
    endloop
  endfacet
  facet normal 0 -1 0
    outer loop
      vertex 3 0 174.86615558197948
      vertex 281.5110401415446 0 144.63034469364302
      vertex 287 0 144.9
    endloop
  endfacet
  facet normal 0 -1 0
    outer loop
      vertex 196.59797974644667 0 128.49797974644667
      vertex 207.3 0 141.4
      vertex 192.52602391316415 0 132.18858538831327
    endloop
  endfacet
  facet normal 0 1 0
    outer loop
      vertex 196.59797974644667 3 128.49797974644667
      vertex 192.52602391316415 3 132.18858538831327
      vertex 207.59474411167423 3 140.3
    endloop
  endfacet
  facet normal 0 1 0
    outer loop
      vertex 192.52602391316415 3 132.18858538831327
      vertex 188.11193304909773 3 135.46229828894255
      vertex 207.59474411167423 3 140.3
    endloop
  endfacet
  facet normal 0 -1 0
    outer loop
      vertex 183.39821726225586 0 138.2875908035079
      vertex 188.11193304909773 0 135.46229828894255
      vertex 207.59474411167423 0 142.5
    endloop
  endfacet
  facet normal 0 -1 0
    outer loop
      vertex 192.52602391316415 0 132.18858538831327
      vertex 207.59474411167423 0 142.5
      vertex 188.11193304909773 0 135.46229828894255
    endloop
  endfacet
  facet normal 0 -1 0
    outer loop
      vertex 200.28858538831327 0 124.42602391316416
      vertex 209.5 0 139.2
      vertex 208.4 0 139.49474411167424
    endloop
  endfacet
  facet normal 0 -1 0
    outer loop
      vertex 196.59797974644667 0 128.49797974644667
      vertex 208.4 0 139.49474411167424
      vertex 207.59474411167423 0 140.3
    endloop
  endfacet
  facet normal 0 -1 0
    outer loop
      vertex 192.52602391316415 0 132.18858538831327
      vertex 207.3 0 141.4
      vertex 207.59474411167423 0 142.5
    endloop
  endfacet
  facet normal 0 -1 0
    outer loop
      vertex 196.59797974644667 0 128.49797974644667
      vertex 207.59474411167423 0 140.3
      vertex 207.3 0 141.4
    endloop
  endfacet
  facet normal 0 1 0
    outer loop
      vertex 183.39821726225586 3 138.2875908035079
      vertex 208.4 3 143.30525588832577
      vertex 188.11193304909773 3 135.46229828894255
    endloop
  endfacet
  facet normal 0 -1 0
    outer loop
      vertex 173.25594192624987 0 142.4886588010037
      vertex 208.4 0 143.30525588832577
      vertex 209.5 0 143.60000000000002
    endloop
  endfacet
  facet normal 0 -1 0
    outer loop
      vertex 183.39821726225586 0 138.2875908035079
      vertex 207.59474411167423 0 142.5
      vertex 208.4 0 143.30525588832577
    endloop
  endfacet
  facet normal 0 1 0
    outer loop
      vertex 188.11193304909773 3 135.46229828894255
      vertex 207.3 3 141.4
      vertex 207.59474411167423 3 140.3
    endloop
  endfacet
  facet normal 0 1 0
    outer loop
      vertex 188.11193304909773 3 135.46229828894255
      vertex 207.59474411167423 3 142.5
      vertex 207.3 3 141.4
    endloop
  endfacet
  facet normal 0 1 0
    outer loop
      vertex 188.11193304909773 3 135.46229828894255
      vertex 208.4 3 143.30525588832577
      vertex 207.59474411167423 3 142.5
    endloop
  endfacet
  facet normal 0 -1 0
    outer loop
      vertex 162.4889598584554 0 144.63034469364302
      vertex 209.5 0 143.60000000000002
      vertex 233.4 0 143.30525588832577
    endloop
  endfacet
  facet normal 0 1 0
    outer loop
      vertex 183.39821726225586 3 138.2875908035079
      vertex 209.5 3 143.60000000000002
      vertex 208.4 3 143.30525588832577
    endloop
  endfacet
  facet normal 0 1 0
    outer loop
      vertex 216 3 127.9
      vertex 209.5 3 139.2
      vertex 216 3 133.9
    endloop
  endfacet
  facet normal 0 1 0
    outer loop
      vertex 216 3 127.9
      vertex 208.4 3 139.49474411167424
      vertex 209.5 3 139.2
    endloop
  endfacet
  facet normal 0 1 0
    outer loop
      vertex 216 3 133.9
      vertex 209.5 3 139.2
      vertex 210.6 3 139.49474411167424
    endloop
  endfacet
  facet normal 0 1 0
    outer loop
      vertex 216 3 133.9
      vertex 210.6 3 139.49474411167424
      vertex 211.40525588832577 3 140.3
    endloop
  endfacet
  facet normal 0 1 0
    outer loop
      vertex 216 3 133.9
      vertex 211.40525588832577 3 140.3
      vertex 211.7 3 141.4
    endloop
  endfacet
  facet normal 0 -1 0
    outer loop
      vertex 216 0 127.9
      vertex 216 0 133.9
      vertex 211.40525588832577 0 140.3
    endloop
  endfacet
  facet normal 0 0 1
    outer loop
      vertex 216 0 133.9
      vertex 228 3 133.9
      vertex 216 3 133.9
    endloop
  endfacet
  facet normal 1 0 0
    outer loop
      vertex 216 0 133.9
      vertex 216 3 133.9
      vertex 216 0 142.9
    endloop
  endfacet
  facet normal 0.7071067811865476 0 0.7071067811865476
    outer loop
      vertex 208.4 0 139.49474411167424
      vertex 208.4 3 139.49474411167424
      vertex 207.59474411167423 0 140.3
    endloop
  endfacet
  facet normal 0.25881904510253284 0 0.965925826289065
    outer loop
      vertex 208.4 0 139.49474411167424
      vertex 209.5 3 139.2
      vertex 208.4 3 139.49474411167424
    endloop
  endfacet
  facet normal 0.7071067811865476 0 0.7071067811865476
    outer loop
      vertex 207.59474411167423 0 140.3
      vertex 208.4 3 139.49474411167424
      vertex 207.59474411167423 3 140.3
    endloop
  endfacet
  facet normal 0.25881904510253284 6.2035833866347216e-18 0.965925826289065
    outer loop
      vertex 208.4 0 139.49474411167424
      vertex 209.5 0 139.2
      vertex 209.5 3 139.2
    endloop
  endfacet
  facet normal -0.25881904510253284 -6.2035833866347216e-18 0.965925826289065
    outer loop
      vertex 209.5 0 139.2
      vertex 210.6 0 139.49474411167424
      vertex 210.6 3 139.49474411167424
    endloop
  endfacet
  facet normal -0.25881904510253284 0 0.965925826289065
    outer loop
      vertex 209.5 0 139.2
      vertex 210.6 3 139.49474411167424
      vertex 209.5 3 139.2
    endloop
  endfacet
  facet normal 0.9659258262890713 0 0.2588190451025095
    outer loop
      vertex 207.59474411167423 0 140.3
      vertex 207.59474411167423 3 140.3
      vertex 207.3 0 141.4
    endloop
  endfacet
  facet normal 0.9659258262890713 0 0.2588190451025095
    outer loop
      vertex 207.3 0 141.4
      vertex 207.59474411167423 3 140.3
      vertex 207.3 3 141.4
    endloop
  endfacet
  facet normal -0.7071067811865476 6.6212850958297065e-18 0.7071067811865476
    outer loop
      vertex 210.6 0 139.49474411167424
      vertex 211.40525588832577 0 140.3
      vertex 211.40525588832577 3 140.3
    endloop
  endfacet
  facet normal -0.7071067811865476 0 0.7071067811865476
    outer loop
      vertex 210.6 0 139.49474411167424
      vertex 211.40525588832577 3 140.3
      vertex 210.6 3 139.49474411167424
    endloop
  endfacet
  facet normal -0.9659258262890713 6.795120764033277e-18 0.2588190451025095
    outer loop
      vertex 211.40525588832577 0 140.3
      vertex 211.7 0 141.4
      vertex 211.7 3 141.4
    endloop
  endfacet
  facet normal -0.9659258262890713 0 0.2588190451025095
    outer loop
      vertex 211.40525588832577 0 140.3
      vertex 211.7 3 141.4
      vertex 211.40525588832577 3 140.3
    endloop
  endfacet
  facet normal 0 -1 0
    outer loop
      vertex 211.40525588832577 0 140.3
      vertex 216 0 142.9
      vertex 211.7 0 141.4
    endloop
  endfacet
  facet normal 0 1 0
    outer loop
      vertex 216 3 133.9
      vertex 211.7 3 141.4
      vertex 211.40525588832577 3 142.5
    endloop
  endfacet
  facet normal 0.9659258262890713 0 -0.2588190451025095
    outer loop
      vertex 207.3 0 141.4
      vertex 207.3 3 141.4
      vertex 207.59474411167423 0 142.5
    endloop
  endfacet
  facet normal 0.7071067811865476 0 -0.7071067811865476
    outer loop
      vertex 207.59474411167423 0 142.5
      vertex 207.59474411167423 3 142.5
      vertex 208.4 0 143.30525588832577
    endloop
  endfacet
  facet normal 0.9659258262890713 6.795120764033277e-18 -0.2588190451025095
    outer loop
      vertex 207.3 3 141.4
      vertex 207.59474411167423 3 142.5
      vertex 207.59474411167423 0 142.5
    endloop
  endfacet
  facet normal 0.7071067811865476 0 -0.7071067811865476
    outer loop
      vertex 208.4 0 143.30525588832577
      vertex 207.59474411167423 3 142.5
      vertex 208.4 3 143.30525588832577
    endloop
  endfacet
  facet normal 0.25881904510253284 0 -0.965925826289065
    outer loop
      vertex 208.4 0 143.30525588832577
      vertex 208.4 3 143.30525588832577
      vertex 209.5 0 143.60000000000002
    endloop
  endfacet
  facet normal 0 -1 0
    outer loop
      vertex 157 0 144.9
      vertex 233.4 0 143.30525588832577
      vertex 234.5 0 143.60000000000002
    endloop
  endfacet
  facet normal -0.25881904510253284 0 -0.965925826289065
    outer loop
      vertex 209.5 0 143.60000000000002
      vertex 209.5 3 143.60000000000002
      vertex 210.6 0 143.30525588832577
    endloop
  endfacet
  facet normal 0.25881904510253284 0 -0.965925826289065
    outer loop
      vertex 209.5 0 143.60000000000002
      vertex 208.4 3 143.30525588832577
      vertex 209.5 3 143.60000000000002
    endloop
  endfacet
  facet normal -0.25881904510253284 0 -0.965925826289065
    outer loop
      vertex 210.6 0 143.30525588832577
      vertex 209.5 3 143.60000000000002
      vertex 210.6 3 143.30525588832577
    endloop
  endfacet
  facet normal -0.9659258262890713 -6.795120764033277e-18 -0.2588190451025095
    outer loop
      vertex 211.7 0 141.4
      vertex 211.40525588832577 0 142.5
      vertex 211.40525588832577 3 142.5
    endloop
  endfacet
  facet normal -0.7071067811865476 0 -0.7071067811865476
    outer loop
      vertex 210.6 0 143.30525588832577
      vertex 210.6 3 143.30525588832577
      vertex 211.40525588832577 0 142.5
    endloop
  endfacet
  facet normal -0.9659258262890713 0 -0.2588190451025095
    outer loop
      vertex 211.7 0 141.4
      vertex 211.40525588832577 3 142.5
      vertex 211.7 3 141.4
    endloop
  endfacet
  facet normal -0.7071067811865476 -6.6212850958297065e-18 -0.7071067811865476
    outer loop
      vertex 210.6 3 143.30525588832577
      vertex 211.40525588832577 3 142.5
      vertex 211.40525588832577 0 142.5
    endloop
  endfacet
  facet normal 0 -1 0
    outer loop
      vertex 211.7 0 141.4
      vertex 216 0 142.9
      vertex 211.40525588832577 0 142.5
    endloop
  endfacet
  facet normal 0 -1 0
    outer loop
      vertex 210.6 0 143.30525588832577
      vertex 211.40525588832577 0 142.5
      vertex 216 0 142.9
    endloop
  endfacet
  facet normal 0 -1 0
    outer loop
      vertex 209.5 0 143.60000000000002
      vertex 210.6 0 143.30525588832577
      vertex 216 0 142.9
    endloop
  endfacet
  facet normal 0 1 0
    outer loop
      vertex 210.6 3 143.30525588832577
      vertex 216 3 142.9
      vertex 211.40525588832577 3 142.5
    endloop
  endfacet
  facet normal 0 1 0
    outer loop
      vertex 209.5 3 143.60000000000002
      vertex 216 3 142.9
      vertex 210.6 3 143.30525588832577
    endloop
  endfacet
  facet normal 0 -1 0
    outer loop
      vertex 216 0 133.9
      vertex 216 0 142.9
      vertex 211.40525588832577 0 140.3
    endloop
  endfacet
  facet normal 1 0 0
    outer loop
      vertex 216 3 133.9
      vertex 216 3 142.9
      vertex 216 0 142.9
    endloop
  endfacet
  facet normal 0 1 0
    outer loop
      vertex 216 3 133.9
      vertex 211.40525588832577 3 142.5
      vertex 216 3 142.9
    endloop
  endfacet
  facet normal 0 0 -1
    outer loop
      vertex 216 0 142.9
      vertex 216 3 142.9
      vertex 228 0 142.9
    endloop
  endfacet
  facet normal 0 -1 0
    outer loop
      vertex 209.5 0 143.60000000000002
      vertex 216 0 142.9
      vertex 233.4 0 143.30525588832577
    endloop
  endfacet
  facet normal 0 0 1
    outer loop
      vertex 6.1 153.8 3
      vertex 6.210741064560528 154.6411618965832 3
      vertex 6.210741064560528 259.63883810341684 3
    endloop
  endfacet
  facet normal 0 0 1
    outer loop
      vertex 6.210741064560528 154.6411618965832 3
      vertex 6.535417437700574 155.425 3
      vertex 6.535417437700574 258.855 3
    endloop
  endfacet
  facet normal 0 0 1
    outer loop
      vertex 6.535417437700574 155.425 3
      vertex 7.051902961143719 156.09809703885628 3
      vertex 7.051902961143719 258.18190296114375 3
    endloop
  endfacet
  facet normal 0 0 1
    outer loop
      vertex 7.051902961143719 156.09809703885628 3
      vertex 7.725 156.61458256229943 3
      vertex 7.725 257.66541743770057 3
    endloop
  endfacet
  facet normal 0 0 1
    outer loop
      vertex 7.725 156.61458256229943 3
      vertex 8.508838103416807 156.93925893543948 3
      vertex 8.508838103416807 257.3407410645605 3
    endloop
  endfacet
  facet normal 0 0 1
    outer loop
      vertex 8.508838103416807 156.93925893543948 3
      vertex 9.35 157.05 3
      vertex 8.508838103416807 257.3407410645605 3
    endloop
  endfacet
  facet normal 0 0 1
    outer loop
      vertex 9.35 157.05 3
      vertex 10.191161896583193 156.93925893543948 3
      vertex 10.191161896583193 257.3407410645605 3
    endloop
  endfacet
  facet normal 0 0 1
    outer loop
      vertex 10.191161896583193 156.93925893543948 3
      vertex 10.975 156.61458256229943 3
      vertex 10.975 257.66541743770057 3
    endloop
  endfacet
  facet normal 0 0 1
    outer loop
      vertex 3 3 3
      vertex 6.1 260.48 3
      vertex 3 347 3
    endloop
  endfacet
  facet normal 0 0 1
    outer loop
      vertex 6.210741064560528 154.6411618965832 3
      vertex 6.535417437700574 258.855 3
      vertex 6.210741064560528 259.63883810341684 3
    endloop
  endfacet
  facet normal 0 0 1
    outer loop
      vertex 6.535417437700574 155.425 3
      vertex 7.051902961143719 258.18190296114375 3
      vertex 6.535417437700574 258.855 3
    endloop
  endfacet
  facet normal 0 0 1
    outer loop
      vertex 7.051902961143719 156.09809703885628 3
      vertex 7.725 257.66541743770057 3
      vertex 7.051902961143719 258.18190296114375 3
    endloop
  endfacet
  facet normal 0 0 1
    outer loop
      vertex 7.725 156.61458256229943 3
      vertex 8.508838103416807 257.3407410645605 3
      vertex 7.725 257.66541743770057 3
    endloop
  endfacet
  facet normal 0 0 1
    outer loop
      vertex 9.35 157.05 3
      vertex 9.35 257.23 3
      vertex 8.508838103416807 257.3407410645605 3
    endloop
  endfacet
  facet normal 0 0 1
    outer loop
      vertex 9.35 157.05 3
      vertex 10.191161896583193 257.3407410645605 3
      vertex 9.35 257.23 3
    endloop
  endfacet
  facet normal 0 0 1
    outer loop
      vertex 10.191161896583193 156.93925893543948 3
      vertex 10.975 257.66541743770057 3
      vertex 10.191161896583193 257.3407410645605 3
    endloop
  endfacet
  facet normal -0.13052619222001904 -0.9914448613738148 0
    outer loop
      vertex 9.35 257.23 3
      vertex 9.35 257.23 9
      vertex 8.508838103416807 257.3407410645605 3
    endloop
  endfacet
  facet normal 0.13052619222001904 -0.9914448613738148 3.993560547229546e-20
    outer loop
      vertex 9.35 257.23 3
      vertex 10.191161896583193 257.3407410645605 3
      vertex 10.191161896583193 257.3407410645605 9
    endloop
  endfacet
  facet normal -0.13052619222001904 -0.9914448613738148 0
    outer loop
      vertex 8.508838103416807 257.3407410645605 3
      vertex 9.35 257.23 9
      vertex 8.508838103416807 257.3407410645605 9
    endloop
  endfacet
  facet normal 0.13052619222001904 -0.9914448613738148 0
    outer loop
      vertex 9.35 257.23 3
      vertex 10.191161896583193 257.3407410645605 9
      vertex 9.35 257.23 9
    endloop
  endfacet
  facet normal -0.7933533402912313 -0.6087614290087254 -3.50398349682102e-18
    outer loop
      vertex 7.051902961143719 258.18190296114375 3
      vertex 6.535417437700574 258.855 9
      vertex 6.535417437700574 258.855 3
    endloop
  endfacet
  facet normal -0.9238795325112901 -0.38268343236508173 -4.865765136796434e-18
    outer loop
      vertex 6.535417437700574 258.855 3
      vertex 6.210741064560528 259.63883810341684 9
      vertex 6.210741064560528 259.63883810341684 3
    endloop
  endfacet
  facet normal -0.9914448613738099 -0.13052619222005493 5.703374308825044e-19
    outer loop
      vertex 6.210741064560528 259.63883810341684 3
      vertex 6.1 260.48 9
      vertex 6.1 260.48 3
    endloop
  endfacet
  facet normal -0.9914448613738099 0.13052619222005493 -5.703374308825044e-19
    outer loop
      vertex 6.1 260.48 3
      vertex 6.210741064560528 261.3211618965832 9
      vertex 6.210741064560528 261.3211618965832 3
    endloop
  endfacet
  facet normal -0.9238795325112901 0.38268343236508173 4.865765136796434e-18
    outer loop
      vertex 6.210741064560528 261.3211618965832 3
      vertex 6.535417437700574 262.105 9
      vertex 6.535417437700574 262.105 3
    endloop
  endfacet
  facet normal -0.7933533402912313 0.6087614290087254 3.50398349682102e-18
    outer loop
      vertex 6.535417437700574 262.105 3
      vertex 7.051902961143719 262.7780970388563 9
      vertex 7.051902961143719 262.7780970388563 3
    endloop
  endfacet
  facet normal 0 0 1
    outer loop
      vertex 8.218629150101524 259.34862915010154 3
      vertex 8.737706508215856 259.00179274798194 3
      vertex 9.35 258.88 3
    endloop
  endfacet
  facet normal 0 0 1
    outer loop
      vertex 7.8717927479819405 259.86770650821586 3
      vertex 8.218629150101524 259.34862915010154 3
      vertex 10.481370849898475 259.34862915010154 3
    endloop
  endfacet
  facet normal 0 0 1
    outer loop
      vertex 7.8717927479819405 259.86770650821586 3
      vertex 10.481370849898475 259.34862915010154 3
      vertex 7.75 260.48 3
    endloop
  endfacet
  facet normal 0 0 1
    outer loop
      vertex 8.218629150101524 259.34862915010154 3
      vertex 9.35 258.88 3
      vertex 9.962293491784143 259.00179274798194 3
    endloop
  endfacet
  facet normal 0 0 1
    outer loop
      vertex 8.218629150101524 259.34862915010154 3
      vertex 9.962293491784143 259.00179274798194 3
      vertex 10.481370849898475 259.34862915010154 3
    endloop
  endfacet
  facet normal 0 0 1
    outer loop
      vertex 10.481370849898475 259.34862915010154 3
      vertex 10.828207252018059 259.86770650821586 3
      vertex 10.95 260.48 3
    endloop
  endfacet
  facet normal -0.6087614290087451 -0.7933533402912164 -5.442560884716338e-18
    outer loop
      vertex 7.051902961143719 258.18190296114375 3
      vertex 7.725 257.66541743770057 3
      vertex 7.725 257.66541743770057 9
    endloop
  endfacet
  facet normal -0.3826834323650943 -0.9238795325112849 1.448500202991304e-18
    outer loop
      vertex 7.725 257.66541743770057 3
      vertex 8.508838103416807 257.3407410645605 3
      vertex 8.508838103416807 257.3407410645605 9
    endloop
  endfacet
  facet normal 0.8314696123025367 0.5555702330196151 0
    outer loop
      vertex 7.8717927479819405 259.86770650821586 3
      vertex 7.8717927479819405 259.86770650821586 9
      vertex 8.218629150101524 259.34862915010154 3
    endloop
  endfacet
  facet normal 0.5555702330196288 0.8314696123025275 0
    outer loop
      vertex 8.218629150101524 259.34862915010154 3
      vertex 8.218629150101524 259.34862915010154 9
      vertex 8.737706508215856 259.00179274798194 3
    endloop
  endfacet
  facet normal 0.19509032201613002 0.9807852804032301 0
    outer loop
      vertex 8.737706508215856 259.00179274798194 3
      vertex 8.737706508215856 259.00179274798194 9
      vertex 9.35 258.88 3
    endloop
  endfacet
  facet normal 0.3826834323650943 -0.9238795325112849 -1.448500202991304e-18
    outer loop
      vertex 10.191161896583193 257.3407410645605 3
      vertex 10.975 257.66541743770057 3
      vertex 10.975 257.66541743770057 9
    endloop
  endfacet
  facet normal -0.19509032201613002 0.9807852804032301 0
    outer loop
      vertex 9.35 258.88 3
      vertex 9.35 258.88 9
      vertex 9.962293491784143 259.00179274798194 3
    endloop
  endfacet
  facet normal -0.5555702330196288 0.8314696123025275 0
    outer loop
      vertex 9.962293491784143 259.00179274798194 3
      vertex 9.962293491784143 259.00179274798194 9
      vertex 10.481370849898475 259.34862915010154 3
    endloop
  endfacet
  facet normal -0.8314696123025367 0.5555702330196151 0
    outer loop
      vertex 10.481370849898475 259.34862915010154 3
      vertex 10.481370849898475 259.34862915010154 9
      vertex 10.828207252018059 259.86770650821586 3
    endloop
  endfacet
  facet normal 0 0 1
    outer loop
      vertex 10.481370849898475 259.34862915010154 3
      vertex 7.8717927479819405 261.0922934917842 3
      vertex 7.75 260.48 3
    endloop
  endfacet
  facet normal 0 0 1
    outer loop
      vertex 10.481370849898475 259.34862915010154 3
      vertex 8.218629150101524 261.6113708498985 3
      vertex 7.8717927479819405 261.0922934917842 3
    endloop
  endfacet
  facet normal 0 0 1
    outer loop
      vertex 10.481370849898475 259.34862915010154 3
      vertex 8.737706508215856 261.9582072520181 3
      vertex 8.218629150101524 261.6113708498985 3
    endloop
  endfacet
  facet normal 0 0 1
    outer loop
      vertex 10.481370849898475 259.34862915010154 3
      vertex 9.35 262.08000000000004 3
      vertex 8.737706508215856 261.9582072520181 3
    endloop
  endfacet
  facet normal 0 0 1
    outer loop
      vertex 10.481370849898475 259.34862915010154 3
      vertex 10.95 260.48 3
      vertex 10.828207252018059 261.0922934917842 3
    endloop
  endfacet
  facet normal 0 0 1
    outer loop
      vertex 10.481370849898475 259.34862915010154 3
      vertex 10.828207252018059 261.0922934917842 3
      vertex 10.481370849898475 261.6113708498985 3
    endloop
  endfacet
  facet normal 0 0 1
    outer loop
      vertex 10.481370849898475 259.34862915010154 3
      vertex 9.962293491784143 261.9582072520181 3
      vertex 9.35 262.08000000000004 3
    endloop
  endfacet
  facet normal 0 0 1
    outer loop
      vertex 10.481370849898475 259.34862915010154 3
      vertex 10.481370849898475 261.6113708498985 3
      vertex 9.962293491784143 261.9582072520181 3
    endloop
  endfacet
  facet normal 0.9807852804032315 0.19509032201612295 -6.99458004531974e-20
    outer loop
      vertex 7.8717927479819405 259.86770650821586 3
      vertex 7.75 260.48 3
      vertex 7.75 260.48 9
    endloop
  endfacet
  facet normal 0.9807852804032315 -0.19509032201612295 6.99458004531974e-20
    outer loop
      vertex 7.75 260.48 3
      vertex 7.8717927479819405 261.0922934917842 3
      vertex 7.8717927479819405 261.0922934917842 9
    endloop
  endfacet
  facet normal 0.8314696123025367 -0.5555702330196151 -2.4393603344360702e-18
    outer loop
      vertex 7.8717927479819405 261.0922934917842 3
      vertex 8.218629150101524 261.6113708498985 3
      vertex 8.218629150101524 261.6113708498985 9
    endloop
  endfacet
  facet normal 0.5555702330196288 -0.8314696123025275 2.3780451768846175e-18
    outer loop
      vertex 8.218629150101524 261.6113708498985 3
      vertex 8.737706508215856 261.9582072520181 3
      vertex 8.737706508215856 261.9582072520181 9
    endloop
  endfacet
  facet normal -0.8314696123025367 -0.5555702330196151 0
    outer loop
      vertex 10.828207252018059 261.0922934917842 3
      vertex 10.828207252018059 261.0922934917842 9
      vertex 10.481370849898475 261.6113708498985 3
    endloop
  endfacet
  facet normal 0.19509032201613002 -0.9807852804032301 -1.197916705114116e-18
    outer loop
      vertex 8.737706508215856 261.9582072520181 3
      vertex 9.35 262.08000000000004 3
      vertex 9.35 262.08000000000004 9
    endloop
  endfacet
  facet normal -0.19509032201613002 -0.9807852804032301 1.197916705114116e-18
    outer loop
      vertex 9.35 262.08000000000004 3
      vertex 9.962293491784143 261.9582072520181 3
      vertex 9.962293491784143 261.9582072520181 9
    endloop
  endfacet
  facet normal -0.5555702330196288 -0.8314696123025275 -2.3780451768846175e-18
    outer loop
      vertex 9.962293491784143 261.9582072520181 3
      vertex 10.481370849898475 261.6113708498985 3
      vertex 10.481370849898475 261.6113708498985 9
    endloop
  endfacet
  facet normal -0.6087614290087451 0.7933533402912164 0
    outer loop
      vertex 7.051902961143719 262.7780970388563 3
      vertex 7.051902961143719 262.7780970388563 9
      vertex 7.725 263.29458256229947 3
    endloop
  endfacet
  facet normal -0.3826834323650943 0.9238795325112849 0
    outer loop
      vertex 7.725 263.29458256229947 3
      vertex 7.725 263.29458256229947 9
      vertex 8.508838103416807 263.6192589354395 3
    endloop
  endfacet
  facet normal -0.13052619222001904 0.9914448613738148 0
    outer loop
      vertex 8.508838103416807 263.6192589354395 3
      vertex 8.508838103416807 263.6192589354395 9
      vertex 9.35 263.73 3
    endloop
  endfacet
  facet normal 0.13052619222001904 0.9914448613738148 0
    outer loop
      vertex 9.35 263.73 3
      vertex 9.35 263.73 9
      vertex 10.191161896583193 263.6192589354395 3
    endloop
  endfacet
  facet normal 0.3826834323650943 0.9238795325112849 0
    outer loop
      vertex 10.191161896583193 263.6192589354395 3
      vertex 10.191161896583193 263.6192589354395 9
      vertex 10.975 263.29458256229947 3
    endloop
  endfacet
  facet normal 1 0 0
    outer loop
      vertex 3 347 3
      vertex 3 335.19221967963387 9
      vertex 3 103 9
    endloop
  endfacet
  facet normal -0.7933533402912313 -0.6087614290087254 0
    outer loop
      vertex 7.051902961143719 258.18190296114375 3
      vertex 7.051902961143719 258.18190296114375 9
      vertex 6.535417437700574 258.855 9
    endloop
  endfacet
  facet normal -0.9238795325112901 -0.38268343236508173 0
    outer loop
      vertex 6.535417437700574 258.855 3
      vertex 6.535417437700574 258.855 9
      vertex 6.210741064560528 259.63883810341684 9
    endloop
  endfacet
  facet normal -0.9914448613738099 -0.13052619222005493 0
    outer loop
      vertex 6.210741064560528 259.63883810341684 3
      vertex 6.210741064560528 259.63883810341684 9
      vertex 6.1 260.48 9
    endloop
  endfacet
  facet normal -0.9914448613738099 0.13052619222005493 0
    outer loop
      vertex 6.1 260.48 3
      vertex 6.1 260.48 9
      vertex 6.210741064560528 261.3211618965832 9
    endloop
  endfacet
  facet normal -0.9238795325112901 0.38268343236508173 0
    outer loop
      vertex 6.210741064560528 261.3211618965832 3
      vertex 6.210741064560528 261.3211618965832 9
      vertex 6.535417437700574 262.105 9
    endloop
  endfacet
  facet normal -0.7933533402912313 0.6087614290087254 0
    outer loop
      vertex 6.535417437700574 262.105 3
      vertex 6.535417437700574 262.105 9
      vertex 7.051902961143719 262.7780970388563 9
    endloop
  endfacet
  facet normal -0.6087614290087451 -0.7933533402912164 0
    outer loop
      vertex 7.051902961143719 258.18190296114375 3
      vertex 7.725 257.66541743770057 9
      vertex 7.051902961143719 258.18190296114375 9
    endloop
  endfacet
  facet normal -0.3826834323650943 -0.9238795325112849 0
    outer loop
      vertex 7.725 257.66541743770057 3
      vertex 8.508838103416807 257.3407410645605 9
      vertex 7.725 257.66541743770057 9
    endloop
  endfacet
  facet normal 0.9807852804032315 0.19509032201612295 0
    outer loop
      vertex 7.8717927479819405 259.86770650821586 3
      vertex 7.75 260.48 9
      vertex 7.8717927479819405 259.86770650821586 9
    endloop
  endfacet
  facet normal 0.5555702330196288 0.8314696123025275 0
    outer loop
      vertex 8.737706508215856 259.00179274798194 3
      vertex 8.218629150101524 259.34862915010154 9
      vertex 8.737706508215856 259.00179274798194 9
    endloop
  endfacet
  facet normal 0.8314696123025367 0.5555702330196151 0
    outer loop
      vertex 8.218629150101524 259.34862915010154 3
      vertex 7.8717927479819405 259.86770650821586 9
      vertex 8.218629150101524 259.34862915010154 9
    endloop
  endfacet
  facet normal 0.3826834323650943 -0.9238795325112849 0
    outer loop
      vertex 10.191161896583193 257.3407410645605 3
      vertex 10.975 257.66541743770057 9
      vertex 10.191161896583193 257.3407410645605 9
    endloop
  endfacet
  facet normal 0.19509032201613002 0.9807852804032301 0
    outer loop
      vertex 9.35 258.88 3
      vertex 8.737706508215856 259.00179274798194 9
      vertex 9.35 258.88 9
    endloop
  endfacet
  facet normal -0.19509032201613002 0.9807852804032301 0
    outer loop
      vertex 9.962293491784143 259.00179274798194 3
      vertex 9.35 258.88 9
      vertex 9.962293491784143 259.00179274798194 9
    endloop
  endfacet
  facet normal -0.5555702330196288 0.8314696123025275 0
    outer loop
      vertex 10.481370849898475 259.34862915010154 3
      vertex 9.962293491784143 259.00179274798194 9
      vertex 10.481370849898475 259.34862915010154 9
    endloop
  endfacet
  facet normal -0.8314696123025367 0.5555702330196151 0
    outer loop
      vertex 10.828207252018059 259.86770650821586 3
      vertex 10.481370849898475 259.34862915010154 9
      vertex 10.828207252018059 259.86770650821586 9
    endloop
  endfacet
  facet normal 0.9807852804032315 -0.19509032201612295 0
    outer loop
      vertex 7.75 260.48 3
      vertex 7.8717927479819405 261.0922934917842 9
      vertex 7.75 260.48 9
    endloop
  endfacet
  facet normal 0.8314696123025367 -0.5555702330196151 0
    outer loop
      vertex 7.8717927479819405 261.0922934917842 3
      vertex 8.218629150101524 261.6113708498985 9
      vertex 7.8717927479819405 261.0922934917842 9
    endloop
  endfacet
  facet normal 0.5555702330196288 -0.8314696123025275 0
    outer loop
      vertex 8.218629150101524 261.6113708498985 3
      vertex 8.737706508215856 261.9582072520181 9
      vertex 8.218629150101524 261.6113708498985 9
    endloop
  endfacet
  facet normal 0.19509032201613002 -0.9807852804032301 0
    outer loop
      vertex 8.737706508215856 261.9582072520181 3
      vertex 9.35 262.08000000000004 9
      vertex 8.737706508215856 261.9582072520181 9
    endloop
  endfacet
  facet normal -0.8314696123025367 -0.5555702330196151 0
    outer loop
      vertex 10.481370849898475 261.6113708498985 3
      vertex 10.828207252018059 261.0922934917842 9
      vertex 10.481370849898475 261.6113708498985 9
    endloop
  endfacet
  facet normal -0.19509032201613002 -0.9807852804032301 0
    outer loop
      vertex 9.35 262.08000000000004 3
      vertex 9.962293491784143 261.9582072520181 9
      vertex 9.35 262.08000000000004 9
    endloop
  endfacet
  facet normal -0.5555702330196288 -0.8314696123025275 0
    outer loop
      vertex 9.962293491784143 261.9582072520181 3
      vertex 10.481370849898475 261.6113708498985 9
      vertex 9.962293491784143 261.9582072520181 9
    endloop
  endfacet
  facet normal -0.6087614290087451 0.7933533402912164 0
    outer loop
      vertex 7.725 263.29458256229947 3
      vertex 7.051902961143719 262.7780970388563 9
      vertex 7.725 263.29458256229947 9
    endloop
  endfacet
  facet normal -0.3826834323650943 0.9238795325112849 0
    outer loop
      vertex 8.508838103416807 263.6192589354395 3
      vertex 7.725 263.29458256229947 9
      vertex 8.508838103416807 263.6192589354395 9
    endloop
  endfacet
  facet normal -0.13052619222001904 0.9914448613738148 0
    outer loop
      vertex 9.35 263.73 3
      vertex 8.508838103416807 263.6192589354395 9
      vertex 9.35 263.73 9
    endloop
  endfacet
  facet normal 0.13052619222001904 0.9914448613738148 0
    outer loop
      vertex 10.191161896583193 263.6192589354395 3
      vertex 9.35 263.73 9
      vertex 10.191161896583193 263.6192589354395 9
    endloop
  endfacet
  facet normal 0.3826834323650943 0.9238795325112849 0
    outer loop
      vertex 10.975 263.29458256229947 3
      vertex 10.191161896583193 263.6192589354395 9
      vertex 10.975 263.29458256229947 9
    endloop
  endfacet
  facet normal 0 0 1
    outer loop
      vertex 10.975 156.61458256229943 3
      vertex 11.64809703885628 258.18190296114375 3
      vertex 10.975 257.66541743770057 3
    endloop
  endfacet
  facet normal 0 0 1
    outer loop
      vertex 10.975 156.61458256229943 3
      vertex 12.164582562299426 258.855 3
      vertex 11.64809703885628 258.18190296114375 3
    endloop
  endfacet
  facet normal 0 0 1
    outer loop
      vertex 10.975 156.61458256229943 3
      vertex 12.489258935439471 259.63883810341684 3
      vertex 12.164582562299426 258.855 3
    endloop
  endfacet
  facet normal 0 0 1
    outer loop
      vertex 10.975 156.61458256229943 3
      vertex 12.6 260.48 3
      vertex 12.489258935439471 259.63883810341684 3
    endloop
  endfacet
  facet normal 0 0 -1
    outer loop
      vertex 0 3 0
      vertex 0 350 0
      vertex 34.52841475573292 347.2333000997009 0
    endloop
  endfacet
  facet normal 0.6087614290087451 -0.7933533402912164 5.442560884716338e-18
    outer loop
      vertex 10.975 257.66541743770057 3
      vertex 11.64809703885628 258.18190296114375 3
      vertex 11.64809703885628 258.18190296114375 9
    endloop
  endfacet
  facet normal 0.793353340291231 -0.6087614290087262 0
    outer loop
      vertex 11.64809703885628 258.18190296114375 3
      vertex 12.164582562299426 258.855 3
      vertex 11.64809703885628 258.18190296114375 9
    endloop
  endfacet
  facet normal -0.9807852804032315 0.19509032201612295 0
    outer loop
      vertex 10.828207252018059 259.86770650821586 3
      vertex 10.828207252018059 259.86770650821586 9
      vertex 10.95 260.48 3
    endloop
  endfacet
  facet normal 0.9238795325112904 -0.3826834323650808 0
    outer loop
      vertex 12.164582562299426 258.855 3
      vertex 12.489258935439471 259.63883810341684 3
      vertex 12.164582562299426 258.855 9
    endloop
  endfacet
  facet normal 0.9914448613738099 -0.13052619222005493 0
    outer loop
      vertex 12.489258935439471 259.63883810341684 3
      vertex 12.6 260.48 3
      vertex 12.489258935439471 259.63883810341684 9
    endloop
  endfacet
  facet normal -0.9807852804032315 -0.19509032201612295 -6.99458004531974e-20
    outer loop
      vertex 10.828207252018059 261.0922934917842 3
      vertex 10.95 260.48 3
      vertex 10.95 260.48 9
    endloop
  endfacet
  facet normal 0.9914448613738099 0.13052619222005493 0
    outer loop
      vertex 12.6 260.48 3
      vertex 12.489258935439471 261.3211618965832 3
      vertex 12.6 260.48 9
    endloop
  endfacet
  facet normal 0.9238795325112904 0.3826834323650808 0
    outer loop
      vertex 12.489258935439471 261.3211618965832 3
      vertex 12.164582562299426 262.105 3
      vertex 12.489258935439471 261.3211618965832 9
    endloop
  endfacet
  facet normal 0.793353340291231 0.6087614290087262 -9.909994584999449e-19
    outer loop
      vertex 11.64809703885628 262.7780970388563 3
      vertex 12.164582562299426 262.105 9
      vertex 12.164582562299426 262.105 3
    endloop
  endfacet
  facet normal 0.6087614290087451 0.7933533402912164 -5.442560884716338e-18
    outer loop
      vertex 11.64809703885628 262.7780970388563 3
      vertex 10.975 263.29458256229947 3
      vertex 10.975 263.29458256229947 9
    endloop
  endfacet
  facet normal 0.6087614290087451 -0.7933533402912164 0
    outer loop
      vertex 10.975 257.66541743770057 3
      vertex 11.64809703885628 258.18190296114375 9
      vertex 10.975 257.66541743770057 9
    endloop
  endfacet
  facet normal 0.793353340291231 -0.6087614290087262 0
    outer loop
      vertex 12.164582562299426 258.855 3
      vertex 12.164582562299426 258.855 9
      vertex 11.64809703885628 258.18190296114375 9
    endloop
  endfacet
  facet normal 0.9238795325112904 -0.3826834323650808 0
    outer loop
      vertex 12.489258935439471 259.63883810341684 3
      vertex 12.489258935439471 259.63883810341684 9
      vertex 12.164582562299426 258.855 9
    endloop
  endfacet
  facet normal -0.9807852804032315 0.19509032201612295 0
    outer loop
      vertex 10.95 260.48 3
      vertex 10.828207252018059 259.86770650821586 9
      vertex 10.95 260.48 9
    endloop
  endfacet
  facet normal -0.9807852804032315 -0.19509032201612295 0
    outer loop
      vertex 10.828207252018059 261.0922934917842 3
      vertex 10.95 260.48 9
      vertex 10.828207252018059 261.0922934917842 9
    endloop
  endfacet
  facet normal 0.9914448613738099 -0.13052619222005493 0
    outer loop
      vertex 12.6 260.48 3
      vertex 12.6 260.48 9
      vertex 12.489258935439471 259.63883810341684 9
    endloop
  endfacet
  facet normal 0.9914448613738099 0.13052619222005493 0
    outer loop
      vertex 12.489258935439471 261.3211618965832 3
      vertex 12.489258935439471 261.3211618965832 9
      vertex 12.6 260.48 9
    endloop
  endfacet
  facet normal 0.9238795325112904 0.3826834323650808 0
    outer loop
      vertex 12.164582562299426 262.105 3
      vertex 12.164582562299426 262.105 9
      vertex 12.489258935439471 261.3211618965832 9
    endloop
  endfacet
  facet normal 0.793353340291231 0.6087614290087262 0
    outer loop
      vertex 11.64809703885628 262.7780970388563 3
      vertex 11.64809703885628 262.7780970388563 9
      vertex 12.164582562299426 262.105 9
    endloop
  endfacet
  facet normal 0.6087614290087451 0.7933533402912164 0
    outer loop
      vertex 11.64809703885628 262.7780970388563 3
      vertex 10.975 263.29458256229947 9
      vertex 11.64809703885628 262.7780970388563 9
    endloop
  endfacet
  facet normal 0 0 -1
    outer loop
      vertex 0 0 0
      vertex 34.52841475573292 347.2333000997009 0
      vertex 99.84 342 0
    endloop
  endfacet
  facet normal 0 0 -1
    outer loop
      vertex 0 0 0
      vertex 99.84 342 0
      vertex 105.84 342 0
    endloop
  endfacet
  facet normal 0 0 -1
    outer loop
      vertex 0 0 0
      vertex 105.84 342 0
      vertex 120.16000000000001 342 0
    endloop
  endfacet
  facet normal 0 0 -1
    outer loop
      vertex 0 0 0
      vertex 120.16000000000001 342 0
      vertex 126.16000000000001 342 0
    endloop
  endfacet
  facet normal -1 0 0
    outer loop
      vertex 0 3 177.8
      vertex 0 347.05019205734396 2.974715931920091
      vertex 0 350 0
    endloop
  endfacet
  facet normal 0 0 1
    outer loop
      vertex 6.210741064560528 261.3211618965832 3
      vertex 6.535417437700574 262.105 3
      vertex 6.535417437700574 336.325 3
    endloop
  endfacet
  facet normal 0 0 1
    outer loop
      vertex 6.535417437700574 262.105 3
      vertex 7.051902961143719 262.7780970388563 3
      vertex 7.051902961143719 335.6519029611437 3
    endloop
  endfacet
  facet normal 0 0 1
    outer loop
      vertex 6.1 260.48 3
      vertex 6.210741064560528 261.3211618965832 3
      vertex 3 347 3
    endloop
  endfacet
  facet normal 0 0 1
    outer loop
      vertex 7.051902961143719 262.7780970388563 3
      vertex 7.725 263.29458256229947 3
      vertex 7.725 335.13541743770054 3
    endloop
  endfacet
  facet normal 0 0 1
    outer loop
      vertex 7.725 263.29458256229947 3
      vertex 8.508838103416807 263.6192589354395 3
      vertex 8.508838103416807 334.8107410645605 3
    endloop
  endfacet
  facet normal 0 0 1
    outer loop
      vertex 8.508838103416807 263.6192589354395 3
      vertex 9.35 263.73 3
      vertex 9.35 334.7 3
    endloop
  endfacet
  facet normal 0 0 1
    outer loop
      vertex 9.35 263.73 3
      vertex 10.191161896583193 263.6192589354395 3
      vertex 10.191161896583193 334.8107410645605 3
    endloop
  endfacet
  facet normal 0 0 1
    outer loop
      vertex 10.191161896583193 263.6192589354395 3
      vertex 10.975 263.29458256229947 3
      vertex 10.975 335.13541743770054 3
    endloop
  endfacet
  facet normal 0 0 1
    outer loop
      vertex 6.210741064560528 261.3211618965832 3
      vertex 6.535417437700574 336.325 3
      vertex 6.210741064560528 337.1088381034168 3
    endloop
  endfacet
  facet normal 0 0 1
    outer loop
      vertex 6.535417437700574 262.105 3
      vertex 7.051902961143719 335.6519029611437 3
      vertex 6.535417437700574 336.325 3
    endloop
  endfacet
  facet normal 0 0 1
    outer loop
      vertex 7.725 263.29458256229947 3
      vertex 8.508838103416807 334.8107410645605 3
      vertex 7.725 335.13541743770054 3
    endloop
  endfacet
  facet normal 0 0 1
    outer loop
      vertex 7.051902961143719 262.7780970388563 3
      vertex 7.725 335.13541743770054 3
      vertex 7.051902961143719 335.6519029611437 3
    endloop
  endfacet
  facet normal 0 0 1
    outer loop
      vertex 8.508838103416807 263.6192589354395 3
      vertex 9.35 334.7 3
      vertex 8.508838103416807 334.8107410645605 3
    endloop
  endfacet
  facet normal 0 0 1
    outer loop
      vertex 9.35 263.73 3
      vertex 10.191161896583193 334.8107410645605 3
      vertex 9.35 334.7 3
    endloop
  endfacet
  facet normal 0 0 1
    outer loop
      vertex 10.191161896583193 263.6192589354395 3
      vertex 10.975 335.13541743770054 3
      vertex 10.191161896583193 334.8107410645605 3
    endloop
  endfacet
  facet normal 0 0 1
    outer loop
      vertex 12.6 260.48 3
      vertex 12.6 337.95 3
      vertex 12.489258935439471 261.3211618965832 3
    endloop
  endfacet
  facet normal 0 0 1
    outer loop
      vertex 11.64809703885628 262.7780970388563 3
      vertex 10.975 335.13541743770054 3
      vertex 10.975 263.29458256229947 3
    endloop
  endfacet
  facet normal 0 0 1
    outer loop
      vertex 11.64809703885628 262.7780970388563 3
      vertex 12.164582562299426 262.105 3
      vertex 12.164582562299426 336.325 3
    endloop
  endfacet
  facet normal 0 0 1
    outer loop
      vertex 12.489258935439471 261.3211618965832 3
      vertex 12.489258935439471 337.1088381034168 3
      vertex 12.164582562299426 262.105 3
    endloop
  endfacet
  facet normal 0 0 1
    outer loop
      vertex 11.64809703885628 262.7780970388563 3
      vertex 11.64809703885628 335.6519029611437 3
      vertex 10.975 335.13541743770054 3
    endloop
  endfacet
  facet normal 0 0 1
    outer loop
      vertex 11.64809703885628 262.7780970388563 3
      vertex 12.164582562299426 336.325 3
      vertex 11.64809703885628 335.6519029611437 3
    endloop
  endfacet
  facet normal 0 0 1
    outer loop
      vertex 12.164582562299426 262.105 3
      vertex 12.489258935439471 337.1088381034168 3
      vertex 12.164582562299426 336.325 3
    endloop
  endfacet
  facet normal 0 0 1
    outer loop
      vertex 12.489258935439471 261.3211618965832 3
      vertex 12.6 337.95 3
      vertex 12.489258935439471 337.1088381034168 3
    endloop
  endfacet
  facet normal 0 0 1
    outer loop
      vertex 6.210741064560528 261.3211618965832 3
      vertex 6.210741064560528 337.1088381034168 3
      vertex 3 347 3
    endloop
  endfacet
  facet normal -0.6087614290087451 -0.7933533402912164 0
    outer loop
      vertex 7.725 335.13541743770054 3
      vertex 7.725 335.13541743770054 9
      vertex 7.051902961143719 335.6519029611437 3
    endloop
  endfacet
  facet normal -0.3826834323650943 -0.9238795325112849 1.448500202991304e-18
    outer loop
      vertex 7.725 335.13541743770054 3
      vertex 8.508838103416807 334.8107410645605 3
      vertex 8.508838103416807 334.8107410645605 9
    endloop
  endfacet
  facet normal -0.13052619222001904 -0.9914448613738148 -3.993560547229546e-20
    outer loop
      vertex 8.508838103416807 334.8107410645605 3
      vertex 9.35 334.7 3
      vertex 9.35 334.7 9
    endloop
  endfacet
  facet normal 0.13052619222001904 -0.9914448613738148 3.993560547229546e-20
    outer loop
      vertex 9.35 334.7 3
      vertex 10.191161896583193 334.8107410645605 3
      vertex 10.191161896583193 334.8107410645605 9
    endloop
  endfacet
  facet normal 0.3826834323650943 -0.9238795325112849 -1.448500202991304e-18
    outer loop
      vertex 10.191161896583193 334.8107410645605 3
      vertex 10.975 335.13541743770054 3
      vertex 10.975 335.13541743770054 9
    endloop
  endfacet
  facet normal -0.6087614290087451 -0.7933533402912164 0
    outer loop
      vertex 7.051902961143719 335.6519029611437 3
      vertex 7.725 335.13541743770054 9
      vertex 7.051902961143719 335.6519029611437 9
    endloop
  endfacet
  facet normal -0.3826834323650943 -0.9238795325112849 0
    outer loop
      vertex 7.725 335.13541743770054 3
      vertex 8.508838103416807 334.8107410645605 9
      vertex 7.725 335.13541743770054 9
    endloop
  endfacet
  facet normal -0.13052619222001904 -0.9914448613738148 0
    outer loop
      vertex 8.508838103416807 334.8107410645605 3
      vertex 9.35 334.7 9
      vertex 8.508838103416807 334.8107410645605 9
    endloop
  endfacet
  facet normal 0.13052619222001904 -0.9914448613738148 0
    outer loop
      vertex 9.35 334.7 3
      vertex 10.191161896583193 334.8107410645605 9
      vertex 9.35 334.7 9
    endloop
  endfacet
  facet normal 0.3826834323650943 -0.9238795325112849 0
    outer loop
      vertex 10.191161896583193 334.8107410645605 3
      vertex 10.975 335.13541743770054 9
      vertex 10.191161896583193 334.8107410645605 9
    endloop
  endfacet
  facet normal -0.7933533402912313 -0.6087614290087254 -3.50398349682102e-18
    outer loop
      vertex 7.051902961143719 335.6519029611437 3
      vertex 6.535417437700574 336.325 9
      vertex 6.535417437700574 336.325 3
    endloop
  endfacet
  facet normal -0.9238795325112901 -0.38268343236508173 -4.865765136796434e-18
    outer loop
      vertex 6.535417437700574 336.325 3
      vertex 6.210741064560528 337.1088381034168 9
      vertex 6.210741064560528 337.1088381034168 3
    endloop
  endfacet
  facet normal -0.9914448613738099 -0.13052619222005493 0
    outer loop
      vertex 6.1 337.95 3
      vertex 6.210741064560528 337.1088381034168 3
      vertex 6.1 337.95 9
    endloop
  endfacet
  facet normal 0 0 1
    outer loop
      vertex 6.1 337.95 3
      vertex 3 347 3
      vertex 6.210741064560528 337.1088381034168 3
    endloop
  endfacet
  facet normal -0.9914448613738099 0.13052619222005493 -5.703374308825044e-19
    outer loop
      vertex 6.1 337.95 3
      vertex 6.210741064560528 338.79116189658316 9
      vertex 6.210741064560528 338.79116189658316 3
    endloop
  endfacet
  facet normal -0.9238795325112901 0.38268343236508173 4.865765136796434e-18
    outer loop
      vertex 6.210741064560528 338.79116189658316 3
      vertex 6.535417437700574 339.575 9
      vertex 6.535417437700574 339.575 3
    endloop
  endfacet
  facet normal -0.7933533402912313 0.6087614290087254 3.50398349682102e-18
    outer loop
      vertex 6.535417437700574 339.575 3
      vertex 7.051902961143719 340.24809703885626 9
      vertex 7.051902961143719 340.24809703885626 3
    endloop
  endfacet
  facet normal 0 0 1
    outer loop
      vertex 8.218629150101524 336.8186291501015 3
      vertex 8.737706508215856 336.4717927479819 3
      vertex 9.35 336.34999999999997 3
    endloop
  endfacet
  facet normal 0 0 1
    outer loop
      vertex 8.218629150101524 336.8186291501015 3
      vertex 10.481370849898475 336.8186291501015 3
      vertex 7.8717927479819405 337.33770650821583 3
    endloop
  endfacet
  facet normal 0 0 1
    outer loop
      vertex 7.8717927479819405 337.33770650821583 3
      vertex 10.481370849898475 336.8186291501015 3
      vertex 7.75 337.95 3
    endloop
  endfacet
  facet normal 0 0 1
    outer loop
      vertex 7.75 337.95 3
      vertex 10.481370849898475 336.8186291501015 3
      vertex 7.8717927479819405 338.56229349178415 3
    endloop
  endfacet
  facet normal 0 0 1
    outer loop
      vertex 10.481370849898475 336.8186291501015 3
      vertex 8.218629150101524 339.08137084989846 3
      vertex 7.8717927479819405 338.56229349178415 3
    endloop
  endfacet
  facet normal 0 0 1
    outer loop
      vertex 8.218629150101524 336.8186291501015 3
      vertex 9.35 336.34999999999997 3
      vertex 9.962293491784143 336.4717927479819 3
    endloop
  endfacet
  facet normal 0 0 1
    outer loop
      vertex 8.218629150101524 336.8186291501015 3
      vertex 9.962293491784143 336.4717927479819 3
      vertex 10.481370849898475 336.8186291501015 3
    endloop
  endfacet
  facet normal 0 0 1
    outer loop
      vertex 10.481370849898475 336.8186291501015 3
      vertex 10.828207252018059 337.33770650821583 3
      vertex 8.218629150101524 339.08137084989846 3
    endloop
  endfacet
  facet normal 0 0 1
    outer loop
      vertex 10.828207252018059 337.33770650821583 3
      vertex 10.95 337.95 3
      vertex 8.218629150101524 339.08137084989846 3
    endloop
  endfacet
  facet normal 0.5555702330196288 0.8314696123025275 0
    outer loop
      vertex 8.218629150101524 336.8186291501015 3
      vertex 8.218629150101524 336.8186291501015 9
      vertex 8.737706508215856 336.4717927479819 3
    endloop
  endfacet
  facet normal 0.19509032201613002 0.9807852804032301 0
    outer loop
      vertex 8.737706508215856 336.4717927479819 3
      vertex 8.737706508215856 336.4717927479819 9
      vertex 9.35 336.34999999999997 3
    endloop
  endfacet
  facet normal 0.8314696123025367 0.5555702330196151 2.4393603344360702e-18
    outer loop
      vertex 8.218629150101524 336.8186291501015 3
      vertex 7.8717927479819405 337.33770650821583 3
      vertex 7.8717927479819405 337.33770650821583 9
    endloop
  endfacet
  facet normal 0.9807852804032315 0.19509032201612295 -6.99458004531974e-20
    outer loop
      vertex 7.8717927479819405 337.33770650821583 3
      vertex 7.75 337.95 3
      vertex 7.75 337.95 9
    endloop
  endfacet
  facet normal 0.9807852804032315 -0.19509032201612295 6.99458004531974e-20
    outer loop
      vertex 7.75 337.95 3
      vertex 7.8717927479819405 338.56229349178415 3
      vertex 7.8717927479819405 338.56229349178415 9
    endloop
  endfacet
  facet normal -0.19509032201613002 0.9807852804032301 0
    outer loop
      vertex 9.35 336.34999999999997 3
      vertex 9.35 336.34999999999997 9
      vertex 9.962293491784143 336.4717927479819 3
    endloop
  endfacet
  facet normal -0.5555702330196288 0.8314696123025275 0
    outer loop
      vertex 9.962293491784143 336.4717927479819 3
      vertex 9.962293491784143 336.4717927479819 9
      vertex 10.481370849898475 336.8186291501015 3
    endloop
  endfacet
  facet normal -0.8314696123025367 0.5555702330196151 0
    outer loop
      vertex 10.481370849898475 336.8186291501015 3
      vertex 10.481370849898475 336.8186291501015 9
      vertex 10.828207252018059 337.33770650821583 3
    endloop
  endfacet
  facet normal 0 0 1
    outer loop
      vertex 8.218629150101524 339.08137084989846 3
      vertex 10.828207252018059 338.56229349178415 3
      vertex 8.737706508215856 339.42820725201807 3
    endloop
  endfacet
  facet normal 0 0 1
    outer loop
      vertex 8.737706508215856 339.42820725201807 3
      vertex 10.481370849898475 339.08137084989846 3
      vertex 9.35 339.55 3
    endloop
  endfacet
  facet normal 0 0 1
    outer loop
      vertex 8.218629150101524 339.08137084989846 3
      vertex 10.95 337.95 3
      vertex 10.828207252018059 338.56229349178415 3
    endloop
  endfacet
  facet normal 0 0 1
    outer loop
      vertex 8.737706508215856 339.42820725201807 3
      vertex 10.828207252018059 338.56229349178415 3
      vertex 10.481370849898475 339.08137084989846 3
    endloop
  endfacet
  facet normal 0 0 1
    outer loop
      vertex 9.35 339.55 3
      vertex 10.481370849898475 339.08137084989846 3
      vertex 9.962293491784143 339.42820725201807 3
    endloop
  endfacet
  facet normal 0.8314696123025367 -0.5555702330196151 -2.4393603344360702e-18
    outer loop
      vertex 7.8717927479819405 338.56229349178415 3
      vertex 8.218629150101524 339.08137084989846 3
      vertex 8.218629150101524 339.08137084989846 9
    endloop
  endfacet
  facet normal 0.5555702330196288 -0.8314696123025275 2.3780451768846175e-18
    outer loop
      vertex 8.218629150101524 339.08137084989846 3
      vertex 8.737706508215856 339.42820725201807 3
      vertex 8.737706508215856 339.42820725201807 9
    endloop
  endfacet
  facet normal -0.6087614290087451 0.7933533402912164 0
    outer loop
      vertex 7.051902961143719 340.24809703885626 3
      vertex 7.051902961143719 340.24809703885626 9
      vertex 7.725 340.76458256229944 3
    endloop
  endfacet
  facet normal -0.3826834323650943 0.9238795325112849 0
    outer loop
      vertex 7.725 340.76458256229944 3
      vertex 7.725 340.76458256229944 9
      vertex 8.508838103416807 341.0892589354395 3
    endloop
  endfacet
  facet normal -0.13052619222001904 0.9914448613738148 0
    outer loop
      vertex 8.508838103416807 341.0892589354395 3
      vertex 8.508838103416807 341.0892589354395 9
      vertex 9.35 341.2 3
    endloop
  endfacet
  facet normal 0.19509032201613002 -0.9807852804032301 -1.197916705114116e-18
    outer loop
      vertex 8.737706508215856 339.42820725201807 3
      vertex 9.35 339.55 3
      vertex 9.35 339.55 9
    endloop
  endfacet
  facet normal -0.19509032201613002 -0.9807852804032301 1.197916705114116e-18
    outer loop
      vertex 9.35 339.55 3
      vertex 9.962293491784143 339.42820725201807 3
      vertex 9.962293491784143 339.42820725201807 9
    endloop
  endfacet
  facet normal -0.8314696123025367 -0.5555702330196151 0
    outer loop
      vertex 10.828207252018059 338.56229349178415 3
      vertex 10.828207252018059 338.56229349178415 9
      vertex 10.481370849898475 339.08137084989846 3
    endloop
  endfacet
  facet normal -0.5555702330196288 -0.8314696123025275 0
    outer loop
      vertex 10.481370849898475 339.08137084989846 3
      vertex 10.481370849898475 339.08137084989846 9
      vertex 9.962293491784143 339.42820725201807 3
    endloop
  endfacet
  facet normal 0.13052619222001904 0.9914448613738148 0
    outer loop
      vertex 9.35 341.2 3
      vertex 9.35 341.2 9
      vertex 10.191161896583193 341.0892589354395 3
    endloop
  endfacet
  facet normal 0.3826834323650943 0.9238795325112849 0
    outer loop
      vertex 10.191161896583193 341.0892589354395 3
      vertex 10.191161896583193 341.0892589354395 9
      vertex 10.975 340.76458256229944 3
    endloop
  endfacet
  facet normal 0 0 1
    outer loop
      vertex 6.1 337.95 3
      vertex 6.210741064560528 338.79116189658316 3
      vertex 3 347 3
    endloop
  endfacet
  facet normal 0 0 1
    outer loop
      vertex 6.210741064560528 338.79116189658316 3
      vertex 6.535417437700574 339.575 3
      vertex 3 347 3
    endloop
  endfacet
  facet normal 0 0 1
    outer loop
      vertex 6.535417437700574 339.575 3
      vertex 7.051902961143719 340.24809703885626 3
      vertex 3 347 3
    endloop
  endfacet
  facet normal 0 0 1
    outer loop
      vertex 7.051902961143719 340.24809703885626 3
      vertex 6.7542857142857144 347 3
      vertex 3 347 3
    endloop
  endfacet
  facet normal 0 0 1
    outer loop
      vertex 7.051902961143719 340.24809703885626 3
      vertex 7.725 340.76458256229944 3
      vertex 6.7542857142857144 347 3
    endloop
  endfacet
  facet normal 0 0 1
    outer loop
      vertex 7.725 340.76458256229944 3
      vertex 8.508838103416807 341.0892589354395 3
      vertex 6.7542857142857144 347 3
    endloop
  endfacet
  facet normal 0 0 1
    outer loop
      vertex 8.508838103416807 341.0892589354395 3
      vertex 9.35 341.2 3
      vertex 6.7542857142857144 347 3
    endloop
  endfacet
  facet normal 0 0 1
    outer loop
      vertex 9.35 341.2 3
      vertex 10.191161896583193 341.0892589354395 3
      vertex 6.7542857142857144 347 3
    endloop
  endfacet
  facet normal 0 0 1
    outer loop
      vertex 10.191161896583193 341.0892589354395 3
      vertex 10.975 340.76458256229944 3
      vertex 6.7542857142857144 347 3
    endloop
  endfacet
  facet normal 0 0 1
    outer loop
      vertex 6.7542857142857144 347 3
      vertex 10.975 340.76458256229944 3
      vertex 11.64809703885628 340.24809703885626 3
    endloop
  endfacet
  facet normal 1 0 0
    outer loop
      vertex 3 347 3
      vertex 3 347 9
      vertex 3 335.19221967963387 9
    endloop
  endfacet
  facet normal -0.7933533402912313 -0.6087614290087254 0
    outer loop
      vertex 7.051902961143719 335.6519029611437 3
      vertex 7.051902961143719 335.6519029611437 9
      vertex 6.535417437700574 336.325 9
    endloop
  endfacet
  facet normal -0.9238795325112901 -0.38268343236508173 0
    outer loop
      vertex 6.535417437700574 336.325 3
      vertex 6.535417437700574 336.325 9
      vertex 6.210741064560528 337.1088381034168 9
    endloop
  endfacet
  facet normal -0.9914448613738099 0.13052619222005493 0
    outer loop
      vertex 6.1 337.95 3
      vertex 6.1 337.95 9
      vertex 6.210741064560528 338.79116189658316 9
    endloop
  endfacet
  facet normal -0.9914448613738099 -0.13052619222005493 0
    outer loop
      vertex 6.210741064560528 337.1088381034168 3
      vertex 6.210741064560528 337.1088381034168 9
      vertex 6.1 337.95 9
    endloop
  endfacet
  facet normal -0.9238795325112901 0.38268343236508173 0
    outer loop
      vertex 6.210741064560528 338.79116189658316 3
      vertex 6.210741064560528 338.79116189658316 9
      vertex 6.535417437700574 339.575 9
    endloop
  endfacet
  facet normal -0.7933533402912313 0.6087614290087254 0
    outer loop
      vertex 6.535417437700574 339.575 3
      vertex 6.535417437700574 339.575 9
      vertex 7.051902961143719 340.24809703885626 9
    endloop
  endfacet
  facet normal 0.8314696123025367 0.5555702330196151 0
    outer loop
      vertex 8.218629150101524 336.8186291501015 3
      vertex 7.8717927479819405 337.33770650821583 9
      vertex 8.218629150101524 336.8186291501015 9
    endloop
  endfacet
  facet normal 0.5555702330196288 0.8314696123025275 0
    outer loop
      vertex 8.737706508215856 336.4717927479819 3
      vertex 8.218629150101524 336.8186291501015 9
      vertex 8.737706508215856 336.4717927479819 9
    endloop
  endfacet
  facet normal 0.9807852804032315 0.19509032201612295 0
    outer loop
      vertex 7.8717927479819405 337.33770650821583 3
      vertex 7.75 337.95 9
      vertex 7.8717927479819405 337.33770650821583 9
    endloop
  endfacet
  facet normal 0.9807852804032315 -0.19509032201612295 0
    outer loop
      vertex 7.75 337.95 3
      vertex 7.8717927479819405 338.56229349178415 9
      vertex 7.75 337.95 9
    endloop
  endfacet
  facet normal 0.19509032201613002 0.9807852804032301 0
    outer loop
      vertex 9.35 336.34999999999997 3
      vertex 8.737706508215856 336.4717927479819 9
      vertex 9.35 336.34999999999997 9
    endloop
  endfacet
  facet normal -0.19509032201613002 0.9807852804032301 0
    outer loop
      vertex 9.962293491784143 336.4717927479819 3
      vertex 9.35 336.34999999999997 9
      vertex 9.962293491784143 336.4717927479819 9
    endloop
  endfacet
  facet normal -0.5555702330196288 0.8314696123025275 0
    outer loop
      vertex 10.481370849898475 336.8186291501015 3
      vertex 9.962293491784143 336.4717927479819 9
      vertex 10.481370849898475 336.8186291501015 9
    endloop
  endfacet
  facet normal -0.8314696123025367 0.5555702330196151 0
    outer loop
      vertex 10.828207252018059 337.33770650821583 3
      vertex 10.481370849898475 336.8186291501015 9
      vertex 10.828207252018059 337.33770650821583 9
    endloop
  endfacet
  facet normal 0.8314696123025367 -0.5555702330196151 0
    outer loop
      vertex 7.8717927479819405 338.56229349178415 3
      vertex 8.218629150101524 339.08137084989846 9
      vertex 7.8717927479819405 338.56229349178415 9
    endloop
  endfacet
  facet normal 0.5555702330196288 -0.8314696123025275 0
    outer loop
      vertex 8.218629150101524 339.08137084989846 3
      vertex 8.737706508215856 339.42820725201807 9
      vertex 8.218629150101524 339.08137084989846 9
    endloop
  endfacet
  facet normal 0.19509032201613002 -0.9807852804032301 0
    outer loop
      vertex 8.737706508215856 339.42820725201807 3
      vertex 9.35 339.55 9
      vertex 8.737706508215856 339.42820725201807 9
    endloop
  endfacet
  facet normal -0.6087614290087451 0.7933533402912164 0
    outer loop
      vertex 7.725 340.76458256229944 3
      vertex 7.051902961143719 340.24809703885626 9
      vertex 7.725 340.76458256229944 9
    endloop
  endfacet
  facet normal -0.3826834323650943 0.9238795325112849 0
    outer loop
      vertex 8.508838103416807 341.0892589354395 3
      vertex 7.725 340.76458256229944 9
      vertex 8.508838103416807 341.0892589354395 9
    endloop
  endfacet
  facet normal -0.19509032201613002 -0.9807852804032301 0
    outer loop
      vertex 9.35 339.55 3
      vertex 9.962293491784143 339.42820725201807 9
      vertex 9.35 339.55 9
    endloop
  endfacet
  facet normal -0.8314696123025367 -0.5555702330196151 0
    outer loop
      vertex 10.481370849898475 339.08137084989846 3
      vertex 10.828207252018059 338.56229349178415 9
      vertex 10.481370849898475 339.08137084989846 9
    endloop
  endfacet
  facet normal -0.5555702330196288 -0.8314696123025275 0
    outer loop
      vertex 9.962293491784143 339.42820725201807 3
      vertex 10.481370849898475 339.08137084989846 9
      vertex 9.962293491784143 339.42820725201807 9
    endloop
  endfacet
  facet normal -0.13052619222001904 0.9914448613738148 0
    outer loop
      vertex 9.35 341.2 3
      vertex 8.508838103416807 341.0892589354395 9
      vertex 9.35 341.2 9
    endloop
  endfacet
  facet normal 0.13052619222001904 0.9914448613738148 0
    outer loop
      vertex 10.191161896583193 341.0892589354395 3
      vertex 9.35 341.2 9
      vertex 10.191161896583193 341.0892589354395 9
    endloop
  endfacet
  facet normal 0.3826834323650943 0.9238795325112849 0
    outer loop
      vertex 10.975 340.76458256229944 3
      vertex 10.191161896583193 341.0892589354395 9
      vertex 10.975 340.76458256229944 9
    endloop
  endfacet
  facet normal -1 0 0
    outer loop
      vertex 0 350 0
      vertex 0 347.05019205734396 2.974715931920091
      vertex 0 350 3
    endloop
  endfacet
  facet normal 0.6087614290087451 -0.7933533402912164 5.442560884716338e-18
    outer loop
      vertex 10.975 335.13541743770054 3
      vertex 11.64809703885628 335.6519029611437 3
      vertex 11.64809703885628 335.6519029611437 9
    endloop
  endfacet
  facet normal 0.6087614290087451 -0.7933533402912164 0
    outer loop
      vertex 10.975 335.13541743770054 3
      vertex 11.64809703885628 335.6519029611437 9
      vertex 10.975 335.13541743770054 9
    endloop
  endfacet
  facet normal 0.793353340291231 -0.6087614290087262 0
    outer loop
      vertex 11.64809703885628 335.6519029611437 3
      vertex 12.164582562299426 336.325 3
      vertex 11.64809703885628 335.6519029611437 9
    endloop
  endfacet
  facet normal 0.9238795325112904 -0.3826834323650808 0
    outer loop
      vertex 12.164582562299426 336.325 3
      vertex 12.489258935439471 337.1088381034168 3
      vertex 12.164582562299426 336.325 9
    endloop
  endfacet
  facet normal -0.9807852804032315 0.19509032201612295 0
    outer loop
      vertex 10.828207252018059 337.33770650821583 3
      vertex 10.828207252018059 337.33770650821583 9
      vertex 10.95 337.95 3
    endloop
  endfacet
  facet normal -0.9807852804032315 -0.19509032201612295 -6.99458004531974e-20
    outer loop
      vertex 10.828207252018059 338.56229349178415 3
      vertex 10.95 337.95 3
      vertex 10.95 337.95 9
    endloop
  endfacet
  facet normal 0.9914448613738099 -0.13052619222005493 0
    outer loop
      vertex 12.489258935439471 337.1088381034168 3
      vertex 12.6 337.95 3
      vertex 12.489258935439471 337.1088381034168 9
    endloop
  endfacet
  facet normal 0.9914448613738099 0.13052619222005493 0
    outer loop
      vertex 12.6 337.95 3
      vertex 12.489258935439471 338.79116189658316 3
      vertex 12.6 337.95 9
    endloop
  endfacet
  facet normal 0.9238795325112904 0.3826834323650808 0
    outer loop
      vertex 12.489258935439471 338.79116189658316 3
      vertex 12.164582562299426 339.575 3
      vertex 12.489258935439471 338.79116189658316 9
    endloop
  endfacet
  facet normal 0.793353340291231 0.6087614290087262 0
    outer loop
      vertex 12.164582562299426 339.575 3
      vertex 11.64809703885628 340.24809703885626 3
      vertex 12.164582562299426 339.575 9
    endloop
  endfacet
  facet normal 0.6087614290087451 0.7933533402912164 -5.442560884716338e-18
    outer loop
      vertex 11.64809703885628 340.24809703885626 3
      vertex 10.975 340.76458256229944 3
      vertex 10.975 340.76458256229944 9
    endloop
  endfacet
  facet normal 0.793353340291231 -0.6087614290087262 0
    outer loop
      vertex 12.164582562299426 336.325 3
      vertex 12.164582562299426 336.325 9
      vertex 11.64809703885628 335.6519029611437 9
    endloop
  endfacet
  facet normal 0.9238795325112904 -0.3826834323650808 0
    outer loop
      vertex 12.489258935439471 337.1088381034168 3
      vertex 12.489258935439471 337.1088381034168 9
      vertex 12.164582562299426 336.325 9
    endloop
  endfacet
  facet normal -0.9807852804032315 0.19509032201612295 0
    outer loop
      vertex 10.95 337.95 3
      vertex 10.828207252018059 337.33770650821583 9
      vertex 10.95 337.95 9
    endloop
  endfacet
  facet normal -0.9807852804032315 -0.19509032201612295 0
    outer loop
      vertex 10.828207252018059 338.56229349178415 3
      vertex 10.95 337.95 9
      vertex 10.828207252018059 338.56229349178415 9
    endloop
  endfacet
  facet normal 0.9914448613738099 -0.13052619222005493 0
    outer loop
      vertex 12.6 337.95 3
      vertex 12.6 337.95 9
      vertex 12.489258935439471 337.1088381034168 9
    endloop
  endfacet
  facet normal 0.9914448613738099 0.13052619222005493 0
    outer loop
      vertex 12.489258935439471 338.79116189658316 3
      vertex 12.489258935439471 338.79116189658316 9
      vertex 12.6 337.95 9
    endloop
  endfacet
  facet normal 0.9238795325112904 0.3826834323650808 0
    outer loop
      vertex 12.164582562299426 339.575 3
      vertex 12.164582562299426 339.575 9
      vertex 12.489258935439471 338.79116189658316 9
    endloop
  endfacet
  facet normal 0.6087614290087451 0.7933533402912164 0
    outer loop
      vertex 11.64809703885628 340.24809703885626 3
      vertex 10.975 340.76458256229944 9
      vertex 11.64809703885628 340.24809703885626 9
    endloop
  endfacet
  facet normal 0.793353340291231 0.6087614290087262 0
    outer loop
      vertex 11.64809703885628 340.24809703885626 3
      vertex 11.64809703885628 340.24809703885626 9
      vertex 12.164582562299426 339.575 9
    endloop
  endfacet
  facet normal 0 1 0
    outer loop
      vertex 0 350 3
      vertex 3 350 3
      vertex 51.46205021943546 350 1.4986973290137715
    endloop
  endfacet
  facet normal 0 1 0
    outer loop
      vertex 0 350 0
      vertex 0 350 3
      vertex 99.84 350 0
    endloop
  endfacet
  facet normal 0 -1 0
    outer loop
      vertex 3 347 3
      vertex 6.7542857142857144 347 3
      vertex 92.18 347 9
    endloop
  endfacet
  facet normal 0 -1 0
    outer loop
      vertex 3 347 3
      vertex 92.18 347 9
      vertex 3 347 9
    endloop
  endfacet
  facet normal -1 0 0
    outer loop
      vertex 0 347.05019205734396 2.974715931920091
      vertex 0 350 89.65638116846286
      vertex 0 350 3
    endloop
  endfacet
  facet normal 0 0 1
    outer loop
      vertex 6.7542857142857144 347 3
      vertex 131.61074106456053 259.63883810341684 3
      vertex 131.5 260.48 3
    endloop
  endfacet
  facet normal 0 0 1
    outer loop
      vertex 6.7542857142857144 347 3
      vertex 132.45190296114373 258.18190296114375 3
      vertex 131.93541743770058 258.855 3
    endloop
  endfacet
  facet normal 0 0 1
    outer loop
      vertex 6.7542857142857144 347 3
      vertex 131.93541743770058 258.855 3
      vertex 131.61074106456053 259.63883810341684 3
    endloop
  endfacet
  facet normal 0 0 -1
    outer loop
      vertex 0 350 0
      vertex 99.84 350 0
      vertex 34.52841475573292 347.2333000997009 0
    endloop
  endfacet
  facet normal 0 1 0
    outer loop
      vertex 0 350 3
      vertex 51.46205021943546 350 1.4986973290137715
      vertex 99.84 350 0
    endloop
  endfacet
  facet normal 0 1 0
    outer loop
      vertex 3 350 3
      vertex 92.18 350 3
      vertex 51.46205021943546 350 1.4986973290137715
    endloop
  endfacet
  facet normal 0 1 0
    outer loop
      vertex 3 350 3
      vertex 76.125 350 10.6
      vertex 92.18 350 3
    endloop
  endfacet
  facet normal 0 -1 0
    outer loop
      vertex 6.7542857142857144 347 3
      vertex 92.18 347 3
      vertex 92.18 347 9
    endloop
  endfacet
  facet normal 0 0 1
    outer loop
      vertex 6.7542857142857144 347 3
      vertex 131.5 260.48 3
      vertex 92.18 347 3
    endloop
  endfacet
  facet normal 0 0 -1
    outer loop
      vertex 34.52841475573292 347.2333000997009 0
      vertex 99.84 347 0
      vertex 99.84 342 0
    endloop
  endfacet
  facet normal 0 0 -1
    outer loop
      vertex 34.52841475573292 347.2333000997009 0
      vertex 99.84 350 0
      vertex 99.84 349.9426185219721 0
    endloop
  endfacet
  facet normal 0 0 -1
    outer loop
      vertex 34.52841475573292 347.2333000997009 0
      vertex 105.84 347 0
      vertex 99.84 347 0
    endloop
  endfacet
  facet normal 0 0 -1
    outer loop
      vertex 34.52841475573292 347.2333000997009 0
      vertex 99.84 349.9426185219721 0
      vertex 109.88103344682555 347.74243941518125 0
    endloop
  endfacet
  facet normal 0 1 0
    outer loop
      vertex 51.46205021943546 350 1.4986973290137715
      vertex 92.18 350 3
      vertex 99.84 350 3
    endloop
  endfacet
  facet normal 0 0 -1
    outer loop
      vertex 34.52841475573292 347.2333000997009 0
      vertex 109.88103344682555 347.74243941518125 0
      vertex 105.84 347 0
    endloop
  endfacet
  facet normal 0 1 0
    outer loop
      vertex 51.46205021943546 350 1.4986973290137715
      vertex 99.84 350 2.8973282101688858
      vertex 99.84 350 0
    endloop
  endfacet
  facet normal 0 1 0
    outer loop
      vertex 51.46205021943546 350 1.4986973290137715
      vertex 99.84 350 3
      vertex 99.84 350 2.8973282101688858
    endloop
  endfacet
  facet normal 0 0 1
    outer loop
      vertex 76.125 350 10.6
      vertex 76.125 347 10.6
      vertex 92.18 350 10.6
    endloop
  endfacet
  facet normal 1 0 0
    outer loop
      vertex 99.84 342 0
      vertex 99.84 347 0
      vertex 99.84 342 3
    endloop
  endfacet
  facet normal 1 0 0
    outer loop
      vertex 99.84 342 3
      vertex 99.84 347 0
      vertex 99.84 347 3
    endloop
  endfacet
  facet normal 0 0 1
    outer loop
      vertex 99.84 342 3
      vertex 99.84 347 3
      vertex 92.18 347 3
    endloop
  endfacet
  facet normal 1 0 0
    outer loop
      vertex 92.18 347 3
      vertex 92.18 350 3
      vertex 92.18 347 9
    endloop
  endfacet
  facet normal 0 0 1
    outer loop
      vertex 92.18 347 3
      vertex 99.84 347 3
      vertex 92.18 350 3
    endloop
  endfacet
  facet normal 0 0 1
    outer loop
      vertex 92.18 350 3
      vertex 99.84 347 3
      vertex 99.84 350 3
    endloop
  endfacet
  facet normal 0 1 0
    outer loop
      vertex 76.125 350 10.6
      vertex 92.18 350 10.6
      vertex 92.18 350 3
    endloop
  endfacet
  facet normal 1 0 0
    outer loop
      vertex 92.18 350 3
      vertex 92.18 347 10.6
      vertex 92.18 347 9
    endloop
  endfacet
  facet normal 1 0 0
    outer loop
      vertex 92.18 350 3
      vertex 92.18 350 10.6
      vertex 92.18 347 10.6
    endloop
  endfacet
  facet normal 0 0 1
    outer loop
      vertex 92.18 350 10.6
      vertex 76.125 347 10.6
      vertex 92.18 347 10.6
    endloop
  endfacet
  facet normal 0 1 0
    outer loop
      vertex 3 350 3
      vertex 76.125 350 55.1
      vertex 76.125 350 10.6
    endloop
  endfacet
  facet normal 0 -1 0
    outer loop
      vertex 76.125 347 55.1
      vertex 3 347 10.6
      vertex 76.125 347 10.6
    endloop
  endfacet
  facet normal 1 0 0
    outer loop
      vertex 76.125 350 10.6
      vertex 76.125 347 55.1
      vertex 76.125 347 10.6
    endloop
  endfacet
  facet normal 1 0 0
    outer loop
      vertex 76.125 350 10.6
      vertex 76.125 350 55.1
      vertex 76.125 347 55.1
    endloop
  endfacet
  facet normal 0 1 0
    outer loop
      vertex 0 350 3
      vertex 3 350 177.8
      vertex 3 350 3
    endloop
  endfacet
  facet normal 0 1 0
    outer loop
      vertex 3 350 3
      vertex 3 350 177.8
      vertex 76.125 350 55.1
    endloop
  endfacet
  facet normal 0 -1 0
    outer loop
      vertex 76.125 347 55.1
      vertex 84.33000000000001 347 127.52775681356646
      vertex 3 347 10.6
    endloop
  endfacet
  facet normal 0 0 -1
    outer loop
      vertex 76.125 347 55.1
      vertex 76.125 350 55.1
      vertex 92.18 347 55.1
    endloop
  endfacet
  facet normal 0 0 -1
    outer loop
      vertex 76.125 350 55.1
      vertex 92.18 350 55.1
      vertex 92.18 347 55.1
    endloop
  endfacet
  facet normal 0 -1 0
    outer loop
      vertex 84.33000000000001 347 127.52775681356646
      vertex 83.70775681356646 347 128.15
      vertex 3 347 10.6
    endloop
  endfacet
  facet normal 0 1 0
    outer loop
      vertex 76.125 350 55.1
      vertex 80.18 350 123
      vertex 92.18 350 55.1
    endloop
  endfacet
  facet normal 0 -1 0
    outer loop
      vertex 76.125 347 55.1
      vertex 92.18 347 55.1
      vertex 85.18 347 127.3
    endloop
  endfacet
  facet normal 1 0 0
    outer loop
      vertex 92.18 347 55.1
      vertex 92.18 350 55.1
      vertex 92.18 347 124
    endloop
  endfacet
  facet normal 0 0 1
    outer loop
      vertex 12.6 260.48 3
      vertex 441 3 3
      vertex 12.6 337.95 3
    endloop
  endfacet
  facet normal 0 0 1
    outer loop
      vertex 6.7542857142857144 347 3
      vertex 11.64809703885628 340.24809703885626 3
      vertex 441 3 3
    endloop
  endfacet
  facet normal 0 0 1
    outer loop
      vertex 12.164582562299426 339.575 3
      vertex 441 3 3
      vertex 11.64809703885628 340.24809703885626 3
    endloop
  endfacet
  facet normal 0 0 1
    outer loop
      vertex 12.6 337.95 3
      vertex 441 3 3
      vertex 12.489258935439471 338.79116189658316 3
    endloop
  endfacet
  facet normal 0 0 1
    outer loop
      vertex 12.489258935439471 338.79116189658316 3
      vertex 441 3 3
      vertex 12.164582562299426 339.575 3
    endloop
  endfacet
  facet normal -0.13052619222001766 -0.9914448613738149 0
    outer loop
      vertex 134.75 257.23 3
      vertex 134.75 257.23 9
      vertex 133.9088381034168 257.3407410645605 3
    endloop
  endfacet
  facet normal 0.13052619222001766 -0.9914448613738149 -3.0279886357046047e-19
    outer loop
      vertex 134.75 257.23 3
      vertex 135.5911618965832 257.3407410645605 3
      vertex 135.5911618965832 257.3407410645605 9
    endloop
  endfacet
  facet normal -0.13052619222001766 -0.9914448613738149 0
    outer loop
      vertex 133.9088381034168 257.3407410645605 3
      vertex 134.75 257.23 9
      vertex 133.9088381034168 257.3407410645605 9
    endloop
  endfacet
  facet normal 0.13052619222001766 -0.9914448613738149 0
    outer loop
      vertex 134.75 257.23 3
      vertex 135.5911618965832 257.3407410645605 9
      vertex 134.75 257.23 9
    endloop
  endfacet
  facet normal 0 0 1
    outer loop
      vertex 133.61862915010153 259.34862915010154 3
      vertex 134.13770650821584 259.00179274798194 3
      vertex 134.75 258.88 3
    endloop
  endfacet
  facet normal 0 0 1
    outer loop
      vertex 133.27179274798195 259.86770650821586 3
      vertex 133.61862915010153 259.34862915010154 3
      vertex 135.88137084989847 259.34862915010154 3
    endloop
  endfacet
  facet normal 0 0 1
    outer loop
      vertex 133.27179274798195 259.86770650821586 3
      vertex 135.88137084989847 259.34862915010154 3
      vertex 133.15 260.48 3
    endloop
  endfacet
  facet normal 0 0 1
    outer loop
      vertex 133.61862915010153 259.34862915010154 3
      vertex 134.75 258.88 3
      vertex 135.36229349178416 259.00179274798194 3
    endloop
  endfacet
  facet normal 0 0 1
    outer loop
      vertex 133.61862915010153 259.34862915010154 3
      vertex 135.36229349178416 259.00179274798194 3
      vertex 135.88137084989847 259.34862915010154 3
    endloop
  endfacet
  facet normal -0.7933533402912278 -0.6087614290087301 3.182098403644553e-18
    outer loop
      vertex 132.45190296114373 258.18190296114375 3
      vertex 131.93541743770058 258.855 9
      vertex 131.93541743770058 258.855 3
    endloop
  endfacet
  facet normal -0.6087614290087512 -0.7933533402912116 -3.640863312336451e-18
    outer loop
      vertex 132.45190296114373 258.18190296114375 3
      vertex 133.125 257.66541743770057 3
      vertex 133.125 257.66541743770057 9
    endloop
  endfacet
  facet normal -0.9238795325112883 -0.38268343236508623 -1.671183282528558e-18
    outer loop
      vertex 131.93541743770058 258.855 3
      vertex 131.61074106456053 259.63883810341684 9
      vertex 131.61074106456053 259.63883810341684 3
    endloop
  endfacet
  facet normal 0.8314696123025406 0.5555702330196092 0
    outer loop
      vertex 133.27179274798195 259.86770650821586 3
      vertex 133.27179274798195 259.86770650821586 9
      vertex 133.61862915010153 259.34862915010154 3
    endloop
  endfacet
  facet normal -0.38268343236509805 -0.9238795325112834 8.83846084085481e-19
    outer loop
      vertex 133.125 257.66541743770057 3
      vertex 133.9088381034168 257.3407410645605 3
      vertex 133.9088381034168 257.3407410645605 9
    endloop
  endfacet
  facet normal 0.5555702330196407 0.8314696123025196 0
    outer loop
      vertex 133.61862915010153 259.34862915010154 3
      vertex 133.61862915010153 259.34862915010154 9
      vertex 134.13770650821584 259.00179274798194 3
    endloop
  endfacet
  facet normal 0.19509032201612567 0.980785280403231 0
    outer loop
      vertex 134.13770650821584 259.00179274798194 3
      vertex 134.13770650821584 259.00179274798194 9
      vertex 134.75 258.88 3
    endloop
  endfacet
  facet normal -0.19509032201612567 0.980785280403231 0
    outer loop
      vertex 134.75 258.88 3
      vertex 134.75 258.88 9
      vertex 135.36229349178416 259.00179274798194 3
    endloop
  endfacet
  facet normal 0 0 1
    outer loop
      vertex 133.15 260.48 3
      vertex 135.88137084989847 259.34862915010154 3
      vertex 133.27179274798195 261.0922934917842 3
    endloop
  endfacet
  facet normal 0 0 1
    outer loop
      vertex 133.27179274798195 261.0922934917842 3
      vertex 135.88137084989847 259.34862915010154 3
      vertex 133.61862915010153 261.6113708498985 3
    endloop
  endfacet
  facet normal 0 0 1
    outer loop
      vertex 133.61862915010153 261.6113708498985 3
      vertex 135.88137084989847 259.34862915010154 3
      vertex 134.13770650821584 261.9582072520181 3
    endloop
  endfacet
  facet normal 0 0 1
    outer loop
      vertex 134.13770650821584 261.9582072520181 3
      vertex 136.22820725201805 259.86770650821586 3
      vertex 134.75 262.08000000000004 3
    endloop
  endfacet
  facet normal -0.9914448613738099 -0.13052619222005493 0
    outer loop
      vertex 131.5 260.48 3
      vertex 131.61074106456053 259.63883810341684 3
      vertex 131.5 260.48 9
    endloop
  endfacet
  facet normal -0.9914448613738099 0.13052619222005493 -5.703374308825044e-19
    outer loop
      vertex 131.5 260.48 3
      vertex 131.61074106456053 261.3211618965832 9
      vertex 131.61074106456053 261.3211618965832 3
    endloop
  endfacet
  facet normal 0.980785280403231 0.19509032201612567 -1.4539956525362302e-18
    outer loop
      vertex 133.27179274798195 259.86770650821586 3
      vertex 133.15 260.48 3
      vertex 133.15 260.48 9
    endloop
  endfacet
  facet normal 0.980785280403231 -0.19509032201612567 1.4539956525362302e-18
    outer loop
      vertex 133.15 260.48 3
      vertex 133.27179274798195 261.0922934917842 3
      vertex 133.27179274798195 261.0922934917842 9
    endloop
  endfacet
  facet normal -0.9238795325112883 0.38268343236508623 1.671183282528558e-18
    outer loop
      vertex 131.61074106456053 261.3211618965832 3
      vertex 131.93541743770058 262.105 9
      vertex 131.93541743770058 262.105 3
    endloop
  endfacet
  facet normal -0.7933533402912278 0.6087614290087301 -3.182098403644553e-18
    outer loop
      vertex 131.93541743770058 262.105 3
      vertex 132.45190296114373 262.7780970388563 9
      vertex 132.45190296114373 262.7780970388563 3
    endloop
  endfacet
  facet normal 0.8314696123025406 -0.5555702330196092 5.887240550333412e-20
    outer loop
      vertex 133.27179274798195 261.0922934917842 3
      vertex 133.61862915010153 261.6113708498985 3
      vertex 133.61862915010153 261.6113708498985 9
    endloop
  endfacet
  facet normal 0.5555702330196407 -0.8314696123025196 -3.3851475538603216e-18
    outer loop
      vertex 133.61862915010153 261.6113708498985 3
      vertex 134.13770650821584 261.9582072520181 3
      vertex 134.13770650821584 261.9582072520181 9
    endloop
  endfacet
  facet normal 0.19509032201612567 -0.980785280403231 1.4539956525362302e-18
    outer loop
      vertex 134.13770650821584 261.9582072520181 3
      vertex 134.75 262.08000000000004 3
      vertex 134.75 262.08000000000004 9
    endloop
  endfacet
  facet normal -0.19509032201612567 -0.980785280403231 -1.4539956525362302e-18
    outer loop
      vertex 134.75 262.08000000000004 3
      vertex 135.36229349178416 261.9582072520181 3
      vertex 135.36229349178416 261.9582072520181 9
    endloop
  endfacet
  facet normal 0.38268343236509805 -0.9238795325112834 -8.83846084085481e-19
    outer loop
      vertex 135.5911618965832 257.3407410645605 3
      vertex 136.375 257.66541743770057 3
      vertex 136.375 257.66541743770057 9
    endloop
  endfacet
  facet normal 0.6087614290087512 -0.7933533402912116 3.640863312336451e-18
    outer loop
      vertex 136.375 257.66541743770057 3
      vertex 137.04809703885627 258.18190296114375 3
      vertex 137.04809703885627 258.18190296114375 9
    endloop
  endfacet
  facet normal -0.5555702330196407 0.8314696123025196 0
    outer loop
      vertex 135.36229349178416 259.00179274798194 3
      vertex 135.36229349178416 259.00179274798194 9
      vertex 135.88137084989847 259.34862915010154 3
    endloop
  endfacet
  facet normal -0.8314696123025406 0.5555702330196092 0
    outer loop
      vertex 135.88137084989847 259.34862915010154 3
      vertex 135.88137084989847 259.34862915010154 9
      vertex 136.22820725201805 259.86770650821586 3
    endloop
  endfacet
  facet normal -0.980785280403231 0.19509032201612567 0
    outer loop
      vertex 136.22820725201805 259.86770650821586 3
      vertex 136.22820725201805 259.86770650821586 9
      vertex 136.35 260.48 3
    endloop
  endfacet
  facet normal 0.7933533402912278 -0.6087614290087301 0
    outer loop
      vertex 137.04809703885627 258.18190296114375 3
      vertex 137.56458256229942 258.855 3
      vertex 137.04809703885627 258.18190296114375 9
    endloop
  endfacet
  facet normal 0.9238795325112883 -0.38268343236508623 0
    outer loop
      vertex 137.56458256229942 258.855 3
      vertex 137.88925893543947 259.63883810341684 3
      vertex 137.56458256229942 258.855 9
    endloop
  endfacet
  facet normal 0.9914448613738099 -0.13052619222005493 0
    outer loop
      vertex 137.88925893543947 259.63883810341684 3
      vertex 138 260.48 3
      vertex 137.88925893543947 259.63883810341684 9
    endloop
  endfacet
  facet normal 0 0 1
    outer loop
      vertex 134.13770650821584 261.9582072520181 3
      vertex 135.88137084989847 259.34862915010154 3
      vertex 136.22820725201805 259.86770650821586 3
    endloop
  endfacet
  facet normal 0 0 1
    outer loop
      vertex 136.22820725201805 259.86770650821586 3
      vertex 136.35 260.48 3
      vertex 135.88137084989847 261.6113708498985 3
    endloop
  endfacet
  facet normal 0 0 1
    outer loop
      vertex 134.75 262.08000000000004 3
      vertex 136.22820725201805 259.86770650821586 3
      vertex 135.36229349178416 261.9582072520181 3
    endloop
  endfacet
  facet normal 0 0 1
    outer loop
      vertex 136.22820725201805 259.86770650821586 3
      vertex 135.88137084989847 261.6113708498985 3
      vertex 135.36229349178416 261.9582072520181 3
    endloop
  endfacet
  facet normal 0 0 1
    outer loop
      vertex 136.35 260.48 3
      vertex 136.22820725201805 261.0922934917842 3
      vertex 135.88137084989847 261.6113708498985 3
    endloop
  endfacet
  facet normal -0.8314696123025406 -0.5555702330196092 0
    outer loop
      vertex 136.22820725201805 261.0922934917842 3
      vertex 136.22820725201805 261.0922934917842 9
      vertex 135.88137084989847 261.6113708498985 3
    endloop
  endfacet
  facet normal -0.980785280403231 -0.19509032201612567 0
    outer loop
      vertex 136.35 260.48 3
      vertex 136.35 260.48 9
      vertex 136.22820725201805 261.0922934917842 3
    endloop
  endfacet
  facet normal -0.5555702330196407 -0.8314696123025196 3.3851475538603216e-18
    outer loop
      vertex 135.36229349178416 261.9582072520181 3
      vertex 135.88137084989847 261.6113708498985 3
      vertex 135.88137084989847 261.6113708498985 9
    endloop
  endfacet
  facet normal 0.9914448613738099 0.13052619222005493 0
    outer loop
      vertex 138 260.48 3
      vertex 137.88925893543947 261.3211618965832 3
      vertex 138 260.48 9
    endloop
  endfacet
  facet normal 0.9238795325112883 0.38268343236508623 0
    outer loop
      vertex 137.88925893543947 261.3211618965832 3
      vertex 137.56458256229942 262.105 3
      vertex 137.88925893543947 261.3211618965832 9
    endloop
  endfacet
  facet normal 0.7933533402912278 0.6087614290087301 3.182098403644553e-18
    outer loop
      vertex 137.04809703885627 262.7780970388563 3
      vertex 137.56458256229942 262.105 9
      vertex 137.56458256229942 262.105 3
    endloop
  endfacet
  facet normal -0.6087614290087512 0.7933533402912116 0
    outer loop
      vertex 132.45190296114373 262.7780970388563 3
      vertex 132.45190296114373 262.7780970388563 9
      vertex 133.125 263.29458256229947 3
    endloop
  endfacet
  facet normal -0.38268343236509805 0.9238795325112834 0
    outer loop
      vertex 133.125 263.29458256229947 3
      vertex 133.125 263.29458256229947 9
      vertex 133.9088381034168 263.6192589354395 3
    endloop
  endfacet
  facet normal -0.13052619222001766 0.9914448613738149 0
    outer loop
      vertex 133.9088381034168 263.6192589354395 3
      vertex 133.9088381034168 263.6192589354395 9
      vertex 134.75 263.73 3
    endloop
  endfacet
  facet normal 0.13052619222001766 0.9914448613738149 0
    outer loop
      vertex 134.75 263.73 3
      vertex 134.75 263.73 9
      vertex 135.5911618965832 263.6192589354395 3
    endloop
  endfacet
  facet normal 0.38268343236509805 0.9238795325112834 0
    outer loop
      vertex 135.5911618965832 263.6192589354395 3
      vertex 135.5911618965832 263.6192589354395 9
      vertex 136.375 263.29458256229947 3
    endloop
  endfacet
  facet normal 0.6087614290087512 0.7933533402912116 -3.640863312336451e-18
    outer loop
      vertex 137.04809703885627 262.7780970388563 3
      vertex 136.375 263.29458256229947 3
      vertex 136.375 263.29458256229947 9
    endloop
  endfacet
  facet normal -0.7933533402912278 -0.6087614290087301 0
    outer loop
      vertex 132.45190296114373 258.18190296114375 3
      vertex 132.45190296114373 258.18190296114375 9
      vertex 131.93541743770058 258.855 9
    endloop
  endfacet
  facet normal -0.6087614290087512 -0.7933533402912116 0
    outer loop
      vertex 132.45190296114373 258.18190296114375 3
      vertex 133.125 257.66541743770057 9
      vertex 132.45190296114373 258.18190296114375 9
    endloop
  endfacet
  facet normal -0.38268343236509805 -0.9238795325112834 0
    outer loop
      vertex 133.125 257.66541743770057 3
      vertex 133.9088381034168 257.3407410645605 9
      vertex 133.125 257.66541743770057 9
    endloop
  endfacet
  facet normal -0.9238795325112883 -0.38268343236508623 0
    outer loop
      vertex 131.93541743770058 258.855 3
      vertex 131.93541743770058 258.855 9
      vertex 131.61074106456053 259.63883810341684 9
    endloop
  endfacet
  facet normal -0.9914448613738099 -0.13052619222005493 0
    outer loop
      vertex 131.61074106456053 259.63883810341684 3
      vertex 131.61074106456053 259.63883810341684 9
      vertex 131.5 260.48 9
    endloop
  endfacet
  facet normal 0.980785280403231 0.19509032201612567 0
    outer loop
      vertex 133.27179274798195 259.86770650821586 3
      vertex 133.15 260.48 9
      vertex 133.27179274798195 259.86770650821586 9
    endloop
  endfacet
  facet normal 0.5555702330196407 0.8314696123025196 0
    outer loop
      vertex 134.13770650821584 259.00179274798194 3
      vertex 133.61862915010153 259.34862915010154 9
      vertex 134.13770650821584 259.00179274798194 9
    endloop
  endfacet
  facet normal 0.8314696123025406 0.5555702330196092 0
    outer loop
      vertex 133.61862915010153 259.34862915010154 3
      vertex 133.27179274798195 259.86770650821586 9
      vertex 133.61862915010153 259.34862915010154 9
    endloop
  endfacet
  facet normal 0.19509032201612567 0.980785280403231 0
    outer loop
      vertex 134.75 258.88 3
      vertex 134.13770650821584 259.00179274798194 9
      vertex 134.75 258.88 9
    endloop
  endfacet
  facet normal -0.19509032201612567 0.980785280403231 0
    outer loop
      vertex 135.36229349178416 259.00179274798194 3
      vertex 134.75 258.88 9
      vertex 135.36229349178416 259.00179274798194 9
    endloop
  endfacet
  facet normal -0.9914448613738099 0.13052619222005493 0
    outer loop
      vertex 131.5 260.48 3
      vertex 131.5 260.48 9
      vertex 131.61074106456053 261.3211618965832 9
    endloop
  endfacet
  facet normal 0.980785280403231 -0.19509032201612567 0
    outer loop
      vertex 133.15 260.48 3
      vertex 133.27179274798195 261.0922934917842 9
      vertex 133.15 260.48 9
    endloop
  endfacet
  facet normal 0.8314696123025406 -0.5555702330196092 0
    outer loop
      vertex 133.27179274798195 261.0922934917842 3
      vertex 133.61862915010153 261.6113708498985 9
      vertex 133.27179274798195 261.0922934917842 9
    endloop
  endfacet
  facet normal -0.9238795325112883 0.38268343236508623 0
    outer loop
      vertex 131.61074106456053 261.3211618965832 3
      vertex 131.61074106456053 261.3211618965832 9
      vertex 131.93541743770058 262.105 9
    endloop
  endfacet
  facet normal -0.7933533402912278 0.6087614290087301 0
    outer loop
      vertex 131.93541743770058 262.105 3
      vertex 131.93541743770058 262.105 9
      vertex 132.45190296114373 262.7780970388563 9
    endloop
  endfacet
  facet normal 0.5555702330196407 -0.8314696123025196 0
    outer loop
      vertex 133.61862915010153 261.6113708498985 3
      vertex 134.13770650821584 261.9582072520181 9
      vertex 133.61862915010153 261.6113708498985 9
    endloop
  endfacet
  facet normal 0.19509032201612567 -0.980785280403231 0
    outer loop
      vertex 134.13770650821584 261.9582072520181 3
      vertex 134.75 262.08000000000004 9
      vertex 134.13770650821584 261.9582072520181 9
    endloop
  endfacet
  facet normal -0.19509032201612567 -0.980785280403231 0
    outer loop
      vertex 134.75 262.08000000000004 3
      vertex 135.36229349178416 261.9582072520181 9
      vertex 134.75 262.08000000000004 9
    endloop
  endfacet
  facet normal 0.38268343236509805 -0.9238795325112834 0
    outer loop
      vertex 135.5911618965832 257.3407410645605 3
      vertex 136.375 257.66541743770057 9
      vertex 135.5911618965832 257.3407410645605 9
    endloop
  endfacet
  facet normal 0.6087614290087512 -0.7933533402912116 0
    outer loop
      vertex 136.375 257.66541743770057 3
      vertex 137.04809703885627 258.18190296114375 9
      vertex 136.375 257.66541743770057 9
    endloop
  endfacet
  facet normal -0.5555702330196407 0.8314696123025196 0
    outer loop
      vertex 135.88137084989847 259.34862915010154 3
      vertex 135.36229349178416 259.00179274798194 9
      vertex 135.88137084989847 259.34862915010154 9
    endloop
  endfacet
  facet normal -0.8314696123025406 0.5555702330196092 0
    outer loop
      vertex 136.22820725201805 259.86770650821586 3
      vertex 135.88137084989847 259.34862915010154 9
      vertex 136.22820725201805 259.86770650821586 9
    endloop
  endfacet
  facet normal 0.7933533402912278 -0.6087614290087301 0
    outer loop
      vertex 137.56458256229942 258.855 3
      vertex 137.56458256229942 258.855 9
      vertex 137.04809703885627 258.18190296114375 9
    endloop
  endfacet
  facet normal 0.9238795325112883 -0.38268343236508623 0
    outer loop
      vertex 137.88925893543947 259.63883810341684 3
      vertex 137.88925893543947 259.63883810341684 9
      vertex 137.56458256229942 258.855 9
    endloop
  endfacet
  facet normal -0.8314696123025406 -0.5555702330196092 0
    outer loop
      vertex 135.88137084989847 261.6113708498985 3
      vertex 136.22820725201805 261.0922934917842 9
      vertex 135.88137084989847 261.6113708498985 9
    endloop
  endfacet
  facet normal -0.980785280403231 0.19509032201612567 0
    outer loop
      vertex 136.35 260.48 3
      vertex 136.22820725201805 259.86770650821586 9
      vertex 136.35 260.48 9
    endloop
  endfacet
  facet normal -0.980785280403231 -0.19509032201612567 0
    outer loop
      vertex 136.22820725201805 261.0922934917842 3
      vertex 136.35 260.48 9
      vertex 136.22820725201805 261.0922934917842 9
    endloop
  endfacet
  facet normal -0.5555702330196407 -0.8314696123025196 0
    outer loop
      vertex 135.36229349178416 261.9582072520181 3
      vertex 135.88137084989847 261.6113708498985 9
      vertex 135.36229349178416 261.9582072520181 9
    endloop
  endfacet
  facet normal 0.9914448613738099 -0.13052619222005493 0
    outer loop
      vertex 138 260.48 3
      vertex 138 260.48 9
      vertex 137.88925893543947 259.63883810341684 9
    endloop
  endfacet
  facet normal 0.9914448613738099 0.13052619222005493 0
    outer loop
      vertex 137.88925893543947 261.3211618965832 3
      vertex 137.88925893543947 261.3211618965832 9
      vertex 138 260.48 9
    endloop
  endfacet
  facet normal 0.9238795325112883 0.38268343236508623 0
    outer loop
      vertex 137.56458256229942 262.105 3
      vertex 137.56458256229942 262.105 9
      vertex 137.88925893543947 261.3211618965832 9
    endloop
  endfacet
  facet normal 0.7933533402912278 0.6087614290087301 0
    outer loop
      vertex 137.04809703885627 262.7780970388563 3
      vertex 137.04809703885627 262.7780970388563 9
      vertex 137.56458256229942 262.105 9
    endloop
  endfacet
  facet normal -0.6087614290087512 0.7933533402912116 0
    outer loop
      vertex 133.125 263.29458256229947 3
      vertex 132.45190296114373 262.7780970388563 9
      vertex 133.125 263.29458256229947 9
    endloop
  endfacet
  facet normal -0.38268343236509805 0.9238795325112834 0
    outer loop
      vertex 133.9088381034168 263.6192589354395 3
      vertex 133.125 263.29458256229947 9
      vertex 133.9088381034168 263.6192589354395 9
    endloop
  endfacet
  facet normal -0.13052619222001766 0.9914448613738149 0
    outer loop
      vertex 134.75 263.73 3
      vertex 133.9088381034168 263.6192589354395 9
      vertex 134.75 263.73 9
    endloop
  endfacet
  facet normal 0.38268343236509805 0.9238795325112834 0
    outer loop
      vertex 136.375 263.29458256229947 3
      vertex 135.5911618965832 263.6192589354395 9
      vertex 136.375 263.29458256229947 9
    endloop
  endfacet
  facet normal 0.13052619222001766 0.9914448613738149 0
    outer loop
      vertex 135.5911618965832 263.6192589354395 3
      vertex 134.75 263.73 9
      vertex 135.5911618965832 263.6192589354395 9
    endloop
  endfacet
  facet normal 0.6087614290087512 0.7933533402912116 0
    outer loop
      vertex 137.04809703885627 262.7780970388563 3
      vertex 136.375 263.29458256229947 9
      vertex 137.04809703885627 262.7780970388563 9
    endloop
  endfacet
  facet normal 0 0 1
    outer loop
      vertex 6.7542857142857144 347 3
      vertex 441 3 3
      vertex 132.45190296114373 258.18190296114375 3
    endloop
  endfacet
  facet normal 0 0 -1
    outer loop
      vertex 0 0 0
      vertex 126.16000000000001 342 0
      vertex 444 350 0
    endloop
  endfacet
  facet normal 0 0 1
    outer loop
      vertex 99.84 342 3
      vertex 441 3 3
      vertex 105.84 342 3
    endloop
  endfacet
  facet normal -0.13052619222001766 -0.9914448613738149 0
    outer loop
      vertex 212.55 257.23 3
      vertex 212.55 257.23 9
      vertex 211.7088381034168 257.3407410645605 3
    endloop
  endfacet
  facet normal 0.13052619222001766 -0.9914448613738149 -3.0279886357046047e-19
    outer loop
      vertex 212.55 257.23 3
      vertex 213.3911618965832 257.3407410645605 3
      vertex 213.3911618965832 257.3407410645605 9
    endloop
  endfacet
  facet normal -0.13052619222001766 -0.9914448613738149 0
    outer loop
      vertex 211.7088381034168 257.3407410645605 3
      vertex 212.55 257.23 9
      vertex 211.7088381034168 257.3407410645605 9
    endloop
  endfacet
  facet normal 0.13052619222001766 -0.9914448613738149 0
    outer loop
      vertex 212.55 257.23 3
      vertex 213.3911618965832 257.3407410645605 9
      vertex 212.55 257.23 9
    endloop
  endfacet
  facet normal -0.7933533402912278 -0.6087614290087301 3.182098403644553e-18
    outer loop
      vertex 210.25190296114374 258.18190296114375 3
      vertex 209.7354174377006 258.855 9
      vertex 209.7354174377006 258.855 3
    endloop
  endfacet
  facet normal -0.9238795325112883 -0.38268343236508623 -1.671183282528558e-18
    outer loop
      vertex 209.7354174377006 258.855 3
      vertex 209.41074106456054 259.63883810341684 9
      vertex 209.41074106456054 259.63883810341684 3
    endloop
  endfacet
  facet normal -0.9914448613738099 -0.13052619222005493 5.703374308825044e-19
    outer loop
      vertex 209.41074106456054 259.63883810341684 3
      vertex 209.3 260.48 9
      vertex 209.3 260.48 3
    endloop
  endfacet
  facet normal -0.9914448613738099 0.13052619222005493 -5.703374308825044e-19
    outer loop
      vertex 209.3 260.48 3
      vertex 209.41074106456054 261.3211618965832 9
      vertex 209.41074106456054 261.3211618965832 3
    endloop
  endfacet
  facet normal -0.9238795325112883 0.38268343236508623 1.671183282528558e-18
    outer loop
      vertex 209.41074106456054 261.3211618965832 3
      vertex 209.7354174377006 262.105 9
      vertex 209.7354174377006 262.105 3
    endloop
  endfacet
  facet normal -0.7933533402912278 0.6087614290087301 -3.182098403644553e-18
    outer loop
      vertex 209.7354174377006 262.105 3
      vertex 210.25190296114374 262.7780970388563 9
      vertex 210.25190296114374 262.7780970388563 3
    endloop
  endfacet
  facet normal 0 0 1
    outer loop
      vertex 211.41862915010154 259.34862915010154 3
      vertex 211.93770650821585 259.00179274798194 3
      vertex 212.55 258.88 3
    endloop
  endfacet
  facet normal 0 0 1
    outer loop
      vertex 211.41862915010154 259.34862915010154 3
      vertex 212.55 258.88 3
      vertex 213.16229349178417 259.00179274798194 3
    endloop
  endfacet
  facet normal 0 0 1
    outer loop
      vertex 211.41862915010154 259.34862915010154 3
      vertex 213.68137084989849 259.34862915010154 3
      vertex 211.07179274798196 259.86770650821586 3
    endloop
  endfacet
  facet normal 0 0 1
    outer loop
      vertex 211.07179274798196 259.86770650821586 3
      vertex 213.68137084989849 259.34862915010154 3
      vertex 210.95000000000002 260.48 3
    endloop
  endfacet
  facet normal 0 0 1
    outer loop
      vertex 211.41862915010154 259.34862915010154 3
      vertex 213.16229349178417 259.00179274798194 3
      vertex 213.68137084989849 259.34862915010154 3
    endloop
  endfacet
  facet normal -0.6087614290087512 -0.7933533402912116 -3.640863312336451e-18
    outer loop
      vertex 210.25190296114374 258.18190296114375 3
      vertex 210.925 257.66541743770057 3
      vertex 210.925 257.66541743770057 9
    endloop
  endfacet
  facet normal -0.38268343236509805 -0.9238795325112834 8.83846084085481e-19
    outer loop
      vertex 210.925 257.66541743770057 3
      vertex 211.7088381034168 257.3407410645605 3
      vertex 211.7088381034168 257.3407410645605 9
    endloop
  endfacet
  facet normal 0.5555702330196407 0.8314696123025196 0
    outer loop
      vertex 211.41862915010154 259.34862915010154 3
      vertex 211.41862915010154 259.34862915010154 9
      vertex 211.93770650821585 259.00179274798194 3
    endloop
  endfacet
  facet normal 0.8314696123025406 0.5555702330196092 -5.887240550333412e-20
    outer loop
      vertex 211.41862915010154 259.34862915010154 3
      vertex 211.07179274798196 259.86770650821586 3
      vertex 211.07179274798196 259.86770650821586 9
    endloop
  endfacet
  facet normal 0.19509032201612567 0.980785280403231 0
    outer loop
      vertex 211.93770650821585 259.00179274798194 3
      vertex 211.93770650821585 259.00179274798194 9
      vertex 212.55 258.88 3
    endloop
  endfacet
  facet normal 0.38268343236509805 -0.9238795325112834 -8.83846084085481e-19
    outer loop
      vertex 213.3911618965832 257.3407410645605 3
      vertex 214.175 257.66541743770057 3
      vertex 214.175 257.66541743770057 9
    endloop
  endfacet
  facet normal -0.19509032201612567 0.980785280403231 0
    outer loop
      vertex 212.55 258.88 3
      vertex 212.55 258.88 9
      vertex 213.16229349178417 259.00179274798194 3
    endloop
  endfacet
  facet normal -0.5555702330196407 0.8314696123025196 0
    outer loop
      vertex 213.16229349178417 259.00179274798194 3
      vertex 213.16229349178417 259.00179274798194 9
      vertex 213.68137084989849 259.34862915010154 3
    endloop
  endfacet
  facet normal -0.8314696123025406 0.5555702330196092 0
    outer loop
      vertex 213.68137084989849 259.34862915010154 3
      vertex 213.68137084989849 259.34862915010154 9
      vertex 214.02820725201806 259.86770650821586 3
    endloop
  endfacet
  facet normal -0.980785280403231 0.19509032201612567 0
    outer loop
      vertex 214.02820725201806 259.86770650821586 3
      vertex 214.02820725201806 259.86770650821586 9
      vertex 214.15 260.48 3
    endloop
  endfacet
  facet normal 0 0 1
    outer loop
      vertex 213.68137084989849 259.34862915010154 3
      vertex 211.07179274798196 261.0922934917842 3
      vertex 210.95000000000002 260.48 3
    endloop
  endfacet
  facet normal 0 0 1
    outer loop
      vertex 213.68137084989849 259.34862915010154 3
      vertex 211.41862915010154 261.6113708498985 3
      vertex 211.07179274798196 261.0922934917842 3
    endloop
  endfacet
  facet normal 0 0 1
    outer loop
      vertex 213.68137084989849 259.34862915010154 3
      vertex 211.93770650821585 261.9582072520181 3
      vertex 211.41862915010154 261.6113708498985 3
    endloop
  endfacet
  facet normal 0 0 1
    outer loop
      vertex 213.68137084989849 259.34862915010154 3
      vertex 214.02820725201806 259.86770650821586 3
      vertex 211.93770650821585 261.9582072520181 3
    endloop
  endfacet
  facet normal 0 0 1
    outer loop
      vertex 214.02820725201806 259.86770650821586 3
      vertex 212.55 262.08000000000004 3
      vertex 211.93770650821585 261.9582072520181 3
    endloop
  endfacet
  facet normal 0 0 1
    outer loop
      vertex 214.02820725201806 259.86770650821586 3
      vertex 213.16229349178417 261.9582072520181 3
      vertex 212.55 262.08000000000004 3
    endloop
  endfacet
  facet normal 0 0 1
    outer loop
      vertex 214.02820725201806 259.86770650821586 3
      vertex 214.15 260.48 3
      vertex 213.68137084989849 261.6113708498985 3
    endloop
  endfacet
  facet normal 0 0 1
    outer loop
      vertex 214.02820725201806 259.86770650821586 3
      vertex 213.68137084989849 261.6113708498985 3
      vertex 213.16229349178417 261.9582072520181 3
    endloop
  endfacet
  facet normal 0 0 1
    outer loop
      vertex 214.15 260.48 3
      vertex 214.02820725201806 261.0922934917842 3
      vertex 213.68137084989849 261.6113708498985 3
    endloop
  endfacet
  facet normal 0.980785280403231 0.19509032201612567 -1.4539956525362302e-18
    outer loop
      vertex 211.07179274798196 259.86770650821586 3
      vertex 210.95000000000002 260.48 3
      vertex 210.95000000000002 260.48 9
    endloop
  endfacet
  facet normal 0.980785280403231 -0.19509032201612567 1.4539956525362302e-18
    outer loop
      vertex 210.95000000000002 260.48 3
      vertex 211.07179274798196 261.0922934917842 3
      vertex 211.07179274798196 261.0922934917842 9
    endloop
  endfacet
  facet normal 0.8314696123025406 -0.5555702330196092 5.887240550333412e-20
    outer loop
      vertex 211.07179274798196 261.0922934917842 3
      vertex 211.41862915010154 261.6113708498985 3
      vertex 211.41862915010154 261.6113708498985 9
    endloop
  endfacet
  facet normal 0.5555702330196407 -0.8314696123025196 -3.3851475538603216e-18
    outer loop
      vertex 211.41862915010154 261.6113708498985 3
      vertex 211.93770650821585 261.9582072520181 3
      vertex 211.93770650821585 261.9582072520181 9
    endloop
  endfacet
  facet normal 0.19509032201612567 -0.980785280403231 1.4539956525362302e-18
    outer loop
      vertex 211.93770650821585 261.9582072520181 3
      vertex 212.55 262.08000000000004 3
      vertex 212.55 262.08000000000004 9
    endloop
  endfacet
  facet normal -0.980785280403231 -0.19509032201612567 0
    outer loop
      vertex 214.15 260.48 3
      vertex 214.15 260.48 9
      vertex 214.02820725201806 261.0922934917842 3
    endloop
  endfacet
  facet normal -0.8314696123025406 -0.5555702330196092 0
    outer loop
      vertex 214.02820725201806 261.0922934917842 3
      vertex 214.02820725201806 261.0922934917842 9
      vertex 213.68137084989849 261.6113708498985 3
    endloop
  endfacet
  facet normal -0.19509032201612567 -0.980785280403231 -1.4539956525362302e-18
    outer loop
      vertex 212.55 262.08000000000004 3
      vertex 213.16229349178417 261.9582072520181 3
      vertex 213.16229349178417 261.9582072520181 9
    endloop
  endfacet
  facet normal -0.5555702330196407 -0.8314696123025196 3.3851475538603216e-18
    outer loop
      vertex 213.16229349178417 261.9582072520181 3
      vertex 213.68137084989849 261.6113708498985 3
      vertex 213.68137084989849 261.6113708498985 9
    endloop
  endfacet
  facet normal -0.6087614290087512 0.7933533402912116 0
    outer loop
      vertex 210.25190296114374 262.7780970388563 3
      vertex 210.25190296114374 262.7780970388563 9
      vertex 210.925 263.29458256229947 3
    endloop
  endfacet
  facet normal -0.38268343236509805 0.9238795325112834 0
    outer loop
      vertex 210.925 263.29458256229947 3
      vertex 210.925 263.29458256229947 9
      vertex 211.7088381034168 263.6192589354395 3
    endloop
  endfacet
  facet normal -0.13052619222001766 0.9914448613738149 0
    outer loop
      vertex 211.7088381034168 263.6192589354395 3
      vertex 211.7088381034168 263.6192589354395 9
      vertex 212.55 263.73 3
    endloop
  endfacet
  facet normal 0.13052619222001766 0.9914448613738149 0
    outer loop
      vertex 212.55 263.73 3
      vertex 212.55 263.73 9
      vertex 213.3911618965832 263.6192589354395 3
    endloop
  endfacet
  facet normal 0.38268343236509805 0.9238795325112834 0
    outer loop
      vertex 213.3911618965832 263.6192589354395 3
      vertex 213.3911618965832 263.6192589354395 9
      vertex 214.175 263.29458256229947 3
    endloop
  endfacet
  facet normal 0.6087614290087512 0.7933533402912116 0
    outer loop
      vertex 214.175 263.29458256229947 3
      vertex 214.175 263.29458256229947 9
      vertex 214.84809703885628 262.7780970388563 3
    endloop
  endfacet
  facet normal 0.6087614290087512 -0.7933533402912116 3.640863312336451e-18
    outer loop
      vertex 214.175 257.66541743770057 3
      vertex 214.84809703885628 258.18190296114375 3
      vertex 214.84809703885628 258.18190296114375 9
    endloop
  endfacet
  facet normal 0.7933533402912278 -0.6087614290087301 0
    outer loop
      vertex 214.84809703885628 258.18190296114375 3
      vertex 215.36458256229943 258.855 3
      vertex 214.84809703885628 258.18190296114375 9
    endloop
  endfacet
  facet normal 0.9238795325112883 -0.38268343236508623 0
    outer loop
      vertex 215.36458256229943 258.855 3
      vertex 215.68925893543948 259.63883810341684 3
      vertex 215.36458256229943 258.855 9
    endloop
  endfacet
  facet normal 0.9914448613738099 -0.13052619222005493 0
    outer loop
      vertex 215.68925893543948 259.63883810341684 3
      vertex 215.8 260.48 3
      vertex 215.68925893543948 259.63883810341684 9
    endloop
  endfacet
  facet normal 0.9914448613738099 0.13052619222005493 0
    outer loop
      vertex 215.8 260.48 3
      vertex 215.68925893543948 261.3211618965832 3
      vertex 215.8 260.48 9
    endloop
  endfacet
  facet normal 0.7933533402912278 0.6087614290087301 0
    outer loop
      vertex 215.36458256229943 262.105 3
      vertex 214.84809703885628 262.7780970388563 3
      vertex 215.36458256229943 262.105 9
    endloop
  endfacet
  facet normal 0.9238795325112883 0.38268343236508623 0
    outer loop
      vertex 215.68925893543948 261.3211618965832 3
      vertex 215.36458256229943 262.105 3
      vertex 215.68925893543948 261.3211618965832 9
    endloop
  endfacet
  facet normal -0.6087614290087512 -0.7933533402912116 0
    outer loop
      vertex 210.25190296114374 258.18190296114375 3
      vertex 210.925 257.66541743770057 9
      vertex 210.25190296114374 258.18190296114375 9
    endloop
  endfacet
  facet normal -0.7933533402912278 -0.6087614290087301 0
    outer loop
      vertex 210.25190296114374 258.18190296114375 3
      vertex 210.25190296114374 258.18190296114375 9
      vertex 209.7354174377006 258.855 9
    endloop
  endfacet
  facet normal -0.9238795325112883 -0.38268343236508623 0
    outer loop
      vertex 209.7354174377006 258.855 3
      vertex 209.7354174377006 258.855 9
      vertex 209.41074106456054 259.63883810341684 9
    endloop
  endfacet
  facet normal -0.9914448613738099 -0.13052619222005493 0
    outer loop
      vertex 209.41074106456054 259.63883810341684 3
      vertex 209.41074106456054 259.63883810341684 9
      vertex 209.3 260.48 9
    endloop
  endfacet
  facet normal -0.9914448613738099 0.13052619222005493 0
    outer loop
      vertex 209.3 260.48 3
      vertex 209.3 260.48 9
      vertex 209.41074106456054 261.3211618965832 9
    endloop
  endfacet
  facet normal -0.9238795325112883 0.38268343236508623 0
    outer loop
      vertex 209.41074106456054 261.3211618965832 3
      vertex 209.41074106456054 261.3211618965832 9
      vertex 209.7354174377006 262.105 9
    endloop
  endfacet
  facet normal -0.7933533402912278 0.6087614290087301 0
    outer loop
      vertex 209.7354174377006 262.105 3
      vertex 209.7354174377006 262.105 9
      vertex 210.25190296114374 262.7780970388563 9
    endloop
  endfacet
  facet normal -0.38268343236509805 -0.9238795325112834 0
    outer loop
      vertex 210.925 257.66541743770057 3
      vertex 211.7088381034168 257.3407410645605 9
      vertex 210.925 257.66541743770057 9
    endloop
  endfacet
  facet normal 0.980785280403231 0.19509032201612567 0
    outer loop
      vertex 211.07179274798196 259.86770650821586 3
      vertex 210.95000000000002 260.48 9
      vertex 211.07179274798196 259.86770650821586 9
    endloop
  endfacet
  facet normal 0.8314696123025406 0.5555702330196092 0
    outer loop
      vertex 211.41862915010154 259.34862915010154 3
      vertex 211.07179274798196 259.86770650821586 9
      vertex 211.41862915010154 259.34862915010154 9
    endloop
  endfacet
  facet normal 0.5555702330196407 0.8314696123025196 0
    outer loop
      vertex 211.93770650821585 259.00179274798194 3
      vertex 211.41862915010154 259.34862915010154 9
      vertex 211.93770650821585 259.00179274798194 9
    endloop
  endfacet
  facet normal 0.19509032201612567 0.980785280403231 0
    outer loop
      vertex 212.55 258.88 3
      vertex 211.93770650821585 259.00179274798194 9
      vertex 212.55 258.88 9
    endloop
  endfacet
  facet normal 0.38268343236509805 -0.9238795325112834 0
    outer loop
      vertex 213.3911618965832 257.3407410645605 3
      vertex 214.175 257.66541743770057 9
      vertex 213.3911618965832 257.3407410645605 9
    endloop
  endfacet
  facet normal 0.6087614290087512 -0.7933533402912116 0
    outer loop
      vertex 214.175 257.66541743770057 3
      vertex 214.84809703885628 258.18190296114375 9
      vertex 214.175 257.66541743770057 9
    endloop
  endfacet
  facet normal -0.19509032201612567 0.980785280403231 0
    outer loop
      vertex 213.16229349178417 259.00179274798194 3
      vertex 212.55 258.88 9
      vertex 213.16229349178417 259.00179274798194 9
    endloop
  endfacet
  facet normal -0.5555702330196407 0.8314696123025196 0
    outer loop
      vertex 213.68137084989849 259.34862915010154 3
      vertex 213.16229349178417 259.00179274798194 9
      vertex 213.68137084989849 259.34862915010154 9
    endloop
  endfacet
  facet normal -0.8314696123025406 0.5555702330196092 0
    outer loop
      vertex 214.02820725201806 259.86770650821586 3
      vertex 213.68137084989849 259.34862915010154 9
      vertex 214.02820725201806 259.86770650821586 9
    endloop
  endfacet
  facet normal 0.980785280403231 -0.19509032201612567 0
    outer loop
      vertex 210.95000000000002 260.48 3
      vertex 211.07179274798196 261.0922934917842 9
      vertex 210.95000000000002 260.48 9
    endloop
  endfacet
  facet normal 0.8314696123025406 -0.5555702330196092 0
    outer loop
      vertex 211.07179274798196 261.0922934917842 3
      vertex 211.41862915010154 261.6113708498985 9
      vertex 211.07179274798196 261.0922934917842 9
    endloop
  endfacet
  facet normal 0.5555702330196407 -0.8314696123025196 0
    outer loop
      vertex 211.41862915010154 261.6113708498985 3
      vertex 211.93770650821585 261.9582072520181 9
      vertex 211.41862915010154 261.6113708498985 9
    endloop
  endfacet
  facet normal 0.19509032201612567 -0.980785280403231 0
    outer loop
      vertex 211.93770650821585 261.9582072520181 3
      vertex 212.55 262.08000000000004 9
      vertex 211.93770650821585 261.9582072520181 9
    endloop
  endfacet
  facet normal -0.980785280403231 0.19509032201612567 0
    outer loop
      vertex 214.15 260.48 3
      vertex 214.02820725201806 259.86770650821586 9
      vertex 214.15 260.48 9
    endloop
  endfacet
  facet normal -0.8314696123025406 -0.5555702330196092 0
    outer loop
      vertex 213.68137084989849 261.6113708498985 3
      vertex 214.02820725201806 261.0922934917842 9
      vertex 213.68137084989849 261.6113708498985 9
    endloop
  endfacet
  facet normal -0.980785280403231 -0.19509032201612567 0
    outer loop
      vertex 214.02820725201806 261.0922934917842 3
      vertex 214.15 260.48 9
      vertex 214.02820725201806 261.0922934917842 9
    endloop
  endfacet
  facet normal -0.19509032201612567 -0.980785280403231 0
    outer loop
      vertex 212.55 262.08000000000004 3
      vertex 213.16229349178417 261.9582072520181 9
      vertex 212.55 262.08000000000004 9
    endloop
  endfacet
  facet normal -0.5555702330196407 -0.8314696123025196 0
    outer loop
      vertex 213.16229349178417 261.9582072520181 3
      vertex 213.68137084989849 261.6113708498985 9
      vertex 213.16229349178417 261.9582072520181 9
    endloop
  endfacet
  facet normal -0.6087614290087512 0.7933533402912116 0
    outer loop
      vertex 210.925 263.29458256229947 3
      vertex 210.25190296114374 262.7780970388563 9
      vertex 210.925 263.29458256229947 9
    endloop
  endfacet
  facet normal -0.38268343236509805 0.9238795325112834 0
    outer loop
      vertex 211.7088381034168 263.6192589354395 3
      vertex 210.925 263.29458256229947 9
      vertex 211.7088381034168 263.6192589354395 9
    endloop
  endfacet
  facet normal -0.13052619222001766 0.9914448613738149 0
    outer loop
      vertex 212.55 263.73 3
      vertex 211.7088381034168 263.6192589354395 9
      vertex 212.55 263.73 9
    endloop
  endfacet
  facet normal 0.13052619222001766 0.9914448613738149 0
    outer loop
      vertex 213.3911618965832 263.6192589354395 3
      vertex 212.55 263.73 9
      vertex 213.3911618965832 263.6192589354395 9
    endloop
  endfacet
  facet normal 0.38268343236509805 0.9238795325112834 0
    outer loop
      vertex 214.175 263.29458256229947 3
      vertex 213.3911618965832 263.6192589354395 9
      vertex 214.175 263.29458256229947 9
    endloop
  endfacet
  facet normal 0.7933533402912278 -0.6087614290087301 0
    outer loop
      vertex 215.36458256229943 258.855 3
      vertex 215.36458256229943 258.855 9
      vertex 214.84809703885628 258.18190296114375 9
    endloop
  endfacet
  facet normal 0.9238795325112883 -0.38268343236508623 0
    outer loop
      vertex 215.68925893543948 259.63883810341684 3
      vertex 215.68925893543948 259.63883810341684 9
      vertex 215.36458256229943 258.855 9
    endloop
  endfacet
  facet normal 0.9914448613738099 -0.13052619222005493 0
    outer loop
      vertex 215.8 260.48 3
      vertex 215.8 260.48 9
      vertex 215.68925893543948 259.63883810341684 9
    endloop
  endfacet
  facet normal 0.9914448613738099 0.13052619222005493 0
    outer loop
      vertex 215.68925893543948 261.3211618965832 3
      vertex 215.68925893543948 261.3211618965832 9
      vertex 215.8 260.48 9
    endloop
  endfacet
  facet normal 0.7933533402912278 0.6087614290087301 0
    outer loop
      vertex 214.84809703885628 262.7780970388563 3
      vertex 214.84809703885628 262.7780970388563 9
      vertex 215.36458256229943 262.105 9
    endloop
  endfacet
  facet normal 0.9238795325112883 0.38268343236508623 0
    outer loop
      vertex 215.36458256229943 262.105 3
      vertex 215.36458256229943 262.105 9
      vertex 215.68925893543948 261.3211618965832 9
    endloop
  endfacet
  facet normal 0.6087614290087512 0.7933533402912116 0
    outer loop
      vertex 214.84809703885628 262.7780970388563 3
      vertex 214.175 263.29458256229947 9
      vertex 214.84809703885628 262.7780970388563 9
    endloop
  endfacet
  facet normal 0 0 1
    outer loop
      vertex 92.18 347 3
      vertex 131.5 260.48 3
      vertex 131.61074106456053 261.3211618965832 3
    endloop
  endfacet
  facet normal 0 0 1
    outer loop
      vertex 92.18 347 3
      vertex 131.61074106456053 261.3211618965832 3
      vertex 131.93541743770058 262.105 3
    endloop
  endfacet
  facet normal 0 0 1
    outer loop
      vertex 92.18 347 3
      vertex 131.93541743770058 262.105 3
      vertex 132.45190296114373 262.7780970388563 3
    endloop
  endfacet
  facet normal 0 0 1
    outer loop
      vertex 99.84 342 3
      vertex 132.45190296114373 262.7780970388563 3
      vertex 133.125 263.29458256229947 3
    endloop
  endfacet
  facet normal 0 0 1
    outer loop
      vertex 99.84 342 3
      vertex 133.125 263.29458256229947 3
      vertex 133.9088381034168 263.6192589354395 3
    endloop
  endfacet
  facet normal 0 0 1
    outer loop
      vertex 99.84 342 3
      vertex 133.9088381034168 263.6192589354395 3
      vertex 134.75 263.73 3
    endloop
  endfacet
  facet normal 0 0 1
    outer loop
      vertex 99.84 342 3
      vertex 134.75 263.73 3
      vertex 135.5911618965832 263.6192589354395 3
    endloop
  endfacet
  facet normal 0 0 1
    outer loop
      vertex 99.84 342 3
      vertex 135.5911618965832 263.6192589354395 3
      vertex 136.375 263.29458256229947 3
    endloop
  endfacet
  facet normal 0 0 1
    outer loop
      vertex 99.84 342 3
      vertex 136.375 263.29458256229947 3
      vertex 137.04809703885627 262.7780970388563 3
    endloop
  endfacet
  facet normal 0 0 1
    outer loop
      vertex 99.84 342 3
      vertex 137.04809703885627 262.7780970388563 3
      vertex 137.56458256229942 262.105 3
    endloop
  endfacet
  facet normal 0 0 1
    outer loop
      vertex 99.84 342 3
      vertex 92.18 347 3
      vertex 132.45190296114373 262.7780970388563 3
    endloop
  endfacet
  facet normal 0 1 0
    outer loop
      vertex 99.84 342 0
      vertex 99.84 342 3
      vertex 105.84 342 0
    endloop
  endfacet
  facet normal 0 1 0
    outer loop
      vertex 99.84 342 3
      vertex 105.84 342 3
      vertex 105.84 342 0
    endloop
  endfacet
  facet normal -1 0 0
    outer loop
      vertex 105.84 342 0
      vertex 105.84 342 3
      vertex 105.84 347 3
    endloop
  endfacet
  facet normal -1 0 0
    outer loop
      vertex 105.84 342 0
      vertex 105.84 347 3
      vertex 105.84 347 0
    endloop
  endfacet
  facet normal 0 0 -1
    outer loop
      vertex 105.84 342 0
      vertex 105.84 347 0
      vertex 109.88103344682555 347.74243941518125 0
    endloop
  endfacet
  facet normal 0 0 1
    outer loop
      vertex 105.84 342 3
      vertex 114.79 347 3
      vertex 105.84 347 3
    endloop
  endfacet
  facet normal 0 0 -1
    outer loop
      vertex 105.84 342 0
      vertex 109.88103344682555 347.74243941518125 0
      vertex 120.16000000000001 342 0
    endloop
  endfacet
  facet normal 0 0 1
    outer loop
      vertex 105.84 342 3
      vertex 120.16000000000001 342 3
      vertex 114.79 347 3
    endloop
  endfacet
  facet normal 0 0 -1
    outer loop
      vertex 99.84 349.9426185219721 0
      vertex 99.84 350 0
      vertex 109.88103344682555 347.74243941518125 0
    endloop
  endfacet
  facet normal 0 -1 0
    outer loop
      vertex 99.84 347 0
      vertex 105.84 347 0
      vertex 105.84 347 3
    endloop
  endfacet
  facet normal 0 -1 0
    outer loop
      vertex 99.84 347 0
      vertex 105.84 347 3
      vertex 99.84 347 3
    endloop
  endfacet
  facet normal 0 1 0
    outer loop
      vertex 99.84 350 0
      vertex 99.84 350 2.8973282101688858
      vertex 126.16000000000001 350 0
    endloop
  endfacet
  facet normal 0 0 1
    outer loop
      vertex 99.84 347 3
      vertex 126.16000000000001 350 3
      vertex 99.84 350 3
    endloop
  endfacet
  facet normal 0 1 0
    outer loop
      vertex 99.84 350 2.8973282101688858
      vertex 99.84 350 3
      vertex 126.16000000000001 350 3
    endloop
  endfacet
  facet normal 0 0 -1
    outer loop
      vertex 99.84 350 0
      vertex 126.16000000000001 350 0
      vertex 109.88103344682555 347.74243941518125 0
    endloop
  endfacet
  facet normal 0 0 1
    outer loop
      vertex 99.84 347 3
      vertex 105.84 347 3
      vertex 126.16000000000001 350 3
    endloop
  endfacet
  facet normal 0 0 1
    outer loop
      vertex 105.84 347 3
      vertex 114.79 347 3
      vertex 126.16000000000001 350 3
    endloop
  endfacet
  facet normal 1 0 0
    outer loop
      vertex 120.16000000000001 342 0
      vertex 120.16000000000001 347 0
      vertex 120.16000000000001 342 3
    endloop
  endfacet
  facet normal 0 0 -1
    outer loop
      vertex 109.88103344682555 347.74243941518125 0
      vertex 120.16000000000001 347 0
      vertex 120.16000000000001 342 0
    endloop
  endfacet
  facet normal 1 0 0
    outer loop
      vertex 120.16000000000001 342 3
      vertex 120.16000000000001 347 0
      vertex 120.16000000000001 347 3
    endloop
  endfacet
  facet normal 0 1 0
    outer loop
      vertex 120.16000000000001 342 0
      vertex 120.16000000000001 342 3
      vertex 126.16000000000001 342 0
    endloop
  endfacet
  facet normal 0 0 1
    outer loop
      vertex 114.79 347 3
      vertex 120.16000000000001 342 3
      vertex 120.16000000000001 347 3
    endloop
  endfacet
  facet normal 0 1 0
    outer loop
      vertex 120.16000000000001 342 3
      vertex 126.16000000000001 342 3
      vertex 126.16000000000001 342 0
    endloop
  endfacet
  facet normal -1 0 0
    outer loop
      vertex 126.16000000000001 342 0
      vertex 126.16000000000001 342 3
      vertex 126.16000000000001 347 3
    endloop
  endfacet
  facet normal -1 0 0
    outer loop
      vertex 126.16000000000001 342 0
      vertex 126.16000000000001 347 3
      vertex 126.16000000000001 347 0
    endloop
  endfacet
  facet normal 0 0 1
    outer loop
      vertex 126.16000000000001 342 3
      vertex 133.82 347 3
      vertex 126.16000000000001 347 3
    endloop
  endfacet
  facet normal 0 0 -1
    outer loop
      vertex 109.88103344682555 347.74243941518125 0
      vertex 126.16000000000001 347 0
      vertex 120.16000000000001 347 0
    endloop
  endfacet
  facet normal 0 1 0
    outer loop
      vertex 99.84 350 2.8973282101688858
      vertex 126.16000000000001 350 3
      vertex 126.16000000000001 350 0
    endloop
  endfacet
  facet normal 0 0 -1
    outer loop
      vertex 109.88103344682555 347.74243941518125 0
      vertex 126.16000000000001 350 0
      vertex 126.16000000000001 347 0
    endloop
  endfacet
  facet normal 0 -1 0
    outer loop
      vertex 120.16000000000001 347 0
      vertex 126.16000000000001 347 3
      vertex 120.16000000000001 347 3
    endloop
  endfacet
  facet normal 0 0 1
    outer loop
      vertex 114.79 347 3
      vertex 120.16000000000001 347 3
      vertex 126.16000000000001 350 3
    endloop
  endfacet
  facet normal 0 -1 0
    outer loop
      vertex 120.16000000000001 347 0
      vertex 126.16000000000001 347 0
      vertex 126.16000000000001 347 3
    endloop
  endfacet
  facet normal 0 1 0
    outer loop
      vertex 126.16000000000001 350 0
      vertex 126.16000000000001 350 3
      vertex 133.82 350 3
    endloop
  endfacet
  facet normal 0 0 1
    outer loop
      vertex 120.16000000000001 347 3
      vertex 126.16000000000001 347 3
      vertex 126.16000000000001 350 3
    endloop
  endfacet
  facet normal 0 0 1
    outer loop
      vertex 126.16000000000001 347 3
      vertex 133.82 347 3
      vertex 126.16000000000001 350 3
    endloop
  endfacet
  facet normal 0 0 1
    outer loop
      vertex 126.16000000000001 350 3
      vertex 133.82 347 3
      vertex 133.82 350 3
    endloop
  endfacet
  facet normal -1 0 0
    outer loop
      vertex 133.82 347 3
      vertex 133.82 350 10.6
      vertex 133.82 350 3
    endloop
  endfacet
  facet normal -1 0 0
    outer loop
      vertex 133.82 347 3
      vertex 133.82 347 9
      vertex 133.82 350 10.6
    endloop
  endfacet
  facet normal -1 0 0
    outer loop
      vertex 133.82 350 10.6
      vertex 133.82 347 9
      vertex 133.82 347 10.6
    endloop
  endfacet
  facet normal 0 0 1
    outer loop
      vertex 210.25190296114374 258.18190296114375 3
      vertex 209.7354174377006 258.855 3
      vertex 126.16000000000001 342 3
    endloop
  endfacet
  facet normal 0 0 1
    outer loop
      vertex 209.7354174377006 258.855 3
      vertex 209.41074106456054 259.63883810341684 3
      vertex 126.16000000000001 342 3
    endloop
  endfacet
  facet normal 0 0 1
    outer loop
      vertex 209.41074106456054 259.63883810341684 3
      vertex 209.3 260.48 3
      vertex 126.16000000000001 342 3
    endloop
  endfacet
  facet normal 0 0 1
    outer loop
      vertex 209.3 260.48 3
      vertex 209.41074106456054 261.3211618965832 3
      vertex 126.16000000000001 342 3
    endloop
  endfacet
  facet normal 0 0 1
    outer loop
      vertex 209.41074106456054 261.3211618965832 3
      vertex 209.7354174377006 262.105 3
      vertex 209.7354174377006 336.325 3
    endloop
  endfacet
  facet normal 0 0 1
    outer loop
      vertex 209.7354174377006 262.105 3
      vertex 210.25190296114374 262.7780970388563 3
      vertex 210.25190296114374 335.6519029611437 3
    endloop
  endfacet
  facet normal 0 0 1
    outer loop
      vertex 210.25190296114374 262.7780970388563 3
      vertex 210.925 263.29458256229947 3
      vertex 210.925 335.13541743770054 3
    endloop
  endfacet
  facet normal 0 0 1
    outer loop
      vertex 210.925 263.29458256229947 3
      vertex 211.7088381034168 263.6192589354395 3
      vertex 211.7088381034168 334.8107410645605 3
    endloop
  endfacet
  facet normal 0 0 1
    outer loop
      vertex 211.7088381034168 263.6192589354395 3
      vertex 212.55 263.73 3
      vertex 212.55 334.7 3
    endloop
  endfacet
  facet normal 0 0 1
    outer loop
      vertex 212.55 263.73 3
      vertex 213.3911618965832 263.6192589354395 3
      vertex 213.3911618965832 334.8107410645605 3
    endloop
  endfacet
  facet normal 0 0 1
    outer loop
      vertex 213.3911618965832 263.6192589354395 3
      vertex 214.175 263.29458256229947 3
      vertex 214.175 335.13541743770054 3
    endloop
  endfacet
  facet normal 0 0 1
    outer loop
      vertex 214.175 263.29458256229947 3
      vertex 214.84809703885628 262.7780970388563 3
      vertex 214.175 335.13541743770054 3
    endloop
  endfacet
  facet normal 0 0 1
    outer loop
      vertex 215.68925893543948 261.3211618965832 3
      vertex 214.84809703885628 335.6519029611437 3
      vertex 215.36458256229943 262.105 3
    endloop
  endfacet
  facet normal 0 0 1
    outer loop
      vertex 215.36458256229943 262.105 3
      vertex 214.84809703885628 335.6519029611437 3
      vertex 214.84809703885628 262.7780970388563 3
    endloop
  endfacet
  facet normal 0 0 1
    outer loop
      vertex 209.41074106456054 261.3211618965832 3
      vertex 209.7354174377006 336.325 3
      vertex 209.41074106456054 337.1088381034168 3
    endloop
  endfacet
  facet normal 0 0 1
    outer loop
      vertex 209.7354174377006 262.105 3
      vertex 210.25190296114374 335.6519029611437 3
      vertex 209.7354174377006 336.325 3
    endloop
  endfacet
  facet normal 0 0 1
    outer loop
      vertex 210.25190296114374 262.7780970388563 3
      vertex 210.925 335.13541743770054 3
      vertex 210.25190296114374 335.6519029611437 3
    endloop
  endfacet
  facet normal 0 0 1
    outer loop
      vertex 210.925 263.29458256229947 3
      vertex 211.7088381034168 334.8107410645605 3
      vertex 210.925 335.13541743770054 3
    endloop
  endfacet
  facet normal 0 0 1
    outer loop
      vertex 211.7088381034168 263.6192589354395 3
      vertex 212.55 334.7 3
      vertex 211.7088381034168 334.8107410645605 3
    endloop
  endfacet
  facet normal 0 0 1
    outer loop
      vertex 212.55 263.73 3
      vertex 213.3911618965832 334.8107410645605 3
      vertex 212.55 334.7 3
    endloop
  endfacet
  facet normal 0 0 1
    outer loop
      vertex 213.3911618965832 263.6192589354395 3
      vertex 214.175 335.13541743770054 3
      vertex 213.3911618965832 334.8107410645605 3
    endloop
  endfacet
  facet normal 0 0 1
    outer loop
      vertex 214.84809703885628 262.7780970388563 3
      vertex 214.84809703885628 335.6519029611437 3
      vertex 214.175 335.13541743770054 3
    endloop
  endfacet
  facet normal 0 0 1
    outer loop
      vertex 209.41074106456054 261.3211618965832 3
      vertex 209.41074106456054 337.1088381034168 3
      vertex 126.16000000000001 342 3
    endloop
  endfacet
  facet normal 0 1 0
    outer loop
      vertex 133.82 350 3
      vertex 133.82 350 10.6
      vertex 234.875 350 10.6
    endloop
  endfacet
  facet normal 0 0 1
    outer loop
      vertex 133.82 350 10.6
      vertex 133.82 347 10.6
      vertex 234.875 350 10.6
    endloop
  endfacet
  facet normal 0 0 1
    outer loop
      vertex 126.16000000000001 342 3
      vertex 209.41074106456054 337.1088381034168 3
      vertex 209.3 337.95 3
    endloop
  endfacet
  facet normal 0 0 1
    outer loop
      vertex 126.16000000000001 342 3
      vertex 209.3 337.95 3
      vertex 209.41074106456054 338.79116189658316 3
    endloop
  endfacet
  facet normal 0 0 1
    outer loop
      vertex 126.16000000000001 342 3
      vertex 209.41074106456054 338.79116189658316 3
      vertex 209.7354174377006 339.575 3
    endloop
  endfacet
  facet normal 0 0 1
    outer loop
      vertex 126.16000000000001 342 3
      vertex 209.7354174377006 339.575 3
      vertex 210.25190296114374 340.24809703885626 3
    endloop
  endfacet
  facet normal 0 0 1
    outer loop
      vertex 126.16000000000001 342 3
      vertex 210.25190296114374 340.24809703885626 3
      vertex 210.925 340.76458256229944 3
    endloop
  endfacet
  facet normal 0 0 1
    outer loop
      vertex 126.16000000000001 342 3
      vertex 210.925 340.76458256229944 3
      vertex 211.7088381034168 341.0892589354395 3
    endloop
  endfacet
  facet normal 0 0 1
    outer loop
      vertex 126.16000000000001 342 3
      vertex 211.7088381034168 341.0892589354395 3
      vertex 212.55 341.2 3
    endloop
  endfacet
  facet normal 0 0 -1
    outer loop
      vertex 126.16000000000001 342 0
      vertex 126.16000000000001 347 0
      vertex 316 350 0
    endloop
  endfacet
  facet normal 0 0 -1
    outer loop
      vertex 126.16000000000001 347 0
      vertex 126.16000000000001 350 0
      vertex 316 350 0
    endloop
  endfacet
  facet normal -0.38268343236509805 -0.9238795325112834 8.83846084085481e-19
    outer loop
      vertex 210.925 335.13541743770054 3
      vertex 211.7088381034168 334.8107410645605 3
      vertex 211.7088381034168 334.8107410645605 9
    endloop
  endfacet
  facet normal -0.6087614290087512 -0.7933533402912116 0
    outer loop
      vertex 210.925 335.13541743770054 3
      vertex 210.925 335.13541743770054 9
      vertex 210.25190296114374 335.6519029611437 3
    endloop
  endfacet
  facet normal -0.13052619222001766 -0.9914448613738149 3.0279886357046047e-19
    outer loop
      vertex 211.7088381034168 334.8107410645605 3
      vertex 212.55 334.7 3
      vertex 212.55 334.7 9
    endloop
  endfacet
  facet normal 0.13052619222001766 -0.9914448613738149 -3.0279886357046047e-19
    outer loop
      vertex 212.55 334.7 3
      vertex 213.3911618965832 334.8107410645605 3
      vertex 213.3911618965832 334.8107410645605 9
    endloop
  endfacet
  facet normal 0.38268343236509805 -0.9238795325112834 -8.83846084085481e-19
    outer loop
      vertex 213.3911618965832 334.8107410645605 3
      vertex 214.175 335.13541743770054 3
      vertex 214.175 335.13541743770054 9
    endloop
  endfacet
  facet normal 0.6087614290087512 -0.7933533402912116 3.640863312336451e-18
    outer loop
      vertex 214.175 335.13541743770054 3
      vertex 214.84809703885628 335.6519029611437 3
      vertex 214.84809703885628 335.6519029611437 9
    endloop
  endfacet
  facet normal -0.6087614290087512 -0.7933533402912116 0
    outer loop
      vertex 210.25190296114374 335.6519029611437 3
      vertex 210.925 335.13541743770054 9
      vertex 210.25190296114374 335.6519029611437 9
    endloop
  endfacet
  facet normal -0.38268343236509805 -0.9238795325112834 0
    outer loop
      vertex 210.925 335.13541743770054 3
      vertex 211.7088381034168 334.8107410645605 9
      vertex 210.925 335.13541743770054 9
    endloop
  endfacet
  facet normal -0.13052619222001766 -0.9914448613738149 0
    outer loop
      vertex 211.7088381034168 334.8107410645605 3
      vertex 212.55 334.7 9
      vertex 211.7088381034168 334.8107410645605 9
    endloop
  endfacet
  facet normal 0.13052619222001766 -0.9914448613738149 0
    outer loop
      vertex 212.55 334.7 3
      vertex 213.3911618965832 334.8107410645605 9
      vertex 212.55 334.7 9
    endloop
  endfacet
  facet normal 0.38268343236509805 -0.9238795325112834 0
    outer loop
      vertex 213.3911618965832 334.8107410645605 3
      vertex 214.175 335.13541743770054 9
      vertex 213.3911618965832 334.8107410645605 9
    endloop
  endfacet
  facet normal 0.6087614290087512 -0.7933533402912116 0
    outer loop
      vertex 214.175 335.13541743770054 3
      vertex 214.84809703885628 335.6519029611437 9
      vertex 214.175 335.13541743770054 9
    endloop
  endfacet
  facet normal 0 0 1
    outer loop
      vertex 126.16000000000001 342 3
      vertex 316 347 3
      vertex 133.82 347 3
    endloop
  endfacet
  facet normal 0 1 0
    outer loop
      vertex 126.16000000000001 350 0
      vertex 133.82 350 3
      vertex 316 350 3
    endloop
  endfacet
  facet normal 0 -1 0
    outer loop
      vertex 133.82 347 3
      vertex 308 347 9
      vertex 133.82 347 9
    endloop
  endfacet
  facet normal 0 0 1
    outer loop
      vertex 234.875 350 10.6
      vertex 133.82 347 10.6
      vertex 234.875 347 10.6
    endloop
  endfacet
  facet normal -0.9238795325112883 -0.38268343236508623 -1.671183282528558e-18
    outer loop
      vertex 209.7354174377006 336.325 3
      vertex 209.41074106456054 337.1088381034168 9
      vertex 209.41074106456054 337.1088381034168 3
    endloop
  endfacet
  facet normal -0.7933533402912278 -0.6087614290087301 0
    outer loop
      vertex 209.7354174377006 336.325 3
      vertex 210.25190296114374 335.6519029611437 3
      vertex 209.7354174377006 336.325 9
    endloop
  endfacet
  facet normal -0.9914448613738099 -0.13052619222005493 5.703374308825044e-19
    outer loop
      vertex 209.41074106456054 337.1088381034168 3
      vertex 209.3 337.95 9
      vertex 209.3 337.95 3
    endloop
  endfacet
  facet normal -0.9914448613738099 0.13052619222005493 -5.703374308825044e-19
    outer loop
      vertex 209.3 337.95 3
      vertex 209.41074106456054 338.79116189658316 9
      vertex 209.41074106456054 338.79116189658316 3
    endloop
  endfacet
  facet normal -0.9238795325112883 0.38268343236508623 1.671183282528558e-18
    outer loop
      vertex 209.41074106456054 338.79116189658316 3
      vertex 209.7354174377006 339.575 9
      vertex 209.7354174377006 339.575 3
    endloop
  endfacet
  facet normal -0.7933533402912278 0.6087614290087301 -3.182098403644553e-18
    outer loop
      vertex 209.7354174377006 339.575 3
      vertex 210.25190296114374 340.24809703885626 9
      vertex 210.25190296114374 340.24809703885626 3
    endloop
  endfacet
  facet normal -0.6087614290087512 0.7933533402912116 0
    outer loop
      vertex 210.25190296114374 340.24809703885626 3
      vertex 210.25190296114374 340.24809703885626 9
      vertex 210.925 340.76458256229944 3
    endloop
  endfacet
  facet normal 0 0 1
    outer loop
      vertex 211.41862915010154 336.8186291501015 3
      vertex 211.93770650821585 336.4717927479819 3
      vertex 212.55 336.34999999999997 3
    endloop
  endfacet
  facet normal 0 0 1
    outer loop
      vertex 211.41862915010154 336.8186291501015 3
      vertex 213.68137084989849 336.8186291501015 3
      vertex 211.07179274798196 337.33770650821583 3
    endloop
  endfacet
  facet normal 0 0 1
    outer loop
      vertex 211.41862915010154 336.8186291501015 3
      vertex 212.55 336.34999999999997 3
      vertex 213.16229349178417 336.4717927479819 3
    endloop
  endfacet
  facet normal 0 0 1
    outer loop
      vertex 211.07179274798196 337.33770650821583 3
      vertex 213.68137084989849 336.8186291501015 3
      vertex 210.95000000000002 337.95 3
    endloop
  endfacet
  facet normal 0 0 1
    outer loop
      vertex 210.95000000000002 337.95 3
      vertex 213.68137084989849 336.8186291501015 3
      vertex 211.07179274798196 338.56229349178415 3
    endloop
  endfacet
  facet normal 0 0 1
    outer loop
      vertex 213.68137084989849 336.8186291501015 3
      vertex 211.41862915010154 339.08137084989846 3
      vertex 211.07179274798196 338.56229349178415 3
    endloop
  endfacet
  facet normal 0 0 1
    outer loop
      vertex 211.41862915010154 336.8186291501015 3
      vertex 213.16229349178417 336.4717927479819 3
      vertex 213.68137084989849 336.8186291501015 3
    endloop
  endfacet
  facet normal 0 0 1
    outer loop
      vertex 213.68137084989849 336.8186291501015 3
      vertex 214.02820725201806 337.33770650821583 3
      vertex 211.41862915010154 339.08137084989846 3
    endloop
  endfacet
  facet normal 0 0 1
    outer loop
      vertex 214.02820725201806 337.33770650821583 3
      vertex 214.15 337.95 3
      vertex 211.41862915010154 339.08137084989846 3
    endloop
  endfacet
  facet normal 0.5555702330196407 0.8314696123025196 0
    outer loop
      vertex 211.41862915010154 336.8186291501015 3
      vertex 211.41862915010154 336.8186291501015 9
      vertex 211.93770650821585 336.4717927479819 3
    endloop
  endfacet
  facet normal 0.19509032201612567 0.980785280403231 0
    outer loop
      vertex 211.93770650821585 336.4717927479819 3
      vertex 211.93770650821585 336.4717927479819 9
      vertex 212.55 336.34999999999997 3
    endloop
  endfacet
  facet normal 0.8314696123025406 0.5555702330196092 -5.887240550333412e-20
    outer loop
      vertex 211.41862915010154 336.8186291501015 3
      vertex 211.07179274798196 337.33770650821583 3
      vertex 211.07179274798196 337.33770650821583 9
    endloop
  endfacet
  facet normal 0.980785280403231 0.19509032201612567 -1.4539956525362302e-18
    outer loop
      vertex 211.07179274798196 337.33770650821583 3
      vertex 210.95000000000002 337.95 3
      vertex 210.95000000000002 337.95 9
    endloop
  endfacet
  facet normal 0.980785280403231 -0.19509032201612567 1.4539956525362302e-18
    outer loop
      vertex 210.95000000000002 337.95 3
      vertex 211.07179274798196 338.56229349178415 3
      vertex 211.07179274798196 338.56229349178415 9
    endloop
  endfacet
  facet normal -0.19509032201612567 0.980785280403231 0
    outer loop
      vertex 212.55 336.34999999999997 3
      vertex 212.55 336.34999999999997 9
      vertex 213.16229349178417 336.4717927479819 3
    endloop
  endfacet
  facet normal -0.5555702330196407 0.8314696123025196 0
    outer loop
      vertex 213.16229349178417 336.4717927479819 3
      vertex 213.16229349178417 336.4717927479819 9
      vertex 213.68137084989849 336.8186291501015 3
    endloop
  endfacet
  facet normal -0.8314696123025406 0.5555702330196092 0
    outer loop
      vertex 213.68137084989849 336.8186291501015 3
      vertex 213.68137084989849 336.8186291501015 9
      vertex 214.02820725201806 337.33770650821583 3
    endloop
  endfacet
  facet normal -0.980785280403231 0.19509032201612567 0
    outer loop
      vertex 214.02820725201806 337.33770650821583 3
      vertex 214.02820725201806 337.33770650821583 9
      vertex 214.15 337.95 3
    endloop
  endfacet
  facet normal -0.980785280403231 -0.19509032201612567 0
    outer loop
      vertex 214.15 337.95 3
      vertex 214.15 337.95 9
      vertex 214.02820725201806 338.56229349178415 3
    endloop
  endfacet
  facet normal 0 0 1
    outer loop
      vertex 211.41862915010154 339.08137084989846 3
      vertex 214.02820725201806 338.56229349178415 3
      vertex 211.93770650821585 339.42820725201807 3
    endloop
  endfacet
  facet normal 0 0 1
    outer loop
      vertex 214.15 337.95 3
      vertex 214.02820725201806 338.56229349178415 3
      vertex 211.41862915010154 339.08137084989846 3
    endloop
  endfacet
  facet normal 0 0 1
    outer loop
      vertex 211.93770650821585 339.42820725201807 3
      vertex 214.02820725201806 338.56229349178415 3
      vertex 213.68137084989849 339.08137084989846 3
    endloop
  endfacet
  facet normal 0 0 1
    outer loop
      vertex 211.93770650821585 339.42820725201807 3
      vertex 213.68137084989849 339.08137084989846 3
      vertex 212.55 339.55 3
    endloop
  endfacet
  facet normal 0 0 1
    outer loop
      vertex 212.55 339.55 3
      vertex 213.68137084989849 339.08137084989846 3
      vertex 213.16229349178417 339.42820725201807 3
    endloop
  endfacet
  facet normal 0.8314696123025406 -0.5555702330196092 5.887240550333412e-20
    outer loop
      vertex 211.07179274798196 338.56229349178415 3
      vertex 211.41862915010154 339.08137084989846 3
      vertex 211.41862915010154 339.08137084989846 9
    endloop
  endfacet
  facet normal 0.5555702330196407 -0.8314696123025196 -3.3851475538603216e-18
    outer loop
      vertex 211.41862915010154 339.08137084989846 3
      vertex 211.93770650821585 339.42820725201807 3
      vertex 211.93770650821585 339.42820725201807 9
    endloop
  endfacet
  facet normal 0.19509032201612567 -0.980785280403231 1.4539956525362302e-18
    outer loop
      vertex 211.93770650821585 339.42820725201807 3
      vertex 212.55 339.55 3
      vertex 212.55 339.55 9
    endloop
  endfacet
  facet normal -0.38268343236509805 0.9238795325112834 0
    outer loop
      vertex 210.925 340.76458256229944 3
      vertex 210.925 340.76458256229944 9
      vertex 211.7088381034168 341.0892589354395 3
    endloop
  endfacet
  facet normal -0.13052619222001766 0.9914448613738149 0
    outer loop
      vertex 211.7088381034168 341.0892589354395 3
      vertex 211.7088381034168 341.0892589354395 9
      vertex 212.55 341.2 3
    endloop
  endfacet
  facet normal -0.19509032201612567 -0.980785280403231 -1.4539956525362302e-18
    outer loop
      vertex 212.55 339.55 3
      vertex 213.16229349178417 339.42820725201807 3
      vertex 213.16229349178417 339.42820725201807 9
    endloop
  endfacet
  facet normal -0.5555702330196407 -0.8314696123025196 3.3851475538603216e-18
    outer loop
      vertex 213.16229349178417 339.42820725201807 3
      vertex 213.68137084989849 339.08137084989846 3
      vertex 213.68137084989849 339.08137084989846 9
    endloop
  endfacet
  facet normal -0.8314696123025406 -0.5555702330196092 -5.887240550333412e-20
    outer loop
      vertex 213.68137084989849 339.08137084989846 3
      vertex 214.02820725201806 338.56229349178415 3
      vertex 214.02820725201806 338.56229349178415 9
    endloop
  endfacet
  facet normal 0.13052619222001766 0.9914448613738149 0
    outer loop
      vertex 212.55 341.2 3
      vertex 212.55 341.2 9
      vertex 213.3911618965832 341.0892589354395 3
    endloop
  endfacet
  facet normal 0.38268343236509805 0.9238795325112834 0
    outer loop
      vertex 213.3911618965832 341.0892589354395 3
      vertex 213.3911618965832 341.0892589354395 9
      vertex 214.175 340.76458256229944 3
    endloop
  endfacet
  facet normal 0.6087614290087512 0.7933533402912116 0
    outer loop
      vertex 214.175 340.76458256229944 3
      vertex 214.175 340.76458256229944 9
      vertex 214.84809703885628 340.24809703885626 3
    endloop
  endfacet
  facet normal 0.7933533402912278 -0.6087614290087301 0
    outer loop
      vertex 214.84809703885628 335.6519029611437 3
      vertex 215.36458256229943 336.325 3
      vertex 214.84809703885628 335.6519029611437 9
    endloop
  endfacet
  facet normal 0.9238795325112883 -0.38268343236508623 0
    outer loop
      vertex 215.36458256229943 336.325 3
      vertex 215.68925893543948 337.1088381034168 3
      vertex 215.36458256229943 336.325 9
    endloop
  endfacet
  facet normal 0.9914448613738099 -0.13052619222005493 0
    outer loop
      vertex 215.68925893543948 337.1088381034168 3
      vertex 215.8 337.95 3
      vertex 215.68925893543948 337.1088381034168 9
    endloop
  endfacet
  facet normal 0.9914448613738099 0.13052619222005493 0
    outer loop
      vertex 215.8 337.95 3
      vertex 215.68925893543948 338.79116189658316 3
      vertex 215.8 337.95 9
    endloop
  endfacet
  facet normal 0.7933533402912278 0.6087614290087301 0
    outer loop
      vertex 215.36458256229943 339.575 3
      vertex 214.84809703885628 340.24809703885626 3
      vertex 215.36458256229943 339.575 9
    endloop
  endfacet
  facet normal 0.9238795325112883 0.38268343236508623 -1.671183282528558e-18
    outer loop
      vertex 215.36458256229943 339.575 3
      vertex 215.68925893543948 338.79116189658316 9
      vertex 215.68925893543948 338.79116189658316 3
    endloop
  endfacet
  facet normal 0 0 1
    outer loop
      vertex 126.16000000000001 342 3
      vertex 212.55 341.2 3
      vertex 316 347 3
    endloop
  endfacet
  facet normal -0.9238795325112883 -0.38268343236508623 0
    outer loop
      vertex 209.7354174377006 336.325 3
      vertex 209.7354174377006 336.325 9
      vertex 209.41074106456054 337.1088381034168 9
    endloop
  endfacet
  facet normal -0.7933533402912278 -0.6087614290087301 0
    outer loop
      vertex 210.25190296114374 335.6519029611437 3
      vertex 210.25190296114374 335.6519029611437 9
      vertex 209.7354174377006 336.325 9
    endloop
  endfacet
  facet normal -0.9914448613738099 -0.13052619222005493 0
    outer loop
      vertex 209.41074106456054 337.1088381034168 3
      vertex 209.41074106456054 337.1088381034168 9
      vertex 209.3 337.95 9
    endloop
  endfacet
  facet normal -0.9914448613738099 0.13052619222005493 0
    outer loop
      vertex 209.3 337.95 3
      vertex 209.3 337.95 9
      vertex 209.41074106456054 338.79116189658316 9
    endloop
  endfacet
  facet normal -0.9238795325112883 0.38268343236508623 0
    outer loop
      vertex 209.41074106456054 338.79116189658316 3
      vertex 209.41074106456054 338.79116189658316 9
      vertex 209.7354174377006 339.575 9
    endloop
  endfacet
  facet normal -0.7933533402912278 0.6087614290087301 0
    outer loop
      vertex 209.7354174377006 339.575 3
      vertex 209.7354174377006 339.575 9
      vertex 210.25190296114374 340.24809703885626 9
    endloop
  endfacet
  facet normal 0.8314696123025406 0.5555702330196092 0
    outer loop
      vertex 211.41862915010154 336.8186291501015 3
      vertex 211.07179274798196 337.33770650821583 9
      vertex 211.41862915010154 336.8186291501015 9
    endloop
  endfacet
  facet normal 0.5555702330196407 0.8314696123025196 0
    outer loop
      vertex 211.93770650821585 336.4717927479819 3
      vertex 211.41862915010154 336.8186291501015 9
      vertex 211.93770650821585 336.4717927479819 9
    endloop
  endfacet
  facet normal 0.19509032201612567 0.980785280403231 0
    outer loop
      vertex 212.55 336.34999999999997 3
      vertex 211.93770650821585 336.4717927479819 9
      vertex 212.55 336.34999999999997 9
    endloop
  endfacet
  facet normal 0.980785280403231 0.19509032201612567 0
    outer loop
      vertex 211.07179274798196 337.33770650821583 3
      vertex 210.95000000000002 337.95 9
      vertex 211.07179274798196 337.33770650821583 9
    endloop
  endfacet
  facet normal 0.980785280403231 -0.19509032201612567 0
    outer loop
      vertex 210.95000000000002 337.95 3
      vertex 211.07179274798196 338.56229349178415 9
      vertex 210.95000000000002 337.95 9
    endloop
  endfacet
  facet normal -0.19509032201612567 0.980785280403231 0
    outer loop
      vertex 213.16229349178417 336.4717927479819 3
      vertex 212.55 336.34999999999997 9
      vertex 213.16229349178417 336.4717927479819 9
    endloop
  endfacet
  facet normal -0.5555702330196407 0.8314696123025196 0
    outer loop
      vertex 213.68137084989849 336.8186291501015 3
      vertex 213.16229349178417 336.4717927479819 9
      vertex 213.68137084989849 336.8186291501015 9
    endloop
  endfacet
  facet normal -0.8314696123025406 0.5555702330196092 0
    outer loop
      vertex 214.02820725201806 337.33770650821583 3
      vertex 213.68137084989849 336.8186291501015 9
      vertex 214.02820725201806 337.33770650821583 9
    endloop
  endfacet
  facet normal -0.980785280403231 0.19509032201612567 0
    outer loop
      vertex 214.15 337.95 3
      vertex 214.02820725201806 337.33770650821583 9
      vertex 214.15 337.95 9
    endloop
  endfacet
  facet normal -0.980785280403231 -0.19509032201612567 0
    outer loop
      vertex 214.02820725201806 338.56229349178415 3
      vertex 214.15 337.95 9
      vertex 214.02820725201806 338.56229349178415 9
    endloop
  endfacet
  facet normal 0.8314696123025406 -0.5555702330196092 0
    outer loop
      vertex 211.07179274798196 338.56229349178415 3
      vertex 211.41862915010154 339.08137084989846 9
      vertex 211.07179274798196 338.56229349178415 9
    endloop
  endfacet
  facet normal 0.5555702330196407 -0.8314696123025196 0
    outer loop
      vertex 211.41862915010154 339.08137084989846 3
      vertex 211.93770650821585 339.42820725201807 9
      vertex 211.41862915010154 339.08137084989846 9
    endloop
  endfacet
  facet normal 0.19509032201612567 -0.980785280403231 0
    outer loop
      vertex 211.93770650821585 339.42820725201807 3
      vertex 212.55 339.55 9
      vertex 211.93770650821585 339.42820725201807 9
    endloop
  endfacet
  facet normal -0.6087614290087512 0.7933533402912116 0
    outer loop
      vertex 210.925 340.76458256229944 3
      vertex 210.25190296114374 340.24809703885626 9
      vertex 210.925 340.76458256229944 9
    endloop
  endfacet
  facet normal -0.38268343236509805 0.9238795325112834 0
    outer loop
      vertex 211.7088381034168 341.0892589354395 3
      vertex 210.925 340.76458256229944 9
      vertex 211.7088381034168 341.0892589354395 9
    endloop
  endfacet
  facet normal -0.13052619222001766 0.9914448613738149 0
    outer loop
      vertex 212.55 341.2 3
      vertex 211.7088381034168 341.0892589354395 9
      vertex 212.55 341.2 9
    endloop
  endfacet
  facet normal -0.19509032201612567 -0.980785280403231 0
    outer loop
      vertex 212.55 339.55 3
      vertex 213.16229349178417 339.42820725201807 9
      vertex 212.55 339.55 9
    endloop
  endfacet
  facet normal -0.5555702330196407 -0.8314696123025196 0
    outer loop
      vertex 213.16229349178417 339.42820725201807 3
      vertex 213.68137084989849 339.08137084989846 9
      vertex 213.16229349178417 339.42820725201807 9
    endloop
  endfacet
  facet normal -0.8314696123025406 -0.5555702330196092 0
    outer loop
      vertex 213.68137084989849 339.08137084989846 3
      vertex 214.02820725201806 338.56229349178415 9
      vertex 213.68137084989849 339.08137084989846 9
    endloop
  endfacet
  facet normal 0.13052619222001766 0.9914448613738149 0
    outer loop
      vertex 213.3911618965832 341.0892589354395 3
      vertex 212.55 341.2 9
      vertex 213.3911618965832 341.0892589354395 9
    endloop
  endfacet
  facet normal 0.38268343236509805 0.9238795325112834 0
    outer loop
      vertex 214.175 340.76458256229944 3
      vertex 213.3911618965832 341.0892589354395 9
      vertex 214.175 340.76458256229944 9
    endloop
  endfacet
  facet normal 0.7933533402912278 -0.6087614290087301 0
    outer loop
      vertex 215.36458256229943 336.325 3
      vertex 215.36458256229943 336.325 9
      vertex 214.84809703885628 335.6519029611437 9
    endloop
  endfacet
  facet normal 0.9238795325112883 -0.38268343236508623 0
    outer loop
      vertex 215.68925893543948 337.1088381034168 3
      vertex 215.68925893543948 337.1088381034168 9
      vertex 215.36458256229943 336.325 9
    endloop
  endfacet
  facet normal 0.9914448613738099 -0.13052619222005493 0
    outer loop
      vertex 215.8 337.95 3
      vertex 215.8 337.95 9
      vertex 215.68925893543948 337.1088381034168 9
    endloop
  endfacet
  facet normal 0.9914448613738099 0.13052619222005493 0
    outer loop
      vertex 215.68925893543948 338.79116189658316 3
      vertex 215.68925893543948 338.79116189658316 9
      vertex 215.8 337.95 9
    endloop
  endfacet
  facet normal 0.9238795325112883 0.38268343236508623 0
    outer loop
      vertex 215.36458256229943 339.575 3
      vertex 215.36458256229943 339.575 9
      vertex 215.68925893543948 338.79116189658316 9
    endloop
  endfacet
  facet normal 0.6087614290087512 0.7933533402912116 0
    outer loop
      vertex 214.84809703885628 340.24809703885626 3
      vertex 214.175 340.76458256229944 9
      vertex 214.84809703885628 340.24809703885626 9
    endloop
  endfacet
  facet normal 0.7933533402912278 0.6087614290087301 0
    outer loop
      vertex 214.84809703885628 340.24809703885626 3
      vertex 214.84809703885628 340.24809703885626 9
      vertex 215.36458256229943 339.575 9
    endloop
  endfacet
  facet normal -1 0 0
    outer loop
      vertex 133.82 347 55.1
      vertex 133.82 350 107.82923520434119
      vertex 133.82 350 55.1
    endloop
  endfacet
  facet normal 0 0 -1
    outer loop
      vertex 133.82 347 55.1
      vertex 133.82 350 55.1
      vertex 234.875 347 55.1
    endloop
  endfacet
  facet normal 0 0 -1
    outer loop
      vertex 133.82 350 55.1
      vertex 234.875 350 55.1
      vertex 234.875 347 55.1
    endloop
  endfacet
  facet normal 0 1 0
    outer loop
      vertex 133.82 350 55.1
      vertex 133.82 350 107.82923520434119
      vertex 234.875 350 55.1
    endloop
  endfacet
  facet normal 0 -1 0
    outer loop
      vertex 133.82 347 55.1
      vertex 234.875 347 55.1
      vertex 139.97 347 127.52775681356646
    endloop
  endfacet
  facet normal -1 0 0
    outer loop
      vertex 0 3 177.8
      vertex 0 347.0252790571551 176.2888417610348
      vertex 0 347.05019205734396 2.974715931920091
    endloop
  endfacet
  facet normal 1 0 0
    outer loop
      vertex 3 3 177.8
      vertex 3 347 10.6
      vertex 3 347 177.8
    endloop
  endfacet
  facet normal -1 0 0
    outer loop
      vertex 0 3 177.8
      vertex 0 347.02528271366367 176.31434119528117
      vertex 0 347.0252790571551 176.2888417610348
    endloop
  endfacet
  facet normal -1 0 0
    outer loop
      vertex 0 3 177.8
      vertex 0 347 177.8
      vertex 0 347.02528271366367 176.31434119528117
    endloop
  endfacet
  facet normal 0 0 1
    outer loop
      vertex 0 3 177.8
      vertex 0.025714285714285717 347 177.8
      vertex 0 347 177.8
    endloop
  endfacet
  facet normal 0 0 1
    outer loop
      vertex 2.974285714285714 3 177.8
      vertex 3 347 177.8
      vertex 0.025714285714285717 347 177.8
    endloop
  endfacet
  facet normal -1 0 0
    outer loop
      vertex 0 347.05019205734396 2.974715931920091
      vertex 0 350 177.8
      vertex 0 350 89.65638116846286
    endloop
  endfacet
  facet normal 0 1 0
    outer loop
      vertex 0 350 3
      vertex 0 350 89.65638116846286
      vertex 3 350 177.8
    endloop
  endfacet
  facet normal 0 -1 0
    outer loop
      vertex 83.70775681356646 347 129.85
      vertex 3 347 177.8
      vertex 3 347 10.6
    endloop
  endfacet
  facet normal -1 0 0
    outer loop
      vertex 0 347.05019205734396 2.974715931920091
      vertex 0 347.0252790571551 176.2888417610348
      vertex 0 347.02528271366367 176.31434119528117
    endloop
  endfacet
  facet normal -1 0 0
    outer loop
      vertex 0 347.05019205734396 2.974715931920091
      vertex 0 347.02528271366367 176.31434119528117
      vertex 0 350 177.8
    endloop
  endfacet
  facet normal 0 -1 0
    outer loop
      vertex 83.70775681356646 347 128.15
      vertex 83.48 347 129
      vertex 3 347 10.6
    endloop
  endfacet
  facet normal 0 -1 0
    outer loop
      vertex 83.48 347 129
      vertex 83.70775681356646 347 129.85
      vertex 3 347 10.6
    endloop
  endfacet
  facet normal 0 -1 0
    outer loop
      vertex 76.125 347 55.1
      vertex 85.18 347 127.3
      vertex 84.33000000000001 347 127.52775681356646
    endloop
  endfacet
  facet normal 0 -1 0
    outer loop
      vertex 92.18 347 55.1
      vertex 92.18 347 124
      vertex 85.18 347 127.3
    endloop
  endfacet
  facet normal 0 1 0
    outer loop
      vertex 92.18 350 55.1
      vertex 80.18 350 123
      vertex 90.18 350 123
    endloop
  endfacet
  facet normal 1 0 0
    outer loop
      vertex 92.18 350 55.1
      vertex 92.18 350 124
      vertex 92.18 347 124
    endloop
  endfacet
  facet normal 0 1 0
    outer loop
      vertex 92.18 350 55.1
      vertex 90.18 350 123
      vertex 90.18 350 124
    endloop
  endfacet
  facet normal 0 1 0
    outer loop
      vertex 92.18 350 55.1
      vertex 90.18 350 124
      vertex 92.18 350 124
    endloop
  endfacet
  facet normal 0 1 0
    outer loop
      vertex 76.125 350 55.1
      vertex 3 350 177.8
      vertex 80.18 350 123
    endloop
  endfacet
  facet normal -1 0 0
    outer loop
      vertex 80.18 350 123
      vertex 80.18 350 135
      vertex 80.18 355 123
    endloop
  endfacet
  facet normal 0.7071067811865476 0 0.7071067811865476
    outer loop
      vertex 84.33000000000001 347 127.52775681356646
      vertex 84.33000000000001 350 127.52775681356646
      vertex 83.70775681356646 347 128.15
    endloop
  endfacet
  facet normal 0.25881904510252635 4.688609672293447e-19 0.9659258262890668
    outer loop
      vertex 84.33000000000001 347 127.52775681356646
      vertex 85.18 347 127.3
      vertex 85.18 350 127.3
    endloop
  endfacet
  facet normal -0.25881904510252635 -4.688609672293447e-19 0.9659258262890668
    outer loop
      vertex 85.18 347 127.3
      vertex 86.03 347 127.52775681356646
      vertex 86.03 350 127.52775681356646
    endloop
  endfacet
  facet normal 0.25881904510252635 0 0.9659258262890668
    outer loop
      vertex 84.33000000000001 347 127.52775681356646
      vertex 85.18 350 127.3
      vertex 84.33000000000001 350 127.52775681356646
    endloop
  endfacet
  facet normal -0.25881904510252635 0 0.9659258262890668
    outer loop
      vertex 85.18 347 127.3
      vertex 86.03 350 127.52775681356646
      vertex 85.18 350 127.3
    endloop
  endfacet
  facet normal -0.7071067811865475 0 0.7071067811865475
    outer loop
      vertex 86.03 347 127.52775681356646
      vertex 86.43551813805041 350 127.93327495161687
      vertex 86.03 350 127.52775681356646
    endloop
  endfacet
  facet normal 0 0 -1
    outer loop
      vertex 80.18 350 123
      vertex 80.18 355 123
      vertex 90.18 355 123
    endloop
  endfacet
  facet normal 0 1 0
    outer loop
      vertex 80.18 355 123
      vertex 86.6849907949831 355 126.00570791631453
      vertex 89.01720930232558 355 124
    endloop
  endfacet
  facet normal 0 1 0
    outer loop
      vertex 80.18 355 123
      vertex 83.48 355 129
      vertex 83.70775681356646 355 128.15
    endloop
  endfacet
  facet normal 0 1 0
    outer loop
      vertex 80.18 355 123
      vertex 83.70775681356646 355 129.85
      vertex 83.48 355 129
    endloop
  endfacet
  facet normal 0 1 0
    outer loop
      vertex 80.18 355 123
      vertex 82.18 355 130
      vertex 83.70775681356646 355 129.85
    endloop
  endfacet
  facet normal 0 1 0
    outer loop
      vertex 80.18 355 123
      vertex 85.18 355 127.3
      vertex 86.6849907949831 355 126.00570791631453
    endloop
  endfacet
  facet normal 0 1 0
    outer loop
      vertex 80.18 355 123
      vertex 84.33000000000001 355 127.52775681356646
      vertex 85.18 355 127.3
    endloop
  endfacet
  facet normal 0 1 0
    outer loop
      vertex 80.18 355 123
      vertex 83.70775681356646 355 128.15
      vertex 84.33000000000001 355 127.52775681356646
    endloop
  endfacet
  facet normal 0 1 0
    outer loop
      vertex 85.18 355 127.3
      vertex 86.03 355 127.52775681356646
      vertex 86.6849907949831 355 126.00570791631453
    endloop
  endfacet
  facet normal 0 1 0
    outer loop
      vertex 84.33000000000001 355 127.52775681356646
      vertex 83.70775681356646 355 128.15
      vertex 85.18 355 127.3
    endloop
  endfacet
  facet normal 0 1 0
    outer loop
      vertex 85.18 355 127.3
      vertex 86.65224318643355 355 128.15
      vertex 86.03 355 127.52775681356646
    endloop
  endfacet
  facet normal 0.9659258262890668 0 0.25881904510252635
    outer loop
      vertex 83.70775681356646 347 128.15
      vertex 83.70775681356646 350 128.15
      vertex 83.48 347 129
    endloop
  endfacet
  facet normal 0.7071067811865476 2.2600132627506188e-18 0.7071067811865476
    outer loop
      vertex 84.33000000000001 350 127.52775681356646
      vertex 83.70775681356646 350 128.15
      vertex 83.70775681356646 347 128.15
    endloop
  endfacet
  facet normal 0.9659258262890668 0 0.25881904510252635
    outer loop
      vertex 83.48 347 129
      vertex 83.70775681356646 350 128.15
      vertex 83.48 350 129
    endloop
  endfacet
  facet normal 0.9659258262890668 0 -0.25881904510252635
    outer loop
      vertex 83.48 347 129
      vertex 83.48 350 129
      vertex 83.70775681356646 347 129.85
    endloop
  endfacet
  facet normal 0.7071067811865556 0 -0.7071067811865395
    outer loop
      vertex 83.70775681356646 347 129.85
      vertex 83.70775681356646 350 129.85
      vertex 84.33000000000001 347 130.47224318643356
    endloop
  endfacet
  facet normal 0.9659258262890668 0 -0.25881904510252635
    outer loop
      vertex 83.70775681356646 347 129.85
      vertex 83.48 350 129
      vertex 83.70775681356646 350 129.85
    endloop
  endfacet
  facet normal 0.7071067811865556 0 -0.7071067811865395
    outer loop
      vertex 84.33000000000001 347 130.47224318643356
      vertex 83.70775681356646 350 129.85
      vertex 84.33000000000001 350 130.47224318643356
    endloop
  endfacet
  facet normal 0.2588190451024962 0 -0.9659258262890749
    outer loop
      vertex 84.33000000000001 347 130.47224318643356
      vertex 84.33000000000001 350 130.47224318643356
      vertex 85.18 347 130.7
    endloop
  endfacet
  facet normal -0.7071067811865556 0 -0.7071067811865395
    outer loop
      vertex 86.03 347 130.47224318643356
      vertex 86.03 350 130.47224318643356
      vertex 86.65224318643355 347 129.85
    endloop
  endfacet
  facet normal -0.2588190451024962 0 -0.9659258262890749
    outer loop
      vertex 86.03 347 130.47224318643356
      vertex 85.18 350 130.7
      vertex 86.03 350 130.47224318643356
    endloop
  endfacet
  facet normal 0 -1 0
    outer loop
      vertex 84.33000000000001 350 127.52775681356646
      vertex 84.33000000000001 350 130.47224318643356
      vertex 83.70775681356646 350 128.15
    endloop
  endfacet
  facet normal 0 -1 0
    outer loop
      vertex 84.33000000000001 350 127.52775681356646
      vertex 85.18 350 127.3
      vertex 84.33000000000001 350 130.47224318643356
    endloop
  endfacet
  facet normal 0 -1 0
    outer loop
      vertex 85.18 350 127.3
      vertex 86.03 350 127.52775681356646
      vertex 86.22333333333334 350 129
    endloop
  endfacet
  facet normal 0 -1 0
    outer loop
      vertex 86.03 350 127.52775681356646
      vertex 86.43551813805041 350 127.93327495161687
      vertex 86.22333333333334 350 129
    endloop
  endfacet
  facet normal 0 -1 0
    outer loop
      vertex 85.18 350 127.3
      vertex 86.22333333333334 350 129
      vertex 84.33000000000001 350 130.47224318643356
    endloop
  endfacet
  facet normal 0 -1 0
    outer loop
      vertex 83.70775681356646 350 128.15
      vertex 84.33000000000001 350 130.47224318643356
      vertex 83.48 350 129
    endloop
  endfacet
  facet normal 0 -1 0
    outer loop
      vertex 83.48 350 129
      vertex 84.33000000000001 350 130.47224318643356
      vertex 83.70775681356646 350 129.85
    endloop
  endfacet
  facet normal 0 -1 0
    outer loop
      vertex 86.22333333333334 350 129
      vertex 86.43551813805041 350 130.06672504838315
      vertex 86.03 350 130.47224318643356
    endloop
  endfacet
  facet normal 0 -1 0
    outer loop
      vertex 86.22333333333334 350 129
      vertex 85.18 350 130.7
      vertex 84.33000000000001 350 130.47224318643356
    endloop
  endfacet
  facet normal 0 -1 0
    outer loop
      vertex 86.22333333333334 350 129
      vertex 86.03 350 130.47224318643356
      vertex 85.18 350 130.7
    endloop
  endfacet
  facet normal -0.2588190451024962 4.6743240747219454e-18 -0.9659258262890749
    outer loop
      vertex 86.03 347 130.47224318643356
      vertex 85.18 347 130.7
      vertex 85.18 350 130.7
    endloop
  endfacet
  facet normal 0.2588190451024962 -4.6743240747219454e-18 -0.9659258262890749
    outer loop
      vertex 84.33000000000001 350 130.47224318643356
      vertex 85.18 350 130.7
      vertex 85.18 347 130.7
    endloop
  endfacet
  facet normal 0 1 0
    outer loop
      vertex 80.18 355 123
      vertex 82.18 355 134
      vertex 82.18 355 130
    endloop
  endfacet
  facet normal 0 1 0
    outer loop
      vertex 85.18 355 127.3
      vertex 83.70775681356646 355 128.15
      vertex 86.65224318643355 355 128.15
    endloop
  endfacet
  facet normal 0 1 0
    outer loop
      vertex 83.70775681356646 355 128.15
      vertex 83.48 355 129
      vertex 86.65224318643355 355 128.15
    endloop
  endfacet
  facet normal 0 1 0
    outer loop
      vertex 83.48 355 129
      vertex 86.88000000000001 355 129
      vertex 86.65224318643355 355 128.15
    endloop
  endfacet
  facet normal 0 1 0
    outer loop
      vertex 82.18 355 130
      vertex 83.85775681356647 355 130
      vertex 83.70775681356646 355 129.85
    endloop
  endfacet
  facet normal 0 1 0
    outer loop
      vertex 83.48 355 129
      vertex 83.70775681356646 355 129.85
      vertex 86.88000000000001 355 129
    endloop
  endfacet
  facet normal 0 1 0
    outer loop
      vertex 83.70775681356646 355 129.85
      vertex 86.65224318643355 355 129.85
      vertex 86.88000000000001 355 129
    endloop
  endfacet
  facet normal 0 1 0
    outer loop
      vertex 83.70775681356646 355 129.85
      vertex 83.85775681356647 355 130
      vertex 86.65224318643355 355 129.85
    endloop
  endfacet
  facet normal 0 0 -1
    outer loop
      vertex 82.18 355 130
      vertex 87.85775681356647 355.1 130
      vertex 83.85775681356647 355 130
    endloop
  endfacet
  facet normal 0 1 0
    outer loop
      vertex 83.85775681356647 355 130
      vertex 86.50224318643355 355 130
      vertex 86.65224318643355 355 129.85
    endloop
  endfacet
  facet normal 0 0 -1
    outer loop
      vertex 83.85775681356647 355 130
      vertex 87.85775681356647 355.1 130
      vertex 86.50224318643355 355 130
    endloop
  endfacet
  facet normal -1 0 0
    outer loop
      vertex 80.18 355 123
      vertex 80.18 350 135
      vertex 80.18 355 135
    endloop
  endfacet
  facet normal 0 1 0
    outer loop
      vertex 80.18 355 123
      vertex 80.18 355 135
      vertex 82.18 355 134
    endloop
  endfacet
  facet normal -1 0 0
    outer loop
      vertex 82.18 355 130
      vertex 82.18 358 134
      vertex 82.18 358 130
    endloop
  endfacet
  facet normal -1 0 0
    outer loop
      vertex 82.18 355 130
      vertex 82.18 355 134
      vertex 82.18 358 134
    endloop
  endfacet
  facet normal 0 0 -1
    outer loop
      vertex 80.18 350 123
      vertex 90.18 355 123
      vertex 90.18 350 123
    endloop
  endfacet
  facet normal 0 0 -1
    outer loop
      vertex 92.18 347 124
      vertex 92.18 350 124
      vertex 92.68 347 124
    endloop
  endfacet
  facet normal 1 0 0
    outer loop
      vertex 90.18 350 123
      vertex 90.18 355 124
      vertex 90.18 350 124
    endloop
  endfacet
  facet normal 0 0 -1
    outer loop
      vertex 90.18 350 124
      vertex 90.18 355 124
      vertex 92.18 350 124
    endloop
  endfacet
  facet normal 0 -1 0
    outer loop
      vertex 85.18 347 127.3
      vertex 92.18 347 124
      vertex 86.03 347 127.52775681356646
    endloop
  endfacet
  facet normal 0 -1 0
    outer loop
      vertex 86.03 347 127.52775681356646
      vertex 92.18 347 124
      vertex 86.65224318643355 347 128.15
    endloop
  endfacet
  facet normal 0 -1 0
    outer loop
      vertex 92.18 347 124
      vertex 86.88000000000001 347 129
      vertex 86.65224318643355 347 128.15
    endloop
  endfacet
  facet normal -0.1795472057267643 -0.39114606182206824 0.9026447580509167
    outer loop
      vertex 90.18 350 126.24224570071299
      vertex 90.31146734835946 350 126.26839618220829
      vertex 90.18 350.7927863159552 126.58578643762691
    endloop
  endfacet
  facet normal -0.5113071827078167 -0.39114606182206896 0.7652252761327749
    outer loop
      vertex 90.31146734835946 350 126.26839618220829
      vertex 91.27067904970824 350 126.90932095029177
      vertex 90.38208152801714 352.9 127.79791847198287
    endloop
  endfacet
  facet normal -0.7652252761327746 -0.39114606182206973 0.5113071827078165
    outer loop
      vertex 91.27067904970824 350 126.90932095029177
      vertex 91.91160381779171 350 127.86853265164055
      vertex 90.75059520526919 352.9 128.34943816497935
    endloop
  endfacet
  facet normal -0.5113071827078275 -0.39114606182206574 0.7652252761327691
    outer loop
      vertex 90.31146734835946 350 126.26839618220829
      vertex 90.38208152801714 352.9 127.79791847198287
      vertex 90.18 350.7927863159552 126.58578643762691
    endloop
  endfacet
  facet normal 1 0 0
    outer loop
      vertex 90.18 350.7927863159552 126.58578643762691
      vertex 90.18 352.9 127.66289191184373
      vertex 90.18 352.9 127.67775681356645
    endloop
  endfacet
  facet normal -0.5113071827078185 -0.39114606182206924 0.7652252761327738
    outer loop
      vertex 90.18 350.7927863159552 126.58578643762691
      vertex 90.38208152801714 352.9 127.79791847198287
      vertex 90.18 352.9 127.66289191184373
    endloop
  endfacet
  facet normal -0.7652252761327696 -0.3911460618220697 0.5113071827078243
    outer loop
      vertex 91.27067904970824 350 126.90932095029177
      vertex 90.54704109103352 352.9 128.04479790459996
      vertex 90.38208152801714 352.9 127.79791847198287
    endloop
  endfacet
  facet normal -0.7652252761327883 -0.39114606182206474 0.5113071827077997
    outer loop
      vertex 91.27067904970824 350 126.90932095029177
      vertex 90.65224318643355 352.8317065462353 128.15
      vertex 90.54704109103352 352.9 128.04479790459996
    endloop
  endfacet
  facet normal -0.7652252761328066 -0.3911460618220585 0.5113071827077772
    outer loop
      vertex 91.27067904970824 350 126.90932095029177
      vertex 90.67561390938613 352.9 128.23722072546863
      vertex 90.65224318643355 352.8317065462353 128.15
    endloop
  endfacet
  facet normal 0 1 0
    outer loop
      vertex 80.18 355 123
      vertex 89.01720930232558 355 124
      vertex 90.18 355 123
    endloop
  endfacet
  facet normal 0 1 0
    outer loop
      vertex 89.01720930232558 355 124
      vertex 90.18 355 124
      vertex 90.18 355 123
    endloop
  endfacet
  facet normal 1 0 0
    outer loop
      vertex 90.18 350 123
      vertex 90.18 355 123
      vertex 90.18 355 124
    endloop
  endfacet
  facet normal 0 1 0
    outer loop
      vertex 86.6849907949831 355 126.00570791631453
      vertex 87.20846600888298 355 126.24202006627094
      vertex 87.78370618013368 355 126.49823239653396
    endloop
  endfacet
  facet normal 0 1 0
    outer loop
      vertex 86.6849907949831 355 126.00570791631453
      vertex 87.78370618013368 355 126.49823239653396
      vertex 88.1642637027637 355 126.66497508588418
    endloop
  endfacet
  facet normal 0 1 0
    outer loop
      vertex 86.03 355 127.52775681356646
      vertex 87.20846600888298 355 126.24202006627094
      vertex 86.6849907949831 355 126.00570791631453
    endloop
  endfacet
  facet normal 0 1 0
    outer loop
      vertex 87.20846600888298 355 126.24202006627094
      vertex 86.65224318643355 355 128.15
      vertex 87.78370618013368 355 126.49823239653396
    endloop
  endfacet
  facet normal 0 1 0
    outer loop
      vertex 86.03 355 127.52775681356646
      vertex 86.65224318643355 355 128.15
      vertex 87.20846600888298 355 126.24202006627094
    endloop
  endfacet
  facet normal 0 1 0
    outer loop
      vertex 87.78370618013368 355 126.49823239653396
      vertex 86.65224318643355 355 128.15
      vertex 88.1642637027637 355 126.66497508588418
    endloop
  endfacet
  facet normal 0 1 0
    outer loop
      vertex 88.1642637027637 355 126.66497508588418
      vertex 86.88000000000001 355 129
      vertex 88.27024311803382 355 126.7082586280212
    endloop
  endfacet
  facet normal 0 1 0
    outer loop
      vertex 88.27024311803382 355 126.7082586280212
      vertex 90.18 355 127.67775681356646
      vertex 90.18 355 127.53265449549072
    endloop
  endfacet
  facet normal 0 -1 0
    outer loop
      vertex 90.18 352.9 127.66289191184373
      vertex 90.38208152801714 352.9 127.79791847198287
      vertex 90.18 352.9 127.67775681356645
    endloop
  endfacet
  facet normal 0 1 0
    outer loop
      vertex 90.18 355 127.53265449549072
      vertex 90.18 355 127.67775681356646
      vertex 90.65224318643355 355 128.15
    endloop
  endfacet
  facet normal -0.7071067811865476 -1.3244935072528257e-18 0.7071067811865476
    outer loop
      vertex 86.03 347 127.52775681356646
      vertex 86.65224318643355 347 128.15
      vertex 86.43551813805041 350 127.93327495161687
    endloop
  endfacet
  facet normal -0.7071067811865475 0 0.7071067811865475
    outer loop
      vertex 86.65224318643355 347 128.15
      vertex 86.65224318643355 350.59961770960194 128.15
      vertex 86.43551813805041 350 127.93327495161687
    endloop
  endfacet
  facet normal -0.9659258262890668 -3.1150899015237533e-19 0.25881904510252635
    outer loop
      vertex 86.65224318643355 347 128.15
      vertex 86.88000000000001 347 129
      vertex 86.88000000000001 351.5153846153846 129
    endloop
  endfacet
  facet normal -0.9659258262890668 3.9075896808041273e-19 -0.25881904510252635
    outer loop
      vertex 86.88000000000001 347 129
      vertex 86.65224318643355 347 129.85
      vertex 86.65224318643355 350.59961770960194 129.85
    endloop
  endfacet
  facet normal -0.7071067811865706 0 -0.7071067811865243
    outer loop
      vertex 86.65224318643355 347 129.85
      vertex 86.43551813805041 350 130.06672504838315
      vertex 86.65224318643355 350.59961770960194 129.85
    endloop
  endfacet
  facet normal -0.7071067811865475 3.3576080249634648e-15 -0.7071067811865475
    outer loop
      vertex 86.03 350 130.47224318643356
      vertex 86.43551813805041 350 130.06672504838315
      vertex 86.65224318643355 347 129.85
    endloop
  endfacet
  facet normal -0.9659258262890668 0 0.25881904510252635
    outer loop
      vertex 86.65224318643355 347 128.15
      vertex 86.88000000000001 351.5153846153846 129
      vertex 86.65224318643355 350.59961770960194 128.15
    endloop
  endfacet
  facet normal 0.9026447580509255 -0.3911460618220552 0.1795472057267476
    outer loop
      vertex 86.22333333333334 350 129
      vertex 86.43551813805041 350 127.93327495161687
      vertex 86.65224318643355 350.59961770960194 128.15
    endloop
  endfacet
  facet normal 0.9026447580509228 -0.3911460618220654 0.17954720572673905
    outer loop
      vertex 86.22333333333334 350 129
      vertex 86.65224318643355 350.59961770960194 128.15
      vertex 86.88000000000001 351.5153846153846 129
    endloop
  endfacet
  facet normal -0.9659258262890668 0 -0.25881904510252635
    outer loop
      vertex 86.88000000000001 347 129
      vertex 86.65224318643355 350.59961770960194 129.85
      vertex 86.88000000000001 351.5153846153846 129
    endloop
  endfacet
  facet normal 0.9026447580509247 -0.3911460618220583 -0.17954720572674507
    outer loop
      vertex 86.22333333333334 350 129
      vertex 86.65224318643355 350.59961770960194 129.85
      vertex 86.43551813805041 350 130.06672504838315
    endloop
  endfacet
  facet normal 0.9026447580509228 -0.3911460618220654 -0.17954720572673905
    outer loop
      vertex 86.22333333333334 350 129
      vertex 86.88000000000001 351.5153846153846 129
      vertex 86.65224318643355 350.59961770960194 129.85
    endloop
  endfacet
  facet normal 0 -1 0
    outer loop
      vertex 92.18 347 124
      vertex 92.68 347 124
      vertex 92.68 347 135.6
    endloop
  endfacet
  facet normal 0 -1 0
    outer loop
      vertex 92.18 347 124
      vertex 92.68 347 135.6
      vertex 86.88000000000001 347 129
    endloop
  endfacet
  facet normal 0 1 0
    outer loop
      vertex 90.18 350 126.24224570071299
      vertex 90.18 350 131.757754299287
      vertex 90.31146734835946 350 126.26839618220829
    endloop
  endfacet
  facet normal 0 1 0
    outer loop
      vertex 90.31146734835946 350 126.26839618220829
      vertex 90.18 350 131.757754299287
      vertex 91.27067904970824 350 126.90932095029177
    endloop
  endfacet
  facet normal 1 0 0
    outer loop
      vertex 90.18 350 126.24224570071299
      vertex 90.18 350.7927863159552 126.58578643762691
      vertex 90.18 350.7927863159552 131.41421356237308
    endloop
  endfacet
  facet normal 0 1 0
    outer loop
      vertex 91.27067904970824 350 126.90932095029177
      vertex 90.31146734835946 350 131.7316038177917
      vertex 91.91160381779171 350 127.86853265164055
    endloop
  endfacet
  facet normal -0.9026447580509215 -0.3911460618220671 0.17954720572674188
    outer loop
      vertex 91.91160381779171 350 127.86853265164055
      vertex 92.13666666666667 350 129
      vertex 90.88000000000001 352.9 129
    endloop
  endfacet
  facet normal -0.7652252761327666 -0.3911460618220731 0.511307182707826
    outer loop
      vertex 91.27067904970824 350 126.90932095029177
      vertex 90.75059520526919 352.9 128.34943816497935
      vertex 90.67561390938613 352.9 128.23722072546863
    endloop
  endfacet
  facet normal -0.902644758050918 -0.39114606182207023 0.17954720572675303
    outer loop
      vertex 91.91160381779171 350 127.86853265164055
      vertex 90.88000000000001 352.9 129
      vertex 90.75059520526919 352.9 128.34943816497935
    endloop
  endfacet
  facet normal 1 0 0
    outer loop
      vertex 90.18 350.7927863159552 126.58578643762691
      vertex 90.18 352.9 130.32224318643355
      vertex 90.18 352.9 130.33710808815627
    endloop
  endfacet
  facet normal 1 0 0
    outer loop
      vertex 90.18 350 126.24224570071299
      vertex 90.18 350.7927863159552 131.41421356237308
      vertex 90.18 350 131.757754299287
    endloop
  endfacet
  facet normal 0 1 0
    outer loop
      vertex 91.91160381779171 350 127.86853265164055
      vertex 91.27067904970824 350 131.09067904970823
      vertex 92.13666666666667 350 129
    endloop
  endfacet
  facet normal -0.9026447580509206 -0.39114606182206946 -0.17954720572674168
    outer loop
      vertex 92.13666666666667 350 129
      vertex 91.91160381779171 350 130.13146734835945
      vertex 90.75059520526919 352.9 129.65056183502065
    endloop
  endfacet
  facet normal 0 1 0
    outer loop
      vertex 91.27067904970824 350 126.90932095029177
      vertex 90.18 350 131.757754299287
      vertex 90.31146734835946 350 131.7316038177917
    endloop
  endfacet
  facet normal 0 1 0
    outer loop
      vertex 92.13666666666667 350 129
      vertex 91.27067904970824 350 131.09067904970823
      vertex 91.91160381779171 350 130.13146734835945
    endloop
  endfacet
  facet normal 0 1 0
    outer loop
      vertex 91.91160381779171 350 127.86853265164055
      vertex 90.31146734835946 350 131.7316038177917
      vertex 91.27067904970824 350 131.09067904970823
    endloop
  endfacet
  facet normal -0.7652252761327741 -0.3911460618220711 -0.5113071827078162
    outer loop
      vertex 91.91160381779171 350 130.13146734835945
      vertex 91.27067904970824 350 131.09067904970823
      vertex 90.38208152801714 352.9 130.20208152801712
    endloop
  endfacet
  facet normal 1 0 0
    outer loop
      vertex 90.18 350.7927863159552 126.58578643762691
      vertex 90.18 352.9 130.33710808815627
      vertex 90.18 350.7927863159552 131.41421356237308
    endloop
  endfacet
  facet normal -0.9026447580509196 -0.3911460618220664 -0.17954720572675337
    outer loop
      vertex 92.13666666666667 350 129
      vertex 90.75059520526919 352.9 129.65056183502065
      vertex 90.88000000000001 352.9 129
    endloop
  endfacet
  facet normal -0.7652252761327678 -0.39114606182206896 -0.5113071827078272
    outer loop
      vertex 91.91160381779171 350 130.13146734835945
      vertex 90.67561390938613 352.9 129.76277927453137
      vertex 90.75059520526919 352.9 129.65056183502065
    endloop
  endfacet
  facet normal -0.7652252761327586 -0.39114606182206224 -0.5113071827078463
    outer loop
      vertex 91.91160381779171 350 130.13146734835945
      vertex 90.38208152801714 352.9 130.20208152801712
      vertex 90.54704109103352 352.9 129.95520209540004
    endloop
  endfacet
  facet normal -0.5113071827078541 -0.3911460618220755 -0.7652252761327465
    outer loop
      vertex 91.27067904970824 350 131.09067904970823
      vertex 90.18 352.9 130.33710808815627
      vertex 90.38208152801714 352.9 130.20208152801712
    endloop
  endfacet
  facet normal -0.7652252761327882 -0.39114606182207284 -0.5113071827077937
    outer loop
      vertex 91.91160381779171 350 130.13146734835945
      vertex 90.54704109103352 352.9 129.95520209540004
      vertex 90.65224318643355 352.8317065462353 129.85
    endloop
  endfacet
  facet normal -0.7652252761327926 -0.3911460618220741 -0.5113071827077862
    outer loop
      vertex 91.91160381779171 350 130.13146734835945
      vertex 90.65224318643355 352.8317065462353 129.85
      vertex 90.67561390938613 352.9 129.76277927453137
    endloop
  endfacet
  facet normal 0 -1 0
    outer loop
      vertex 86.88000000000001 347 129
      vertex 92.68 347 135.6
      vertex 86.65224318643355 347 129.85
    endloop
  endfacet
  facet normal 0 -1 0
    outer loop
      vertex 86.03 347 130.47224318643356
      vertex 92.68 347 135.6
      vertex 85.18 347 130.7
    endloop
  endfacet
  facet normal 0 -1 0
    outer loop
      vertex 86.03 347 130.47224318643356
      vertex 86.65224318643355 347 129.85
      vertex 92.68 347 135.6
    endloop
  endfacet
  facet normal -0.5113071827078093 -0.3911460618220673 -0.7652252761327807
    outer loop
      vertex 91.27067904970824 350 131.09067904970823
      vertex 90.31146734835946 350 131.7316038177917
      vertex 90.18 350.7927863159552 131.41421356237308
    endloop
  endfacet
  facet normal -0.1795472057267643 -0.39114606182206824 -0.9026447580509167
    outer loop
      vertex 90.18 350 131.757754299287
      vertex 90.18 350.7927863159552 131.41421356237308
      vertex 90.31146734835946 350 131.7316038177917
    endloop
  endfacet
  facet normal -0.5113071827078093 -0.39114606182206746 -0.7652252761327805
    outer loop
      vertex 91.27067904970824 350 131.09067904970823
      vertex 90.18 350.7927863159552 131.41421356237308
      vertex 90.18 352.9 130.33710808815627
    endloop
  endfacet
  facet normal 0 1 0
    outer loop
      vertex 88.1642637027637 355 126.66497508588418
      vertex 86.65224318643355 355 128.15
      vertex 86.88000000000001 355 129
    endloop
  endfacet
  facet normal 0 1 0
    outer loop
      vertex 88.27024311803382 355 126.7082586280212
      vertex 86.88000000000001 355 129
      vertex 86.65224318643355 355 129.85
    endloop
  endfacet
  facet normal 0 1 0
    outer loop
      vertex 88.27024311803382 355 126.7082586280212
      vertex 86.65224318643355 355 129.85
      vertex 87.85775681356647 355 130
    endloop
  endfacet
  facet normal 0 1 0
    outer loop
      vertex 88.27024311803382 355 126.7082586280212
      vertex 87.85775681356647 355 130
      vertex 88.33000000000001 355 130.47224318643356
    endloop
  endfacet
  facet normal 0 1 0
    outer loop
      vertex 88.27024311803382 355 126.7082586280212
      vertex 90.18 355 130.32224318643355
      vertex 90.18 355 127.67775681356646
    endloop
  endfacet
  facet normal 0 1 0
    outer loop
      vertex 88.27024311803382 355 126.7082586280212
      vertex 90.03 355 130.47224318643356
      vertex 90.18 355 130.32224318643355
    endloop
  endfacet
  facet normal 0 1 0
    outer loop
      vertex 86.65224318643355 355 129.85
      vertex 86.50224318643355 355 130
      vertex 87.85775681356647 355 130
    endloop
  endfacet
  facet normal 0 0 -1
    outer loop
      vertex 86.50224318643355 355 130
      vertex 87.85775681356647 355.1 130
      vertex 87.85775681356647 355 130
    endloop
  endfacet
  facet normal 0.7071067811865582 0 -0.7071067811865369
    outer loop
      vertex 87.85775681356647 355.1 130
      vertex 88.33000000000001 355.1 130.47224318643356
      vertex 87.85775681356647 355 130
    endloop
  endfacet
  facet normal 0 1 0
    outer loop
      vertex 88.27024311803382 355 126.7082586280212
      vertex 88.33000000000001 355 130.47224318643356
      vertex 89.18 355 130.7
    endloop
  endfacet
  facet normal 0 1 0
    outer loop
      vertex 88.27024311803382 355 126.7082586280212
      vertex 89.18 355 130.7
      vertex 90.03 355 130.47224318643356
    endloop
  endfacet
  facet normal 0.7071067811865582 9.257052060561492e-17 -0.7071067811865369
    outer loop
      vertex 87.85775681356647 355 130
      vertex 88.33000000000001 355.1 130.47224318643356
      vertex 88.33000000000001 355 130.47224318643356
    endloop
  endfacet
  facet normal 0 -1 0
    outer loop
      vertex 87.85775681356647 355.1 130
      vertex 89.18 355.1 130.7
      vertex 88.33000000000001 355.1 130.47224318643356
    endloop
  endfacet
  facet normal 0.25881904510249626 0 -0.965925826289075
    outer loop
      vertex 88.33000000000001 355.1 130.47224318643356
      vertex 89.18 355.1 130.7
      vertex 88.33000000000001 355 130.47224318643356
    endloop
  endfacet
  facet normal 0 -1 0
    outer loop
      vertex 87.85775681356647 355.1 130
      vertex 90.03 355.1 130.47224318643356
      vertex 89.18 355.1 130.7
    endloop
  endfacet
  facet normal 0 -1 0
    outer loop
      vertex 87.85775681356647 355.1 130
      vertex 90.50224318643355 355.1 130
      vertex 90.03 355.1 130.47224318643356
    endloop
  endfacet
  facet normal -0.25881904510249626 0 -0.965925826289075
    outer loop
      vertex 90.03 355.1 130.47224318643356
      vertex 90.03 355 130.47224318643356
      vertex 89.18 355 130.7
    endloop
  endfacet
  facet normal 0 -1 0
    outer loop
      vertex 90.18 352.9 127.67775681356645
      vertex 90.38208152801714 352.9 127.79791847198287
      vertex 90.54704109103352 352.9 128.04479790459996
    endloop
  endfacet
  facet normal 1 0 0
    outer loop
      vertex 90.18 350.7927863159552 126.58578643762691
      vertex 90.18 352.9 127.67775681356645
      vertex 90.18 355 130.32224318643355
    endloop
  endfacet
  facet normal -0.7071067811865475 -4.775575736300326e-15 0.7071067811865475
    outer loop
      vertex 90.18 352.9 127.67775681356645
      vertex 90.54704109103352 352.9 128.04479790459996
      vertex 90.65224318643355 355 128.15
    endloop
  endfacet
  facet normal -0.7071067811865953 1.0614970851002549e-18 0.7071067811864998
    outer loop
      vertex 90.54704109103352 352.9 128.04479790459996
      vertex 90.65224318643355 352.8317065462353 128.15
      vertex 90.65224318643355 355 128.15
    endloop
  endfacet
  facet normal -0.9659258262890608 0 0.2588190451025489
    outer loop
      vertex 90.65224318643355 352.8317065462353 128.15
      vertex 90.67561390938613 352.9 128.23722072546863
      vertex 90.65224318643355 355 128.15
    endloop
  endfacet
  facet normal 0 -1 0
    outer loop
      vertex 90.67561390938613 352.9 128.23722072546863
      vertex 90.75059520526919 352.9 128.34943816497935
      vertex 90.88000000000001 352.9 129
    endloop
  endfacet
  facet normal 1 0 0
    outer loop
      vertex 90.18 350.7927863159552 126.58578643762691
      vertex 90.18 355 130.32224318643355
      vertex 90.18 352.9 130.32224318643355
    endloop
  endfacet
  facet normal -0.9659258262890675 -3.5438868240936866e-18 0.2588190451025238
    outer loop
      vertex 90.67561390938613 352.9 128.23722072546863
      vertex 90.88000000000001 352.9 129
      vertex 90.88000000000001 355 129
    endloop
  endfacet
  facet normal -0.7071067811865475 -4.7850436836076434e-15 0.7071067811865475
    outer loop
      vertex 90.18 352.9 127.67775681356645
      vertex 90.65224318643355 355 128.15
      vertex 90.18 355 127.67775681356646
    endloop
  endfacet
  facet normal -0.9659258262890669 -1.0046286968001295e-15 0.25881904510252635
    outer loop
      vertex 90.67561390938613 352.9 128.23722072546863
      vertex 90.88000000000001 355 129
      vertex 90.65224318643355 355 128.15
    endloop
  endfacet
  facet normal 1 0 0
    outer loop
      vertex 90.18 352.9 127.67775681356645
      vertex 90.18 355 127.67775681356646
      vertex 90.18 355 130.32224318643355
    endloop
  endfacet
  facet normal 0 -1 0
    outer loop
      vertex 90.88000000000001 352.9 129
      vertex 90.75059520526919 352.9 129.65056183502065
      vertex 90.67561390938613 352.9 129.76277927453137
    endloop
  endfacet
  facet normal -0.9659258262890675 -1.1243285046032747e-15 -0.2588190451025238
    outer loop
      vertex 90.88000000000001 352.9 129
      vertex 90.67561390938613 352.9 129.76277927453137
      vertex 90.65224318643355 355 129.85
    endloop
  endfacet
  facet normal -0.9659258262890608 0 -0.2588190451025489
    outer loop
      vertex 90.65224318643355 352.8317065462353 129.85
      vertex 90.65224318643355 355 129.85
      vertex 90.67561390938613 352.9 129.76277927453137
    endloop
  endfacet
  facet normal 0 -1 0
    outer loop
      vertex 90.38208152801714 352.9 130.20208152801712
      vertex 90.18 352.9 130.32224318643355
      vertex 90.54704109103352 352.9 129.95520209540004
    endloop
  endfacet
  facet normal 0 -1 0
    outer loop
      vertex 90.38208152801714 352.9 130.20208152801712
      vertex 90.18 352.9 130.33710808815627
      vertex 90.18 352.9 130.32224318643355
    endloop
  endfacet
  facet normal -0.7071067811865475 5.2011334095639495e-18 -0.7071067811865475
    outer loop
      vertex 90.54704109103352 352.9 129.95520209540004
      vertex 90.18 352.9 130.32224318643355
      vertex 90.18 355 130.32224318643355
    endloop
  endfacet
  facet normal -0.7071067811865953 0 -0.7071067811864998
    outer loop
      vertex 90.65224318643355 352.8317065462353 129.85
      vertex 90.54704109103352 352.9 129.95520209540004
      vertex 90.65224318643355 355 129.85
    endloop
  endfacet
  facet normal -0.9659258262890669 0 -0.25881904510252635
    outer loop
      vertex 90.88000000000001 352.9 129
      vertex 90.65224318643355 355 129.85
      vertex 90.88000000000001 355 129
    endloop
  endfacet
  facet normal -0.7071067811865631 -5.450078749740677e-15 -0.7071067811865319
    outer loop
      vertex 90.54704109103352 352.9 129.95520209540004
      vertex 90.18 355 130.32224318643355
      vertex 90.50224318643355 355 130
    endloop
  endfacet
  facet normal -0.7071067811865475 -4.7849314300563215e-15 -0.7071067811865475
    outer loop
      vertex 90.54704109103352 352.9 129.95520209540004
      vertex 90.50224318643355 355 130
      vertex 90.65224318643355 355 129.85
    endloop
  endfacet
  facet normal -0.7071067811865582 -9.257052060561492e-17 -0.7071067811865369
    outer loop
      vertex 90.03 355.1 130.47224318643356
      vertex 90.50224318643355 355.1 130
      vertex 90.50224318643355 355 130
    endloop
  endfacet
  facet normal -0.7071067811865631 -4.6662456343877254e-14 -0.707106781186532
    outer loop
      vertex 90.03 355.1 130.47224318643356
      vertex 90.50224318643355 355 130
      vertex 90.18 355 130.32224318643355
    endloop
  endfacet
  facet normal -0.7071067811865475 0 -0.7071067811865475
    outer loop
      vertex 90.03 355.1 130.47224318643356
      vertex 90.18 355 130.32224318643355
      vertex 90.03 355 130.47224318643356
    endloop
  endfacet
  facet normal 0.25881904510249626 -1.4022972224162647e-16 -0.965925826289075
    outer loop
      vertex 88.33000000000001 355 130.47224318643356
      vertex 89.18 355.1 130.7
      vertex 89.18 355 130.7
    endloop
  endfacet
  facet normal -0.25881904510249626 1.4022972224162647e-16 -0.965925826289075
    outer loop
      vertex 90.03 355.1 130.47224318643356
      vertex 89.18 355 130.7
      vertex 89.18 355.1 130.7
    endloop
  endfacet
  facet normal 0 1 0
    outer loop
      vertex 0 350 89.65638116846286
      vertex 0 350 177.8
      vertex 3 350 177.8
    endloop
  endfacet
  facet normal -1 0 0
    outer loop
      vertex 0 347.02528271366367 176.31434119528117
      vertex 0 347 177.8
      vertex 0 350 177.8
    endloop
  endfacet
  facet normal 0 0 1
    outer loop
      vertex 0 347 177.8
      vertex 0.025714285714285717 347 177.8
      vertex 0 350 177.8
    endloop
  endfacet
  facet normal 0 1 0
    outer loop
      vertex 80.18 350 123
      vertex 3 350 177.8
      vertex 80.18 350 135
    endloop
  endfacet
  facet normal 0 -1 0
    outer loop
      vertex 83.70775681356646 347 129.85
      vertex 84.33000000000001 347 130.47224318643356
      vertex 3 347 177.8
    endloop
  endfacet
  facet normal 0 -1 0
    outer loop
      vertex 84.33000000000001 347 130.47224318643356
      vertex 85.18 347 130.7
      vertex 3 347 177.8
    endloop
  endfacet
  facet normal 0 1 0
    outer loop
      vertex 3 350 177.8
      vertex 90.18 350 135
      vertex 80.18 350 135
    endloop
  endfacet
  facet normal 0 -1 0
    outer loop
      vertex 85.18 347 130.7
      vertex 92.68 347 135.6
      vertex 3 347 177.8
    endloop
  endfacet
  facet normal 0 0 1
    outer loop
      vertex 80.18 350 135
      vertex 90.18 350 135
      vertex 80.18 355 135
    endloop
  endfacet
  facet normal 0 1 0
    outer loop
      vertex 82.18 355 134
      vertex 80.18 355 135
      vertex 90.18 355 135
    endloop
  endfacet
  facet normal 0 0 1
    outer loop
      vertex 82.18 355 134
      vertex 89.0172093023256 355 134
      vertex 82.18 358 134
    endloop
  endfacet
  facet normal 1 0 0
    outer loop
      vertex 90.18 350 134
      vertex 90.18 355 135
      vertex 90.18 350 135
    endloop
  endfacet
  facet normal 0 1 0
    outer loop
      vertex 82.18 355 134
      vertex 90.18 355 135
      vertex 89.0172093023256 355 134
    endloop
  endfacet
  facet normal 0 1 0
    outer loop
      vertex 89.0172093023256 355 134
      vertex 90.18 355 135
      vertex 90.18 355 134
    endloop
  endfacet
  facet normal 0 0 1
    outer loop
      vertex 80.18 355 135
      vertex 90.18 350 135
      vertex 90.18 355 135
    endloop
  endfacet
  facet normal 0 0 1
    outer loop
      vertex 82.18 358 134
      vertex 89.0172093023256 355 134
      vertex 90.18 355 134
    endloop
  endfacet
  facet normal 1 0 0
    outer loop
      vertex 90.18 350 134
      vertex 90.18 355 134
      vertex 90.18 355 135
    endloop
  endfacet
  facet normal 0 1 0
    outer loop
      vertex 3 350 177.8
      vertex 135.82 350 135
      vertex 90.18 350 135
    endloop
  endfacet
  facet normal -1 0 0
    outer loop
      vertex 133.82 347 55.1
      vertex 133.82 350 124
      vertex 133.82 350 107.82923520434119
    endloop
  endfacet
  facet normal -1 0 0
    outer loop
      vertex 133.82 347 55.1
      vertex 133.82 347 124
      vertex 133.82 350 124
    endloop
  endfacet
  facet normal 0 -1 0
    outer loop
      vertex 133.82 347 55.1
      vertex 139.97 347 127.52775681356646
      vertex 133.82 347 124
    endloop
  endfacet
  facet normal 0 0 -1
    outer loop
      vertex 92.68 347 124
      vertex 92.18 350 124
      vertex 133.32 347 124
    endloop
  endfacet
  facet normal 0 0 -1
    outer loop
      vertex 92.18 350 124
      vertex 90.18 355 124
      vertex 133.82 350 124
    endloop
  endfacet
  facet normal 0 1 0
    outer loop
      vertex 89.01720930232558 355 124
      vertex 135.82 355 127.51791923182199
      vertex 90.18 355 124
    endloop
  endfacet
  facet normal 0 1 0
    outer loop
      vertex 89.01720930232558 355 124
      vertex 86.6849907949831 355 126.00570791631453
      vertex 135.82 355 127.51791923182199
    endloop
  endfacet
  facet normal 0 1 0
    outer loop
      vertex 86.6849907949831 355 126.00570791631453
      vertex 88.1642637027637 355 126.66497508588418
      vertex 135.12 355 129
    endloop
  endfacet
  facet normal 0 1 0
    outer loop
      vertex 88.1642637027637 355 126.66497508588418
      vertex 88.27024311803382 355 126.7082586280212
      vertex 135.12 355 129
    endloop
  endfacet
  facet normal 0 1 0
    outer loop
      vertex 88.27024311803382 355 126.7082586280212
      vertex 90.18 355 127.53265449549072
      vertex 135.12 355 129
    endloop
  endfacet
  facet normal 0 0 -1
    outer loop
      vertex 82.18 355 130
      vertex 82.18 358 130
      vertex 143.82 358 130
    endloop
  endfacet
  facet normal 0 0 -1
    outer loop
      vertex 82.18 355 130
      vertex 143.82 358 130
      vertex 87.85775681356647 355.1 130
    endloop
  endfacet
  facet normal 0 1 0
    outer loop
      vertex 90.18 355 127.53265449549072
      vertex 90.65224318643355 355 128.15
      vertex 135.12 355 129
    endloop
  endfacet
  facet normal 0 1 0
    outer loop
      vertex 90.65224318643355 355 128.15
      vertex 90.88000000000001 355 129
      vertex 135.12 355 129
    endloop
  endfacet
  facet normal 0 1 0
    outer loop
      vertex 90.88000000000001 355 129
      vertex 90.65224318643355 355 129.85
      vertex 135.34775681356646 355 129.85
    endloop
  endfacet
  facet normal 0 1 0
    outer loop
      vertex 90.65224318643355 355 129.85
      vertex 90.50224318643355 355 130
      vertex 135.34775681356646 355 129.85
    endloop
  endfacet
  facet normal 0 0 -1
    outer loop
      vertex 90.50224318643355 355 130
      vertex 90.50224318643355 355.1 130
      vertex 135.49775681356647 355.1 130
    endloop
  endfacet
  facet normal 0 0 -1
    outer loop
      vertex 87.85775681356647 355.1 130
      vertex 143.82 358 130
      vertex 90.50224318643355 355.1 130
    endloop
  endfacet
  facet normal 0 1 0
    outer loop
      vertex 82.18 358 130
      vertex 82.18 358 134
      vertex 143.82 358 130
    endloop
  endfacet
  facet normal 0 0 -1
    outer loop
      vertex 92.18 350 124
      vertex 133.82 347 124
      vertex 133.32 347 124
    endloop
  endfacet
  facet normal 0 0 -1
    outer loop
      vertex 92.18 350 124
      vertex 133.82 350 124
      vertex 133.82 347 124
    endloop
  endfacet
  facet normal 0 0 -1
    outer loop
      vertex 90.18 355 124
      vertex 135.82 350 124
      vertex 133.82 350 124
    endloop
  endfacet
  facet normal 0 0 -1
    outer loop
      vertex 90.18 355 124
      vertex 135.82 355 124
      vertex 135.82 350 124
    endloop
  endfacet
  facet normal 0 1 0
    outer loop
      vertex 86.6849907949831 355 126.00570791631453
      vertex 135.82 355 127.67775681356646
      vertex 135.82 355 127.51791923182199
    endloop
  endfacet
  facet normal 0 1 0
    outer loop
      vertex 86.6849907949831 355 126.00570791631453
      vertex 135.12 355 129
      vertex 135.34775681356646 355 128.15
    endloop
  endfacet
  facet normal 0 1 0
    outer loop
      vertex 86.6849907949831 355 126.00570791631453
      vertex 135.34775681356646 355 128.15
      vertex 135.82 355 127.67775681356646
    endloop
  endfacet
  facet normal 0 1 0
    outer loop
      vertex 90.18 355 124
      vertex 135.82 355 127.51791923182199
      vertex 135.82 355 124
    endloop
  endfacet
  facet normal 0 1 0
    outer loop
      vertex 90.88000000000001 355 129
      vertex 135.34775681356646 355 129.85
      vertex 135.12 355 129
    endloop
  endfacet
  facet normal 0 1 0
    outer loop
      vertex 90.50224318643355 355 130
      vertex 135.49775681356647 355 130
      vertex 135.34775681356646 355 129.85
    endloop
  endfacet
  facet normal 0 0 -1
    outer loop
      vertex 90.50224318643355 355 130
      vertex 135.49775681356647 355.1 130
      vertex 135.49775681356647 355 130
    endloop
  endfacet
  facet normal 0 0 -1
    outer loop
      vertex 90.50224318643355 355.1 130
      vertex 143.82 358 130
      vertex 135.49775681356647 355.1 130
    endloop
  endfacet
  facet normal 0 1 0
    outer loop
      vertex 82.18 358 134
      vertex 143.82 358 134
      vertex 143.82 358 130
    endloop
  endfacet
  facet normal 0 1 0
    outer loop
      vertex 133.82 350 107.82923520434119
      vertex 133.82 350 124
      vertex 135.82 350 123
    endloop
  endfacet
  facet normal 0 1 0
    outer loop
      vertex 133.82 350 124
      vertex 135.82 350 124
      vertex 135.82 350 123
    endloop
  endfacet
  facet normal -1 0 0
    outer loop
      vertex 135.82 350 123
      vertex 135.82 350 124
      vertex 135.82 355 123
    endloop
  endfacet
  facet normal 0.7652252761327792 -0.3911460618220715 0.5113071827078083
    outer loop
      vertex 134.72932095029176 350 126.90932095029177
      vertex 135.61791847198288 352.9 127.79791847198287
      vertex 134.0883961822083 350 127.86853265164055
    endloop
  endfacet
  facet normal 0 -1 0
    outer loop
      vertex 133.32 347 124
      vertex 133.82 347 124
      vertex 139.12 347 129
    endloop
  endfacet
  facet normal 0 -1 0
    outer loop
      vertex 133.82 347 124
      vertex 139.97 347 127.52775681356646
      vertex 139.34775681356643 347 128.15
    endloop
  endfacet
  facet normal 0 -1 0
    outer loop
      vertex 133.82 347 124
      vertex 139.34775681356643 347 128.15
      vertex 139.12 347 129
    endloop
  endfacet
  facet normal 0 -1 0
    outer loop
      vertex 133.32 347 124
      vertex 139.12 347 129
      vertex 139.34775681356643 347 129.85
    endloop
  endfacet
  facet normal 0.17954720572670918 -0.39114606182205136 0.9026447580509349
    outer loop
      vertex 135.68853265164057 350 126.26839618220829
      vertex 135.82 350 126.242245700713
      vertex 135.82 350.7927863159551 126.58578643762685
    endloop
  endfacet
  facet normal 0.51130718270781 -0.391146061822053 0.7652252761327875
    outer loop
      vertex 134.72932095029176 350 126.90932095029177
      vertex 135.68853265164057 350 126.26839618220829
      vertex 135.82 350.7927863159551 126.58578643762685
    endloop
  endfacet
  facet normal 0.5113071827078194 -0.3911460618220726 0.7652252761327712
    outer loop
      vertex 134.72932095029176 350 126.90932095029177
      vertex 135.82 350.7927863159551 126.58578643762685
      vertex 135.82 352.9 127.66289191184374
    endloop
  endfacet
  facet normal 0.5113071827078058 -0.3911460618220702 0.7652252761327815
    outer loop
      vertex 134.72932095029176 350 126.90932095029177
      vertex 135.82 352.9 127.66289191184374
      vertex 135.61791847198288 352.9 127.79791847198287
    endloop
  endfacet
  facet normal -1 0 0
    outer loop
      vertex 135.82 350 124
      vertex 135.82 355 124
      vertex 135.82 355 123
    endloop
  endfacet
  facet normal 0 1 0
    outer loop
      vertex 135.82 355 123
      vertex 135.82 355 124
      vertex 136.9827906976744 355 124
    endloop
  endfacet
  facet normal 0 1 0
    outer loop
      vertex 135.82 355 124
      vertex 135.82 355 127.51791923182199
      vertex 136.9827906976744 355 124
    endloop
  endfacet
  facet normal 0 1 0
    outer loop
      vertex 136.9827906976744 355 124
      vertex 135.82 355 127.51791923182199
      vertex 137.72690436509825 355 126.70271977101437
    endloop
  endfacet
  facet normal 0 1 0
    outer loop
      vertex 136.9827906976744 355 124
      vertex 138.21378974582595 355 126.49457682105376
      vertex 138.78878440660554 355 126.23902019879954
    endloop
  endfacet
  facet normal 0 1 0
    outer loop
      vertex 136.9827906976744 355 124
      vertex 138.78878440660554 355 126.23902019879954
      vertex 139.31158148398055 355 126.00276007622327
    endloop
  endfacet
  facet normal 0 1 0
    outer loop
      vertex 136.9827906976744 355 124
      vertex 137.72690436509825 355 126.70271977101437
      vertex 137.8331809934489 355 126.66032907899799
    endloop
  endfacet
  facet normal 0 1 0
    outer loop
      vertex 136.9827906976744 355 124
      vertex 137.8331809934489 355 126.66032907899799
      vertex 138.21378974582595 355 126.49457682105376
    endloop
  endfacet
  facet normal 0 -1 0
    outer loop
      vertex 135.82 352.9 127.66289191184374
      vertex 135.82 352.9 127.67775681356648
      vertex 135.61791847198288 352.9 127.79791847198287
    endloop
  endfacet
  facet normal 0 1 0
    outer loop
      vertex 135.82 355 127.51791923182199
      vertex 135.82 355 127.67775681356646
      vertex 137.72690436509825 355 126.70271977101437
    endloop
  endfacet
  facet normal 0 1 0
    outer loop
      vertex 138.78878440660554 355 126.23902019879954
      vertex 138.21378974582595 355 126.49457682105376
      vertex 139.34775681356643 355 128.15
    endloop
  endfacet
  facet normal 0 1 0
    outer loop
      vertex 137.8331809934489 355 126.66032907899799
      vertex 139.12 355 129
      vertex 138.21378974582595 355 126.49457682105376
    endloop
  endfacet
  facet normal 0 1 0
    outer loop
      vertex 137.8331809934489 355 126.66032907899799
      vertex 137.72690436509825 355 126.70271977101437
      vertex 139.12 355 129
    endloop
  endfacet
  facet normal 0 0 -1
    outer loop
      vertex 135.82 350 123
      vertex 145.82 355 123
      vertex 145.82 350 123
    endloop
  endfacet
  facet normal 0.7071067811865395 0 0.7071067811865556
    outer loop
      vertex 139.97 347 127.52775681356646
      vertex 139.97 350 127.52775681356646
      vertex 139.34775681356643 347 128.15
    endloop
  endfacet
  facet normal 0.25881904510252635 4.688609672293447e-19 0.9659258262890668
    outer loop
      vertex 139.97 347 127.52775681356646
      vertex 140.82 347 127.3
      vertex 140.82 350 127.3
    endloop
  endfacet
  facet normal 0.25881904510252635 0 0.9659258262890668
    outer loop
      vertex 139.97 347 127.52775681356646
      vertex 140.82 350 127.3
      vertex 139.97 350 127.52775681356646
    endloop
  endfacet
  facet normal -0.25881904510252635 -4.688609672293447e-19 0.9659258262890668
    outer loop
      vertex 140.82 347 127.3
      vertex 141.67 347 127.52775681356646
      vertex 141.67 350 127.52775681356646
    endloop
  endfacet
  facet normal -0.25881904510252635 0 0.9659258262890668
    outer loop
      vertex 140.82 347 127.3
      vertex 141.67 350 127.52775681356646
      vertex 140.82 350 127.3
    endloop
  endfacet
  facet normal -0.7071067811865395 0 0.7071067811865556
    outer loop
      vertex 141.67 347 127.52775681356646
      vertex 142.29224318643355 350 128.15
      vertex 141.67 350 127.52775681356646
    endloop
  endfacet
  facet normal 0 -1 0
    outer loop
      vertex 140.82 350 127.3
      vertex 141.67 350 127.52775681356646
      vertex 142.29224318643355 350 128.15
    endloop
  endfacet
  facet normal 0 0 -1
    outer loop
      vertex 135.82 350 123
      vertex 135.82 355 123
      vertex 145.82 355 123
    endloop
  endfacet
  facet normal 0 1 0
    outer loop
      vertex 135.82 355 123
      vertex 136.9827906976744 355 124
      vertex 145.82 355 123
    endloop
  endfacet
  facet normal 0 1 0
    outer loop
      vertex 136.9827906976744 355 124
      vertex 139.31158148398055 355 126.00276007622327
      vertex 145.82 355 123
    endloop
  endfacet
  facet normal 0 1 0
    outer loop
      vertex 145.82 355 123
      vertex 139.31158148398055 355 126.00276007622327
      vertex 140.82 355 127.3
    endloop
  endfacet
  facet normal 0 1 0
    outer loop
      vertex 145.82 355 123
      vertex 140.82 355 127.3
      vertex 141.67 355 127.52775681356646
    endloop
  endfacet
  facet normal 0 1 0
    outer loop
      vertex 138.78878440660554 355 126.23902019879954
      vertex 139.97 355 127.52775681356646
      vertex 139.31158148398055 355 126.00276007622327
    endloop
  endfacet
  facet normal 0 1 0
    outer loop
      vertex 139.31158148398055 355 126.00276007622327
      vertex 139.97 355 127.52775681356646
      vertex 140.82 355 127.3
    endloop
  endfacet
  facet normal 0 1 0
    outer loop
      vertex 138.78878440660554 355 126.23902019879954
      vertex 139.34775681356643 355 128.15
      vertex 139.97 355 127.52775681356646
    endloop
  endfacet
  facet normal 0 1 0
    outer loop
      vertex 139.97 355 127.52775681356646
      vertex 141.67 355 127.52775681356646
      vertex 140.82 355 127.3
    endloop
  endfacet
  facet normal 0 1 0
    outer loop
      vertex 139.97 355 127.52775681356646
      vertex 142.29224318643355 355 128.15
      vertex 141.67 355 127.52775681356646
    endloop
  endfacet
  facet normal 0 1 0
    outer loop
      vertex 145.82 355 123
      vertex 141.67 355 127.52775681356646
      vertex 142.29224318643355 355 128.15
    endloop
  endfacet
  facet normal 0 1 0
    outer loop
      vertex 145.82 355 123
      vertex 142.29224318643355 355 128.15
      vertex 142.51999999999998 355 129
    endloop
  endfacet
  facet normal 0 1 0
    outer loop
      vertex 145.82 355 123
      vertex 142.51999999999998 355 129
      vertex 142.29224318643355 355 129.85
    endloop
  endfacet
  facet normal 0 1 0
    outer loop
      vertex 145.82 355 123
      vertex 142.29224318643355 355 129.85
      vertex 143.82 355 130
    endloop
  endfacet
  facet normal 1 0 0
    outer loop
      vertex 145.82 350 123
      vertex 145.82 355 123
      vertex 145.82 355 135
    endloop
  endfacet
  facet normal 0.9026447580509206 -0.3911460618220694 0.17954720572674168
    outer loop
      vertex 134.0883961822083 350 127.86853265164055
      vertex 135.24940479473082 352.9 128.34943816497935
      vertex 133.86333333333334 350 129
    endloop
  endfacet
  facet normal 0 1 0
    outer loop
      vertex 134.72932095029176 350 126.90932095029177
      vertex 134.0883961822083 350 127.86853265164055
      vertex 134.72932095029176 350 131.09067904970823
    endloop
  endfacet
  facet normal 0.7652252761327536 -0.39114606182205686 0.5113071827078577
    outer loop
      vertex 134.0883961822083 350 127.86853265164055
      vertex 135.61791847198288 352.9 127.79791847198287
      vertex 135.45295890896648 352.9 128.04479790459996
    endloop
  endfacet
  facet normal 0.765225276132829 -0.39114606182208406 0.5113071827077239
    outer loop
      vertex 134.0883961822083 350 127.86853265164055
      vertex 135.45295890896648 352.9 128.04479790459996
      vertex 135.34775681356646 352.8317065462353 128.15
    endloop
  endfacet
  facet normal 0.765225276132736 -0.39114606182205863 0.5113071827078827
    outer loop
      vertex 134.0883961822083 350 127.86853265164055
      vertex 135.34775681356646 352.8317065462353 128.15
      vertex 135.32438609061387 352.9 128.23722072546863
    endloop
  endfacet
  facet normal 0.7652252761328107 -0.3911460618220746 0.5113071827077589
    outer loop
      vertex 134.0883961822083 350 127.86853265164055
      vertex 135.32438609061387 352.9 128.23722072546863
      vertex 135.24940479473082 352.9 128.34943816497935
    endloop
  endfacet
  facet normal 0.9026447580509196 -0.3911460618220664 0.17954720572675337
    outer loop
      vertex 133.86333333333334 350 129
      vertex 135.24940479473082 352.9 128.34943816497935
      vertex 135.12 352.9 129
    endloop
  endfacet
  facet normal 0 1 0
    outer loop
      vertex 134.0883961822083 350 127.86853265164055
      vertex 133.86333333333334 350 129
      vertex 134.72932095029176 350 131.09067904970823
    endloop
  endfacet
  facet normal 0.9026447580509215 -0.3911460618220671 -0.17954720572674188
    outer loop
      vertex 133.86333333333334 350 129
      vertex 135.12 352.9 129
      vertex 134.0883961822083 350 130.13146734835945
    endloop
  endfacet
  facet normal 0 1 0
    outer loop
      vertex 133.86333333333334 350 129
      vertex 134.0883961822083 350 130.13146734835945
      vertex 134.72932095029176 350 131.09067904970823
    endloop
  endfacet
  facet normal 0 1 0
    outer loop
      vertex 134.72932095029176 350 126.90932095029177
      vertex 134.72932095029176 350 131.09067904970823
      vertex 135.68853265164057 350 131.7316038177917
    endloop
  endfacet
  facet normal 0.7652252761327797 -0.3911460618220704 -0.5113071827078085
    outer loop
      vertex 134.0883961822083 350 130.13146734835945
      vertex 135.24940479473082 352.9 129.65056183502065
      vertex 134.72932095029176 350 131.09067904970823
    endloop
  endfacet
  facet normal 0.902644758050918 -0.39114606182207023 -0.17954720572675303
    outer loop
      vertex 134.0883961822083 350 130.13146734835945
      vertex 135.12 352.9 129
      vertex 135.24940479473082 352.9 129.65056183502065
    endloop
  endfacet
  facet normal 0.7652252761328177 -0.39114606182205486 -0.5113071827077633
    outer loop
      vertex 134.72932095029176 350 131.09067904970823
      vertex 135.24940479473082 352.9 129.65056183502065
      vertex 135.32438609061387 352.9 129.76277927453137
    endloop
  endfacet
  facet normal 0.7652252761327037 -0.391146061822095 -0.5113071827079032
    outer loop
      vertex 134.72932095029176 350 131.09067904970823
      vertex 135.32438609061387 352.9 129.76277927453137
      vertex 135.34775681356646 352.8317065462353 129.85
    endloop
  endfacet
  facet normal 0.7652252761328301 -0.3911460618220539 -0.5113071827077451
    outer loop
      vertex 134.72932095029176 350 131.09067904970823
      vertex 135.34775681356646 352.8317065462353 129.85
      vertex 135.45295890896648 352.9 129.95520209540004
    endloop
  endfacet
  facet normal 0.7652252761327321 -0.3911460618220792 -0.5113071827078728
    outer loop
      vertex 134.72932095029176 350 131.09067904970823
      vertex 135.45295890896648 352.9 129.95520209540004
      vertex 135.61791847198288 352.9 130.20208152801712
    endloop
  endfacet
  facet normal 0 -1 0
    outer loop
      vertex 133.32 347 124
      vertex 139.34775681356643 347 129.85
      vertex 139.97 347 130.47224318643356
    endloop
  endfacet
  facet normal 0 -1 0
    outer loop
      vertex 133.32 347 124
      vertex 139.97 347 130.47224318643356
      vertex 133.32 347 135.6
    endloop
  endfacet
  facet normal 0 1 0
    outer loop
      vertex 135.68853265164057 350 126.26839618220829
      vertex 135.82 350 131.757754299287
      vertex 135.82 350 126.242245700713
    endloop
  endfacet
  facet normal 0 1 0
    outer loop
      vertex 134.72932095029176 350 126.90932095029177
      vertex 135.82 350 131.757754299287
      vertex 135.68853265164057 350 126.26839618220829
    endloop
  endfacet
  facet normal -1 0 0
    outer loop
      vertex 135.82 350 126.242245700713
      vertex 135.82 350 131.757754299287
      vertex 135.82 350.7927863159551 126.58578643762685
    endloop
  endfacet
  facet normal -1 0 0
    outer loop
      vertex 135.82 350.7927863159551 126.58578643762685
      vertex 135.82 350.7927863159551 131.41421356237313
      vertex 135.82 352.9 127.66289191184374
    endloop
  endfacet
  facet normal -1 0 0
    outer loop
      vertex 135.82 352.9 127.66289191184374
      vertex 135.82 350.7927863159551 131.41421356237313
      vertex 135.82 352.9 127.67775681356648
    endloop
  endfacet
  facet normal 0 1 0
    outer loop
      vertex 134.72932095029176 350 126.90932095029177
      vertex 135.68853265164057 350 131.7316038177917
      vertex 135.82 350 131.757754299287
    endloop
  endfacet
  facet normal -1 0 0
    outer loop
      vertex 135.82 350.7927863159551 126.58578643762685
      vertex 135.82 350 131.757754299287
      vertex 135.82 350.7927863159551 131.41421356237313
    endloop
  endfacet
  facet normal 0 -1 0
    outer loop
      vertex 139.97 347 130.47224318643356
      vertex 140.82 347 130.7
      vertex 133.32 347 135.6
    endloop
  endfacet
  facet normal 0.5113071827077975 -0.39114606182207273 -0.7652252761327858
    outer loop
      vertex 134.72932095029176 350 131.09067904970823
      vertex 135.61791847198288 352.9 130.20208152801712
      vertex 135.68853265164057 350 131.7316038177917
    endloop
  endfacet
  facet normal 0.17954720572680247 -0.3911460618220582 -0.9026447580509134
    outer loop
      vertex 135.68853265164057 350 131.7316038177917
      vertex 135.82 350.7927863159551 131.41421356237313
      vertex 135.82 350 131.757754299287
    endloop
  endfacet
  facet normal 0.5113071827078851 -0.39114606182204664 -0.7652252761327404
    outer loop
      vertex 135.68853265164057 350 131.7316038177917
      vertex 135.61791847198288 352.9 130.20208152801712
      vertex 135.82 350.7927863159551 131.41421356237313
    endloop
  endfacet
  facet normal 0.5113071827078043 -0.39114606182207673 -0.7652252761327792
    outer loop
      vertex 135.82 350.7927863159551 131.41421356237313
      vertex 135.61791847198288 352.9 130.20208152801712
      vertex 135.82 352.9 130.33710808815624
    endloop
  endfacet
  facet normal -1 0 0
    outer loop
      vertex 135.82 350.7927863159551 131.41421356237313
      vertex 135.82 352.9 130.33710808815624
      vertex 135.82 352.9 130.32224318643352
    endloop
  endfacet
  facet normal 0.9659258262890719 -8.40489368782428e-15 0.258819045102507
    outer loop
      vertex 135.12 352.9 129
      vertex 135.32438609061387 352.9 128.23722072546863
      vertex 135.34775681356646 355 128.15
    endloop
  endfacet
  facet normal 0 -1 0
    outer loop
      vertex 135.24940479473082 352.9 128.34943816497935
      vertex 135.32438609061387 352.9 128.23722072546863
      vertex 135.12 352.9 129
    endloop
  endfacet
  facet normal 0.9659258262890669 0 0.25881904510252635
    outer loop
      vertex 135.12 352.9 129
      vertex 135.34775681356646 355 128.15
      vertex 135.12 355 129
    endloop
  endfacet
  facet normal 0 -1 0
    outer loop
      vertex 135.12 352.9 129
      vertex 135.32438609061387 352.9 129.76277927453137
      vertex 135.24940479473082 352.9 129.65056183502065
    endloop
  endfacet
  facet normal 0.9659258262890719 0 -0.258819045102507
    outer loop
      vertex 135.12 352.9 129
      vertex 135.12 355 129
      vertex 135.32438609061387 352.9 129.76277927453137
    endloop
  endfacet
  facet normal 0.9659258262890669 -7.537665876484182e-15 -0.25881904510252635
    outer loop
      vertex 135.12 355 129
      vertex 135.34775681356646 355 129.85
      vertex 135.32438609061387 352.9 129.76277927453137
    endloop
  endfacet
  facet normal 0 -1 0
    outer loop
      vertex 135.82 352.9 127.67775681356648
      vertex 135.45295890896648 352.9 128.04479790459996
      vertex 135.61791847198288 352.9 127.79791847198287
    endloop
  endfacet
  facet normal 0.70710678118652 4.785043683607828e-15 0.7071067811865749
    outer loop
      vertex 135.82 352.9 127.67775681356648
      vertex 135.82 355 127.67775681356646
      vertex 135.45295890896648 352.9 128.04479790459996
    endloop
  endfacet
  facet normal 0.7071067811866429 -2.0532761381261466e-18 0.707106781186452
    outer loop
      vertex 135.45295890896648 352.9 128.04479790459996
      vertex 135.34775681356646 355 128.15
      vertex 135.34775681356646 352.8317065462353 128.15
    endloop
  endfacet
  facet normal 0.9659258262890215 0 0.2588190451026957
    outer loop
      vertex 135.34775681356646 352.8317065462353 128.15
      vertex 135.34775681356646 355 128.15
      vertex 135.32438609061387 352.9 128.23722072546863
    endloop
  endfacet
  facet normal -1 0 0
    outer loop
      vertex 135.82 352.9 127.67775681356648
      vertex 135.82 350.7927863159551 131.41421356237313
      vertex 135.82 355 127.67775681356646
    endloop
  endfacet
  facet normal 0.7071067811865581 -8.498839278192525e-15 0.7071067811865369
    outer loop
      vertex 135.82 355 127.67775681356646
      vertex 135.34775681356646 355 128.15
      vertex 135.45295890896648 352.9 128.04479790459996
    endloop
  endfacet
  facet normal 0 1 0
    outer loop
      vertex 135.82 355 127.67775681356646
      vertex 135.82 355 130.32224318643355
      vertex 137.72690436509825 355 126.70271977101437
    endloop
  endfacet
  facet normal 0 1 0
    outer loop
      vertex 137.72690436509825 355 126.70271977101437
      vertex 135.82 355 130.32224318643355
      vertex 135.97 355 130.47224318643356
    endloop
  endfacet
  facet normal 0 1 0
    outer loop
      vertex 138.21378974582595 355 126.49457682105376
      vertex 139.12 355 129
      vertex 139.34775681356643 355 128.15
    endloop
  endfacet
  facet normal 0 1 0
    outer loop
      vertex 137.72690436509825 355 126.70271977101437
      vertex 137.67000000000002 355 130.47224318643356
      vertex 138.14224318643355 355 130
    endloop
  endfacet
  facet normal 0 1 0
    outer loop
      vertex 137.72690436509825 355 126.70271977101437
      vertex 139.34775681356643 355 129.85
      vertex 139.12 355 129
    endloop
  endfacet
  facet normal 0 1 0
    outer loop
      vertex 137.72690436509825 355 126.70271977101437
      vertex 138.14224318643355 355 130
      vertex 139.34775681356643 355 129.85
    endloop
  endfacet
  facet normal -1 0 0
    outer loop
      vertex 135.82 355 127.67775681356646
      vertex 135.82 350.7927863159551 131.41421356237313
      vertex 135.82 352.9 130.32224318643352
    endloop
  endfacet
  facet normal 0.9659258262890215 0 -0.2588190451026957
    outer loop
      vertex 135.34775681356646 352.8317065462353 129.85
      vertex 135.32438609061387 352.9 129.76277927453137
      vertex 135.34775681356646 355 129.85
    endloop
  endfacet
  facet normal 0 -1 0
    outer loop
      vertex 135.45295890896648 352.9 129.95520209540004
      vertex 135.82 352.9 130.32224318643352
      vertex 135.61791847198288 352.9 130.20208152801712
    endloop
  endfacet
  facet normal 0 -1 0
    outer loop
      vertex 135.61791847198288 352.9 130.20208152801712
      vertex 135.82 352.9 130.32224318643352
      vertex 135.82 352.9 130.33710808815624
    endloop
  endfacet
  facet normal 0.707106781186643 0 -0.707106781186452
    outer loop
      vertex 135.34775681356646 352.8317065462353 129.85
      vertex 135.34775681356646 355 129.85
      vertex 135.45295890896648 352.9 129.95520209540004
    endloop
  endfacet
  facet normal 0.70710678118652 -1.231306271834863e-14 -0.7071067811865749
    outer loop
      vertex 135.45295890896648 352.9 129.95520209540004
      vertex 135.34775681356646 355 129.85
      vertex 135.82 352.9 130.32224318643352
    endloop
  endfacet
  facet normal -1 0 0
    outer loop
      vertex 135.82 355 127.67775681356646
      vertex 135.82 352.9 130.32224318643352
      vertex 135.82 355 130.32224318643355
    endloop
  endfacet
  facet normal 0 1 0
    outer loop
      vertex 137.72690436509825 355 126.70271977101437
      vertex 135.97 355 130.47224318643356
      vertex 136.82 355 130.7
    endloop
  endfacet
  facet normal 0.7071067811865477 2.1296160630606687e-17 -0.7071067811865475
    outer loop
      vertex 135.82 352.9 130.32224318643352
      vertex 135.34775681356646 355 129.85
      vertex 135.49775681356647 355 130
    endloop
  endfacet
  facet normal 0.7071067811865787 9.570087367214864e-15 -0.7071067811865163
    outer loop
      vertex 135.82 352.9 130.32224318643352
      vertex 135.49775681356647 355 130
      vertex 135.82 355 130.32224318643355
    endloop
  endfacet
  facet normal 0.7071067811865689 0 -0.7071067811865263
    outer loop
      vertex 135.49775681356647 355 130
      vertex 135.49775681356647 355.1 130
      vertex 135.97 355.1 130.47224318643356
    endloop
  endfacet
  facet normal 0.7071067811865787 -9.359920616898096e-14 -0.7071067811865164
    outer loop
      vertex 135.49775681356647 355 130
      vertex 135.97 355.1 130.47224318643356
      vertex 135.82 355 130.32224318643355
    endloop
  endfacet
  facet normal 0 -1 0
    outer loop
      vertex 135.49775681356647 355.1 130
      vertex 136.82 355.1 130.7
      vertex 135.97 355.1 130.47224318643356
    endloop
  endfacet
  facet normal 0.7071067811865475 -3.925231146556077e-17 -0.7071067811865475
    outer loop
      vertex 135.82 355 130.32224318643355
      vertex 135.97 355.1 130.47224318643356
      vertex 135.97 355 130.47224318643356
    endloop
  endfacet
  facet normal 0 -1 0
    outer loop
      vertex 135.49775681356647 355.1 130
      vertex 138.14224318643355 355.1 130
      vertex 137.67000000000002 355.1 130.47224318643356
    endloop
  endfacet
  facet normal 0 -1 0
    outer loop
      vertex 135.49775681356647 355.1 130
      vertex 137.67000000000002 355.1 130.47224318643356
      vertex 136.82 355.1 130.7
    endloop
  endfacet
  facet normal 0.25881904510249626 0 -0.965925826289075
    outer loop
      vertex 135.97 355.1 130.47224318643356
      vertex 136.82 355.1 130.7
      vertex 135.97 355 130.47224318643356
    endloop
  endfacet
  facet normal 0 1 0
    outer loop
      vertex 137.72690436509825 355 126.70271977101437
      vertex 136.82 355 130.7
      vertex 137.67000000000002 355 130.47224318643356
    endloop
  endfacet
  facet normal -0.7071067811865689 -1.8046394626523175e-16 -0.7071067811865263
    outer loop
      vertex 137.67000000000002 355.1 130.47224318643356
      vertex 138.14224318643355 355.1 130
      vertex 138.14224318643355 355 130
    endloop
  endfacet
  facet normal -0.25881904510248815 0 -0.9659258262890771
    outer loop
      vertex 137.67000000000002 355.1 130.47224318643356
      vertex 137.67000000000002 355 130.47224318643356
      vertex 136.82 355 130.7
    endloop
  endfacet
  facet normal -0.7071067811865689 0 -0.7071067811865263
    outer loop
      vertex 137.67000000000002 355.1 130.47224318643356
      vertex 138.14224318643355 355 130
      vertex 137.67000000000002 355 130.47224318643356
    endloop
  endfacet
  facet normal 0 0 -1
    outer loop
      vertex 138.14224318643355 355.1 130
      vertex 139.49775681356644 355 130
      vertex 138.14224318643355 355 130
    endloop
  endfacet
  facet normal 0 1 0
    outer loop
      vertex 138.14224318643355 355 130
      vertex 139.49775681356644 355 130
      vertex 139.34775681356643 355 129.85
    endloop
  endfacet
  facet normal 0.25881904510249626 -1.4022972224162647e-16 -0.965925826289075
    outer loop
      vertex 135.97 355 130.47224318643356
      vertex 136.82 355.1 130.7
      vertex 136.82 355 130.7
    endloop
  endfacet
  facet normal -0.25881904510248815 6.990057716641761e-17 -0.9659258262890771
    outer loop
      vertex 137.67000000000002 355.1 130.47224318643356
      vertex 136.82 355 130.7
      vertex 136.82 355.1 130.7
    endloop
  endfacet
  facet normal 0.9659258262890749 0 0.2588190451024962
    outer loop
      vertex 139.34775681356643 347 128.15
      vertex 139.34775681356643 350.599617709602 128.15
      vertex 139.12 347 129
    endloop
  endfacet
  facet normal 0.7071067811865707 0 0.7071067811865243
    outer loop
      vertex 139.34775681356643 347 128.15
      vertex 139.5644818619496 350 127.93327495161684
      vertex 139.34775681356643 350.599617709602 128.15
    endloop
  endfacet
  facet normal 0.7071067811865227 6.931808099890932e-15 0.7071067811865723
    outer loop
      vertex 139.97 350 127.52775681356646
      vertex 139.5644818619496 350 127.93327495161684
      vertex 139.34775681356643 347 128.15
    endloop
  endfacet
  facet normal -0.7071067811865395 3.927394757440871e-18 0.7071067811865556
    outer loop
      vertex 141.67 347 127.52775681356646
      vertex 142.29224318643355 347 128.15
      vertex 142.29224318643355 350 128.15
    endloop
  endfacet
  facet normal -0.9659258262890749 -4.6743240747219454e-18 0.2588190451024962
    outer loop
      vertex 142.29224318643355 347 128.15
      vertex 142.51999999999998 347 129
      vertex 142.51999999999998 350 129
    endloop
  endfacet
  facet normal -0.9659258262890749 0 0.2588190451024962
    outer loop
      vertex 142.29224318643355 347 128.15
      vertex 142.51999999999998 350 129
      vertex 142.29224318643355 350 128.15
    endloop
  endfacet
  facet normal 0.7071067811865475 -3.787253392266311e-18 -0.7071067811865475
    outer loop
      vertex 139.34775681356643 347 129.85
      vertex 139.56448186194962 350 130.06672504838318
      vertex 139.97 347 130.47224318643356
    endloop
  endfacet
  facet normal 0.2588190451024962 0 -0.9659258262890749
    outer loop
      vertex 139.97 347 130.47224318643356
      vertex 139.97 350 130.47224318643356
      vertex 140.82 347 130.7
    endloop
  endfacet
  facet normal 0.9659258262890749 0 -0.2588190451024962
    outer loop
      vertex 139.12 347 129
      vertex 139.12 351.5153846153846 129
      vertex 139.34775681356643 347 129.85
    endloop
  endfacet
  facet normal 0.7071067811865476 0 -0.7071067811865476
    outer loop
      vertex 139.34775681356643 347 129.85
      vertex 139.34775681356643 350.599617709602 129.85
      vertex 139.56448186194962 350 130.06672504838318
    endloop
  endfacet
  facet normal 0.7071067811865476 0 -0.7071067811865476
    outer loop
      vertex 139.97 347 130.47224318643356
      vertex 139.56448186194962 350 130.06672504838318
      vertex 139.97 350 130.47224318643356
    endloop
  endfacet
  facet normal -0.9659258262890749 4.6743240747219454e-18 -0.2588190451024962
    outer loop
      vertex 142.51999999999998 347 129
      vertex 142.29224318643355 347 129.85
      vertex 142.29224318643355 350 129.85
    endloop
  endfacet
  facet normal -0.7071067811865475 -1.0114802777708716e-17 -0.7071067811865475
    outer loop
      vertex 142.29224318643355 347 129.85
      vertex 141.67 347 130.47224318643356
      vertex 141.67 350 130.47224318643356
    endloop
  endfacet
  facet normal -0.9659258262890749 0 -0.2588190451024962
    outer loop
      vertex 142.51999999999998 347 129
      vertex 142.29224318643355 350 129.85
      vertex 142.51999999999998 350 129
    endloop
  endfacet
  facet normal -0.2588190451024962 0 -0.9659258262890749
    outer loop
      vertex 141.67 347 130.47224318643356
      vertex 140.82 350 130.7
      vertex 141.67 350 130.47224318643356
    endloop
  endfacet
  facet normal -0.7071067811865475 0 -0.7071067811865475
    outer loop
      vertex 142.29224318643355 347 129.85
      vertex 141.67 350 130.47224318643356
      vertex 142.29224318643355 350 129.85
    endloop
  endfacet
  facet normal 0 -1 0
    outer loop
      vertex 139.97 350 127.52775681356646
      vertex 139.77666666666667 350 129
      vertex 139.5644818619496 350 127.93327495161684
    endloop
  endfacet
  facet normal -0.902644758050926 -0.39114606182205086 0.17954720572675498
    outer loop
      vertex 139.5644818619496 350 127.93327495161684
      vertex 139.77666666666667 350 129
      vertex 139.34775681356643 350.599617709602 128.15
    endloop
  endfacet
  facet normal 0.9659258262890749 0 0.2588190451024962
    outer loop
      vertex 139.12 347 129
      vertex 139.34775681356643 350.599617709602 128.15
      vertex 139.12 351.5153846153846 129
    endloop
  endfacet
  facet normal -0.9026447580509223 -0.3911460618220651 0.17954720572674293
    outer loop
      vertex 139.34775681356643 350.599617709602 128.15
      vertex 139.77666666666667 350 129
      vertex 139.12 351.5153846153846 129
    endloop
  endfacet
  facet normal 0 -1 0
    outer loop
      vertex 139.97 350 127.52775681356646
      vertex 140.82 350 127.3
      vertex 140.82 350 130.7
    endloop
  endfacet
  facet normal 0 -1 0
    outer loop
      vertex 139.97 350 127.52775681356646
      vertex 140.82 350 130.7
      vertex 139.77666666666667 350 129
    endloop
  endfacet
  facet normal 0 -1 0
    outer loop
      vertex 140.82 350 127.3
      vertex 142.29224318643355 350 128.15
      vertex 142.51999999999998 350 129
    endloop
  endfacet
  facet normal 0 -1 0
    outer loop
      vertex 140.82 350 127.3
      vertex 142.51999999999998 350 129
      vertex 142.29224318643355 350 129.85
    endloop
  endfacet
  facet normal 0.9659258262890749 0 -0.2588190451024962
    outer loop
      vertex 139.34775681356643 347 129.85
      vertex 139.12 351.5153846153846 129
      vertex 139.34775681356643 350.599617709602 129.85
    endloop
  endfacet
  facet normal -0.902644758050917 -0.39114606182208445 -0.17954720572672675
    outer loop
      vertex 139.77666666666667 350 129
      vertex 139.56448186194962 350 130.06672504838318
      vertex 139.34775681356643 350.599617709602 129.85
    endloop
  endfacet
  facet normal 0 -1 0
    outer loop
      vertex 139.77666666666667 350 129
      vertex 139.97 350 130.47224318643356
      vertex 139.56448186194962 350 130.06672504838318
    endloop
  endfacet
  facet normal -0.9026447580509223 -0.3911460618220652 -0.17954720572674296
    outer loop
      vertex 139.77666666666667 350 129
      vertex 139.34775681356643 350.599617709602 129.85
      vertex 139.12 351.5153846153846 129
    endloop
  endfacet
  facet normal 0 -1 0
    outer loop
      vertex 139.77666666666667 350 129
      vertex 140.82 350 130.7
      vertex 139.97 350 130.47224318643356
    endloop
  endfacet
  facet normal 0 -1 0
    outer loop
      vertex 140.82 350 127.3
      vertex 141.67 350 130.47224318643356
      vertex 140.82 350 130.7
    endloop
  endfacet
  facet normal 0 -1 0
    outer loop
      vertex 140.82 350 127.3
      vertex 142.29224318643355 350 129.85
      vertex 141.67 350 130.47224318643356
    endloop
  endfacet
  facet normal 0.2588190451024962 -4.6743240747219454e-18 -0.9659258262890749
    outer loop
      vertex 139.97 350 130.47224318643356
      vertex 140.82 350 130.7
      vertex 140.82 347 130.7
    endloop
  endfacet
  facet normal -0.2588190451024962 4.6743240747219454e-18 -0.9659258262890749
    outer loop
      vertex 141.67 347 130.47224318643356
      vertex 140.82 347 130.7
      vertex 140.82 350 130.7
    endloop
  endfacet
  facet normal 1 0 0
    outer loop
      vertex 145.82 350 123
      vertex 145.82 355 135
      vertex 145.82 350 135
    endloop
  endfacet
  facet normal 0 1 0
    outer loop
      vertex 139.97 355 127.52775681356646
      vertex 139.34775681356643 355 128.15
      vertex 139.12 355 129
    endloop
  endfacet
  facet normal 0 1 0
    outer loop
      vertex 139.97 355 127.52775681356646
      vertex 139.12 355 129
      vertex 142.29224318643355 355 128.15
    endloop
  endfacet
  facet normal 0 1 0
    outer loop
      vertex 139.12 355 129
      vertex 142.51999999999998 355 129
      vertex 142.29224318643355 355 128.15
    endloop
  endfacet
  facet normal 0 1 0
    outer loop
      vertex 139.12 355 129
      vertex 139.34775681356643 355 129.85
      vertex 142.51999999999998 355 129
    endloop
  endfacet
  facet normal 0 0 -1
    outer loop
      vertex 138.14224318643355 355.1 130
      vertex 142.14224318643355 355 130
      vertex 139.49775681356644 355 130
    endloop
  endfacet
  facet normal 0 1 0
    outer loop
      vertex 139.34775681356643 355 129.85
      vertex 139.49775681356644 355 130
      vertex 142.29224318643355 355 129.85
    endloop
  endfacet
  facet normal 0 1 0
    outer loop
      vertex 142.51999999999998 355 129
      vertex 139.34775681356643 355 129.85
      vertex 142.29224318643355 355 129.85
    endloop
  endfacet
  facet normal 0 1 0
    outer loop
      vertex 139.49775681356644 355 130
      vertex 142.14224318643355 355 130
      vertex 142.29224318643355 355 129.85
    endloop
  endfacet
  facet normal 0 0 -1
    outer loop
      vertex 138.14224318643355 355.1 130
      vertex 143.82 355 130
      vertex 142.14224318643355 355 130
    endloop
  endfacet
  facet normal 0 1 0
    outer loop
      vertex 142.29224318643355 355 129.85
      vertex 142.14224318643355 355 130
      vertex 143.82 355 130
    endloop
  endfacet
  facet normal 0 0 -1
    outer loop
      vertex 135.49775681356647 355.1 130
      vertex 143.82 358 130
      vertex 138.14224318643355 355.1 130
    endloop
  endfacet
  facet normal 0 0 -1
    outer loop
      vertex 138.14224318643355 355.1 130
      vertex 143.82 358 130
      vertex 143.82 355 130
    endloop
  endfacet
  facet normal 0 1 0
    outer loop
      vertex 145.82 355 123
      vertex 143.82 355 130
      vertex 145.82 355 135
    endloop
  endfacet
  facet normal 0 1 0
    outer loop
      vertex 143.82 355 130
      vertex 143.82 355 134
      vertex 145.82 355 135
    endloop
  endfacet
  facet normal 1 0 0
    outer loop
      vertex 143.82 355 130
      vertex 143.82 358 130
      vertex 143.82 355 134
    endloop
  endfacet
  facet normal 1 0 0
    outer loop
      vertex 143.82 358 130
      vertex 143.82 358 134
      vertex 143.82 355 134
    endloop
  endfacet
  facet normal 0 -1 0
    outer loop
      vertex 139.97 347 127.52775681356646
      vertex 234.875 347 55.1
      vertex 140.82 347 127.3
    endloop
  endfacet
  facet normal 0 1 0
    outer loop
      vertex 133.82 350 107.82923520434119
      vertex 135.82 350 123
      vertex 320 350 41.92182947611456
    endloop
  endfacet
  facet normal 0 1 0
    outer loop
      vertex 135.82 350 123
      vertex 145.82 350 123
      vertex 320 350 41.92182947611456
    endloop
  endfacet
  facet normal 0 1 0
    outer loop
      vertex 90.18 350 134
      vertex 90.18 350 135
      vertex 135.82 350 134
    endloop
  endfacet
  facet normal 0 0 1
    outer loop
      vertex 82.18 358 134
      vertex 90.18 355 134
      vertex 135.82 355 134
    endloop
  endfacet
  facet normal 0 0 1
    outer loop
      vertex 90.18 350 134
      vertex 135.82 355 134
      vertex 90.18 355 134
    endloop
  endfacet
  facet normal 0 1 0
    outer loop
      vertex 90.18 350 135
      vertex 135.82 350 135
      vertex 135.82 350 134
    endloop
  endfacet
  facet normal 0 0 1
    outer loop
      vertex 90.18 350 134
      vertex 135.82 350 134
      vertex 135.82 355 134
    endloop
  endfacet
  facet normal 0 0 1
    outer loop
      vertex 82.18 358 134
      vertex 135.82 355 134
      vertex 136.9827906976744 355 134
    endloop
  endfacet
  facet normal 0 0 1
    outer loop
      vertex 82.18 358 134
      vertex 136.9827906976744 355 134
      vertex 143.82 355 134
    endloop
  endfacet
  facet normal 0 0 1
    outer loop
      vertex 82.18 358 134
      vertex 143.82 355 134
      vertex 143.82 358 134
    endloop
  endfacet
  facet normal -1 0 0
    outer loop
      vertex 135.82 350 134
      vertex 135.82 350 135
      vertex 135.82 355 134
    endloop
  endfacet
  facet normal -1 0 0
    outer loop
      vertex 135.82 350 135
      vertex 135.82 355 135
      vertex 135.82 355 134
    endloop
  endfacet
  facet normal 0 1 0
    outer loop
      vertex 135.82 355 134
      vertex 135.82 355 135
      vertex 136.9827906976744 355 134
    endloop
  endfacet
  facet normal 0 1 0
    outer loop
      vertex 136.9827906976744 355 134
      vertex 135.82 355 135
      vertex 143.82 355 134
    endloop
  endfacet
  facet normal 0 0 1
    outer loop
      vertex 135.82 350 135
      vertex 145.82 350 135
      vertex 135.82 355 135
    endloop
  endfacet
  facet normal 0 1 0
    outer loop
      vertex 135.82 355 135
      vertex 145.82 355 135
      vertex 143.82 355 134
    endloop
  endfacet
  facet normal 0 0 1
    outer loop
      vertex 135.82 355 135
      vertex 145.82 350 135
      vertex 145.82 355 135
    endloop
  endfacet
  facet normal 0 0 1
    outer loop
      vertex 0.025714285714285717 347 177.8
      vertex 441.0255420198081 347.0200976890553 177.8
      vertex 0 350 177.8
    endloop
  endfacet
  facet normal 0 0 1
    outer loop
      vertex 0.025714285714285717 347 177.8
      vertex 3 347 177.8
      vertex 441.0255420198081 347.0200976890553 177.8
    endloop
  endfacet
  facet normal 0 0 1
    outer loop
      vertex 0 350 177.8
      vertex 441.0255420198081 347.0200976890553 177.8
      vertex 3 350 177.8
    endloop
  endfacet
  facet normal 0 -1 0
    outer loop
      vertex 140.82 347 127.3
      vertex 320 347 153
      vertex 141.67 347 127.52775681356646
    endloop
  endfacet
  facet normal 0 -1 0
    outer loop
      vertex 141.67 347 127.52775681356646
      vertex 320 347 153
      vertex 142.29224318643355 347 128.15
    endloop
  endfacet
  facet normal 0 -1 0
    outer loop
      vertex 142.29224318643355 347 128.15
      vertex 320 347 153
      vertex 142.51999999999998 347 129
    endloop
  endfacet
  facet normal 0 -1 0
    outer loop
      vertex 142.51999999999998 347 129
      vertex 320 347 153
      vertex 142.29224318643355 347 129.85
    endloop
  endfacet
  facet normal 0 -1 0
    outer loop
      vertex 141.67 347 130.47224318643356
      vertex 320 347 153
      vertex 140.82 347 130.7
    endloop
  endfacet
  facet normal 0 -1 0
    outer loop
      vertex 142.29224318643355 347 129.85
      vertex 320 347 153
      vertex 141.67 347 130.47224318643356
    endloop
  endfacet
  facet normal 0 -1 0
    outer loop
      vertex 140.82 347 130.7
      vertex 320 347 153
      vertex 133.32 347 135.6
    endloop
  endfacet
  facet normal 0 -1 0
    outer loop
      vertex 3 347 177.8
      vertex 92.68 347 135.6
      vertex 441 347 177.8
    endloop
  endfacet
  facet normal 0 1 0
    outer loop
      vertex 3 350 177.8
      vertex 441 350 177.8
      vertex 135.82 350 135
    endloop
  endfacet
  facet normal 0 1 0
    outer loop
      vertex 3 3 3
      vertex 287 3 32.900000000000006
      vertex 441 3 3
    endloop
  endfacet
  facet normal 0 1 0
    outer loop
      vertex 162.4889598584554 3 33.16965530635698
      vertex 281.5110401415446 3 33.16965530635698
      vertex 287 3 32.900000000000006
    endloop
  endfacet
  facet normal 0 1 0
    outer loop
      vertex 211.40525588832577 3 35.300000000000004
      vertex 232.3 3 36.400000000000006
      vertex 232.59474411167423 3 35.300000000000004
    endloop
  endfacet
  facet normal 0 -1 0
    outer loop
      vertex 209.5 0 34.2
      vertex 234.5 0 34.2
      vertex 233.4 0 34.494744111674244
    endloop
  endfacet
  facet normal 0 1 0
    outer loop
      vertex 210.6 3 34.494744111674244
      vertex 233.4 3 34.494744111674244
      vertex 234.5 3 34.2
    endloop
  endfacet
  facet normal 0 1 0
    outer loop
      vertex 211.40525588832577 3 35.300000000000004
      vertex 232.59474411167423 3 35.300000000000004
      vertex 233.4 3 34.494744111674244
    endloop
  endfacet
  facet normal 0 1 0
    outer loop
      vertex 211.40525588832577 3 35.300000000000004
      vertex 228 3 43.900000000000006
      vertex 232.3 3 36.400000000000006
    endloop
  endfacet
  facet normal 0 -1 0
    outer loop
      vertex 216 0 43.900000000000006
      vertex 233.4 0 34.494744111674244
      vertex 232.59474411167423 0 35.300000000000004
    endloop
  endfacet
  facet normal 0.7071067811865412 -4.2570253552185874e-18 0.7071067811865538
    outer loop
      vertex 232.59474411167423 0 35.300000000000004
      vertex 233.4 0 34.494744111674244
      vertex 233.4 3 34.494744111674244
    endloop
  endfacet
  facet normal 0.9659258262890716 0 0.25881904510250797
    outer loop
      vertex 232.59474411167423 0 35.300000000000004
      vertex 232.59474411167423 3 35.300000000000004
      vertex 232.3 0 36.400000000000006
    endloop
  endfacet
  facet normal 0.7071067811865412 0 0.7071067811865538
    outer loop
      vertex 232.59474411167423 0 35.300000000000004
      vertex 233.4 3 34.494744111674244
      vertex 232.59474411167423 3 35.300000000000004
    endloop
  endfacet
  facet normal 0.9659258262890716 -2.3633148560606505e-18 0.25881904510250797
    outer loop
      vertex 232.59474411167423 3 35.300000000000004
      vertex 232.3 3 36.400000000000006
      vertex 232.3 0 36.400000000000006
    endloop
  endfacet
  facet normal 0.258819045102527 2.9539073489677382e-18 0.9659258262890666
    outer loop
      vertex 233.4 0 34.494744111674244
      vertex 234.5 0 34.2
      vertex 234.5 3 34.2
    endloop
  endfacet
  facet normal 0.258819045102527 0 0.9659258262890666
    outer loop
      vertex 233.4 0 34.494744111674244
      vertex 234.5 3 34.2
      vertex 233.4 3 34.494744111674244
    endloop
  endfacet
  facet normal -0.258819045102527 0 0.9659258262890666
    outer loop
      vertex 234.5 0 34.2
      vertex 235.6 3 34.494744111674244
      vertex 234.5 3 34.2
    endloop
  endfacet
  facet normal -0.258819045102527 -2.9539073489677382e-18 0.9659258262890666
    outer loop
      vertex 234.5 0 34.2
      vertex 235.6 0 34.494744111674244
      vertex 235.6 3 34.494744111674244
    endloop
  endfacet
  facet normal -0.7071067811865412 4.2570253552185874e-18 0.7071067811865538
    outer loop
      vertex 235.6 0 34.494744111674244
      vertex 236.40525588832577 0 35.300000000000004
      vertex 236.40525588832577 3 35.300000000000004
    endloop
  endfacet
  facet normal -0.9659258262890716 2.3633148560606505e-18 0.25881904510250797
    outer loop
      vertex 236.40525588832577 0 35.300000000000004
      vertex 236.7 0 36.400000000000006
      vertex 236.7 3 36.400000000000006
    endloop
  endfacet
  facet normal -0.7071067811865412 0 0.7071067811865538
    outer loop
      vertex 235.6 0 34.494744111674244
      vertex 236.40525588832577 3 35.300000000000004
      vertex 235.6 3 34.494744111674244
    endloop
  endfacet
  facet normal -0.9659258262890716 0 0.25881904510250797
    outer loop
      vertex 236.40525588832577 0 35.300000000000004
      vertex 236.7 3 36.400000000000006
      vertex 236.40525588832577 3 35.300000000000004
    endloop
  endfacet
  facet normal 0.9659258262890716 0 -0.25881904510250797
    outer loop
      vertex 232.3 0 36.400000000000006
      vertex 232.3 3 36.400000000000006
      vertex 232.59474411167423 0 37.50000000000001
    endloop
  endfacet
  facet normal 0.9659258262890716 0 -0.25881904510250797
    outer loop
      vertex 232.59474411167423 0 37.50000000000001
      vertex 232.3 3 36.400000000000006
      vertex 232.59474411167423 3 37.50000000000001
    endloop
  endfacet
  facet normal 0 -1 0
    outer loop
      vertex 232.59474411167423 0 35.300000000000004
      vertex 232.3 0 36.400000000000006
      vertex 228 0 43.900000000000006
    endloop
  endfacet
  facet normal 0.7071067811865412 0 -0.7071067811865538
    outer loop
      vertex 232.59474411167423 0 37.50000000000001
      vertex 232.59474411167423 3 37.50000000000001
      vertex 233.4 0 38.30525588832577
    endloop
  endfacet
  facet normal 0.7071067811865412 4.2570253552185874e-18 -0.7071067811865538
    outer loop
      vertex 232.59474411167423 3 37.50000000000001
      vertex 233.4 3 38.30525588832577
      vertex 233.4 0 38.30525588832577
    endloop
  endfacet
  facet normal -0.9659258262890716 -2.3633148560606505e-18 -0.25881904510250797
    outer loop
      vertex 236.7 0 36.400000000000006
      vertex 236.40525588832577 0 37.50000000000001
      vertex 236.40525588832577 3 37.50000000000001
    endloop
  endfacet
  facet normal -0.9659258262890716 0 -0.25881904510250797
    outer loop
      vertex 236.7 0 36.400000000000006
      vertex 236.40525588832577 3 37.50000000000001
      vertex 236.7 3 36.400000000000006
    endloop
  endfacet
  facet normal 0.258819045102527 0 -0.9659258262890666
    outer loop
      vertex 233.4 0 38.30525588832577
      vertex 233.4 3 38.30525588832577
      vertex 234.5 0 38.60000000000001
    endloop
  endfacet
  facet normal -0.258819045102527 0 -0.9659258262890666
    outer loop
      vertex 234.5 0 38.60000000000001
      vertex 234.5 3 38.60000000000001
      vertex 235.6 0 38.30525588832577
    endloop
  endfacet
  facet normal 0.258819045102527 0 -0.9659258262890666
    outer loop
      vertex 234.5 0 38.60000000000001
      vertex 233.4 3 38.30525588832577
      vertex 234.5 3 38.60000000000001
    endloop
  endfacet
  facet normal -0.7071067811865412 -4.2570253552185874e-18 -0.7071067811865538
    outer loop
      vertex 236.40525588832577 0 37.50000000000001
      vertex 235.6 0 38.30525588832577
      vertex 235.6 3 38.30525588832577
    endloop
  endfacet
  facet normal -0.7071067811865412 0 -0.7071067811865538
    outer loop
      vertex 236.40525588832577 0 37.50000000000001
      vertex 235.6 3 38.30525588832577
      vertex 236.40525588832577 3 37.50000000000001
    endloop
  endfacet
  facet normal -0.258819045102527 0 -0.9659258262890666
    outer loop
      vertex 235.6 0 38.30525588832577
      vertex 234.5 3 38.60000000000001
      vertex 235.6 3 38.30525588832577
    endloop
  endfacet
  facet normal 0 -1 0
    outer loop
      vertex 216 0 43.900000000000006
      vertex 232.59474411167423 0 35.300000000000004
      vertex 228 0 43.900000000000006
    endloop
  endfacet
  facet normal 0 0 1
    outer loop
      vertex 216 0 43.900000000000006
      vertex 228 0 43.900000000000006
      vertex 228 3 43.900000000000006
    endloop
  endfacet
  facet normal 0 1 0
    outer loop
      vertex 232.3 3 36.400000000000006
      vertex 228 3 43.900000000000006
      vertex 228 3 52.900000000000006
    endloop
  endfacet
  facet normal 0 -1 0
    outer loop
      vertex 232.3 0 36.400000000000006
      vertex 232.59474411167423 0 37.50000000000001
      vertex 228 0 43.900000000000006
    endloop
  endfacet
  facet normal 0 -1 0
    outer loop
      vertex 232.59474411167423 0 37.50000000000001
      vertex 233.4 0 38.30525588832577
      vertex 228 0 43.900000000000006
    endloop
  endfacet
  facet normal 0 -1 0
    outer loop
      vertex 233.4 0 38.30525588832577
      vertex 234.5 0 38.60000000000001
      vertex 228 0 43.900000000000006
    endloop
  endfacet
  facet normal 0 -1 0
    outer loop
      vertex 234.5 0 38.60000000000001
      vertex 235.6 0 38.30525588832577
      vertex 228 0 43.900000000000006
    endloop
  endfacet
  facet normal 0 1 0
    outer loop
      vertex 232.3 3 36.400000000000006
      vertex 228 3 58.900000000000006
      vertex 232.59474411167423 3 37.50000000000001
    endloop
  endfacet
  facet normal 0 -1 0
    outer loop
      vertex 234.5 0 34.2
      vertex 260.60178273774414 0 39.51240919649212
      vertex 235.6 0 34.494744111674244
    endloop
  endfacet
  facet normal 0 1 0
    outer loop
      vertex 209.5 3 34.2
      vertex 234.5 3 34.2
      vertex 281.5110401415446 3 33.16965530635698
    endloop
  endfacet
  facet normal 0 -1 0
    outer loop
      vertex 235.6 0 34.494744111674244
      vertex 251.47397608683585 0 45.61141461168673
      vertex 236.40525588832577 0 35.300000000000004
    endloop
  endfacet
  facet normal 0 1 0
    outer loop
      vertex 236.40525588832577 3 35.300000000000004
      vertex 236.7 3 36.400000000000006
      vertex 255.88806695090227 3 42.33770171105747
    endloop
  endfacet
  facet normal 0 1 0
    outer loop
      vertex 235.6 3 34.494744111674244
      vertex 236.40525588832577 3 35.300000000000004
      vertex 265.569727787555 3 37.16274617936795
    endloop
  endfacet
  facet normal 0 1 0
    outer loop
      vertex 234.5 3 34.2
      vertex 235.6 3 34.494744111674244
      vertex 276.07494196709683 3 33.9760242974191
    endloop
  endfacet
  facet normal 0 -1 0
    outer loop
      vertex 235.6 0 34.494744111674244
      vertex 260.60178273774414 0 39.51240919649212
      vertex 255.88806695090227 0 42.33770171105747
    endloop
  endfacet
  facet normal 0 -1 0
    outer loop
      vertex 236.40525588832577 0 35.300000000000004
      vertex 251.47397608683585 0 45.61141461168673
      vertex 236.7 0 36.400000000000006
    endloop
  endfacet
  facet normal 0 -1 0
    outer loop
      vertex 236.7 0 36.400000000000006
      vertex 251.47397608683585 0 45.61141461168673
      vertex 236.40525588832577 0 37.50000000000001
    endloop
  endfacet
  facet normal 0 1 0
    outer loop
      vertex 236.7 3 36.400000000000006
      vertex 236.40525588832577 3 37.50000000000001
      vertex 251.47397608683585 3 45.61141461168673
    endloop
  endfacet
  facet normal 0 1 0
    outer loop
      vertex 236.40525588832577 3 37.50000000000001
      vertex 235.6 3 38.30525588832577
      vertex 247.40202025355333 3 49.302020253553344
    endloop
  endfacet
  facet normal 0 1 0
    outer loop
      vertex 234.5 3 38.60000000000001
      vertex 247.40202025355333 3 49.302020253553344
      vertex 235.6 3 38.30525588832577
    endloop
  endfacet
  facet normal 0 -1 0
    outer loop
      vertex 235.6 0 34.494744111674244
      vertex 255.88806695090227 0 42.33770171105747
      vertex 251.47397608683585 0 45.61141461168673
    endloop
  endfacet
  facet normal 0 1 0
    outer loop
      vertex 236.7 3 36.400000000000006
      vertex 251.47397608683585 3 45.61141461168673
      vertex 255.88806695090227 3 42.33770171105747
    endloop
  endfacet
  facet normal 0 1 0
    outer loop
      vertex 236.40525588832577 3 35.300000000000004
      vertex 255.88806695090227 3 42.33770171105747
      vertex 260.60178273774414 3 39.51240919649212
    endloop
  endfacet
  facet normal 0 -1 0
    outer loop
      vertex 236.40525588832577 0 37.50000000000001
      vertex 251.47397608683585 0 45.61141461168673
      vertex 247.40202025355333 0 49.302020253553344
    endloop
  endfacet
  facet normal 0 1 0
    outer loop
      vertex 236.40525588832577 3 37.50000000000001
      vertex 247.40202025355333 3 49.302020253553344
      vertex 251.47397608683585 3 45.61141461168673
    endloop
  endfacet
  facet normal 0 -1 0
    outer loop
      vertex 157 0 32.900000000000006
      vertex 441 0 3
      vertex 209.5 0 34.2
    endloop
  endfacet
  facet normal 0 -1 0
    outer loop
      vertex 234.5 0 34.2
      vertex 270.7440580737501 0 35.31134119899631
      vertex 265.569727787555 0 37.16274617936795
    endloop
  endfacet
  facet normal 0 1 0
    outer loop
      vertex 235.6 3 34.494744111674244
      vertex 265.569727787555 3 37.16274617936795
      vertex 270.7440580737501 3 35.31134119899631
    endloop
  endfacet
  facet normal 0 -1 0
    outer loop
      vertex 234.5 0 34.2
      vertex 265.569727787555 0 37.16274617936795
      vertex 260.60178273774414 0 39.51240919649212
    endloop
  endfacet
  facet normal 0 1 0
    outer loop
      vertex 236.40525588832577 3 35.300000000000004
      vertex 260.60178273774414 3 39.51240919649212
      vertex 265.569727787555 3 37.16274617936795
    endloop
  endfacet
  facet normal 0 -1 0
    outer loop
      vertex 234.5 0 34.2
      vertex 276.07494196709683 0 33.9760242974191
      vertex 270.7440580737501 0 35.31134119899631
    endloop
  endfacet
  facet normal 0 1 0
    outer loop
      vertex 235.6 3 34.494744111674244
      vertex 270.7440580737501 3 35.31134119899631
      vertex 276.07494196709683 3 33.9760242974191
    endloop
  endfacet
  facet normal 0 -1 0
    outer loop
      vertex 234.5 0 34.2
      vertex 281.5110401415446 0 33.16965530635698
      vertex 276.07494196709683 0 33.9760242974191
    endloop
  endfacet
  facet normal 0 1 0
    outer loop
      vertex 234.5 3 34.2
      vertex 276.07494196709683 3 33.9760242974191
      vertex 281.5110401415446 3 33.16965530635698
    endloop
  endfacet
  facet normal 0.4275550934302807 -5.171207439647246e-17 0.9039892931234439
    outer loop
      vertex 265.569727787555 3 37.16274617936795
      vertex 260.60178273774414 3 39.51240919649212
      vertex 260.60178273774414 0 39.51240919649212
    endloop
  endfacet
  facet normal 0.4275550934302807 0 0.9039892931234439
    outer loop
      vertex 265.569727787555 0 37.16274617936795
      vertex 265.569727787555 3 37.16274617936795
      vertex 260.60178273774414 0 39.51240919649212
    endloop
  endfacet
  facet normal 0.5141027441932203 0 0.8577286100002731
    outer loop
      vertex 255.88806695090227 0 42.33770171105747
      vertex 260.60178273774414 3 39.51240919649212
      vertex 255.88806695090227 3 42.33770171105747
    endloop
  endfacet
  facet normal 0.5141027441932203 2.5280962969510012e-17 0.8577286100002731
    outer loop
      vertex 255.88806695090227 0 42.33770171105747
      vertex 260.60178273774414 0 39.51240919649212
      vertex 260.60178273774414 3 39.51240919649212
    endloop
  endfacet
  facet normal 0.5956993044924334 0 0.8032075314806449
    outer loop
      vertex 255.88806695090227 0 42.33770171105747
      vertex 255.88806695090227 3 42.33770171105747
      vertex 251.47397608683585 0 45.61141461168673
    endloop
  endfacet
  facet normal 0 -1 0
    outer loop
      vertex 234.5 0 34.2
      vertex 287 0 32.900000000000006
      vertex 281.5110401415446 0 33.16965530635698
    endloop
  endfacet
  facet normal 0.3368898533922208 -5.3447095687120144e-17 0.9415440651830206
    outer loop
      vertex 265.569727787555 0 37.16274617936795
      vertex 270.7440580737501 0 35.31134119899631
      vertex 270.7440580737501 3 35.31134119899631
    endloop
  endfacet
  facet normal 0.24298017990326384 3.685424260592978e-18 0.9700312531945441
    outer loop
      vertex 270.7440580737501 0 35.31134119899631
      vertex 276.07494196709683 0 33.9760242974191
      vertex 276.07494196709683 3 33.9760242974191
    endloop
  endfacet
  facet normal 0.24298017990326384 0 0.9700312531945441
    outer loop
      vertex 270.7440580737501 0 35.31134119899631
      vertex 276.07494196709683 3 33.9760242974191
      vertex 270.7440580737501 3 35.31134119899631
    endloop
  endfacet
  facet normal 0.3368898533922208 0 0.9415440651830206
    outer loop
      vertex 265.569727787555 0 37.16274617936795
      vertex 270.7440580737501 3 35.31134119899631
      vertex 265.569727787555 3 37.16274617936795
    endloop
  endfacet
  facet normal 0.14673047445536305 -1.6439992547591498e-17 0.9891765099647807
    outer loop
      vertex 281.5110401415446 3 33.16965530635698
      vertex 276.07494196709683 3 33.9760242974191
      vertex 276.07494196709683 0 33.9760242974191
    endloop
  endfacet
  facet normal 0.14673047445536305 0 0.9891765099647807
    outer loop
      vertex 281.5110401415446 0 33.16965530635698
      vertex 281.5110401415446 3 33.16965530635698
      vertex 276.07494196709683 0 33.9760242974191
    endloop
  endfacet
  facet normal 0 -1 0
    outer loop
      vertex 0 0 0
      vertex 444 0 0
      vertex 441 0 3
    endloop
  endfacet
  facet normal 0 0 -1
    outer loop
      vertex 0 0 0
      vertex 444 3 0
      vertex 444 0 0
    endloop
  endfacet
  facet normal 0 -1 0
    outer loop
      vertex 209.5 0 34.2
      vertex 441 0 3
      vertex 234.5 0 34.2
    endloop
  endfacet
  facet normal 0.0490676743274177 0 0.9987954562051724
    outer loop
      vertex 281.5110401415446 0 33.16965530635698
      vertex 287 3 32.900000000000006
      vertex 281.5110401415446 3 33.16965530635698
    endloop
  endfacet
  facet normal 0.0490676743274177 -7.608676287335559e-19 0.9987954562051724
    outer loop
      vertex 281.5110401415446 0 33.16965530635698
      vertex 287 0 32.900000000000006
      vertex 287 3 32.900000000000006
    endloop
  endfacet
  facet normal -0.0490676743274177 0 0.9987954562051724
    outer loop
      vertex 287 0 32.900000000000006
      vertex 292.4889598584554 3 33.16965530635698
      vertex 287 3 32.900000000000006
    endloop
  endfacet
  facet normal -0.0490676743274177 7.608676287335559e-19 0.9987954562051724
    outer loop
      vertex 287 0 32.900000000000006
      vertex 292.4889598584554 0 33.16965530635698
      vertex 292.4889598584554 3 33.16965530635698
    endloop
  endfacet
  facet normal -0.14673047445536305 0 0.9891765099647807
    outer loop
      vertex 292.4889598584554 0 33.16965530635698
      vertex 297.92505803290317 3 33.9760242974191
      vertex 292.4889598584554 3 33.16965530635698
    endloop
  endfacet
  facet normal -0.14673047445536305 1.6439992547591498e-17 0.9891765099647807
    outer loop
      vertex 292.4889598584554 0 33.16965530635698
      vertex 297.92505803290317 0 33.9760242974191
      vertex 297.92505803290317 3 33.9760242974191
    endloop
  endfacet
  facet normal -0.24298017990326384 0 0.9700312531945441
    outer loop
      vertex 297.92505803290317 0 33.9760242974191
      vertex 303.2559419262499 3 35.31134119899631
      vertex 297.92505803290317 3 33.9760242974191
    endloop
  endfacet
  facet normal -0.24298017990326384 -3.685424260592978e-18 0.9700312531945441
    outer loop
      vertex 297.92505803290317 0 33.9760242974191
      vertex 303.2559419262499 0 35.31134119899631
      vertex 303.2559419262499 3 35.31134119899631
    endloop
  endfacet
  facet normal -0.3368898533922208 0 0.9415440651830206
    outer loop
      vertex 303.2559419262499 0 35.31134119899631
      vertex 308.430272212445 3 37.16274617936795
      vertex 303.2559419262499 3 35.31134119899631
    endloop
  endfacet
  facet normal -0.3368898533922208 5.3447095687120144e-17 0.9415440651830206
    outer loop
      vertex 303.2559419262499 0 35.31134119899631
      vertex 308.430272212445 0 37.16274617936795
      vertex 308.430272212445 3 37.16274617936795
    endloop
  endfacet
  facet normal -0.4275550934302807 0 0.9039892931234439
    outer loop
      vertex 308.430272212445 0 37.16274617936795
      vertex 313.39821726225586 3 39.51240919649212
      vertex 308.430272212445 3 37.16274617936795
    endloop
  endfacet
  facet normal -0.4275550934302807 5.171207439647246e-17 0.9039892931234439
    outer loop
      vertex 308.430272212445 0 37.16274617936795
      vertex 313.39821726225586 0 39.51240919649212
      vertex 313.39821726225586 3 39.51240919649212
    endloop
  endfacet
  facet normal 0 -1 0
    outer loop
      vertex 234.5 0 34.2
      vertex 441 0 3
      vertex 287 0 32.900000000000006
    endloop
  endfacet
  facet normal 0 -1 0
    outer loop
      vertex 287 0 32.900000000000006
      vertex 441 0 3
      vertex 292.4889598584554 0 33.16965530635698
    endloop
  endfacet
  facet normal 0 1 0
    outer loop
      vertex 287 3 32.900000000000006
      vertex 292.4889598584554 3 33.16965530635698
      vertex 441 3 3
    endloop
  endfacet
  facet normal 0 -1 0
    outer loop
      vertex 297.92505803290317 0 33.9760242974191
      vertex 338.4 0 34.494744111674244
      vertex 303.2559419262499 0 35.31134119899631
    endloop
  endfacet
  facet normal 0 -1 0
    outer loop
      vertex 303.2559419262499 0 35.31134119899631
      vertex 338.4 0 34.494744111674244
      vertex 308.430272212445 0 37.16274617936795
    endloop
  endfacet
  facet normal 0 1 0
    outer loop
      vertex 303.2559419262499 3 35.31134119899631
      vertex 308.430272212445 3 37.16274617936795
      vertex 338.4 3 34.494744111674244
    endloop
  endfacet
  facet normal 0 -1 0
    outer loop
      vertex 308.430272212445 0 37.16274617936795
      vertex 337.59474411167423 0 35.300000000000004
      vertex 313.39821726225586 0 39.51240919649212
    endloop
  endfacet
  facet normal 0 -1 0
    outer loop
      vertex 297.92505803290317 0 33.9760242974191
      vertex 339.5 0 34.2
      vertex 338.4 0 34.494744111674244
    endloop
  endfacet
  facet normal 0 1 0
    outer loop
      vertex 303.2559419262499 3 35.31134119899631
      vertex 338.4 3 34.494744111674244
      vertex 339.5 3 34.2
    endloop
  endfacet
  facet normal 0 1 0
    outer loop
      vertex 308.430272212445 3 37.16274617936795
      vertex 313.39821726225586 3 39.51240919649212
      vertex 338.4 3 34.494744111674244
    endloop
  endfacet
  facet normal -0.5141027441932203 0 0.8577286100002731
    outer loop
      vertex 313.39821726225586 0 39.51240919649212
      vertex 318.11193304909773 3 42.33770171105747
      vertex 313.39821726225586 3 39.51240919649212
    endloop
  endfacet
  facet normal -0.5141027441932203 -2.5280962969510012e-17 0.8577286100002731
    outer loop
      vertex 313.39821726225586 0 39.51240919649212
      vertex 318.11193304909773 0 42.33770171105747
      vertex 318.11193304909773 3 42.33770171105747
    endloop
  endfacet
  facet normal -0.5956993044924358 0 0.803207531480643
    outer loop
      vertex 318.11193304909773 0 42.33770171105747
      vertex 322.5260239131641 3 45.61141461168673
      vertex 318.11193304909773 3 42.33770171105747
    endloop
  endfacet
  facet normal 0 -1 0
    outer loop
      vertex 313.39821726225586 0 39.51240919649212
      vertex 337.59474411167423 0 35.300000000000004
      vertex 318.11193304909773 0 42.33770171105747
    endloop
  endfacet
  facet normal 0 1 0
    outer loop
      vertex 313.39821726225586 3 39.51240919649212
      vertex 318.11193304909773 3 42.33770171105747
      vertex 337.59474411167423 3 35.300000000000004
    endloop
  endfacet
  facet normal 0 -1 0
    outer loop
      vertex 318.11193304909773 0 42.33770171105747
      vertex 337.3 0 36.400000000000006
      vertex 322.5260239131641 0 45.61141461168673
    endloop
  endfacet
  facet normal 0 1 0
    outer loop
      vertex 318.11193304909773 3 42.33770171105747
      vertex 322.5260239131641 3 45.61141461168673
      vertex 337.59474411167423 3 35.300000000000004
    endloop
  endfacet
  facet normal 0 -1 0
    outer loop
      vertex 308.430272212445 0 37.16274617936795
      vertex 338.4 0 34.494744111674244
      vertex 337.59474411167423 0 35.300000000000004
    endloop
  endfacet
  facet normal 0 -1 0
    outer loop
      vertex 318.11193304909773 0 42.33770171105747
      vertex 337.59474411167423 0 35.300000000000004
      vertex 337.3 0 36.400000000000006
    endloop
  endfacet
  facet normal 0 1 0
    outer loop
      vertex 313.39821726225586 3 39.51240919649212
      vertex 337.59474411167423 3 35.300000000000004
      vertex 338.4 3 34.494744111674244
    endloop
  endfacet
  facet normal 0.2588190451025208 0 0.9659258262890684
    outer loop
      vertex 338.4 0 34.494744111674244
      vertex 339.5 3 34.2
      vertex 338.4 3 34.494744111674244
    endloop
  endfacet
  facet normal 0.7071067811865538 0 0.7071067811865412
    outer loop
      vertex 338.4 0 34.494744111674244
      vertex 338.4 3 34.494744111674244
      vertex 337.59474411167423 0 35.300000000000004
    endloop
  endfacet
  facet normal 0.9659258262890716 0 0.25881904510250797
    outer loop
      vertex 337.59474411167423 0 35.300000000000004
      vertex 337.59474411167423 3 35.300000000000004
      vertex 337.3 0 36.400000000000006
    endloop
  endfacet
  facet normal 0.7071067811865538 0 0.7071067811865412
    outer loop
      vertex 337.59474411167423 0 35.300000000000004
      vertex 338.4 3 34.494744111674244
      vertex 337.59474411167423 3 35.300000000000004
    endloop
  endfacet
  facet normal 0.9659258262890716 -2.3633148560606505e-18 0.25881904510250797
    outer loop
      vertex 337.59474411167423 3 35.300000000000004
      vertex 337.3 3 36.400000000000006
      vertex 337.3 0 36.400000000000006
    endloop
  endfacet
  facet normal 0.2588190451025208 4.4327507924047994e-18 0.9659258262890684
    outer loop
      vertex 338.4 0 34.494744111674244
      vertex 339.5 0 34.2
      vertex 339.5 3 34.2
    endloop
  endfacet
  facet normal -0.2588190451025208 -4.4327507924047994e-18 0.9659258262890684
    outer loop
      vertex 339.5 0 34.2
      vertex 340.6 0 34.494744111674244
      vertex 340.6 3 34.494744111674244
    endloop
  endfacet
  facet normal -0.2588190451025208 0 0.9659258262890684
    outer loop
      vertex 339.5 0 34.2
      vertex 340.6 3 34.494744111674244
      vertex 339.5 3 34.2
    endloop
  endfacet
  facet normal -0.7071067811865538 -4.714941258855527e-19 0.7071067811865412
    outer loop
      vertex 340.6 0 34.494744111674244
      vertex 341.40525588832577 0 35.300000000000004
      vertex 341.40525588832577 3 35.300000000000004
    endloop
  endfacet
  facet normal -0.9659258262890716 2.3633148560606505e-18 0.25881904510250797
    outer loop
      vertex 341.40525588832577 0 35.300000000000004
      vertex 341.7 0 36.400000000000006
      vertex 341.7 3 36.400000000000006
    endloop
  endfacet
  facet normal -0.7071067811865538 0 0.7071067811865412
    outer loop
      vertex 340.6 0 34.494744111674244
      vertex 341.40525588832577 3 35.300000000000004
      vertex 340.6 3 34.494744111674244
    endloop
  endfacet
  facet normal -0.9659258262890716 0 0.25881904510250797
    outer loop
      vertex 341.40525588832577 0 35.300000000000004
      vertex 341.7 3 36.400000000000006
      vertex 341.40525588832577 3 35.300000000000004
    endloop
  endfacet
  facet normal 0.9659258262890716 0 -0.25881904510250797
    outer loop
      vertex 337.3 0 36.400000000000006
      vertex 337.3 3 36.400000000000006
      vertex 337.59474411167423 0 37.50000000000001
    endloop
  endfacet
  facet normal 0.9659258262890716 0 -0.25881904510250797
    outer loop
      vertex 337.59474411167423 0 37.50000000000001
      vertex 337.3 3 36.400000000000006
      vertex 337.59474411167423 3 37.50000000000001
    endloop
  endfacet
  facet normal 0.7071067811865538 0 -0.7071067811865412
    outer loop
      vertex 337.59474411167423 0 37.50000000000001
      vertex 337.59474411167423 3 37.50000000000001
      vertex 338.4 0 38.30525588832577
    endloop
  endfacet
  facet normal 0.2588190451025208 0 -0.9659258262890684
    outer loop
      vertex 338.4 0 38.30525588832577
      vertex 338.4 3 38.30525588832577
      vertex 339.5 0 38.60000000000001
    endloop
  endfacet
  facet normal 0.7071067811865538 0 -0.7071067811865412
    outer loop
      vertex 338.4 0 38.30525588832577
      vertex 337.59474411167423 3 37.50000000000001
      vertex 338.4 3 38.30525588832577
    endloop
  endfacet
  facet normal -0.9659258262890716 -2.3633148560606505e-18 -0.25881904510250797
    outer loop
      vertex 341.7 0 36.400000000000006
      vertex 341.40525588832577 0 37.50000000000001
      vertex 341.40525588832577 3 37.50000000000001
    endloop
  endfacet
  facet normal -0.9659258262890716 0 -0.25881904510250797
    outer loop
      vertex 341.7 0 36.400000000000006
      vertex 341.40525588832577 3 37.50000000000001
      vertex 341.7 3 36.400000000000006
    endloop
  endfacet
  facet normal -0.2588190451025208 0 -0.9659258262890684
    outer loop
      vertex 339.5 0 38.60000000000001
      vertex 339.5 3 38.60000000000001
      vertex 340.6 0 38.30525588832577
    endloop
  endfacet
  facet normal 0.2588190451025208 -4.4327507924047994e-18 -0.9659258262890684
    outer loop
      vertex 338.4 3 38.30525588832577
      vertex 339.5 3 38.60000000000001
      vertex 339.5 0 38.60000000000001
    endloop
  endfacet
  facet normal -0.2588190451025208 0 -0.9659258262890684
    outer loop
      vertex 340.6 0 38.30525588832577
      vertex 339.5 3 38.60000000000001
      vertex 340.6 3 38.30525588832577
    endloop
  endfacet
  facet normal -0.7071067811865538 4.714941258855527e-19 -0.7071067811865412
    outer loop
      vertex 341.40525588832577 0 37.50000000000001
      vertex 340.6 0 38.30525588832577
      vertex 340.6 3 38.30525588832577
    endloop
  endfacet
  facet normal -0.7071067811865538 0 -0.7071067811865412
    outer loop
      vertex 341.40525588832577 0 37.50000000000001
      vertex 340.6 3 38.30525588832577
      vertex 341.40525588832577 3 37.50000000000001
    endloop
  endfacet
  facet normal 0 -1 0
    outer loop
      vertex 337.3 0 36.400000000000006
      vertex 337.59474411167423 0 37.50000000000001
      vertex 322.5260239131641 0 45.61141461168673
    endloop
  endfacet
  facet normal 0 -1 0
    outer loop
      vertex 337.59474411167423 0 37.50000000000001
      vertex 338.4 0 38.30525588832577
      vertex 322.5260239131641 0 45.61141461168673
    endloop
  endfacet
  facet normal 0 -1 0
    outer loop
      vertex 338.4 0 38.30525588832577
      vertex 339.5 0 38.60000000000001
      vertex 322.5260239131641 0 45.61141461168673
    endloop
  endfacet
  facet normal 0 -1 0
    outer loop
      vertex 339.5 0 38.60000000000001
      vertex 340.6 0 38.30525588832577
      vertex 322.5260239131641 0 45.61141461168673
    endloop
  endfacet
  facet normal 0 1 0
    outer loop
      vertex 337.59474411167423 3 35.300000000000004
      vertex 322.5260239131641 3 45.61141461168673
      vertex 337.3 3 36.400000000000006
    endloop
  endfacet
  facet normal 0 1 0
    outer loop
      vertex 337.3 3 36.400000000000006
      vertex 326.59797974644664 3 49.302020253553344
      vertex 337.59474411167423 3 37.50000000000001
    endloop
  endfacet
  facet normal 0 1 0
    outer loop
      vertex 337.3 3 36.400000000000006
      vertex 322.5260239131641 3 45.61141461168673
      vertex 326.59797974644664 3 49.302020253553344
    endloop
  endfacet
  facet normal 0 1 0
    outer loop
      vertex 337.59474411167423 3 37.50000000000001
      vertex 326.59797974644664 3 49.302020253553344
      vertex 338.4 3 38.30525588832577
    endloop
  endfacet
  facet normal 0 1 0
    outer loop
      vertex 338.4 3 38.30525588832577
      vertex 326.59797974644664 3 49.302020253553344
      vertex 339.5 3 38.60000000000001
    endloop
  endfacet
  facet normal 0 1 0
    outer loop
      vertex 339.5 3 38.60000000000001
      vertex 326.59797974644664 3 49.302020253553344
      vertex 340.6 3 38.30525588832577
    endloop
  endfacet
  facet normal 0 0 1
    outer loop
      vertex 213.3911618965832 106.21074106456052 3
      vertex 441 3 3
      vertex 214.175 106.53541743770057 3
    endloop
  endfacet
  facet normal 0 0 1
    outer loop
      vertex 214.175 106.53541743770057 3
      vertex 441 3 3
      vertex 214.84809703885628 107.05190296114371 3
    endloop
  endfacet
  facet normal 0 0 1
    outer loop
      vertex 214.84809703885628 107.05190296114371 3
      vertex 441 3 3
      vertex 215.36458256229943 107.725 3
    endloop
  endfacet
  facet normal 0 0 1
    outer loop
      vertex 215.36458256229943 107.725 3
      vertex 441 3 3
      vertex 215.68925893543948 108.5088381034168 3
    endloop
  endfacet
  facet normal 0 0 1
    outer loop
      vertex 215.68925893543948 108.5088381034168 3
      vertex 441 3 3
      vertex 215.8 109.35 3
    endloop
  endfacet
  facet normal 0 0 1
    outer loop
      vertex 215.68925893543948 110.19116189658318 3
      vertex 441 3 3
      vertex 215.36458256229943 110.975 3
    endloop
  endfacet
  facet normal 0 0 1
    outer loop
      vertex 215.36458256229943 110.975 3
      vertex 441 3 3
      vertex 214.84809703885628 111.64809703885628 3
    endloop
  endfacet
  facet normal 0 0 1
    outer loop
      vertex 215.8 109.35 3
      vertex 441 3 3
      vertex 215.68925893543948 110.19116189658318 3
    endloop
  endfacet
  facet normal 0 0 1
    outer loop
      vertex 214.84809703885628 111.64809703885628 3
      vertex 441 3 3
      vertex 214.175 112.16458256229942 3
    endloop
  endfacet
  facet normal -1 0 0
    outer loop
      vertex 228 0 43.900000000000006
      vertex 228 3 52.900000000000006
      vertex 228 3 43.900000000000006
    endloop
  endfacet
  facet normal -1 0 0
    outer loop
      vertex 228 0 43.900000000000006
      vertex 228 0 52.900000000000006
      vertex 228 3 52.900000000000006
    endloop
  endfacet
  facet normal 0 1 0
    outer loop
      vertex 232.3 3 36.400000000000006
      vertex 228 3 52.900000000000006
      vertex 228 3 58.900000000000006
    endloop
  endfacet
  facet normal 0 -1 0
    outer loop
      vertex 235.6 0 38.30525588832577
      vertex 228 0 52.900000000000006
      vertex 228 0 43.900000000000006
    endloop
  endfacet
  facet normal 0 1 0
    outer loop
      vertex 232.59474411167423 3 37.50000000000001
      vertex 228 3 58.900000000000006
      vertex 233.4 3 38.30525588832577
    endloop
  endfacet
  facet normal 0 1 0
    outer loop
      vertex 233.4 3 38.30525588832577
      vertex 228 3 58.900000000000006
      vertex 234.5 3 38.60000000000001
    endloop
  endfacet
  facet normal 0 -1 0
    outer loop
      vertex 236.40525588832577 0 37.50000000000001
      vertex 228 0 58.900000000000006
      vertex 235.6 0 38.30525588832577
    endloop
  endfacet
  facet normal 0 0 -1
    outer loop
      vertex 216 3 52.900000000000006
      vertex 228 3 52.900000000000006
      vertex 228 0 52.900000000000006
    endloop
  endfacet
  facet normal 0 1 0
    outer loop
      vertex 216 3 52.900000000000006
      vertex 228 3 58.900000000000006
      vertex 228 3 52.900000000000006
    endloop
  endfacet
  facet normal 0 -1 0
    outer loop
      vertex 235.6 0 38.30525588832577
      vertex 228 0 58.900000000000006
      vertex 228 0 52.900000000000006
    endloop
  endfacet
  facet normal 0 -1 0
    outer loop
      vertex 236.40525588832577 0 37.50000000000001
      vertex 228 0 67.9
      vertex 228 0 58.900000000000006
    endloop
  endfacet
  facet normal 0 1 0
    outer loop
      vertex 234.5 3 38.60000000000001
      vertex 228 3 58.900000000000006
      vertex 235.26274617936795 3 67.46972778755497
    endloop
  endfacet
  facet normal 0 -1 0
    outer loop
      vertex 236.40525588832577 0 37.50000000000001
      vertex 247.40202025355333 0 49.302020253553344
      vertex 243.71141461168673 0 53.37397608683586
    endloop
  endfacet
  facet normal 0 1 0
    outer loop
      vertex 234.5 3 38.60000000000001
      vertex 243.71141461168673 3 53.37397608683586
      vertex 247.40202025355333 3 49.302020253553344
    endloop
  endfacet
  facet normal 0 -1 0
    outer loop
      vertex 236.40525588832577 0 37.50000000000001
      vertex 243.71141461168673 0 53.37397608683586
      vertex 240.43770171105746 0 57.788066950902284
    endloop
  endfacet
  facet normal 0 1 0
    outer loop
      vertex 234.5 3 38.60000000000001
      vertex 240.43770171105746 3 57.788066950902284
      vertex 243.71141461168673 3 53.37397608683586
    endloop
  endfacet
  facet normal 0.6715589548470184 0 0.7409511253549591
    outer loop
      vertex 251.47397608683585 0 45.61141461168673
      vertex 251.47397608683585 3 45.61141461168673
      vertex 247.40202025355333 0 49.302020253553344
    endloop
  endfacet
  facet normal 0.6715589548470184 2.88702913464509e-17 0.7409511253549591
    outer loop
      vertex 251.47397608683585 3 45.61141461168673
      vertex 247.40202025355333 3 49.302020253553344
      vertex 247.40202025355333 0 49.302020253553344
    endloop
  endfacet
  facet normal 0 -1 0
    outer loop
      vertex 236.40525588832577 0 37.50000000000001
      vertex 240.43770171105746 0 57.788066950902284
      vertex 237.6124091964921 0 62.501782737744136
    endloop
  endfacet
  facet normal 0 1 0
    outer loop
      vertex 234.5 3 38.60000000000001
      vertex 237.6124091964921 3 62.501782737744136
      vertex 240.43770171105746 3 57.788066950902284
    endloop
  endfacet
  facet normal 0.8032075314806437 0 0.595699304492435
    outer loop
      vertex 243.71141461168673 0 53.37397608683586
      vertex 243.71141461168673 3 53.37397608683586
      vertex 240.43770171105746 0 57.788066950902284
    endloop
  endfacet
  facet normal 0.7409511253549603 0 0.671558954847017
    outer loop
      vertex 247.40202025355333 0 49.302020253553344
      vertex 247.40202025355333 3 49.302020253553344
      vertex 243.71141461168673 0 53.37397608683586
    endloop
  endfacet
  facet normal 0.7409511253549603 -1.6851483359148988e-17 0.671558954847017
    outer loop
      vertex 247.40202025355333 3 49.302020253553344
      vertex 243.71141461168673 3 53.37397608683586
      vertex 243.71141461168673 0 53.37397608683586
    endloop
  endfacet
  facet normal 0 -1 0
    outer loop
      vertex 216 0 58.900000000000006
      vertex 228 0 52.900000000000006
      vertex 228 0 58.900000000000006
    endloop
  endfacet
  facet normal 0 0 1
    outer loop
      vertex 216 0 58.900000000000006
      vertex 228 0 58.900000000000006
      vertex 228 3 58.900000000000006
    endloop
  endfacet
  facet normal 0 -1 0
    outer loop
      vertex 236.40525588832577 0 37.50000000000001
      vertex 237.6124091964921 0 62.501782737744136
      vertex 228 0 73.9
    endloop
  endfacet
  facet normal 0 1 0
    outer loop
      vertex 234.5 3 38.60000000000001
      vertex 235.26274617936795 3 67.46972778755497
      vertex 237.6124091964921 3 62.501782737744136
    endloop
  endfacet
  facet normal 0 -1 0
    outer loop
      vertex 236.40525588832577 0 37.50000000000001
      vertex 228 0 73.9
      vertex 228 0 67.9
    endloop
  endfacet
  facet normal -1 0 0
    outer loop
      vertex 228 0 58.900000000000006
      vertex 228 3 67.9
      vertex 228 3 58.900000000000006
    endloop
  endfacet
  facet normal -1 0 0
    outer loop
      vertex 228 0 58.900000000000006
      vertex 228 0 67.9
      vertex 228 3 67.9
    endloop
  endfacet
  facet normal 0 1 0
    outer loop
      vertex 228 3 58.900000000000006
      vertex 228 3 67.9
      vertex 235.26274617936795 3 67.46972778755497
    endloop
  endfacet
  facet normal 0.9039892931234444 0 0.4275550934302796
    outer loop
      vertex 237.6124091964921 0 62.501782737744136
      vertex 237.6124091964921 3 62.501782737744136
      vertex 235.26274617936795 0 67.46972778755497
    endloop
  endfacet
  facet normal 0.9039892931234444 6.563151626913885e-18 0.4275550934302796
    outer loop
      vertex 237.6124091964921 3 62.501782737744136
      vertex 235.26274617936795 3 67.46972778755497
      vertex 235.26274617936795 0 67.46972778755497
    endloop
  endfacet
  facet normal 0.8032075314806437 -1.6998815455699273e-17 0.595699304492435
    outer loop
      vertex 243.71141461168673 3 53.37397608683586
      vertex 240.43770171105746 3 57.788066950902284
      vertex 240.43770171105746 0 57.788066950902284
    endloop
  endfacet
  facet normal 0.857728610000272 0 0.514102744193222
    outer loop
      vertex 240.43770171105746 0 57.788066950902284
      vertex 240.43770171105746 3 57.788066950902284
      vertex 237.6124091964921 0 62.501782737744136
    endloop
  endfacet
  facet normal 0.857728610000272 1.4884706597443803e-17 0.514102744193222
    outer loop
      vertex 240.43770171105746 3 57.788066950902284
      vertex 237.6124091964921 3 62.501782737744136
      vertex 237.6124091964921 0 62.501782737744136
    endloop
  endfacet
  facet normal 0.5956993044924334 1.6695816593315973e-17 0.8032075314806449
    outer loop
      vertex 255.88806695090227 3 42.33770171105747
      vertex 251.47397608683585 3 45.61141461168673
      vertex 251.47397608683585 0 45.61141461168673
    endloop
  endfacet
  facet normal 0 0 -1
    outer loop
      vertex 216 3 67.9
      vertex 228 3 67.9
      vertex 228 0 67.9
    endloop
  endfacet
  facet normal 0 -1 0
    outer loop
      vertex 216 0 73.9
      vertex 228 0 67.9
      vertex 228 0 73.9
    endloop
  endfacet
  facet normal 0 1 0
    outer loop
      vertex 216 3 67.9
      vertex 228 3 73.9
      vertex 228 3 67.9
    endloop
  endfacet
  facet normal 0 1 0
    outer loop
      vertex 228 3 67.9
      vertex 233.4113411989963 3 72.64405807375012
      vertex 235.26274617936795 3 67.46972778755497
    endloop
  endfacet
  facet normal 0 -1 0
    outer loop
      vertex 237.6124091964921 0 62.501782737744136
      vertex 235.26274617936795 0 67.46972778755497
      vertex 228 0 73.9
    endloop
  endfacet
  facet normal 0.9415440651830199 0 0.33688985339222216
    outer loop
      vertex 235.26274617936795 0 67.46972778755497
      vertex 235.26274617936795 3 67.46972778755497
      vertex 233.4113411989963 0 72.64405807375012
    endloop
  endfacet
  facet normal 0 -1 0
    outer loop
      vertex 235.26274617936795 0 67.46972778755497
      vertex 233.4113411989963 0 72.64405807375012
      vertex 228 0 73.9
    endloop
  endfacet
  facet normal 0 1 0
    outer loop
      vertex 228 3 67.9
      vertex 228 3 73.9
      vertex 233.4113411989963 3 72.64405807375012
    endloop
  endfacet
  facet normal 0.9415440651830199 3.2114806009206473e-17 0.33688985339222216
    outer loop
      vertex 235.26274617936795 3 67.46972778755497
      vertex 233.4113411989963 3 72.64405807375012
      vertex 233.4113411989963 0 72.64405807375012
    endloop
  endfacet
  facet normal 0 0 1
    outer loop
      vertex 216 0 73.9
      vertex 228 0 73.9
      vertex 228 3 73.9
    endloop
  endfacet
  facet normal -1 0 0
    outer loop
      vertex 228 0 73.9
      vertex 228 3 82.9
      vertex 228 3 73.9
    endloop
  endfacet
  facet normal 0 -1 0
    outer loop
      vertex 228 0 73.9
      vertex 233.4113411989963 0 72.64405807375012
      vertex 232.0760242974191 0 77.97494196709683
    endloop
  endfacet
  facet normal 0.9700312531945449 0 0.24298017990326018
    outer loop
      vertex 233.4113411989963 0 72.64405807375012
      vertex 233.4113411989963 3 72.64405807375012
      vertex 232.0760242974191 0 77.97494196709683
    endloop
  endfacet
  facet normal 0.9700312531945449 5.184574623448178e-19 0.24298017990326018
    outer loop
      vertex 233.4113411989963 3 72.64405807375012
      vertex 232.0760242974191 3 77.97494196709683
      vertex 232.0760242974191 0 77.97494196709683
    endloop
  endfacet
  facet normal 0 1 0
    outer loop
      vertex 228 3 73.9
      vertex 228 3 82.9
      vertex 233.4113411989963 3 72.64405807375012
    endloop
  endfacet
  facet normal -1 0 0
    outer loop
      vertex 228 0 73.9
      vertex 228 0 82.9
      vertex 228 3 82.9
    endloop
  endfacet
  facet normal 0 -1 0
    outer loop
      vertex 228 0 73.9
      vertex 231.26965530635698 0 83.41104014154462
      vertex 228 0 82.9
    endloop
  endfacet
  facet normal 0 -1 0
    outer loop
      vertex 212.73034469364302 0 83.41104014154462
      vertex 228 0 82.9
      vertex 231.26965530635698 0 83.41104014154462
    endloop
  endfacet
  facet normal 0 0 -1
    outer loop
      vertex 216 3 82.9
      vertex 228 3 82.9
      vertex 228 0 82.9
    endloop
  endfacet
  facet normal 0 -1 0
    outer loop
      vertex 228 0 73.9
      vertex 232.0760242974191 0 77.97494196709683
      vertex 231.26965530635698 0 83.41104014154462
    endloop
  endfacet
  facet normal 0.9891765099647807 0 0.14673047445536322
    outer loop
      vertex 232.0760242974191 0 77.97494196709683
      vertex 232.0760242974191 3 77.97494196709683
      vertex 231.26965530635698 0 83.41104014154462
    endloop
  endfacet
  facet normal 0 1 0
    outer loop
      vertex 233.4113411989963 3 72.64405807375012
      vertex 228 3 82.9
      vertex 232.0760242974191 3 77.97494196709683
    endloop
  endfacet
  facet normal 0.9891765099647807 -2.6917990219717884e-17 0.14673047445536322
    outer loop
      vertex 232.0760242974191 3 77.97494196709683
      vertex 231.26965530635698 3 83.41104014154462
      vertex 231.26965530635698 0 83.41104014154462
    endloop
  endfacet
  facet normal 0 1 0
    outer loop
      vertex 228 3 82.9
      vertex 231.26965530635698 3 83.41104014154462
      vertex 232.0760242974191 3 77.97494196709683
    endloop
  endfacet
  facet normal 0 1 0
    outer loop
      vertex 216 3 82.9
      vertex 228 3 88.9
      vertex 228 3 82.9
    endloop
  endfacet
  facet normal 0 1 0
    outer loop
      vertex 228 3 82.9
      vertex 228 3 88.9
      vertex 231.26965530635698 3 83.41104014154462
    endloop
  endfacet
  facet normal 0 -1 0
    outer loop
      vertex 216 0 88.9
      vertex 231.26965530635698 0 83.41104014154462
      vertex 228 0 88.9
    endloop
  endfacet
  facet normal 0.9987954562051722 0 0.04906767432741924
    outer loop
      vertex 231.26965530635698 0 83.41104014154462
      vertex 231.26965530635698 3 83.41104014154462
      vertex 231 0 88.9
    endloop
  endfacet
  facet normal 0 -1 0
    outer loop
      vertex 231.26965530635698 0 83.41104014154462
      vertex 231 0 88.9
      vertex 228 0 88.9
    endloop
  endfacet
  facet normal 0.9987954562051722 -2.522979937260881e-18 0.04906767432741924
    outer loop
      vertex 231.26965530635698 3 83.41104014154462
      vertex 231 3 88.9
      vertex 231 0 88.9
    endloop
  endfacet
  facet normal 0 1 0
    outer loop
      vertex 231.26965530635698 3 83.41104014154462
      vertex 228 3 88.9
      vertex 231 3 88.9
    endloop
  endfacet
  facet normal -0.5956993044924358 5.016978347757735e-17 0.803207531480643
    outer loop
      vertex 318.11193304909773 0 42.33770171105747
      vertex 322.5260239131641 0 45.61141461168673
      vertex 322.5260239131641 3 45.61141461168673
    endloop
  endfacet
  facet normal -0.6715589548470184 0 0.7409511253549591
    outer loop
      vertex 322.5260239131641 0 45.61141461168673
      vertex 326.59797974644664 3 49.302020253553344
      vertex 322.5260239131641 3 45.61141461168673
    endloop
  endfacet
  facet normal -0.6715589548470184 -2.88702913464509e-17 0.7409511253549591
    outer loop
      vertex 322.5260239131641 0 45.61141461168673
      vertex 326.59797974644664 0 49.302020253553344
      vertex 326.59797974644664 3 49.302020253553344
    endloop
  endfacet
  facet normal -0.7409511253549578 0 0.6715589548470199
    outer loop
      vertex 326.59797974644664 0 49.302020253553344
      vertex 330.28858538831327 3 53.37397608683586
      vertex 326.59797974644664 3 49.302020253553344
    endloop
  endfacet
  facet normal -0.7409511253549578 3.3152520994429487e-17 0.6715589548470199
    outer loop
      vertex 326.59797974644664 0 49.302020253553344
      vertex 330.28858538831327 0 53.37397608683586
      vertex 330.28858538831327 3 53.37397608683586
    endloop
  endfacet
  facet normal -0.8032075314806437 0 0.595699304492435
    outer loop
      vertex 330.28858538831327 0 53.37397608683586
      vertex 333.56229828894254 3 57.788066950902284
      vertex 330.28858538831327 3 53.37397608683586
    endloop
  endfacet
  facet normal -0.8032075314806437 1.6998815455699273e-17 0.595699304492435
    outer loop
      vertex 330.28858538831327 0 53.37397608683586
      vertex 333.56229828894254 0 57.788066950902284
      vertex 333.56229828894254 3 57.788066950902284
    endloop
  endfacet
  facet normal -0.8577286100002742 0 0.5141027441932181
    outer loop
      vertex 333.56229828894254 0 57.788066950902284
      vertex 336.38759080350786 3 62.501782737744136
      vertex 333.56229828894254 3 57.788066950902284
    endloop
  endfacet
  facet normal -0.8577286100002742 4.7666134411053235e-17 0.5141027441932181
    outer loop
      vertex 333.56229828894254 0 57.788066950902284
      vertex 336.38759080350786 0 62.501782737744136
      vertex 336.38759080350786 3 62.501782737744136
    endloop
  endfacet
  facet normal -0.9039892931234406 0 0.4275550934302881
    outer loop
      vertex 336.38759080350786 0 62.501782737744136
      vertex 338.7372538206321 3 67.46972778755497
      vertex 336.38759080350786 3 62.501782737744136
    endloop
  endfacet
  facet normal -0.9039892931234406 -9.338480450094472e-18 0.4275550934302881
    outer loop
      vertex 336.38759080350786 0 62.501782737744136
      vertex 338.7372538206321 0 67.46972778755497
      vertex 338.7372538206321 3 67.46972778755497
    endloop
  endfacet
  facet normal -0.9415440651830216 0 0.3368898533922176
    outer loop
      vertex 338.7372538206321 0 67.46972778755497
      vertex 340.5886588010037 3 72.64405807375012
      vertex 338.7372538206321 3 67.46972778755497
    endloop
  endfacet
  facet normal -0.9415440651830216 -9.411360002412948e-18 0.3368898533922176
    outer loop
      vertex 338.7372538206321 0 67.46972778755497
      vertex 340.5886588010037 0 72.64405807375012
      vertex 340.5886588010037 3 72.64405807375012
    endloop
  endfacet
  facet normal -0.9700312531945449 0 0.24298017990326018
    outer loop
      vertex 340.5886588010037 0 72.64405807375012
      vertex 341.9239757025809 3 77.97494196709683
      vertex 340.5886588010037 3 72.64405807375012
    endloop
  endfacet
  facet normal -0.9700312531945449 -5.184574623448178e-19 0.24298017990326018
    outer loop
      vertex 340.5886588010037 0 72.64405807375012
      vertex 341.9239757025809 0 77.97494196709683
      vertex 341.9239757025809 3 77.97494196709683
    endloop
  endfacet
  facet normal -0.9891765099647807 0 0.14673047445536322
    outer loop
      vertex 341.9239757025809 0 77.97494196709683
      vertex 342.730344693643 3 83.41104014154462
      vertex 341.9239757025809 3 77.97494196709683
    endloop
  endfacet
  facet normal -0.9891765099647807 2.6917990219717884e-17 0.14673047445536322
    outer loop
      vertex 341.9239757025809 0 77.97494196709683
      vertex 342.730344693643 0 83.41104014154462
      vertex 342.730344693643 3 83.41104014154462
    endloop
  endfacet
  facet normal 0 0 1
    outer loop
      vertex 214.175 112.16458256229942 3
      vertex 441 3 3
      vertex 12.6 260.48 3
    endloop
  endfacet
  facet normal 0 0 1
    outer loop
      vertex 133.125 257.66541743770057 3
      vertex 441 3 3
      vertex 133.9088381034168 257.3407410645605 3
    endloop
  endfacet
  facet normal 0 0 1
    outer loop
      vertex 132.45190296114373 258.18190296114375 3
      vertex 441 3 3
      vertex 133.125 257.66541743770057 3
    endloop
  endfacet
  facet normal 0 0 1
    outer loop
      vertex 134.75 257.23 3
      vertex 133.9088381034168 257.3407410645605 3
      vertex 441 3 3
    endloop
  endfacet
  facet normal 0 0 1
    outer loop
      vertex 134.75 257.23 3
      vertex 441 3 3
      vertex 135.5911618965832 257.3407410645605 3
    endloop
  endfacet
  facet normal 0 0 1
    outer loop
      vertex 135.5911618965832 257.3407410645605 3
      vertex 441 3 3
      vertex 136.375 257.66541743770057 3
    endloop
  endfacet
  facet normal 0 0 1
    outer loop
      vertex 136.375 257.66541743770057 3
      vertex 441 3 3
      vertex 137.04809703885627 258.18190296114375 3
    endloop
  endfacet
  facet normal 0 0 1
    outer loop
      vertex 137.04809703885627 258.18190296114375 3
      vertex 441 3 3
      vertex 137.56458256229942 258.855 3
    endloop
  endfacet
  facet normal 0 0 1
    outer loop
      vertex 137.56458256229942 258.855 3
      vertex 441 3 3
      vertex 137.88925893543947 259.63883810341684 3
    endloop
  endfacet
  facet normal 0 0 1
    outer loop
      vertex 137.88925893543947 259.63883810341684 3
      vertex 441 3 3
      vertex 138 260.48 3
    endloop
  endfacet
  facet normal 0 0 1
    outer loop
      vertex 138 260.48 3
      vertex 441 3 3
      vertex 137.88925893543947 261.3211618965832 3
    endloop
  endfacet
  facet normal 0 0 1
    outer loop
      vertex 137.88925893543947 261.3211618965832 3
      vertex 441 3 3
      vertex 137.56458256229942 262.105 3
    endloop
  endfacet
  facet normal 0 0 -1
    outer loop
      vertex 0 0 0
      vertex 444 350 0
      vertex 444 3 0
    endloop
  endfacet
  facet normal 0 0 1
    outer loop
      vertex 210.925 257.66541743770057 3
      vertex 441 3 3
      vertex 211.7088381034168 257.3407410645605 3
    endloop
  endfacet
  facet normal 0 0 1
    outer loop
      vertex 210.25190296114374 258.18190296114375 3
      vertex 441 3 3
      vertex 210.925 257.66541743770057 3
    endloop
  endfacet
  facet normal 0 0 1
    outer loop
      vertex 212.55 257.23 3
      vertex 211.7088381034168 257.3407410645605 3
      vertex 441 3 3
    endloop
  endfacet
  facet normal 0 0 1
    outer loop
      vertex 212.55 257.23 3
      vertex 441 3 3
      vertex 316 207 3
    endloop
  endfacet
  facet normal 0 -1 0
    outer loop
      vertex 292.4889598584554 0 33.16965530635698
      vertex 441 0 3
      vertex 297.92505803290317 0 33.9760242974191
    endloop
  endfacet
  facet normal 0 1 0
    outer loop
      vertex 292.4889598584554 3 33.16965530635698
      vertex 297.92505803290317 3 33.9760242974191
      vertex 441 3 3
    endloop
  endfacet
  facet normal 0 1 0
    outer loop
      vertex 297.92505803290317 3 33.9760242974191
      vertex 303.2559419262499 3 35.31134119899631
      vertex 441 3 3
    endloop
  endfacet
  facet normal 0 -1 0
    outer loop
      vertex 297.92505803290317 0 33.9760242974191
      vertex 441 0 3
      vertex 339.5 0 34.2
    endloop
  endfacet
  facet normal 0 1 0
    outer loop
      vertex 303.2559419262499 3 35.31134119899631
      vertex 339.5 3 34.2
      vertex 441 3 3
    endloop
  endfacet
  facet normal 0 -1 0
    outer loop
      vertex 322.5260239131641 0 45.61141461168673
      vertex 441 0 3
      vertex 326.59797974644664 0 49.302020253553344
    endloop
  endfacet
  facet normal 0 -1 0
    outer loop
      vertex 340.6 0 38.30525588832577
      vertex 441 0 3
      vertex 322.5260239131641 0 45.61141461168673
    endloop
  endfacet
  facet normal 0 1 0
    outer loop
      vertex 340.6 3 38.30525588832577
      vertex 326.59797974644664 3 49.302020253553344
      vertex 441 3 3
    endloop
  endfacet
  facet normal 0 -1 0
    outer loop
      vertex 326.59797974644664 0 49.302020253553344
      vertex 441 0 3
      vertex 330.28858538831327 0 53.37397608683586
    endloop
  endfacet
  facet normal 0 1 0
    outer loop
      vertex 326.59797974644664 3 49.302020253553344
      vertex 330.28858538831327 3 53.37397608683586
      vertex 441 3 3
    endloop
  endfacet
  facet normal 0 -1 0
    outer loop
      vertex 330.28858538831327 0 53.37397608683586
      vertex 441 0 3
      vertex 333.56229828894254 0 57.788066950902284
    endloop
  endfacet
  facet normal 0 1 0
    outer loop
      vertex 330.28858538831327 3 53.37397608683586
      vertex 333.56229828894254 3 57.788066950902284
      vertex 441 3 3
    endloop
  endfacet
  facet normal 0 -1 0
    outer loop
      vertex 333.56229828894254 0 57.788066950902284
      vertex 441 0 3
      vertex 336.38759080350786 0 62.501782737744136
    endloop
  endfacet
  facet normal 0 1 0
    outer loop
      vertex 333.56229828894254 3 57.788066950902284
      vertex 336.38759080350786 3 62.501782737744136
      vertex 441 3 3
    endloop
  endfacet
  facet normal 0 -1 0
    outer loop
      vertex 336.38759080350786 0 62.501782737744136
      vertex 441 0 3
      vertex 338.7372538206321 0 67.46972778755497
    endloop
  endfacet
  facet normal 0 1 0
    outer loop
      vertex 336.38759080350786 3 62.501782737744136
      vertex 338.7372538206321 3 67.46972778755497
      vertex 441 3 3
    endloop
  endfacet
  facet normal 0 -1 0
    outer loop
      vertex 339.5 0 34.2
      vertex 441 0 3
      vertex 340.6 0 34.494744111674244
    endloop
  endfacet
  facet normal 0 -1 0
    outer loop
      vertex 340.6 0 34.494744111674244
      vertex 441 0 3
      vertex 341.40525588832577 0 35.300000000000004
    endloop
  endfacet
  facet normal 0 -1 0
    outer loop
      vertex 341.40525588832577 0 35.300000000000004
      vertex 441 0 3
      vertex 341.7 0 36.400000000000006
    endloop
  endfacet
  facet normal 0 1 0
    outer loop
      vertex 339.5 3 34.2
      vertex 340.6 3 34.494744111674244
      vertex 441 3 3
    endloop
  endfacet
  facet normal 0 1 0
    outer loop
      vertex 340.6 3 34.494744111674244
      vertex 341.40525588832577 3 35.300000000000004
      vertex 441 3 3
    endloop
  endfacet
  facet normal 0 1 0
    outer loop
      vertex 341.40525588832577 3 35.300000000000004
      vertex 341.7 3 36.400000000000006
      vertex 441 3 3
    endloop
  endfacet
  facet normal 0 -1 0
    outer loop
      vertex 341.40525588832577 0 37.50000000000001
      vertex 441 0 3
      vertex 340.6 0 38.30525588832577
    endloop
  endfacet
  facet normal 0 -1 0
    outer loop
      vertex 341.7 0 36.400000000000006
      vertex 441 0 3
      vertex 341.40525588832577 0 37.50000000000001
    endloop
  endfacet
  facet normal 0 1 0
    outer loop
      vertex 341.40525588832577 3 37.50000000000001
      vertex 340.6 3 38.30525588832577
      vertex 441 3 3
    endloop
  endfacet
  facet normal 0 1 0
    outer loop
      vertex 341.7 3 36.400000000000006
      vertex 341.40525588832577 3 37.50000000000001
      vertex 441 3 3
    endloop
  endfacet
  facet normal 0 -1 0
    outer loop
      vertex 338.7372538206321 0 67.46972778755497
      vertex 441 0 3
      vertex 340.5886588010037 0 72.64405807375012
    endloop
  endfacet
  facet normal 0 1 0
    outer loop
      vertex 338.7372538206321 3 67.46972778755497
      vertex 340.5886588010037 3 72.64405807375012
      vertex 441 3 3
    endloop
  endfacet
  facet normal 0 -1 0
    outer loop
      vertex 340.5886588010037 0 72.64405807375012
      vertex 441 0 3
      vertex 341.9239757025809 0 77.97494196709683
    endloop
  endfacet
  facet normal 0 1 0
    outer loop
      vertex 340.5886588010037 3 72.64405807375012
      vertex 341.9239757025809 3 77.97494196709683
      vertex 441 3 3
    endloop
  endfacet
  facet normal 0 -1 0
    outer loop
      vertex 341.9239757025809 0 77.97494196709683
      vertex 441 0 3
      vertex 342.730344693643 0 83.41104014154462
    endloop
  endfacet
  facet normal 0 1 0
    outer loop
      vertex 341.9239757025809 3 77.97494196709683
      vertex 342.730344693643 3 83.41104014154462
      vertex 441 3 3
    endloop
  endfacet
  facet normal 0 -1 0
    outer loop
      vertex 441 0 3
      vertex 343 0 88.9
      vertex 342.730344693643 0 83.41104014154462
    endloop
  endfacet
  facet normal 0 1 0
    outer loop
      vertex 441 3 3
      vertex 342.730344693643 3 83.41104014154462
      vertex 343 3 88.9
    endloop
  endfacet
  facet normal 0 -1 0
    outer loop
      vertex 441 0 3
      vertex 342.730344693643 0 94.3889598584554
      vertex 343 0 88.9
    endloop
  endfacet
  facet normal 0 1 0
    outer loop
      vertex 441 3 3
      vertex 343 3 88.9
      vertex 342.730344693643 3 94.3889598584554
    endloop
  endfacet
  facet normal 0 -1 0
    outer loop
      vertex 441 0 3
      vertex 341.9239757025809 0 99.82505803290319
      vertex 342.730344693643 0 94.3889598584554
    endloop
  endfacet
  facet normal 0 1 0
    outer loop
      vertex 441 3 3
      vertex 342.730344693643 3 94.3889598584554
      vertex 341.9239757025809 3 99.82505803290319
    endloop
  endfacet
  facet normal 0 1 0
    outer loop
      vertex 441 3 3
      vertex 338.7372538206321 3 110.33027221244504
      vertex 336.38759080350786 3 115.29821726225587
    endloop
  endfacet
  facet normal -0.9987954562051722 0 0.04906767432741924
    outer loop
      vertex 342.730344693643 0 83.41104014154462
      vertex 343 3 88.9
      vertex 342.730344693643 3 83.41104014154462
    endloop
  endfacet
  facet normal -0.9987954562051722 2.522979937260881e-18 0.04906767432741924
    outer loop
      vertex 342.730344693643 0 83.41104014154462
      vertex 343 0 88.9
      vertex 343 3 88.9
    endloop
  endfacet
  facet normal 0 1 0
    outer loop
      vertex 441 3 3
      vertex 336.38759080350786 3 115.29821726225587
      vertex 333.56229828894254 3 120.01193304909773
    endloop
  endfacet
  facet normal 0 1 0
    outer loop
      vertex 441 3 3
      vertex 333.56229828894254 3 120.01193304909773
      vertex 330.28858538831327 3 124.42602391316416
    endloop
  endfacet
  facet normal 0 1 0
    outer loop
      vertex 441 3 3
      vertex 330.28858538831327 3 124.42602391316416
      vertex 326.59797974644664 3 128.49797974644667
    endloop
  endfacet
  facet normal 0 1 0
    outer loop
      vertex 441 3 3
      vertex 341.9239757025809 3 99.82505803290319
      vertex 340.5886588010037 3 105.1559419262499
    endloop
  endfacet
  facet normal 0 1 0
    outer loop
      vertex 441 3 3
      vertex 340.5886588010037 3 105.1559419262499
      vertex 338.7372538206321 3 110.33027221244504
    endloop
  endfacet
  facet normal 0 -1 0
    outer loop
      vertex 444 0 0
      vertex 441 0 177.8
      vertex 441 0 3
    endloop
  endfacet
  facet normal 0 0 1
    outer loop
      vertex 441 3 3
      vertex 410 207 3
      vertex 316 207 3
    endloop
  endfacet
  facet normal 0 0 1
    outer loop
      vertex 216 0 88.9
      vertex 228 0 88.9
      vertex 228 3 88.9
    endloop
  endfacet
  facet normal -1 0 0
    outer loop
      vertex 228 0 88.9
      vertex 228 3 97.9
      vertex 228 3 88.9
    endloop
  endfacet
  facet normal 0 1 0
    outer loop
      vertex 228 3 88.9
      vertex 228 3 97.9
      vertex 231 3 88.9
    endloop
  endfacet
  facet normal 0 -1 0
    outer loop
      vertex 228 0 88.9
      vertex 231 0 88.9
      vertex 231.26965530635698 0 94.3889598584554
    endloop
  endfacet
  facet normal 0.9987954562051722 0 -0.04906767432741924
    outer loop
      vertex 231 0 88.9
      vertex 231 3 88.9
      vertex 231.26965530635698 0 94.3889598584554
    endloop
  endfacet
  facet normal 0.9987954562051722 2.522979937260881e-18 -0.04906767432741924
    outer loop
      vertex 231 3 88.9
      vertex 231.26965530635698 3 94.3889598584554
      vertex 231.26965530635698 0 94.3889598584554
    endloop
  endfacet
  facet normal 0 -1 0
    outer loop
      vertex 228 0 88.9
      vertex 231.26965530635698 0 94.3889598584554
      vertex 232.0760242974191 0 99.82505803290319
    endloop
  endfacet
  facet normal 0 1 0
    outer loop
      vertex 231 3 88.9
      vertex 228 3 97.9
      vertex 231.26965530635698 3 94.3889598584554
    endloop
  endfacet
  facet normal -1 0 0
    outer loop
      vertex 228 0 88.9
      vertex 228 0 97.9
      vertex 228 3 97.9
    endloop
  endfacet
  facet normal 0 -1 0
    outer loop
      vertex 228 0 88.9
      vertex 232.0760242974191 0 99.82505803290319
      vertex 228 0 97.9
    endloop
  endfacet
  facet normal 0 0 -1
    outer loop
      vertex 216 3 97.9
      vertex 228 3 97.9
      vertex 228 0 97.9
    endloop
  endfacet
  facet normal 0.9891765099647807 0 -0.14673047445536322
    outer loop
      vertex 231.26965530635698 0 94.3889598584554
      vertex 231.26965530635698 3 94.3889598584554
      vertex 232.0760242974191 0 99.82505803290319
    endloop
  endfacet
  facet normal 0.9891765099647807 2.6917990219717884e-17 -0.14673047445536322
    outer loop
      vertex 231.26965530635698 3 94.3889598584554
      vertex 232.0760242974191 3 99.82505803290319
      vertex 232.0760242974191 0 99.82505803290319
    endloop
  endfacet
  facet normal 0 1 0
    outer loop
      vertex 231.26965530635698 3 94.3889598584554
      vertex 228 3 97.9
      vertex 232.0760242974191 3 99.82505803290319
    endloop
  endfacet
  facet normal 0 -1 0
    outer loop
      vertex 216 0 103.9
      vertex 228 0 97.9
      vertex 228 0 103.9
    endloop
  endfacet
  facet normal 0 1 0
    outer loop
      vertex 216 3 103.9
      vertex 228 3 103.9
      vertex 228 3 97.9
    endloop
  endfacet
  facet normal 0 -1 0
    outer loop
      vertex 228 0 97.9
      vertex 232.0760242974191 0 99.82505803290319
      vertex 228 0 103.9
    endloop
  endfacet
  facet normal 0 0 1
    outer loop
      vertex 216 0 103.9
      vertex 228 0 103.9
      vertex 228 3 103.9
    endloop
  endfacet
  facet normal 0.9700312531945449 0 -0.24298017990326018
    outer loop
      vertex 232.0760242974191 0 99.82505803290319
      vertex 232.0760242974191 3 99.82505803290319
      vertex 233.4113411989963 0 105.1559419262499
    endloop
  endfacet
  facet normal 0 1 0
    outer loop
      vertex 228 3 97.9
      vertex 233.4113411989963 3 105.1559419262499
      vertex 232.0760242974191 3 99.82505803290319
    endloop
  endfacet
  facet normal 0 -1 0
    outer loop
      vertex 232.0760242974191 0 99.82505803290319
      vertex 233.4113411989963 0 105.1559419262499
      vertex 228 0 103.9
    endloop
  endfacet
  facet normal 0.9700312531945449 -5.184574623448178e-19 -0.24298017990326018
    outer loop
      vertex 232.0760242974191 3 99.82505803290319
      vertex 233.4113411989963 3 105.1559419262499
      vertex 233.4113411989963 0 105.1559419262499
    endloop
  endfacet
  facet normal 0 1 0
    outer loop
      vertex 228 3 97.9
      vertex 228 3 103.9
      vertex 235.26274617936795 3 110.33027221244504
    endloop
  endfacet
  facet normal 0 1 0
    outer loop
      vertex 228 3 97.9
      vertex 235.26274617936795 3 110.33027221244504
      vertex 233.4113411989963 3 105.1559419262499
    endloop
  endfacet
  facet normal -1 0 0
    outer loop
      vertex 228 0 103.9
      vertex 228 3 112.9
      vertex 228 3 103.9
    endloop
  endfacet
  facet normal -1 0 0
    outer loop
      vertex 228 0 103.9
      vertex 228 0 112.9
      vertex 228 3 112.9
    endloop
  endfacet
  facet normal 0 -1 0
    outer loop
      vertex 228 0 103.9
      vertex 233.4113411989963 0 105.1559419262499
      vertex 235.26274617936795 0 110.33027221244504
    endloop
  endfacet
  facet normal 0.9415440651830199 0 -0.33688985339222216
    outer loop
      vertex 233.4113411989963 0 105.1559419262499
      vertex 233.4113411989963 3 105.1559419262499
      vertex 235.26274617936795 0 110.33027221244504
    endloop
  endfacet
  facet normal 0 -1 0
    outer loop
      vertex 228 0 103.9
      vertex 235.26274617936795 0 110.33027221244504
      vertex 228 0 112.9
    endloop
  endfacet
  facet normal 0 1 0
    outer loop
      vertex 228 3 103.9
      vertex 228 3 112.9
      vertex 235.26274617936795 3 110.33027221244504
    endloop
  endfacet
  facet normal 0.9415440651830199 -3.2114806009206473e-17 -0.33688985339222216
    outer loop
      vertex 233.4113411989963 3 105.1559419262499
      vertex 235.26274617936795 3 110.33027221244504
      vertex 235.26274617936795 0 110.33027221244504
    endloop
  endfacet
  facet normal 0 0 -1
    outer loop
      vertex 216 3 112.9
      vertex 228 3 112.9
      vertex 228 0 112.9
    endloop
  endfacet
  facet normal 0 1 0
    outer loop
      vertex 216 3 112.9
      vertex 228 3 118.9
      vertex 228 3 112.9
    endloop
  endfacet
  facet normal 0.9039892931234444 0 -0.4275550934302796
    outer loop
      vertex 235.26274617936795 0 110.33027221244504
      vertex 235.26274617936795 3 110.33027221244504
      vertex 237.6124091964921 0 115.29821726225587
    endloop
  endfacet
  facet normal 0.9039892931234444 -6.563151626913885e-18 -0.4275550934302796
    outer loop
      vertex 235.26274617936795 3 110.33027221244504
      vertex 237.6124091964921 3 115.29821726225587
      vertex 237.6124091964921 0 115.29821726225587
    endloop
  endfacet
  facet normal 0 -1 0
    outer loop
      vertex 235.26274617936795 0 110.33027221244504
      vertex 228 0 118.9
      vertex 228 0 112.9
    endloop
  endfacet
  facet normal 0 1 0
    outer loop
      vertex 235.26274617936795 3 110.33027221244504
      vertex 228 3 112.9
      vertex 228 3 118.9
    endloop
  endfacet
  facet normal 0 -1 0
    outer loop
      vertex 216 0 118.9
      vertex 228 0 112.9
      vertex 228 0 118.9
    endloop
  endfacet
  facet normal 0 0 1
    outer loop
      vertex 216 0 118.9
      vertex 228 0 118.9
      vertex 228 3 118.9
    endloop
  endfacet
  facet normal -1 0 0
    outer loop
      vertex 228 0 118.9
      vertex 228 3 127.9
      vertex 228 3 118.9
    endloop
  endfacet
  facet normal 0 1 0
    outer loop
      vertex 235.26274617936795 3 110.33027221244504
      vertex 228 3 118.9
      vertex 228 3 127.9
    endloop
  endfacet
  facet normal 0 -1 0
    outer loop
      vertex 235.26274617936795 0 110.33027221244504
      vertex 237.6124091964921 0 115.29821726225587
      vertex 234.5 0 139.2
    endloop
  endfacet
  facet normal 0 1 0
    outer loop
      vertex 235.26274617936795 3 110.33027221244504
      vertex 233.4 3 139.49474411167424
      vertex 237.6124091964921 3 115.29821726225587
    endloop
  endfacet
  facet normal 0.8577286100002721 0 -0.5141027441932213
    outer loop
      vertex 237.6124091964921 0 115.29821726225587
      vertex 237.6124091964921 3 115.29821726225587
      vertex 240.43770171105746 0 120.01193304909773
    endloop
  endfacet
  facet normal 0.8577286100002721 1.7564736960694225e-17 -0.5141027441932213
    outer loop
      vertex 237.6124091964921 3 115.29821726225587
      vertex 240.43770171105746 3 120.01193304909773
      vertex 240.43770171105746 0 120.01193304909773
    endloop
  endfacet
  facet normal 0.8032075314806437 0 -0.595699304492435
    outer loop
      vertex 240.43770171105746 0 120.01193304909773
      vertex 240.43770171105746 3 120.01193304909773
      vertex 243.71141461168673 0 124.42602391316416
    endloop
  endfacet
  facet normal -1 0 0
    outer loop
      vertex 228 0 118.9
      vertex 228 0 127.9
      vertex 228 3 127.9
    endloop
  endfacet
  facet normal 0 -1 0
    outer loop
      vertex 235.26274617936795 0 110.33027221244504
      vertex 233.4 0 139.49474411167424
      vertex 228 0 118.9
    endloop
  endfacet
  facet normal 0 1 0
    outer loop
      vertex 235.26274617936795 3 110.33027221244504
      vertex 228 3 127.9
      vertex 232.59474411167423 3 140.3
    endloop
  endfacet
  facet normal 0 0 -1
    outer loop
      vertex 216 3 127.9
      vertex 228 3 127.9
      vertex 228 0 127.9
    endloop
  endfacet
  facet normal 0 1 0
    outer loop
      vertex 216 3 127.9
      vertex 228 3 133.9
      vertex 228 3 127.9
    endloop
  endfacet
  facet normal 0 -1 0
    outer loop
      vertex 216 0 133.9
      vertex 228 0 127.9
      vertex 228 0 133.9
    endloop
  endfacet
  facet normal 0 -1 0
    outer loop
      vertex 228 0 118.9
      vertex 233.4 0 139.49474411167424
      vertex 228 0 127.9
    endloop
  endfacet
  facet normal 0 -1 0
    outer loop
      vertex 235.26274617936795 0 110.33027221244504
      vertex 234.5 0 139.2
      vertex 233.4 0 139.49474411167424
    endloop
  endfacet
  facet normal 0 1 0
    outer loop
      vertex 235.26274617936795 3 110.33027221244504
      vertex 232.59474411167423 3 140.3
      vertex 233.4 3 139.49474411167424
    endloop
  endfacet
  facet normal 0 1 0
    outer loop
      vertex 240.43770171105746 3 120.01193304909773
      vertex 233.4 3 139.49474411167424
      vertex 234.5 3 139.2
    endloop
  endfacet
  facet normal 0 -1 0
    outer loop
      vertex 237.6124091964921 0 115.29821726225587
      vertex 240.43770171105746 0 120.01193304909773
      vertex 234.5 0 139.2
    endloop
  endfacet
  facet normal 0 1 0
    outer loop
      vertex 237.6124091964921 3 115.29821726225587
      vertex 233.4 3 139.49474411167424
      vertex 240.43770171105746 3 120.01193304909773
    endloop
  endfacet
  facet normal 0.8032075314806437 1.6998815455699273e-17 -0.595699304492435
    outer loop
      vertex 240.43770171105746 3 120.01193304909773
      vertex 243.71141461168673 3 124.42602391316416
      vertex 243.71141461168673 0 124.42602391316416
    endloop
  endfacet
  facet normal 0.7409511253549603 0 -0.671558954847017
    outer loop
      vertex 243.71141461168673 0 124.42602391316416
      vertex 243.71141461168673 3 124.42602391316416
      vertex 247.40202025355333 0 128.49797974644667
    endloop
  endfacet
  facet normal 0.7409511253549603 1.6851483359148988e-17 -0.671558954847017
    outer loop
      vertex 243.71141461168673 3 124.42602391316416
      vertex 247.40202025355333 3 128.49797974644667
      vertex 247.40202025355333 0 128.49797974644667
    endloop
  endfacet
  facet normal 0 -1 0
    outer loop
      vertex 240.43770171105746 0 120.01193304909773
      vertex 243.71141461168673 0 124.42602391316416
      vertex 234.5 0 139.2
    endloop
  endfacet
  facet normal 0 1 0
    outer loop
      vertex 240.43770171105746 3 120.01193304909773
      vertex 234.5 3 139.2
      vertex 243.71141461168673 3 124.42602391316416
    endloop
  endfacet
  facet normal 0 -1 0
    outer loop
      vertex 243.71141461168673 0 124.42602391316416
      vertex 247.40202025355333 0 128.49797974644667
      vertex 234.5 0 139.2
    endloop
  endfacet
  facet normal 0 1 0
    outer loop
      vertex 243.71141461168673 3 124.42602391316416
      vertex 235.6 3 139.49474411167424
      vertex 247.40202025355333 3 128.49797974644667
    endloop
  endfacet
  facet normal 0.671558954847017 0 -0.7409511253549603
    outer loop
      vertex 247.40202025355333 0 128.49797974644667
      vertex 247.40202025355333 3 128.49797974644667
      vertex 251.47397608683585 0 132.18858538831327
    endloop
  endfacet
  facet normal 0.671558954847017 1.6851483359148988e-17 -0.7409511253549603
    outer loop
      vertex 247.40202025355333 3 128.49797974644667
      vertex 251.47397608683585 3 132.18858538831327
      vertex 251.47397608683585 0 132.18858538831327
    endloop
  endfacet
  facet normal 0.595699304492435 0 -0.8032075314806437
    outer loop
      vertex 251.47397608683585 0 132.18858538831327
      vertex 251.47397608683585 3 132.18858538831327
      vertex 255.88806695090227 0 135.46229828894255
    endloop
  endfacet
  facet normal -0.9891765099647807 -2.6917990219717884e-17 -0.14673047445536322
    outer loop
      vertex 341.9239757025809 3 99.82505803290319
      vertex 342.730344693643 3 94.3889598584554
      vertex 342.730344693643 0 94.3889598584554
    endloop
  endfacet
  facet normal -0.9891765099647807 0 -0.14673047445536322
    outer loop
      vertex 341.9239757025809 0 99.82505803290319
      vertex 341.9239757025809 3 99.82505803290319
      vertex 342.730344693643 0 94.3889598584554
    endloop
  endfacet
  facet normal -0.9700312531945449 0 -0.24298017990326018
    outer loop
      vertex 341.9239757025809 0 99.82505803290319
      vertex 340.5886588010037 3 105.1559419262499
      vertex 341.9239757025809 3 99.82505803290319
    endloop
  endfacet
  facet normal -0.9700312531945449 5.184574623448178e-19 -0.24298017990326018
    outer loop
      vertex 341.9239757025809 0 99.82505803290319
      vertex 340.5886588010037 0 105.1559419262499
      vertex 340.5886588010037 3 105.1559419262499
    endloop
  endfacet
  facet normal -0.9415440651830216 0 -0.3368898533922176
    outer loop
      vertex 340.5886588010037 0 105.1559419262499
      vertex 338.7372538206321 3 110.33027221244504
      vertex 340.5886588010037 3 105.1559419262499
    endloop
  endfacet
  facet normal -0.9415440651830216 9.411360002412948e-18 -0.3368898533922176
    outer loop
      vertex 340.5886588010037 0 105.1559419262499
      vertex 338.7372538206321 0 110.33027221244504
      vertex 338.7372538206321 3 110.33027221244504
    endloop
  endfacet
  facet normal -0.9039892931234406 0 -0.4275550934302881
    outer loop
      vertex 338.7372538206321 0 110.33027221244504
      vertex 336.38759080350786 3 115.29821726225587
      vertex 338.7372538206321 3 110.33027221244504
    endloop
  endfacet
  facet normal -0.9039892931234406 9.338480450094472e-18 -0.4275550934302881
    outer loop
      vertex 338.7372538206321 0 110.33027221244504
      vertex 336.38759080350786 0 115.29821726225587
      vertex 336.38759080350786 3 115.29821726225587
    endloop
  endfacet
  facet normal -0.8577286100002746 2.7629009077301577e-17 -0.5141027441932176
    outer loop
      vertex 336.38759080350786 0 115.29821726225587
      vertex 333.56229828894254 0 120.01193304909773
      vertex 333.56229828894254 3 120.01193304909773
    endloop
  endfacet
  facet normal -0.8032075314806437 0 -0.595699304492435
    outer loop
      vertex 333.56229828894254 0 120.01193304909773
      vertex 330.28858538831327 3 124.42602391316416
      vertex 333.56229828894254 3 120.01193304909773
    endloop
  endfacet
  facet normal -0.8577286100002746 0 -0.5141027441932176
    outer loop
      vertex 336.38759080350786 0 115.29821726225587
      vertex 333.56229828894254 3 120.01193304909773
      vertex 336.38759080350786 3 115.29821726225587
    endloop
  endfacet
  facet normal -0.671558954847017 0 -0.7409511253549603
    outer loop
      vertex 326.59797974644664 0 128.49797974644667
      vertex 322.5260239131641 3 132.18858538831327
      vertex 326.59797974644664 3 128.49797974644667
    endloop
  endfacet
  facet normal -0.5956993044924375 0 -0.8032075314806418
    outer loop
      vertex 322.5260239131641 0 132.18858538831327
      vertex 318.11193304909773 3 135.46229828894255
      vertex 322.5260239131641 3 132.18858538831327
    endloop
  endfacet
  facet normal -0.671558954847017 -1.6851483359148988e-17 -0.7409511253549603
    outer loop
      vertex 326.59797974644664 0 128.49797974644667
      vertex 322.5260239131641 0 132.18858538831327
      vertex 322.5260239131641 3 132.18858538831327
    endloop
  endfacet
  facet normal -0.8032075314806437 -1.6998815455699273e-17 -0.595699304492435
    outer loop
      vertex 333.56229828894254 0 120.01193304909773
      vertex 330.28858538831327 0 124.42602391316416
      vertex 330.28858538831327 3 124.42602391316416
    endloop
  endfacet
  facet normal -0.7409511253549578 -3.3152520994429487e-17 -0.6715589548470199
    outer loop
      vertex 326.59797974644664 3 128.49797974644667
      vertex 330.28858538831327 3 124.42602391316416
      vertex 330.28858538831327 0 124.42602391316416
    endloop
  endfacet
  facet normal -0.7409511253549578 0 -0.6715589548470199
    outer loop
      vertex 326.59797974644664 0 128.49797974644667
      vertex 326.59797974644664 3 128.49797974644667
      vertex 330.28858538831327 0 124.42602391316416
    endloop
  endfacet
  facet normal 0 0 1
    outer loop
      vertex 216 0 133.9
      vertex 228 0 133.9
      vertex 228 3 133.9
    endloop
  endfacet
  facet normal 0 1 0
    outer loop
      vertex 228 3 127.9
      vertex 228 3 133.9
      vertex 232.59474411167423 3 140.3
    endloop
  endfacet
  facet normal -1 0 0
    outer loop
      vertex 228 0 133.9
      vertex 228 3 142.9
      vertex 228 3 133.9
    endloop
  endfacet
  facet normal 0 -1 0
    outer loop
      vertex 228 0 127.9
      vertex 233.4 0 139.49474411167424
      vertex 228 0 133.9
    endloop
  endfacet
  facet normal 0 -1 0
    outer loop
      vertex 228 0 133.9
      vertex 233.4 0 139.49474411167424
      vertex 232.59474411167423 0 140.3
    endloop
  endfacet
  facet normal 0 -1 0
    outer loop
      vertex 228 0 133.9
      vertex 232.59474411167423 0 140.3
      vertex 232.3 0 141.4
    endloop
  endfacet
  facet normal -1 0 0
    outer loop
      vertex 228 0 133.9
      vertex 228 0 142.9
      vertex 228 3 142.9
    endloop
  endfacet
  facet normal 0 -1 0
    outer loop
      vertex 228 0 133.9
      vertex 232.59474411167423 0 142.5
      vertex 228 0 142.9
    endloop
  endfacet
  facet normal 0 1 0
    outer loop
      vertex 228 3 133.9
      vertex 228 3 142.9
      vertex 232.59474411167423 3 140.3
    endloop
  endfacet
  facet normal 0 0 -1
    outer loop
      vertex 216 3 142.9
      vertex 228 3 142.9
      vertex 228 0 142.9
    endloop
  endfacet
  facet normal 0 -1 0
    outer loop
      vertex 216 0 142.9
      vertex 228 0 142.9
      vertex 233.4 0 143.30525588832577
    endloop
  endfacet
  facet normal 0 -1 0
    outer loop
      vertex 228 0 133.9
      vertex 232.3 0 141.4
      vertex 232.59474411167423 0 142.5
    endloop
  endfacet
  facet normal 0.7071067811865476 -6.6212850958297065e-18 0.7071067811865476
    outer loop
      vertex 232.59474411167423 0 140.3
      vertex 233.4 0 139.49474411167424
      vertex 233.4 3 139.49474411167424
    endloop
  endfacet
  facet normal 0.7071067811865476 0 0.7071067811865476
    outer loop
      vertex 232.59474411167423 0 140.3
      vertex 233.4 3 139.49474411167424
      vertex 232.59474411167423 3 140.3
    endloop
  endfacet
  facet normal 0.9659258262890713 0 0.2588190451025095
    outer loop
      vertex 232.59474411167423 0 140.3
      vertex 232.59474411167423 3 140.3
      vertex 232.3 0 141.4
    endloop
  endfacet
  facet normal 0.9659258262890713 0 0.2588190451025095
    outer loop
      vertex 232.3 0 141.4
      vertex 232.59474411167423 3 140.3
      vertex 232.3 3 141.4
    endloop
  endfacet
  facet normal 0 1 0
    outer loop
      vertex 228 3 142.9
      vertex 232.3 3 141.4
      vertex 232.59474411167423 3 140.3
    endloop
  endfacet
  facet normal 0.25881904510253284 6.2035833866347216e-18 0.965925826289065
    outer loop
      vertex 233.4 0 139.49474411167424
      vertex 234.5 0 139.2
      vertex 234.5 3 139.2
    endloop
  endfacet
  facet normal 0.25881904510253284 0 0.965925826289065
    outer loop
      vertex 233.4 0 139.49474411167424
      vertex 234.5 3 139.2
      vertex 233.4 3 139.49474411167424
    endloop
  endfacet
  facet normal -0.25881904510253284 0 0.965925826289065
    outer loop
      vertex 234.5 0 139.2
      vertex 235.6 3 139.49474411167424
      vertex 234.5 3 139.2
    endloop
  endfacet
  facet normal -0.25881904510253284 -6.2035833866347216e-18 0.965925826289065
    outer loop
      vertex 234.5 0 139.2
      vertex 235.6 0 139.49474411167424
      vertex 235.6 3 139.49474411167424
    endloop
  endfacet
  facet normal -0.7071067811865476 6.6212850958297065e-18 0.7071067811865476
    outer loop
      vertex 235.6 0 139.49474411167424
      vertex 236.40525588832577 0 140.3
      vertex 236.40525588832577 3 140.3
    endloop
  endfacet
  facet normal -0.7071067811865476 0 0.7071067811865476
    outer loop
      vertex 235.6 0 139.49474411167424
      vertex 236.40525588832577 3 140.3
      vertex 235.6 3 139.49474411167424
    endloop
  endfacet
  facet normal -0.9659258262890713 6.795120764033277e-18 0.2588190451025095
    outer loop
      vertex 236.40525588832577 0 140.3
      vertex 236.7 0 141.4
      vertex 236.7 3 141.4
    endloop
  endfacet
  facet normal -0.9659258262890713 0 0.2588190451025095
    outer loop
      vertex 236.40525588832577 0 140.3
      vertex 236.7 3 141.4
      vertex 236.40525588832577 3 140.3
    endloop
  endfacet
  facet normal 0 -1 0
    outer loop
      vertex 228 0 142.9
      vertex 232.59474411167423 0 142.5
      vertex 233.4 0 143.30525588832577
    endloop
  endfacet
  facet normal 0.9659258262890713 0 -0.2588190451025095
    outer loop
      vertex 232.3 0 141.4
      vertex 232.3 3 141.4
      vertex 232.59474411167423 0 142.5
    endloop
  endfacet
  facet normal 0.7071067811865476 0 -0.7071067811865476
    outer loop
      vertex 232.59474411167423 0 142.5
      vertex 232.59474411167423 3 142.5
      vertex 233.4 0 143.30525588832577
    endloop
  endfacet
  facet normal 0.9659258262890713 6.795120764033277e-18 -0.2588190451025095
    outer loop
      vertex 232.3 3 141.4
      vertex 232.59474411167423 3 142.5
      vertex 232.59474411167423 0 142.5
    endloop
  endfacet
  facet normal 0.7071067811865476 6.6212850958297065e-18 -0.7071067811865476
    outer loop
      vertex 232.59474411167423 3 142.5
      vertex 233.4 3 143.30525588832577
      vertex 233.4 0 143.30525588832577
    endloop
  endfacet
  facet normal 0 1 0
    outer loop
      vertex 228 3 142.9
      vertex 232.59474411167423 3 142.5
      vertex 232.3 3 141.4
    endloop
  endfacet
  facet normal 0 1 0
    outer loop
      vertex 228 3 142.9
      vertex 233.4 3 143.30525588832577
      vertex 232.59474411167423 3 142.5
    endloop
  endfacet
  facet normal -0.9659258262890713 -6.795120764033277e-18 -0.2588190451025095
    outer loop
      vertex 236.7 0 141.4
      vertex 236.40525588832577 0 142.5
      vertex 236.40525588832577 3 142.5
    endloop
  endfacet
  facet normal -0.7071067811865476 -6.6212850958297065e-18 -0.7071067811865476
    outer loop
      vertex 236.40525588832577 0 142.5
      vertex 235.6 0 143.30525588832577
      vertex 235.6 3 143.30525588832577
    endloop
  endfacet
  facet normal -0.9659258262890713 0 -0.2588190451025095
    outer loop
      vertex 236.7 0 141.4
      vertex 236.40525588832577 3 142.5
      vertex 236.7 3 141.4
    endloop
  endfacet
  facet normal -0.7071067811865476 0 -0.7071067811865476
    outer loop
      vertex 236.40525588832577 0 142.5
      vertex 235.6 3 143.30525588832577
      vertex 236.40525588832577 3 142.5
    endloop
  endfacet
  facet normal 0.25881904510253284 0 -0.965925826289065
    outer loop
      vertex 233.4 0 143.30525588832577
      vertex 233.4 3 143.30525588832577
      vertex 234.5 0 143.60000000000002
    endloop
  endfacet
  facet normal -0.25881904510253284 0 -0.965925826289065
    outer loop
      vertex 234.5 0 143.60000000000002
      vertex 234.5 3 143.60000000000002
      vertex 235.6 0 143.30525588832577
    endloop
  endfacet
  facet normal 0.25881904510253284 0 -0.965925826289065
    outer loop
      vertex 234.5 0 143.60000000000002
      vertex 233.4 3 143.30525588832577
      vertex 234.5 3 143.60000000000002
    endloop
  endfacet
  facet normal -0.25881904510253284 0 -0.965925826289065
    outer loop
      vertex 235.6 0 143.30525588832577
      vertex 234.5 3 143.60000000000002
      vertex 235.6 3 143.30525588832577
    endloop
  endfacet
  facet normal 0 -1 0
    outer loop
      vertex 247.40202025355333 0 128.49797974644667
      vertex 235.6 0 139.49474411167424
      vertex 234.5 0 139.2
    endloop
  endfacet
  facet normal 0 -1 0
    outer loop
      vertex 247.40202025355333 0 128.49797974644667
      vertex 236.40525588832577 0 140.3
      vertex 235.6 0 139.49474411167424
    endloop
  endfacet
  facet normal 0 1 0
    outer loop
      vertex 243.71141461168673 3 124.42602391316416
      vertex 234.5 3 139.2
      vertex 235.6 3 139.49474411167424
    endloop
  endfacet
  facet normal 0 1 0
    outer loop
      vertex 247.40202025355333 3 128.49797974644667
      vertex 235.6 3 139.49474411167424
      vertex 236.40525588832577 3 140.3
    endloop
  endfacet
  facet normal 0 -1 0
    outer loop
      vertex 251.47397608683585 0 132.18858538831327
      vertex 236.7 0 141.4
      vertex 236.40525588832577 0 140.3
    endloop
  endfacet
  facet normal 0 1 0
    outer loop
      vertex 251.47397608683585 3 132.18858538831327
      vertex 236.40525588832577 3 140.3
      vertex 236.7 3 141.4
    endloop
  endfacet
  facet normal 0 1 0
    outer loop
      vertex 251.47397608683585 3 132.18858538831327
      vertex 236.7 3 141.4
      vertex 236.40525588832577 3 142.5
    endloop
  endfacet
  facet normal 0 -1 0
    outer loop
      vertex 247.40202025355333 0 128.49797974644667
      vertex 251.47397608683585 0 132.18858538831327
      vertex 236.40525588832577 0 140.3
    endloop
  endfacet
  facet normal 0 1 0
    outer loop
      vertex 247.40202025355333 3 128.49797974644667
      vertex 236.40525588832577 3 140.3
      vertex 251.47397608683585 3 132.18858538831327
    endloop
  endfacet
  facet normal 0 -1 0
    outer loop
      vertex 251.47397608683585 0 132.18858538831327
      vertex 255.88806695090227 0 135.46229828894255
      vertex 236.7 0 141.4
    endloop
  endfacet
  facet normal 0 1 0
    outer loop
      vertex 251.47397608683585 3 132.18858538831327
      vertex 235.6 3 143.30525588832577
      vertex 255.88806695090227 3 135.46229828894255
    endloop
  endfacet
  facet normal 0 -1 0
    outer loop
      vertex 236.40525588832577 0 142.5
      vertex 255.88806695090227 0 135.46229828894255
      vertex 260.60178273774414 0 138.2875908035079
    endloop
  endfacet
  facet normal 0 -1 0
    outer loop
      vertex 236.7 0 141.4
      vertex 255.88806695090227 0 135.46229828894255
      vertex 236.40525588832577 0 142.5
    endloop
  endfacet
  facet normal 0 1 0
    outer loop
      vertex 251.47397608683585 3 132.18858538831327
      vertex 236.40525588832577 3 142.5
      vertex 235.6 3 143.30525588832577
    endloop
  endfacet
  facet normal 0 1 0
    outer loop
      vertex 234.5 3 143.60000000000002
      vertex 260.60178273774414 3 138.2875908035079
      vertex 235.6 3 143.30525588832577
    endloop
  endfacet
  facet normal 0 1 0
    outer loop
      vertex 235.6 3 143.30525588832577
      vertex 260.60178273774414 3 138.2875908035079
      vertex 255.88806695090227 3 135.46229828894255
    endloop
  endfacet
  facet normal 0 -1 0
    outer loop
      vertex 236.40525588832577 0 142.5
      vertex 265.569727787555 0 140.63725382063205
      vertex 235.6 0 143.30525588832577
    endloop
  endfacet
  facet normal 0 -1 0
    outer loop
      vertex 234.5 0 143.60000000000002
      vertex 235.6 0 143.30525588832577
      vertex 276.07494196709683 0 143.82397570258092
    endloop
  endfacet
  facet normal 0.595699304492435 1.6998815455699273e-17 -0.8032075314806437
    outer loop
      vertex 251.47397608683585 3 132.18858538831327
      vertex 255.88806695090227 3 135.46229828894255
      vertex 255.88806695090227 0 135.46229828894255
    endloop
  endfacet
  facet normal 0.5141027441932203 0 -0.8577286100002731
    outer loop
      vertex 255.88806695090227 0 135.46229828894255
      vertex 255.88806695090227 3 135.46229828894255
      vertex 260.60178273774414 0 138.2875908035079
    endloop
  endfacet
  facet normal 0.5141027441932203 -2.5280962969510012e-17 -0.8577286100002731
    outer loop
      vertex 255.88806695090227 3 135.46229828894255
      vertex 260.60178273774414 3 138.2875908035079
      vertex 260.60178273774414 0 138.2875908035079
    endloop
  endfacet
  facet normal 0 -1 0
    outer loop
      vertex 236.40525588832577 0 142.5
      vertex 260.60178273774414 0 138.2875908035079
      vertex 265.569727787555 0 140.63725382063205
    endloop
  endfacet
  facet normal 0 1 0
    outer loop
      vertex 234.5 3 143.60000000000002
      vertex 265.569727787555 3 140.63725382063205
      vertex 260.60178273774414 3 138.2875908035079
    endloop
  endfacet
  facet normal 0 -1 0
    outer loop
      vertex 235.6 0 143.30525588832577
      vertex 265.569727787555 0 140.63725382063205
      vertex 270.7440580737501 0 142.4886588010037
    endloop
  endfacet
  facet normal 0 1 0
    outer loop
      vertex 234.5 3 143.60000000000002
      vertex 270.7440580737501 3 142.4886588010037
      vertex 265.569727787555 3 140.63725382063205
    endloop
  endfacet
  facet normal 0.42755509343027853 0 -0.9039892931234449
    outer loop
      vertex 260.60178273774414 0 138.2875908035079
      vertex 260.60178273774414 3 138.2875908035079
      vertex 265.569727787555 0 140.63725382063205
    endloop
  endfacet
  facet normal 0.42755509343027853 -2.840253368260485e-17 -0.9039892931234449
    outer loop
      vertex 260.60178273774414 3 138.2875908035079
      vertex 265.569727787555 3 140.63725382063205
      vertex 265.569727787555 0 140.63725382063205
    endloop
  endfacet
  facet normal 0 -1 0
    outer loop
      vertex 235.6 0 143.30525588832577
      vertex 270.7440580737501 0 142.4886588010037
      vertex 276.07494196709683 0 143.82397570258092
    endloop
  endfacet
  facet normal 0 1 0
    outer loop
      vertex 234.5 3 143.60000000000002
      vertex 276.07494196709683 3 143.82397570258092
      vertex 270.7440580737501 3 142.4886588010037
    endloop
  endfacet
  facet normal 0 1 0
    outer loop
      vertex 234.5 3 143.60000000000002
      vertex 281.5110401415446 3 144.63034469364302
      vertex 276.07494196709683 3 143.82397570258092
    endloop
  endfacet
  facet normal 0.33688985339222305 0 -0.9415440651830198
    outer loop
      vertex 265.569727787555 0 140.63725382063205
      vertex 265.569727787555 3 140.63725382063205
      vertex 270.7440580737501 0 142.4886588010037
    endloop
  endfacet
  facet normal 0.33688985339222305 -1.1776920839529143e-17 -0.9415440651830198
    outer loop
      vertex 265.569727787555 3 140.63725382063205
      vertex 270.7440580737501 3 142.4886588010037
      vertex 270.7440580737501 0 142.4886588010037
    endloop
  endfacet
  facet normal 0 1 0
    outer loop
      vertex 234.5 3 143.60000000000002
      vertex 287 3 144.9
      vertex 281.5110401415446 3 144.63034469364302
    endloop
  endfacet
  facet normal 0.24298017990326504 0 -0.9700312531945436
    outer loop
      vertex 270.7440580737501 0 142.4886588010037
      vertex 270.7440580737501 3 142.4886588010037
      vertex 276.07494196709683 0 143.82397570258092
    endloop
  endfacet
  facet normal 0.24298017990326504 -2.2698511034422422e-17 -0.9700312531945436
    outer loop
      vertex 270.7440580737501 3 142.4886588010037
      vertex 276.07494196709683 3 143.82397570258092
      vertex 276.07494196709683 0 143.82397570258092
    endloop
  endfacet
  facet normal 0.14673047445535928 0 -0.9891765099647812
    outer loop
      vertex 276.07494196709683 0 143.82397570258092
      vertex 276.07494196709683 3 143.82397570258092
      vertex 281.5110401415446 0 144.63034469364302
    endloop
  endfacet
  facet normal 0.14673047445535928 -8.683684831168076e-18 -0.9891765099647812
    outer loop
      vertex 276.07494196709683 3 143.82397570258092
      vertex 281.5110401415446 3 144.63034469364302
      vertex 281.5110401415446 0 144.63034469364302
    endloop
  endfacet
  facet normal 0 1 0
    outer loop
      vertex 3 3 177.8
      vertex 441 3 177.8
      vertex 234.5 3 143.60000000000002
    endloop
  endfacet
  facet normal 0 -1 0
    outer loop
      vertex 3 0 177.8
      vertex 287 0 144.9
      vertex 441 0 177.8
    endloop
  endfacet
  facet normal -0.14673047445535928 8.683684831168076e-18 -0.9891765099647812
    outer loop
      vertex 297.92505803290317 0 143.82397570258092
      vertex 292.4889598584554 0 144.63034469364302
      vertex 292.4889598584554 3 144.63034469364302
    endloop
  endfacet
  facet normal -0.14673047445535928 0 -0.9891765099647812
    outer loop
      vertex 297.92505803290317 0 143.82397570258092
      vertex 292.4889598584554 3 144.63034469364302
      vertex 297.92505803290317 3 143.82397570258092
    endloop
  endfacet
  facet normal -0.24298017990326504 0 -0.9700312531945436
    outer loop
      vertex 297.92505803290317 0 143.82397570258092
      vertex 297.92505803290317 3 143.82397570258092
      vertex 303.2559419262499 0 142.4886588010037
    endloop
  endfacet
  facet normal -0.24298017990326504 2.2698511034422422e-17 -0.9700312531945436
    outer loop
      vertex 297.92505803290317 3 143.82397570258092
      vertex 303.2559419262499 3 142.4886588010037
      vertex 303.2559419262499 0 142.4886588010037
    endloop
  endfacet
  facet normal -0.33688985339222305 1.1776920839529143e-17 -0.9415440651830198
    outer loop
      vertex 303.2559419262499 3 142.4886588010037
      vertex 308.430272212445 3 140.63725382063205
      vertex 308.430272212445 0 140.63725382063205
    endloop
  endfacet
  facet normal -0.42755509343027853 0 -0.9039892931234449
    outer loop
      vertex 308.430272212445 0 140.63725382063205
      vertex 308.430272212445 3 140.63725382063205
      vertex 313.39821726225586 0 138.2875908035079
    endloop
  endfacet
  facet normal -0.42755509343027853 2.840253368260485e-17 -0.9039892931234449
    outer loop
      vertex 308.430272212445 3 140.63725382063205
      vertex 313.39821726225586 3 138.2875908035079
      vertex 313.39821726225586 0 138.2875908035079
    endloop
  endfacet
  facet normal -0.33688985339222305 0 -0.9415440651830198
    outer loop
      vertex 303.2559419262499 0 142.4886588010037
      vertex 303.2559419262499 3 142.4886588010037
      vertex 308.430272212445 0 140.63725382063205
    endloop
  endfacet
  facet normal 0.049067674327418986 0 -0.9987954562051723
    outer loop
      vertex 281.5110401415446 0 144.63034469364302
      vertex 281.5110401415446 3 144.63034469364302
      vertex 287 0 144.9
    endloop
  endfacet
  facet normal 0.049067674327418986 -3.997194337889809e-18 -0.9987954562051723
    outer loop
      vertex 281.5110401415446 3 144.63034469364302
      vertex 287 3 144.9
      vertex 287 0 144.9
    endloop
  endfacet
  facet normal -0.049067674327418986 0 -0.9987954562051723
    outer loop
      vertex 287 0 144.9
      vertex 287 3 144.9
      vertex 292.4889598584554 0 144.63034469364302
    endloop
  endfacet
  facet normal -0.049067674327418986 3.997194337889809e-18 -0.9987954562051723
    outer loop
      vertex 287 3 144.9
      vertex 292.4889598584554 3 144.63034469364302
      vertex 292.4889598584554 0 144.63034469364302
    endloop
  endfacet
  facet normal -0.5956993044924375 2.3880171519912524e-17 -0.8032075314806418
    outer loop
      vertex 322.5260239131641 0 132.18858538831327
      vertex 318.11193304909773 0 135.46229828894255
      vertex 318.11193304909773 3 135.46229828894255
    endloop
  endfacet
  facet normal -0.5141027441932203 2.5280962969510012e-17 -0.8577286100002731
    outer loop
      vertex 318.11193304909773 0 135.46229828894255
      vertex 313.39821726225586 0 138.2875908035079
      vertex 313.39821726225586 3 138.2875908035079
    endloop
  endfacet
  facet normal -0.5141027441932203 0 -0.8577286100002731
    outer loop
      vertex 318.11193304909773 0 135.46229828894255
      vertex 313.39821726225586 3 138.2875908035079
      vertex 318.11193304909773 3 135.46229828894255
    endloop
  endfacet
  facet normal 0 -1 0
    outer loop
      vertex 318.11193304909773 0 135.46229828894255
      vertex 337.59474411167423 0 142.5
      vertex 313.39821726225586 0 138.2875908035079
    endloop
  endfacet
  facet normal 0 1 0
    outer loop
      vertex 318.11193304909773 3 135.46229828894255
      vertex 313.39821726225586 3 138.2875908035079
      vertex 337.59474411167423 3 142.5
    endloop
  endfacet
  facet normal 0 -1 0
    outer loop
      vertex 322.5260239131641 0 132.18858538831327
      vertex 337.59474411167423 0 142.5
      vertex 318.11193304909773 0 135.46229828894255
    endloop
  endfacet
  facet normal 0 1 0
    outer loop
      vertex 322.5260239131641 3 132.18858538831327
      vertex 318.11193304909773 3 135.46229828894255
      vertex 337.3 3 141.4
    endloop
  endfacet
  facet normal 0 1 0
    outer loop
      vertex 308.430272212445 3 140.63725382063205
      vertex 337.59474411167423 3 142.5
      vertex 313.39821726225586 3 138.2875908035079
    endloop
  endfacet
  facet normal 0 1 0
    outer loop
      vertex 297.92505803290317 3 143.82397570258092
      vertex 338.4 3 143.30525588832577
      vertex 303.2559419262499 3 142.4886588010037
    endloop
  endfacet
  facet normal 0 -1 0
    outer loop
      vertex 303.2559419262499 0 142.4886588010037
      vertex 308.430272212445 0 140.63725382063205
      vertex 338.4 0 143.30525588832577
    endloop
  endfacet
  facet normal 0 1 0
    outer loop
      vertex 303.2559419262499 3 142.4886588010037
      vertex 338.4 3 143.30525588832577
      vertex 308.430272212445 3 140.63725382063205
    endloop
  endfacet
  facet normal 0 -1 0
    outer loop
      vertex 308.430272212445 0 140.63725382063205
      vertex 313.39821726225586 0 138.2875908035079
      vertex 338.4 0 143.30525588832577
    endloop
  endfacet
  facet normal 0 -1 0
    outer loop
      vertex 303.2559419262499 0 142.4886588010037
      vertex 338.4 0 143.30525588832577
      vertex 339.5 0 143.60000000000002
    endloop
  endfacet
  facet normal 0 1 0
    outer loop
      vertex 297.92505803290317 3 143.82397570258092
      vertex 339.5 3 143.60000000000002
      vertex 338.4 3 143.30525588832577
    endloop
  endfacet
  facet normal 0 -1 0
    outer loop
      vertex 326.59797974644664 0 128.49797974644667
      vertex 337.3 0 141.4
      vertex 322.5260239131641 0 132.18858538831327
    endloop
  endfacet
  facet normal 0 -1 0
    outer loop
      vertex 326.59797974644664 0 128.49797974644667
      vertex 339.5 0 139.2
      vertex 338.4 0 139.49474411167424
    endloop
  endfacet
  facet normal 0 -1 0
    outer loop
      vertex 326.59797974644664 0 128.49797974644667
      vertex 338.4 0 139.49474411167424
      vertex 337.59474411167423 0 140.3
    endloop
  endfacet
  facet normal 0 -1 0
    outer loop
      vertex 326.59797974644664 0 128.49797974644667
      vertex 337.59474411167423 0 140.3
      vertex 337.3 0 141.4
    endloop
  endfacet
  facet normal 0 -1 0
    outer loop
      vertex 322.5260239131641 0 132.18858538831327
      vertex 337.3 0 141.4
      vertex 337.59474411167423 0 142.5
    endloop
  endfacet
  facet normal 0 1 0
    outer loop
      vertex 322.5260239131641 3 132.18858538831327
      vertex 337.59474411167423 3 140.3
      vertex 338.4 3 139.49474411167424
    endloop
  endfacet
  facet normal 0 1 0
    outer loop
      vertex 322.5260239131641 3 132.18858538831327
      vertex 338.4 3 139.49474411167424
      vertex 339.5 3 139.2
    endloop
  endfacet
  facet normal 0 1 0
    outer loop
      vertex 322.5260239131641 3 132.18858538831327
      vertex 339.5 3 139.2
      vertex 340.6 3 139.49474411167424
    endloop
  endfacet
  facet normal 0 1 0
    outer loop
      vertex 322.5260239131641 3 132.18858538831327
      vertex 337.3 3 141.4
      vertex 337.59474411167423 3 140.3
    endloop
  endfacet
  facet normal 0 -1 0
    outer loop
      vertex 326.59797974644664 0 128.49797974644667
      vertex 340.6 0 139.49474411167424
      vertex 339.5 0 139.2
    endloop
  endfacet
  facet normal 0 -1 0
    outer loop
      vertex 313.39821726225586 0 138.2875908035079
      vertex 337.59474411167423 0 142.5
      vertex 338.4 0 143.30525588832577
    endloop
  endfacet
  facet normal 0 1 0
    outer loop
      vertex 318.11193304909773 3 135.46229828894255
      vertex 337.59474411167423 3 142.5
      vertex 337.3 3 141.4
    endloop
  endfacet
  facet normal 0 1 0
    outer loop
      vertex 308.430272212445 3 140.63725382063205
      vertex 338.4 3 143.30525588832577
      vertex 337.59474411167423 3 142.5
    endloop
  endfacet
  facet normal 0.70710678118656 0 0.707106781186535
    outer loop
      vertex 338.4 0 139.49474411167424
      vertex 338.4 3 139.49474411167424
      vertex 337.59474411167423 0 140.3
    endloop
  endfacet
  facet normal 0.2588190451025266 0 0.9659258262890668
    outer loop
      vertex 338.4 0 139.49474411167424
      vertex 339.5 3 139.2
      vertex 338.4 3 139.49474411167424
    endloop
  endfacet
  facet normal 0.70710678118656 0 0.707106781186535
    outer loop
      vertex 337.59474411167423 0 140.3
      vertex 338.4 3 139.49474411167424
      vertex 337.59474411167423 3 140.3
    endloop
  endfacet
  facet normal 0.9659258262890713 0 0.2588190451025095
    outer loop
      vertex 337.59474411167423 0 140.3
      vertex 337.59474411167423 3 140.3
      vertex 337.3 0 141.4
    endloop
  endfacet
  facet normal 0.9659258262890713 0 0.2588190451025095
    outer loop
      vertex 337.3 0 141.4
      vertex 337.59474411167423 3 140.3
      vertex 337.3 3 141.4
    endloop
  endfacet
  facet normal 0.2588190451025266 7.68242683001259e-18 0.9659258262890668
    outer loop
      vertex 338.4 0 139.49474411167424
      vertex 339.5 0 139.2
      vertex 339.5 3 139.2
    endloop
  endfacet
  facet normal -0.2588190451025266 -7.68242683001259e-18 0.9659258262890668
    outer loop
      vertex 339.5 0 139.2
      vertex 340.6 0 139.49474411167424
      vertex 340.6 3 139.49474411167424
    endloop
  endfacet
  facet normal -0.2588190451025266 0 0.9659258262890668
    outer loop
      vertex 339.5 0 139.2
      vertex 340.6 3 139.49474411167424
      vertex 339.5 3 139.2
    endloop
  endfacet
  facet normal -0.70710678118656 1.8927656146074267e-18 0.707106781186535
    outer loop
      vertex 340.6 0 139.49474411167424
      vertex 341.40525588832577 0 140.3
      vertex 341.40525588832577 3 140.3
    endloop
  endfacet
  facet normal -0.70710678118656 0 0.707106781186535
    outer loop
      vertex 340.6 0 139.49474411167424
      vertex 341.40525588832577 3 140.3
      vertex 340.6 3 139.49474411167424
    endloop
  endfacet
  facet normal -0.9659258262890713 6.795120764033277e-18 0.2588190451025095
    outer loop
      vertex 341.40525588832577 0 140.3
      vertex 341.7 0 141.4
      vertex 341.7 3 141.4
    endloop
  endfacet
  facet normal -0.9659258262890713 0 0.2588190451025095
    outer loop
      vertex 341.40525588832577 0 140.3
      vertex 341.7 3 141.4
      vertex 341.40525588832577 3 140.3
    endloop
  endfacet
  facet normal 0.9659258262890713 0 -0.2588190451025095
    outer loop
      vertex 337.3 0 141.4
      vertex 337.3 3 141.4
      vertex 337.59474411167423 0 142.5
    endloop
  endfacet
  facet normal 0.70710678118656 0 -0.707106781186535
    outer loop
      vertex 337.59474411167423 0 142.5
      vertex 337.59474411167423 3 142.5
      vertex 338.4 0 143.30525588832577
    endloop
  endfacet
  facet normal 0.9659258262890713 6.795120764033277e-18 -0.2588190451025095
    outer loop
      vertex 337.3 3 141.4
      vertex 337.59474411167423 3 142.5
      vertex 337.59474411167423 0 142.5
    endloop
  endfacet
  facet normal 0.70710678118656 0 -0.707106781186535
    outer loop
      vertex 338.4 0 143.30525588832577
      vertex 337.59474411167423 3 142.5
      vertex 338.4 3 143.30525588832577
    endloop
  endfacet
  facet normal 0.2588190451025266 0 -0.9659258262890668
    outer loop
      vertex 338.4 0 143.30525588832577
      vertex 338.4 3 143.30525588832577
      vertex 339.5 0 143.60000000000002
    endloop
  endfacet
  facet normal -0.9659258262890713 -6.795120764033277e-18 -0.2588190451025095
    outer loop
      vertex 341.7 0 141.4
      vertex 341.40525588832577 0 142.5
      vertex 341.40525588832577 3 142.5
    endloop
  endfacet
  facet normal -0.70710678118656 -1.8927656146074267e-18 -0.707106781186535
    outer loop
      vertex 341.40525588832577 0 142.5
      vertex 340.6 0 143.30525588832577
      vertex 340.6 3 143.30525588832577
    endloop
  endfacet
  facet normal -0.9659258262890713 0 -0.2588190451025095
    outer loop
      vertex 341.7 0 141.4
      vertex 341.40525588832577 3 142.5
      vertex 341.7 3 141.4
    endloop
  endfacet
  facet normal -0.70710678118656 0 -0.707106781186535
    outer loop
      vertex 341.40525588832577 0 142.5
      vertex 340.6 3 143.30525588832577
      vertex 341.40525588832577 3 142.5
    endloop
  endfacet
  facet normal -0.2588190451025266 0 -0.9659258262890668
    outer loop
      vertex 339.5 0 143.60000000000002
      vertex 339.5 3 143.60000000000002
      vertex 340.6 0 143.30525588832577
    endloop
  endfacet
  facet normal 0.2588190451025266 -7.68242683001259e-18 -0.9659258262890668
    outer loop
      vertex 338.4 3 143.30525588832577
      vertex 339.5 3 143.60000000000002
      vertex 339.5 0 143.60000000000002
    endloop
  endfacet
  facet normal -0.2588190451025266 0 -0.9659258262890668
    outer loop
      vertex 340.6 0 143.30525588832577
      vertex 339.5 3 143.60000000000002
      vertex 340.6 3 143.30525588832577
    endloop
  endfacet
  facet normal 0 1 0
    outer loop
      vertex 234.5 3 143.60000000000002
      vertex 441 3 177.8
      vertex 287 3 144.9
    endloop
  endfacet
  facet normal 0 0 1
    outer loop
      vertex 0 3 177.8
      vertex 441 0 177.8
      vertex 444 0 177.8
    endloop
  endfacet
  facet normal 0 0 1
    outer loop
      vertex 3 3 177.8
      vertex 444 0 177.8
      vertex 441 3 177.8
    endloop
  endfacet
  facet normal 0 -1 0
    outer loop
      vertex 287 0 144.9
      vertex 292.4889598584554 0 144.63034469364302
      vertex 441 0 177.8
    endloop
  endfacet
  facet normal 0 1 0
    outer loop
      vertex 287 3 144.9
      vertex 441 3 177.8
      vertex 292.4889598584554 3 144.63034469364302
    endloop
  endfacet
  facet normal -0.9987954562051722 0 -0.04906767432741924
    outer loop
      vertex 343 0 88.9
      vertex 342.730344693643 3 94.3889598584554
      vertex 343 3 88.9
    endloop
  endfacet
  facet normal -0.9987954562051722 -2.522979937260881e-18 -0.04906767432741924
    outer loop
      vertex 343 0 88.9
      vertex 342.730344693643 0 94.3889598584554
      vertex 342.730344693643 3 94.3889598584554
    endloop
  endfacet
  facet normal 0 1 0
    outer loop
      vertex 441 3 3
      vertex 326.59797974644664 3 128.49797974644667
      vertex 441 3 177.8
    endloop
  endfacet
  facet normal 0 -1 0
    outer loop
      vertex 341.9239757025809 0 99.82505803290319
      vertex 441 0 177.8
      vertex 340.5886588010037 0 105.1559419262499
    endloop
  endfacet
  facet normal 0 -1 0
    outer loop
      vertex 340.5886588010037 0 105.1559419262499
      vertex 441 0 177.8
      vertex 338.7372538206321 0 110.33027221244504
    endloop
  endfacet
  facet normal 0 -1 0
    outer loop
      vertex 441 0 3
      vertex 441 0 177.8
      vertex 341.9239757025809 0 99.82505803290319
    endloop
  endfacet
  facet normal 0 -1 0
    outer loop
      vertex 444 0 0
      vertex 444 0 177.8
      vertex 441 0 177.8
    endloop
  endfacet
  facet normal 0 -1 0
    outer loop
      vertex 338.7372538206321 0 110.33027221244504
      vertex 441 0 177.8
      vertex 336.38759080350786 0 115.29821726225587
    endloop
  endfacet
  facet normal 0 -1 0
    outer loop
      vertex 336.38759080350786 0 115.29821726225587
      vertex 441 0 177.8
      vertex 333.56229828894254 0 120.01193304909773
    endloop
  endfacet
  facet normal 0 -1 0
    outer loop
      vertex 333.56229828894254 0 120.01193304909773
      vertex 441 0 177.8
      vertex 330.28858538831327 0 124.42602391316416
    endloop
  endfacet
  facet normal 0 -1 0
    outer loop
      vertex 326.59797974644664 0 128.49797974644667
      vertex 330.28858538831327 0 124.42602391316416
      vertex 441 0 177.8
    endloop
  endfacet
  facet normal 0 -1 0
    outer loop
      vertex 297.92505803290317 0 143.82397570258092
      vertex 441 0 177.8
      vertex 292.4889598584554 0 144.63034469364302
    endloop
  endfacet
  facet normal 0 1 0
    outer loop
      vertex 297.92505803290317 3 143.82397570258092
      vertex 292.4889598584554 3 144.63034469364302
      vertex 441 3 177.8
    endloop
  endfacet
  facet normal 0 -1 0
    outer loop
      vertex 297.92505803290317 0 143.82397570258092
      vertex 303.2559419262499 0 142.4886588010037
      vertex 441 0 177.8
    endloop
  endfacet
  facet normal 0 1 0
    outer loop
      vertex 326.59797974644664 3 128.49797974644667
      vertex 322.5260239131641 3 132.18858538831327
      vertex 441 3 177.8
    endloop
  endfacet
  facet normal 0 1 0
    outer loop
      vertex 322.5260239131641 3 132.18858538831327
      vertex 340.6 3 139.49474411167424
      vertex 441 3 177.8
    endloop
  endfacet
  facet normal 0 -1 0
    outer loop
      vertex 326.59797974644664 0 128.49797974644667
      vertex 441 0 177.8
      vertex 340.6 0 139.49474411167424
    endloop
  endfacet
  facet normal 0 -1 0
    outer loop
      vertex 303.2559419262499 0 142.4886588010037
      vertex 339.5 0 143.60000000000002
      vertex 441 0 177.8
    endloop
  endfacet
  facet normal 0 1 0
    outer loop
      vertex 297.92505803290317 3 143.82397570258092
      vertex 441 3 177.8
      vertex 339.5 3 143.60000000000002
    endloop
  endfacet
  facet normal 0 -1 0
    outer loop
      vertex 340.6 0 139.49474411167424
      vertex 441 0 177.8
      vertex 341.40525588832577 0 140.3
    endloop
  endfacet
  facet normal 0 1 0
    outer loop
      vertex 340.6 3 139.49474411167424
      vertex 341.40525588832577 3 140.3
      vertex 441 3 177.8
    endloop
  endfacet
  facet normal 0 -1 0
    outer loop
      vertex 341.40525588832577 0 140.3
      vertex 441 0 177.8
      vertex 341.7 0 141.4
    endloop
  endfacet
  facet normal 0 -1 0
    outer loop
      vertex 341.7 0 141.4
      vertex 441 0 177.8
      vertex 341.40525588832577 0 142.5
    endloop
  endfacet
  facet normal 0 -1 0
    outer loop
      vertex 341.40525588832577 0 142.5
      vertex 441 0 177.8
      vertex 340.6 0 143.30525588832577
    endloop
  endfacet
  facet normal 0 -1 0
    outer loop
      vertex 339.5 0 143.60000000000002
      vertex 340.6 0 143.30525588832577
      vertex 441 0 177.8
    endloop
  endfacet
  facet normal 0 1 0
    outer loop
      vertex 341.40525588832577 3 140.3
      vertex 341.7 3 141.4
      vertex 441 3 177.8
    endloop
  endfacet
  facet normal 0 1 0
    outer loop
      vertex 341.7 3 141.4
      vertex 341.40525588832577 3 142.5
      vertex 441 3 177.8
    endloop
  endfacet
  facet normal 0 1 0
    outer loop
      vertex 341.40525588832577 3 142.5
      vertex 340.6 3 143.30525588832577
      vertex 441 3 177.8
    endloop
  endfacet
  facet normal 0 1 0
    outer loop
      vertex 339.5 3 143.60000000000002
      vertex 441 3 177.8
      vertex 340.6 3 143.30525588832577
    endloop
  endfacet
  facet normal 0 0 1
    outer loop
      vertex 444 0 177.8
      vertex 444 3 177.8
      vertex 441 3 177.8
    endloop
  endfacet
  facet normal 1 0 0
    outer loop
      vertex 444 3 0
      vertex 444 350 177.8
      vertex 444 3 177.8
    endloop
  endfacet
  facet normal -1 0 0
    outer loop
      vertex 441 3 3
      vertex 441 3 177.8
      vertex 441 347 177.8
    endloop
  endfacet
  facet normal 0 0 1
    outer loop
      vertex 441 3 177.8
      vertex 444 3 177.8
      vertex 441.0255420198081 347.0200976890553 177.8
    endloop
  endfacet
  facet normal 0 0 1
    outer loop
      vertex 99.84 342 3
      vertex 137.56458256229942 262.105 3
      vertex 441 3 3
    endloop
  endfacet
  facet normal 0 0 1
    outer loop
      vertex 210.25190296114374 258.18190296114375 3
      vertex 126.16000000000001 342 3
      vertex 441 3 3
    endloop
  endfacet
  facet normal 0 0 1
    outer loop
      vertex 105.84 342 3
      vertex 441 3 3
      vertex 120.16000000000001 342 3
    endloop
  endfacet
  facet normal 0 0 1
    outer loop
      vertex 120.16000000000001 342 3
      vertex 441 3 3
      vertex 126.16000000000001 342 3
    endloop
  endfacet
  facet normal 0 0 1
    outer loop
      vertex 212.55 257.23 3
      vertex 316 207 3
      vertex 213.3911618965832 257.3407410645605 3
    endloop
  endfacet
  facet normal 0 0 1
    outer loop
      vertex 213.3911618965832 257.3407410645605 3
      vertex 316 207 3
      vertex 214.175 257.66541743770057 3
    endloop
  endfacet
  facet normal 0 0 1
    outer loop
      vertex 214.175 257.66541743770057 3
      vertex 316 207 3
      vertex 214.84809703885628 258.18190296114375 3
    endloop
  endfacet
  facet normal 0 0 1
    outer loop
      vertex 214.84809703885628 258.18190296114375 3
      vertex 316 207 3
      vertex 215.36458256229943 258.855 3
    endloop
  endfacet
  facet normal 0 0 1
    outer loop
      vertex 215.36458256229943 258.855 3
      vertex 316 207 3
      vertex 215.68925893543948 259.63883810341684 3
    endloop
  endfacet
  facet normal 0 0 1
    outer loop
      vertex 215.68925893543948 259.63883810341684 3
      vertex 316 207 3
      vertex 215.8 260.48 3
    endloop
  endfacet
  facet normal 0 0 1
    outer loop
      vertex 215.8 260.48 3
      vertex 316 207 3
      vertex 215.68925893543948 261.3211618965832 3
    endloop
  endfacet
  facet normal 0 0 1
    outer loop
      vertex 215.68925893543948 261.3211618965832 3
      vertex 316 207 3
      vertex 214.84809703885628 335.6519029611437 3
    endloop
  endfacet
  facet normal 0 -1 0
    outer loop
      vertex 316 207 7
      vertex 320 207 7
      vertex 320 207 82
    endloop
  endfacet
  facet normal -1 0 0
    outer loop
      vertex 316 207 3
      vertex 316 207 7
      vertex 316 347 7
    endloop
  endfacet
  facet normal 0 -1 0
    outer loop
      vertex 316 207 7
      vertex 320 207 82
      vertex 316 207 82
    endloop
  endfacet
  facet normal -1 0 0
    outer loop
      vertex 316 207 7
      vertex 316 207 82
      vertex 316 347 82
    endloop
  endfacet
  facet normal 0 0 1
    outer loop
      vertex 316 207 82
      vertex 320 207 82
      vertex 316 347 82
    endloop
  endfacet
  facet normal 0 0 1
    outer loop
      vertex 214.84809703885628 335.6519029611437 3
      vertex 316 207 3
      vertex 215.36458256229943 336.325 3
    endloop
  endfacet
  facet normal 0 0 1
    outer loop
      vertex 215.36458256229943 336.325 3
      vertex 316 207 3
      vertex 215.68925893543948 337.1088381034168 3
    endloop
  endfacet
  facet normal 0 0 1
    outer loop
      vertex 215.68925893543948 337.1088381034168 3
      vertex 316 207 3
      vertex 215.8 337.95 3
    endloop
  endfacet
  facet normal 0 1 0
    outer loop
      vertex 133.82 350 3
      vertex 234.875 350 10.6
      vertex 316 350 7
    endloop
  endfacet
  facet normal 0 0 1
    outer loop
      vertex 212.55 341.2 3
      vertex 213.3911618965832 341.0892589354395 3
      vertex 316 347 3
    endloop
  endfacet
  facet normal 0 0 1
    outer loop
      vertex 213.3911618965832 341.0892589354395 3
      vertex 214.175 340.76458256229944 3
      vertex 316 347 3
    endloop
  endfacet
  facet normal 0 0 1
    outer loop
      vertex 214.175 340.76458256229944 3
      vertex 214.84809703885628 340.24809703885626 3
      vertex 316 347 3
    endloop
  endfacet
  facet normal 0 0 1
    outer loop
      vertex 215.8 337.95 3
      vertex 316 347 3
      vertex 215.68925893543948 338.79116189658316 3
    endloop
  endfacet
  facet normal 0 0 1
    outer loop
      vertex 215.36458256229943 339.575 3
      vertex 215.68925893543948 338.79116189658316 3
      vertex 316 347 3
    endloop
  endfacet
  facet normal 0 0 1
    outer loop
      vertex 215.36458256229943 339.575 3
      vertex 316 347 3
      vertex 214.84809703885628 340.24809703885626 3
    endloop
  endfacet
  facet normal 0 1 0
    outer loop
      vertex 126.16000000000001 350 0
      vertex 316 350 3
      vertex 316 350 0
    endloop
  endfacet
  facet normal 0 -1 0
    outer loop
      vertex 133.82 347 3
      vertex 316 347 3
      vertex 308 347 9
    endloop
  endfacet
  facet normal 0 1 0
    outer loop
      vertex 133.82 350 3
      vertex 316 350 7
      vertex 316 350 3
    endloop
  endfacet
  facet normal -1 0 0
    outer loop
      vertex 234.875 350 10.6
      vertex 234.875 347 10.6
      vertex 234.875 350 55.1
    endloop
  endfacet
  facet normal -1 0 0
    outer loop
      vertex 234.875 347 55.1
      vertex 234.875 350 55.1
      vertex 234.875 347 10.6
    endloop
  endfacet
  facet normal 0 1 0
    outer loop
      vertex 234.875 350 10.6
      vertex 234.875 350 55.1
      vertex 316 350 7
    endloop
  endfacet
  facet normal 0 0 1
    outer loop
      vertex 215.8 337.95 3
      vertex 316 207 3
      vertex 316 347 3
    endloop
  endfacet
  facet normal -1 0 0
    outer loop
      vertex 316 207 3
      vertex 316 347 7
      vertex 316 347 3
    endloop
  endfacet
  facet normal -1 0 0
    outer loop
      vertex 316 207 7
      vertex 316 347 82
      vertex 316 347 7
    endloop
  endfacet
  facet normal 0 0 -1
    outer loop
      vertex 126.16000000000001 342 0
      vertex 316 350 0
      vertex 409.34722222222223 350 0
    endloop
  endfacet
  facet normal 0 0 -1
    outer loop
      vertex 126.16000000000001 342 0
      vertex 409.34722222222223 350 0
      vertex 410 350 0
    endloop
  endfacet
  facet normal -1 0 0
    outer loop
      vertex 316 350 0
      vertex 316 350 3
      vertex 316 351 0
    endloop
  endfacet
  facet normal -1 0 0
    outer loop
      vertex 316 351 0
      vertex 316 350 3
      vertex 316 350 7
    endloop
  endfacet
  facet normal -1 0 0
    outer loop
      vertex 316 351 0
      vertex 316 350 7
      vertex 316 351 7
    endloop
  endfacet
  facet normal 0 0 -1
    outer loop
      vertex 126.16000000000001 342 0
      vertex 410 350 0
      vertex 444 350 0
    endloop
  endfacet
  facet normal 0 -1 0
    outer loop
      vertex 316 347 3
      vertex 316 347 7
      vertex 308 347 9
    endloop
  endfacet
  facet normal 0 0 1
    outer loop
      vertex 316 350 7
      vertex 320 350 7
      vertex 316 351 7
    endloop
  endfacet
  facet normal 1 0 0
    outer loop
      vertex 320 347 7
      vertex 320 350 7
      vertex 320 350 41.92182947611456
    endloop
  endfacet
  facet normal 0 1 0
    outer loop
      vertex 316 350 7
      vertex 320 350 41.92182947611456
      vertex 320 350 7
    endloop
  endfacet
  facet normal 0 -1 0
    outer loop
      vertex 316 347 82
      vertex 234.875 347 10.6
      vertex 308 347 10.6
    endloop
  endfacet
  facet normal 0 1 0
    outer loop
      vertex 316 350 7
      vertex 234.875 350 55.1
      vertex 320 350 41.92182947611456
    endloop
  endfacet
  facet normal 0 -1 0
    outer loop
      vertex 316 347 82
      vertex 308 347 10.6
      vertex 308 347 9
    endloop
  endfacet
  facet normal 0 -1 0
    outer loop
      vertex 316 347 7
      vertex 316 347 82
      vertex 308 347 9
    endloop
  endfacet
  facet normal 0 1 0
    outer loop
      vertex 133.82 350 107.82923520434119
      vertex 320 350 41.92182947611456
      vertex 234.875 350 55.1
    endloop
  endfacet
  facet normal 0 -1 0
    outer loop
      vertex 234.875 347 55.1
      vertex 234.875 347 10.6
      vertex 320 347 153
    endloop
  endfacet
  facet normal 0 0 1
    outer loop
      vertex 320 207 82
      vertex 320 347 82
      vertex 316 347 82
    endloop
  endfacet
  facet normal 1 0 0
    outer loop
      vertex 320 347 7
      vertex 320 350 41.92182947611456
      vertex 320 347 150
    endloop
  endfacet
  facet normal 0 -1 0
    outer loop
      vertex 316 347 82
      vertex 320 347 153
      vertex 234.875 347 10.6
    endloop
  endfacet
  facet normal 0 -1 0
    outer loop
      vertex 316 207 3
      vertex 410 207 3
      vertex 316 207 7
    endloop
  endfacet
  facet normal 0 -1 0
    outer loop
      vertex 316 207 7
      vertex 406 207 3.1777777777777776
      vertex 320 207 7
    endloop
  endfacet
  facet normal 0 -1 0
    outer loop
      vertex 316 207 7
      vertex 410 207 3
      vertex 406 207 3.1777777777777776
    endloop
  endfacet
  facet normal 0 0 1
    outer loop
      vertex 441 3 3
      vertex 410 347 3
      vertex 410 207 3
    endloop
  endfacet
  facet normal 0 -1 0
    outer loop
      vertex 406 207 3.1777777777777776
      vertex 410 207 3
      vertex 410 207 7
    endloop
  endfacet
  facet normal 0 -1 0
    outer loop
      vertex 406 207 3.1777777777777776
      vertex 410 207 7
      vertex 410 207 82
    endloop
  endfacet
  facet normal 0 0 1
    outer loop
      vertex 441 3 3
      vertex 441 347 3
      vertex 410 347 3
    endloop
  endfacet
  facet normal 1 0 0
    outer loop
      vertex 410 207 3
      vertex 410 347 3
      vertex 410 207 7
    endloop
  endfacet
  facet normal 1 0 0
    outer loop
      vertex 444 3 0
      vertex 444 350 0
      vertex 444 350 3
    endloop
  endfacet
  facet normal 1 0 0
    outer loop
      vertex 410 207 7
      vertex 410 347 7
      vertex 410 207 82
    endloop
  endfacet
  facet normal 0 -1 0
    outer loop
      vertex 406 207 3.1777777777777776
      vertex 410 207 82
      vertex 406 207 82
    endloop
  endfacet
  facet normal 1 0 0
    outer loop
      vertex 444 3 0
      vertex 444 350 3
      vertex 444 350 177.8
    endloop
  endfacet
  facet normal -1 0 0
    outer loop
      vertex 441 3 3
      vertex 441 347 177.8
      vertex 441 347 3
    endloop
  endfacet
  facet normal 0 0 1
    outer loop
      vertex 406 207 82
      vertex 410 207 82
      vertex 406 347 82
    endloop
  endfacet
  facet normal 0 0 -1
    outer loop
      vertex 316 350 0
      vertex 316 351 0
      vertex 409.34722222222223 350 0
    endloop
  endfacet
  facet normal 0 1 0
    outer loop
      vertex 316 351 0
      vertex 316 351 7
      vertex 410 351 0
    endloop
  endfacet
  facet normal 0 0 1
    outer loop
      vertex 320 347 7
      vertex 410 351 7
      vertex 320 350 7
    endloop
  endfacet
  facet normal 0 0 1
    outer loop
      vertex 316 351 7
      vertex 320 350 7
      vertex 410 351 7
    endloop
  endfacet
  facet normal 0 0 -1
    outer loop
      vertex 316 351 0
      vertex 410 351 0
      vertex 409.34722222222223 350 0
    endloop
  endfacet
  facet normal 0 1 0
    outer loop
      vertex 316 351 7
      vertex 410 351 7
      vertex 410 351 0
    endloop
  endfacet
  facet normal 0 0 1
    outer loop
      vertex 320 347 7
      vertex 406 347 7
      vertex 406 350 7
    endloop
  endfacet
  facet normal 0 0 1
    outer loop
      vertex 320 347 7
      vertex 406 350 7
      vertex 410 351 7
    endloop
  endfacet
  facet normal 1 0 0
    outer loop
      vertex 410 207 7
      vertex 410 347 3
      vertex 410 347 7
    endloop
  endfacet
  facet normal 0 0 -1
    outer loop
      vertex 409.34722222222223 350 0
      vertex 410 351 0
      vertex 410 350 0
    endloop
  endfacet
  facet normal 1 0 0
    outer loop
      vertex 410 350 0
      vertex 410 351 0
      vertex 410 351 7
    endloop
  endfacet
  facet normal 1 0 0
    outer loop
      vertex 410 350 0
      vertex 410 351 7
      vertex 410 350 3
    endloop
  endfacet
  facet normal 1 0 0
    outer loop
      vertex 410 350 3
      vertex 410 351 7
      vertex 410 350 7
    endloop
  endfacet
  facet normal 0 0 1
    outer loop
      vertex 406 350 7
      vertex 410 350 7
      vertex 410 351 7
    endloop
  endfacet
  facet normal 0 1 0
    outer loop
      vertex 410 350 0
      vertex 410 350 3
      vertex 441 350 3
    endloop
  endfacet
  facet normal 0 -1 0
    outer loop
      vertex 410 347 3
      vertex 441 347 3
      vertex 410 347 7
    endloop
  endfacet
  facet normal 0 1 0
    outer loop
      vertex 410 350 3
      vertex 410 350 7
      vertex 441 350 3
    endloop
  endfacet
  facet normal 0 1 0
    outer loop
      vertex 410 350 0
      vertex 441 350 3
      vertex 444 350 0
    endloop
  endfacet
  facet normal 0 1 0
    outer loop
      vertex 444 350 0
      vertex 441 350 3
      vertex 444 350 3
    endloop
  endfacet
  facet normal 0 -1 0
    outer loop
      vertex 410 347 7
      vertex 441 347 3
      vertex 410 347 82
    endloop
  endfacet
  facet normal 0 1 0
    outer loop
      vertex 441 350 3
      vertex 442.47776259068445 350 89.10430028388183
      vertex 444 350 3
    endloop
  endfacet
  facet normal 1 0 0
    outer loop
      vertex 410 207 82
      vertex 410 347 7
      vertex 410 347 82
    endloop
  endfacet
  facet normal 0 0 1
    outer loop
      vertex 410 207 82
      vertex 410 347 82
      vertex 406 347 82
    endloop
  endfacet
  facet normal -1 0 0
    outer loop
      vertex 406 347 7
      vertex 406 347 150
      vertex 406 350 7
    endloop
  endfacet
  facet normal 0 1 0
    outer loop
      vertex 406 350 7
      vertex 406 350 150
      vertex 410 350 7
    endloop
  endfacet
  facet normal 0 1 0
    outer loop
      vertex 410 350 7
      vertex 406 350 150
      vertex 441 350 3
    endloop
  endfacet
  facet normal 0 1 0
    outer loop
      vertex 441 350 3
      vertex 406 350 150
      vertex 442.47776259068445 350 89.10430028388183
    endloop
  endfacet
  facet normal 0 -1 0
    outer loop
      vertex 441 347 3
      vertex 441 347 177.8
      vertex 410 347 82
    endloop
  endfacet
  facet normal 0 1 0
    outer loop
      vertex 145.82 350 123
      vertex 320 350 150
      vertex 320 350 41.92182947611456
    endloop
  endfacet
  facet normal 0 -1 0
    outer loop
      vertex 140.82 347 127.3
      vertex 234.875 347 55.1
      vertex 320 347 153
    endloop
  endfacet
  facet normal 0 -1 0
    outer loop
      vertex 316 347 82
      vertex 320 347 82
      vertex 320 347 153
    endloop
  endfacet
  facet normal 1 0 0
    outer loop
      vertex 320 350 41.92182947611456
      vertex 320 350 150
      vertex 320 347 150
    endloop
  endfacet
  facet normal 0 -1 0
    outer loop
      vertex 92.68 347 135.6
      vertex 133.32 347 135.6
      vertex 441 347 177.8
    endloop
  endfacet
  facet normal 0 1 0
    outer loop
      vertex 145.82 350 123
      vertex 145.82 350 135
      vertex 441 350 175.60526315789474
    endloop
  endfacet
  facet normal 0 1 0
    outer loop
      vertex 135.82 350 135
      vertex 441 350 175.60526315789474
      vertex 145.82 350 135
    endloop
  endfacet
  facet normal 0 1 0
    outer loop
      vertex 145.82 350 123
      vertex 441 350 175.60526315789474
      vertex 320 350 150
    endloop
  endfacet
  facet normal 0 -1 0
    outer loop
      vertex 133.32 347 135.6
      vertex 320 347 153
      vertex 441 347 177.8
    endloop
  endfacet
  facet normal 0 0 1
    outer loop
      vertex 3 347 177.8
      vertex 441 347 177.8
      vertex 441.0255420198081 347.0200976890553 177.8
    endloop
  endfacet
  facet normal 0 0 1
    outer loop
      vertex 3 350 177.8
      vertex 441.0255420198081 347.0200976890553 177.8
      vertex 441 350 177.8
    endloop
  endfacet
  facet normal 0 1 0
    outer loop
      vertex 135.82 350 135
      vertex 441 350 177.8
      vertex 441 350 175.60526315789474
    endloop
  endfacet
  facet normal 0 0 1
    outer loop
      vertex 441 3 177.8
      vertex 441.0255420198081 347.0200976890553 177.8
      vertex 441 347 177.8
    endloop
  endfacet
  facet normal 0 0 1
    outer loop
      vertex 444 3 177.8
      vertex 444 350 177.8
      vertex 441.0255420198081 347.0200976890553 177.8
    endloop
  endfacet
  facet normal -1 0 0
    outer loop
      vertex 406 350 7
      vertex 406 347 150
      vertex 406 350 150
    endloop
  endfacet
  facet normal 0 1 0
    outer loop
      vertex 444 350 3
      vertex 442.47776259068445 350 89.10430028388183
      vertex 444 350 177.8
    endloop
  endfacet
  facet normal 0 -1 0
    outer loop
      vertex 406 347 82
      vertex 410 347 82
      vertex 441 347 177.8
    endloop
  endfacet
  facet normal 0 0 -1
    outer loop
      vertex 320 347 150
      vertex 320 350 150
      vertex 406 347 150
    endloop
  endfacet
  facet normal 0 0 -1
    outer loop
      vertex 320 350 150
      vertex 406 350 150
      vertex 406 347 150
    endloop
  endfacet
  facet normal 0 1 0
    outer loop
      vertex 320 350 150
      vertex 441 350 175.60526315789474
      vertex 406 350 150
    endloop
  endfacet
  facet normal 0 -1 0
    outer loop
      vertex 320 347 153
      vertex 406 347 153
      vertex 441 347 177.8
    endloop
  endfacet
  facet normal 0 -1 0
    outer loop
      vertex 406 347 82
      vertex 441 347 177.8
      vertex 406 347 153
    endloop
  endfacet
  facet normal 0 1 0
    outer loop
      vertex 442.47776259068445 350 89.10430028388183
      vertex 406 350 150
      vertex 441 350 175.60526315789474
    endloop
  endfacet
  facet normal 0 1 0
    outer loop
      vertex 442.47776259068445 350 89.10430028388183
      vertex 441 350 175.60526315789474
      vertex 444 350 177.8
    endloop
  endfacet
  facet normal 0 0 1
    outer loop
      vertex 441.0255420198081 347.0200976890553 177.8
      vertex 444 350 177.8
      vertex 441 350 177.8
    endloop
  endfacet
  facet normal 0 1 0
    outer loop
      vertex 441 350 175.60526315789474
      vertex 441 350 177.8
      vertex 444 350 177.8
    endloop
  endfacet
  facet normal 0 0 -1
    outer loop
      vertex 7.725 106.53541743770057 9
      vertex 3 103 9
      vertex 7.051902961143719 107.05190296114371 9
    endloop
  endfacet
  facet normal 0 0 -1
    outer loop
      vertex 6.535417437700574 107.725 9
      vertex 7.051902961143719 107.05190296114371 9
      vertex 3 103 9
    endloop
  endfacet
  facet normal 0 0 -1
    outer loop
      vertex 7.725 106.53541743770057 9
      vertex 8.508838103416807 106.21074106456052 9
      vertex 3 103 9
    endloop
  endfacet
  facet normal 0 0 -1
    outer loop
      vertex 9.35 106.1 9
      vertex 3 103 9
      vertex 8.508838103416807 106.21074106456052 9
    endloop
  endfacet
  facet normal 0 0 -1
    outer loop
      vertex 9.35 106.1 9
      vertex 10.191161896583193 106.21074106456052 9
      vertex 3 103 9
    endloop
  endfacet
  facet normal 0 0 -1
    outer loop
      vertex 6.1 109.35 9
      vertex 6.210741064560528 108.5088381034168 9
      vertex 3 103 9
    endloop
  endfacet
  facet normal 0 0 -1
    outer loop
      vertex 6.535417437700574 107.725 9
      vertex 3 103 9
      vertex 6.210741064560528 108.5088381034168 9
    endloop
  endfacet
  facet normal 0 0 -1
    outer loop
      vertex 7.8717927479819405 108.73770650821585 9
      vertex 7.75 109.35 9
      vertex 8.218629150101524 108.21862915010152 9
    endloop
  endfacet
  facet normal 0 0 -1
    outer loop
      vertex 8.218629150101524 108.21862915010152 9
      vertex 8.218629150101524 110.48137084989847 9
      vertex 8.737706508215856 107.87179274798194 9
    endloop
  endfacet
  facet normal 0 0 -1
    outer loop
      vertex 8.737706508215856 107.87179274798194 9
      vertex 9.962293491784143 110.82820725201805 9
      vertex 9.35 107.75 9
    endloop
  endfacet
  facet normal 0 0 -1
    outer loop
      vertex 9.35 107.75 9
      vertex 10.95 109.35 9
      vertex 9.962293491784143 107.87179274798194 9
    endloop
  endfacet
  facet normal 0 0 -1
    outer loop
      vertex 10.95 109.35 9
      vertex 9.35 107.75 9
      vertex 10.828207252018059 109.96229349178414 9
    endloop
  endfacet
  facet normal 0 0 -1
    outer loop
      vertex 9.962293491784143 107.87179274798194 9
      vertex 10.95 109.35 9
      vertex 10.481370849898475 108.21862915010152 9
    endloop
  endfacet
  facet normal 0 0 -1
    outer loop
      vertex 10.481370849898475 108.21862915010152 9
      vertex 10.95 109.35 9
      vertex 10.828207252018059 108.73770650821585 9
    endloop
  endfacet
  facet normal 0 0 -1
    outer loop
      vertex 8.218629150101524 108.21862915010152 9
      vertex 7.75 109.35 9
      vertex 7.8717927479819405 109.96229349178414 9
    endloop
  endfacet
  facet normal 0 0 -1
    outer loop
      vertex 8.218629150101524 108.21862915010152 9
      vertex 7.8717927479819405 109.96229349178414 9
      vertex 8.218629150101524 110.48137084989847 9
    endloop
  endfacet
  facet normal 0 0 -1
    outer loop
      vertex 8.737706508215856 107.87179274798194 9
      vertex 8.218629150101524 110.48137084989847 9
      vertex 8.737706508215856 110.82820725201805 9
    endloop
  endfacet
  facet normal 0 0 -1
    outer loop
      vertex 8.737706508215856 107.87179274798194 9
      vertex 8.737706508215856 110.82820725201805 9
      vertex 9.35 110.94999999999999 9
    endloop
  endfacet
  facet normal 0 0 -1
    outer loop
      vertex 8.737706508215856 107.87179274798194 9
      vertex 9.35 110.94999999999999 9
      vertex 9.962293491784143 110.82820725201805 9
    endloop
  endfacet
  facet normal 0 0 -1
    outer loop
      vertex 10.828207252018059 109.96229349178414 9
      vertex 9.35 107.75 9
      vertex 10.481370849898475 110.48137084989847 9
    endloop
  endfacet
  facet normal 0 0 -1
    outer loop
      vertex 9.962293491784143 110.82820725201805 9
      vertex 10.481370849898475 110.48137084989847 9
      vertex 9.35 107.75 9
    endloop
  endfacet
  facet normal 0 0 -1
    outer loop
      vertex 6.1 109.35 9
      vertex 3 103 9
      vertex 11.64809703885628 151.50190296114374 9
    endloop
  endfacet
  facet normal 0 0 -1
    outer loop
      vertex 6.1 109.35 9
      vertex 11.64809703885628 151.50190296114374 9
      vertex 6.210741064560528 110.19116189658318 9
    endloop
  endfacet
  facet normal 0 0 -1
    outer loop
      vertex 6.210741064560528 110.19116189658318 9
      vertex 11.64809703885628 151.50190296114374 9
      vertex 6.535417437700574 110.975 9
    endloop
  endfacet
  facet normal 0 0 -1
    outer loop
      vertex 6.535417437700574 110.975 9
      vertex 11.64809703885628 151.50190296114374 9
      vertex 7.051902961143719 111.64809703885628 9
    endloop
  endfacet
  facet normal 0 0 -1
    outer loop
      vertex 7.051902961143719 111.64809703885628 9
      vertex 11.64809703885628 151.50190296114374 9
      vertex 7.725 112.16458256229942 9
    endloop
  endfacet
  facet normal 0 0 -1
    outer loop
      vertex 7.725 112.16458256229942 9
      vertex 11.64809703885628 151.50190296114374 9
      vertex 8.508838103416807 112.48925893543947 9
    endloop
  endfacet
  facet normal 0 0 -1
    outer loop
      vertex 8.508838103416807 112.48925893543947 9
      vertex 11.64809703885628 151.50190296114374 9
      vertex 9.35 112.6 9
    endloop
  endfacet
  facet normal 0 0 -1
    outer loop
      vertex 9.35 112.6 9
      vertex 11.64809703885628 151.50190296114374 9
      vertex 10.191161896583193 112.48925893543947 9
    endloop
  endfacet
  facet normal 0 -1 0
    outer loop
      vertex 3 103 9
      vertex 92.68 103 10.6
      vertex 3 103 10.6
    endloop
  endfacet
  facet normal 0 0 -1
    outer loop
      vertex 11.64809703885628 111.64809703885628 9
      vertex 10.975 112.16458256229942 9
      vertex 11.64809703885628 151.50190296114374 9
    endloop
  endfacet
  facet normal 0 0 -1
    outer loop
      vertex 10.191161896583193 112.48925893543947 9
      vertex 11.64809703885628 151.50190296114374 9
      vertex 10.975 112.16458256229942 9
    endloop
  endfacet
  facet normal 0 0 -1
    outer loop
      vertex 12.164582562299426 110.975 9
      vertex 11.64809703885628 111.64809703885628 9
      vertex 12.164582562299426 152.175 9
    endloop
  endfacet
  facet normal 0 0 -1
    outer loop
      vertex 6.1 153.8 9
      vertex 6.210741064560528 152.9588381034168 9
      vertex 3 103 9
    endloop
  endfacet
  facet normal 0 0 -1
    outer loop
      vertex 6.535417437700574 152.175 9
      vertex 7.051902961143719 151.50190296114374 9
      vertex 3 103 9
    endloop
  endfacet
  facet normal 0 0 -1
    outer loop
      vertex 7.725 150.9854174377006 9
      vertex 3 103 9
      vertex 7.051902961143719 151.50190296114374 9
    endloop
  endfacet
  facet normal 0 0 -1
    outer loop
      vertex 8.508838103416807 150.66074106456054 9
      vertex 3 103 9
      vertex 7.725 150.9854174377006 9
    endloop
  endfacet
  facet normal 0 0 -1
    outer loop
      vertex 8.508838103416807 150.66074106456054 9
      vertex 9.35 150.55 9
      vertex 3 103 9
    endloop
  endfacet
  facet normal 0 0 -1
    outer loop
      vertex 6.535417437700574 152.175 9
      vertex 3 103 9
      vertex 6.210741064560528 152.9588381034168 9
    endloop
  endfacet
  facet normal 0 0 -1
    outer loop
      vertex 9.35 150.55 9
      vertex 10.191161896583193 150.66074106456054 9
      vertex 3 103 9
    endloop
  endfacet
  facet normal 0 0 -1
    outer loop
      vertex 10.191161896583193 150.66074106456054 9
      vertex 10.975 150.9854174377006 9
      vertex 3 103 9
    endloop
  endfacet
  facet normal 0 0 -1
    outer loop
      vertex 10.975 150.9854174377006 9
      vertex 11.64809703885628 151.50190296114374 9
      vertex 3 103 9
    endloop
  endfacet
  facet normal 0 0 -1
    outer loop
      vertex 7.8717927479819405 153.18770650821585 9
      vertex 7.75 153.8 9
      vertex 8.218629150101524 152.66862915010154 9
    endloop
  endfacet
  facet normal 0 0 -1
    outer loop
      vertex 8.737706508215856 152.32179274798196 9
      vertex 8.218629150101524 152.66862915010154 9
      vertex 7.75 153.8 9
    endloop
  endfacet
  facet normal 0 0 -1
    outer loop
      vertex 8.737706508215856 152.32179274798196 9
      vertex 7.75 153.8 9
      vertex 7.8717927479819405 154.41229349178417 9
    endloop
  endfacet
  facet normal 0 0 -1
    outer loop
      vertex 8.737706508215856 152.32179274798196 9
      vertex 8.737706508215856 155.27820725201806 9
      vertex 9.35 152.20000000000002 9
    endloop
  endfacet
  facet normal 0 0 -1
    outer loop
      vertex 9.35 152.20000000000002 9
      vertex 8.737706508215856 155.27820725201806 9
      vertex 9.962293491784143 152.32179274798196 9
    endloop
  endfacet
  facet normal 0 0 -1
    outer loop
      vertex 9.962293491784143 152.32179274798196 9
      vertex 9.35 155.4 9
      vertex 10.481370849898475 152.66862915010154 9
    endloop
  endfacet
  facet normal 0 0 -1
    outer loop
      vertex 10.481370849898475 152.66862915010154 9
      vertex 9.962293491784143 155.27820725201806 9
      vertex 10.828207252018059 153.18770650821585 9
    endloop
  endfacet
  facet normal 0 0 -1
    outer loop
      vertex 8.737706508215856 152.32179274798196 9
      vertex 7.8717927479819405 154.41229349178417 9
      vertex 8.218629150101524 154.93137084989849 9
    endloop
  endfacet
  facet normal 0 0 -1
    outer loop
      vertex 8.737706508215856 152.32179274798196 9
      vertex 8.218629150101524 154.93137084989849 9
      vertex 8.737706508215856 155.27820725201806 9
    endloop
  endfacet
  facet normal 0 0 -1
    outer loop
      vertex 9.962293491784143 152.32179274798196 9
      vertex 8.737706508215856 155.27820725201806 9
      vertex 9.35 155.4 9
    endloop
  endfacet
  facet normal 0 0 -1
    outer loop
      vertex 10.481370849898475 152.66862915010154 9
      vertex 9.35 155.4 9
      vertex 9.962293491784143 155.27820725201806 9
    endloop
  endfacet
  facet normal 0 0 -1
    outer loop
      vertex 9.962293491784143 155.27820725201806 9
      vertex 10.95 153.8 9
      vertex 10.828207252018059 153.18770650821585 9
    endloop
  endfacet
  facet normal 0 0 -1
    outer loop
      vertex 10.481370849898475 154.93137084989849 9
      vertex 10.828207252018059 154.41229349178417 9
      vertex 10.95 153.8 9
    endloop
  endfacet
  facet normal 0 0 -1
    outer loop
      vertex 10.481370849898475 154.93137084989849 9
      vertex 10.95 153.8 9
      vertex 9.962293491784143 155.27820725201806 9
    endloop
  endfacet
  facet normal 0 0 -1
    outer loop
      vertex 6.1 153.8 9
      vertex 3 103 9
      vertex 6.1 260.48 9
    endloop
  endfacet
  facet normal 0 0 -1
    outer loop
      vertex 11.64809703885628 111.64809703885628 9
      vertex 11.64809703885628 151.50190296114374 9
      vertex 12.164582562299426 152.175 9
    endloop
  endfacet
  facet normal 0 0 -1
    outer loop
      vertex 10.191161896583193 106.21074106456052 9
      vertex 133.9088381034168 106.21074106456052 9
      vertex 3 103 9
    endloop
  endfacet
  facet normal 0 0 -1
    outer loop
      vertex 10.191161896583193 106.21074106456052 9
      vertex 10.975 106.53541743770057 9
      vertex 133.9088381034168 106.21074106456052 9
    endloop
  endfacet
  facet normal 0 0 -1
    outer loop
      vertex 10.975 106.53541743770057 9
      vertex 11.64809703885628 107.05190296114371 9
      vertex 133.125 106.53541743770057 9
    endloop
  endfacet
  facet normal 0 0 -1
    outer loop
      vertex 11.64809703885628 107.05190296114371 9
      vertex 12.164582562299426 107.725 9
      vertex 131.93541743770058 107.725 9
    endloop
  endfacet
  facet normal 0 0 -1
    outer loop
      vertex 12.164582562299426 107.725 9
      vertex 12.489258935439471 108.5088381034168 9
      vertex 131.61074106456053 108.5088381034168 9
    endloop
  endfacet
  facet normal 0 0 -1
    outer loop
      vertex 12.489258935439471 108.5088381034168 9
      vertex 12.6 109.35 9
      vertex 131.5 109.35 9
    endloop
  endfacet
  facet normal 0 0 -1
    outer loop
      vertex 12.6 109.35 9
      vertex 12.489258935439471 110.19116189658318 9
      vertex 131.61074106456053 110.19116189658318 9
    endloop
  endfacet
  facet normal 0 -1 0
    outer loop
      vertex 133.32 103 10.6
      vertex 92.68 103 10.6
      vertex 3 103 9
    endloop
  endfacet
  facet normal 0 0 -1
    outer loop
      vertex 134.75 106.1 9
      vertex 3 103 9
      vertex 133.9088381034168 106.21074106456052 9
    endloop
  endfacet
  facet normal 0 0 -1
    outer loop
      vertex 12.164582562299426 107.725 9
      vertex 131.61074106456053 108.5088381034168 9
      vertex 131.93541743770058 107.725 9
    endloop
  endfacet
  facet normal 0 0 -1
    outer loop
      vertex 12.489258935439471 108.5088381034168 9
      vertex 131.5 109.35 9
      vertex 131.61074106456053 108.5088381034168 9
    endloop
  endfacet
  facet normal 0 0 -1
    outer loop
      vertex 10.975 106.53541743770057 9
      vertex 133.125 106.53541743770057 9
      vertex 133.9088381034168 106.21074106456052 9
    endloop
  endfacet
  facet normal 0 0 -1
    outer loop
      vertex 11.64809703885628 107.05190296114371 9
      vertex 132.45190296114373 107.05190296114371 9
      vertex 133.125 106.53541743770057 9
    endloop
  endfacet
  facet normal 0 0 -1
    outer loop
      vertex 11.64809703885628 107.05190296114371 9
      vertex 131.93541743770058 107.725 9
      vertex 132.45190296114373 107.05190296114371 9
    endloop
  endfacet
  facet normal 0 0 -1
    outer loop
      vertex 12.6 109.35 9
      vertex 131.61074106456053 110.19116189658318 9
      vertex 131.5 109.35 9
    endloop
  endfacet
  facet normal 0 0 -1
    outer loop
      vertex 131.61074106456053 110.19116189658318 9
      vertex 12.489258935439471 110.19116189658318 9
      vertex 131.93541743770058 110.975 9
    endloop
  endfacet
  facet normal 0 0 -1
    outer loop
      vertex 12.164582562299426 110.975 9
      vertex 135.5911618965832 257.3407410645605 9
      vertex 12.489258935439471 110.19116189658318 9
    endloop
  endfacet
  facet normal 0 0 -1
    outer loop
      vertex 12.164582562299426 110.975 9
      vertex 12.164582562299426 152.175 9
      vertex 135.5911618965832 257.3407410645605 9
    endloop
  endfacet
  facet normal 0 0 -1
    outer loop
      vertex 134.75 106.1 9
      vertex 211.7088381034168 106.21074106456052 9
      vertex 3 103 9
    endloop
  endfacet
  facet normal 0 0 -1
    outer loop
      vertex 133.61862915010153 108.21862915010152 9
      vertex 136.22820725201805 109.96229349178414 9
      vertex 134.13770650821584 107.87179274798194 9
    endloop
  endfacet
  facet normal 0 0 -1
    outer loop
      vertex 133.27179274798195 108.73770650821585 9
      vertex 136.22820725201805 109.96229349178414 9
      vertex 133.61862915010153 108.21862915010152 9
    endloop
  endfacet
  facet normal 0 0 -1
    outer loop
      vertex 134.13770650821584 107.87179274798194 9
      vertex 136.22820725201805 109.96229349178414 9
      vertex 134.75 107.75 9
    endloop
  endfacet
  facet normal 0 0 -1
    outer loop
      vertex 133.27179274798195 108.73770650821585 9
      vertex 133.15 109.35 9
      vertex 134.75 110.94999999999999 9
    endloop
  endfacet
  facet normal 0 0 -1
    outer loop
      vertex 133.15 109.35 9
      vertex 133.27179274798195 109.96229349178414 9
      vertex 134.75 110.94999999999999 9
    endloop
  endfacet
  facet normal 0 0 -1
    outer loop
      vertex 133.27179274798195 109.96229349178414 9
      vertex 133.61862915010153 110.48137084989847 9
      vertex 134.75 110.94999999999999 9
    endloop
  endfacet
  facet normal 0 0 -1
    outer loop
      vertex 133.27179274798195 108.73770650821585 9
      vertex 135.88137084989847 110.48137084989847 9
      vertex 136.22820725201805 109.96229349178414 9
    endloop
  endfacet
  facet normal 0 0 -1
    outer loop
      vertex 133.27179274798195 108.73770650821585 9
      vertex 134.75 110.94999999999999 9
      vertex 135.36229349178416 110.82820725201805 9
    endloop
  endfacet
  facet normal 0 0 -1
    outer loop
      vertex 133.27179274798195 108.73770650821585 9
      vertex 135.36229349178416 110.82820725201805 9
      vertex 135.88137084989847 110.48137084989847 9
    endloop
  endfacet
  facet normal 0 0 -1
    outer loop
      vertex 133.61862915010153 110.48137084989847 9
      vertex 134.13770650821584 110.82820725201805 9
      vertex 134.75 110.94999999999999 9
    endloop
  endfacet
  facet normal 0 0 -1
    outer loop
      vertex 134.75 107.75 9
      vertex 136.22820725201805 109.96229349178414 9
      vertex 135.36229349178416 107.87179274798194 9
    endloop
  endfacet
  facet normal 0 0 -1
    outer loop
      vertex 135.36229349178416 107.87179274798194 9
      vertex 136.22820725201805 109.96229349178414 9
      vertex 135.88137084989847 108.21862915010152 9
    endloop
  endfacet
  facet normal 0 0 -1
    outer loop
      vertex 135.88137084989847 108.21862915010152 9
      vertex 136.22820725201805 109.96229349178414 9
      vertex 136.22820725201805 108.73770650821585 9
    endloop
  endfacet
  facet normal 0 0 -1
    outer loop
      vertex 136.22820725201805 108.73770650821585 9
      vertex 136.22820725201805 109.96229349178414 9
      vertex 136.35 109.35 9
    endloop
  endfacet
  facet normal 0 0 -1
    outer loop
      vertex 212.55 106.1 9
      vertex 3 103 9
      vertex 211.7088381034168 106.21074106456052 9
    endloop
  endfacet
  facet normal 0 -1 0
    outer loop
      vertex 308 103 10.6
      vertex 133.32 103 10.6
      vertex 3 103 9
    endloop
  endfacet
  facet normal 0 0 -1
    outer loop
      vertex 134.75 106.1 9
      vertex 135.5911618965832 106.21074106456052 9
      vertex 211.7088381034168 106.21074106456052 9
    endloop
  endfacet
  facet normal 0 0 -1
    outer loop
      vertex 135.5911618965832 106.21074106456052 9
      vertex 136.375 106.53541743770057 9
      vertex 210.925 106.53541743770057 9
    endloop
  endfacet
  facet normal 0 0 -1
    outer loop
      vertex 136.375 106.53541743770057 9
      vertex 137.04809703885627 107.05190296114371 9
      vertex 210.25190296114374 107.05190296114371 9
    endloop
  endfacet
  facet normal 0 0 -1
    outer loop
      vertex 137.04809703885627 107.05190296114371 9
      vertex 137.56458256229942 107.725 9
      vertex 209.7354174377006 107.725 9
    endloop
  endfacet
  facet normal 0 0 -1
    outer loop
      vertex 137.56458256229942 107.725 9
      vertex 137.88925893543947 108.5088381034168 9
      vertex 209.41074106456054 108.5088381034168 9
    endloop
  endfacet
  facet normal 0 0 -1
    outer loop
      vertex 131.93541743770058 110.975 9
      vertex 12.489258935439471 110.19116189658318 9
      vertex 209.3 260.48 9
    endloop
  endfacet
  facet normal 0 0 -1
    outer loop
      vertex 131.93541743770058 110.975 9
      vertex 209.3 260.48 9
      vertex 132.45190296114373 111.64809703885628 9
    endloop
  endfacet
  facet normal 0 0 -1
    outer loop
      vertex 132.45190296114373 111.64809703885628 9
      vertex 209.3 260.48 9
      vertex 133.125 112.16458256229942 9
    endloop
  endfacet
  facet normal 0 0 -1
    outer loop
      vertex 133.125 112.16458256229942 9
      vertex 209.41074106456054 259.63883810341684 9
      vertex 133.9088381034168 112.48925893543947 9
    endloop
  endfacet
  facet normal 0 0 -1
    outer loop
      vertex 133.9088381034168 112.48925893543947 9
      vertex 209.7354174377006 258.855 9
      vertex 134.75 112.6 9
    endloop
  endfacet
  facet normal 0 0 -1
    outer loop
      vertex 135.5911618965832 112.48925893543947 9
      vertex 210.925 257.66541743770057 9
      vertex 136.375 112.16458256229942 9
    endloop
  endfacet
  facet normal 0 0 -1
    outer loop
      vertex 134.75 112.6 9
      vertex 210.25190296114374 258.18190296114375 9
      vertex 135.5911618965832 112.48925893543947 9
    endloop
  endfacet
  facet normal 0 0 -1
    outer loop
      vertex 137.88925893543947 108.5088381034168 9
      vertex 138 109.35 9
      vertex 209.3 109.35 9
    endloop
  endfacet
  facet normal 0 0 -1
    outer loop
      vertex 138 109.35 9
      vertex 137.88925893543947 110.19116189658318 9
      vertex 209.41074106456054 110.19116189658318 9
    endloop
  endfacet
  facet normal 0 0 -1
    outer loop
      vertex 137.88925893543947 110.19116189658318 9
      vertex 137.56458256229942 110.975 9
      vertex 209.7354174377006 110.975 9
    endloop
  endfacet
  facet normal 0 0 -1
    outer loop
      vertex 308 103 9
      vertex 3 103 9
      vertex 212.55 106.1 9
    endloop
  endfacet
  facet normal 0 0 -1
    outer loop
      vertex 135.5911618965832 106.21074106456052 9
      vertex 210.925 106.53541743770057 9
      vertex 211.7088381034168 106.21074106456052 9
    endloop
  endfacet
  facet normal 0 0 -1
    outer loop
      vertex 136.375 106.53541743770057 9
      vertex 210.25190296114374 107.05190296114371 9
      vertex 210.925 106.53541743770057 9
    endloop
  endfacet
  facet normal 0 0 -1
    outer loop
      vertex 137.04809703885627 107.05190296114371 9
      vertex 209.7354174377006 107.725 9
      vertex 210.25190296114374 107.05190296114371 9
    endloop
  endfacet
  facet normal 0 0 -1
    outer loop
      vertex 137.56458256229942 107.725 9
      vertex 209.41074106456054 108.5088381034168 9
      vertex 209.7354174377006 107.725 9
    endloop
  endfacet
  facet normal 0 0 -1
    outer loop
      vertex 137.88925893543947 108.5088381034168 9
      vertex 209.3 109.35 9
      vertex 209.41074106456054 108.5088381034168 9
    endloop
  endfacet
  facet normal 0 0 -1
    outer loop
      vertex 138 109.35 9
      vertex 209.41074106456054 110.19116189658318 9
      vertex 209.3 109.35 9
    endloop
  endfacet
  facet normal 0 0 -1
    outer loop
      vertex 137.88925893543947 110.19116189658318 9
      vertex 209.7354174377006 110.975 9
      vertex 209.41074106456054 110.19116189658318 9
    endloop
  endfacet
  facet normal 0 -1 0
    outer loop
      vertex 308 103 9
      vertex 308 103 10.6
      vertex 3 103 9
    endloop
  endfacet
  facet normal 0 0 -1
    outer loop
      vertex 211.41862915010154 108.21862915010152 9
      vertex 214.02820725201806 109.96229349178414 9
      vertex 211.93770650821585 107.87179274798194 9
    endloop
  endfacet
  facet normal 0 0 -1
    outer loop
      vertex 211.41862915010154 108.21862915010152 9
      vertex 211.07179274798196 108.73770650821585 9
      vertex 214.02820725201806 109.96229349178414 9
    endloop
  endfacet
  facet normal 0 0 -1
    outer loop
      vertex 211.93770650821585 107.87179274798194 9
      vertex 214.02820725201806 109.96229349178414 9
      vertex 212.55 107.75 9
    endloop
  endfacet
  facet normal 0 0 -1
    outer loop
      vertex 212.55 107.75 9
      vertex 214.02820725201806 109.96229349178414 9
      vertex 213.16229349178417 107.87179274798194 9
    endloop
  endfacet
  facet normal 0 0 -1
    outer loop
      vertex 213.16229349178417 107.87179274798194 9
      vertex 214.02820725201806 109.96229349178414 9
      vertex 213.68137084989849 108.21862915010152 9
    endloop
  endfacet
  facet normal 0 0 -1
    outer loop
      vertex 213.68137084989849 108.21862915010152 9
      vertex 214.02820725201806 109.96229349178414 9
      vertex 214.02820725201806 108.73770650821585 9
    endloop
  endfacet
  facet normal 0 0 -1
    outer loop
      vertex 211.07179274798196 108.73770650821585 9
      vertex 210.95000000000002 109.35 9
      vertex 212.55 110.94999999999999 9
    endloop
  endfacet
  facet normal 0 0 -1
    outer loop
      vertex 210.95000000000002 109.35 9
      vertex 211.07179274798196 109.96229349178414 9
      vertex 212.55 110.94999999999999 9
    endloop
  endfacet
  facet normal 0 0 -1
    outer loop
      vertex 211.07179274798196 109.96229349178414 9
      vertex 211.41862915010154 110.48137084989847 9
      vertex 212.55 110.94999999999999 9
    endloop
  endfacet
  facet normal 0 0 -1
    outer loop
      vertex 211.07179274798196 108.73770650821585 9
      vertex 212.55 110.94999999999999 9
      vertex 213.16229349178417 110.82820725201805 9
    endloop
  endfacet
  facet normal 0 0 -1
    outer loop
      vertex 211.41862915010154 110.48137084989847 9
      vertex 211.93770650821585 110.82820725201805 9
      vertex 212.55 110.94999999999999 9
    endloop
  endfacet
  facet normal 0 0 -1
    outer loop
      vertex 211.07179274798196 108.73770650821585 9
      vertex 213.68137084989849 110.48137084989847 9
      vertex 214.02820725201806 109.96229349178414 9
    endloop
  endfacet
  facet normal 0 0 -1
    outer loop
      vertex 211.07179274798196 108.73770650821585 9
      vertex 213.16229349178417 110.82820725201805 9
      vertex 213.68137084989849 110.48137084989847 9
    endloop
  endfacet
  facet normal 0 0 -1
    outer loop
      vertex 214.02820725201806 108.73770650821585 9
      vertex 214.02820725201806 109.96229349178414 9
      vertex 214.15 109.35 9
    endloop
  endfacet
  facet normal 0 0 -1
    outer loop
      vertex 137.56458256229942 110.975 9
      vertex 137.04809703885627 111.64809703885628 9
      vertex 212.55 257.23 9
    endloop
  endfacet
  facet normal 0 0 -1
    outer loop
      vertex 137.04809703885627 111.64809703885628 9
      vertex 136.375 112.16458256229942 9
      vertex 211.7088381034168 257.3407410645605 9
    endloop
  endfacet
  facet normal 0 0 -1
    outer loop
      vertex 137.56458256229942 110.975 9
      vertex 212.55 257.23 9
      vertex 209.7354174377006 110.975 9
    endloop
  endfacet
  facet normal 0 0 -1
    outer loop
      vertex 209.7354174377006 110.975 9
      vertex 212.55 257.23 9
      vertex 210.25190296114374 111.64809703885628 9
    endloop
  endfacet
  facet normal 0 0 -1
    outer loop
      vertex 210.25190296114374 111.64809703885628 9
      vertex 212.55 257.23 9
      vertex 210.925 112.16458256229942 9
    endloop
  endfacet
  facet normal 0 0 -1
    outer loop
      vertex 210.925 112.16458256229942 9
      vertex 212.55 257.23 9
      vertex 211.7088381034168 112.48925893543947 9
    endloop
  endfacet
  facet normal 0 0 -1
    outer loop
      vertex 211.7088381034168 112.48925893543947 9
      vertex 212.55 257.23 9
      vertex 212.55 112.6 9
    endloop
  endfacet
  facet normal 0 0 -1
    outer loop
      vertex 212.55 112.6 9
      vertex 213.3911618965832 257.3407410645605 9
      vertex 213.3911618965832 112.48925893543947 9
    endloop
  endfacet
  facet normal 0 0 -1
    outer loop
      vertex 213.3911618965832 112.48925893543947 9
      vertex 213.3911618965832 257.3407410645605 9
      vertex 214.175 112.16458256229942 9
    endloop
  endfacet
  facet normal 0 0 -1
    outer loop
      vertex 214.84809703885628 111.64809703885628 9
      vertex 214.175 112.16458256229942 9
      vertex 214.175 257.66541743770057 9
    endloop
  endfacet
  facet normal 0 0 -1
    outer loop
      vertex 215.36458256229943 110.975 9
      vertex 214.84809703885628 111.64809703885628 9
      vertex 215.36458256229943 258.855 9
    endloop
  endfacet
  facet normal 0 0 -1
    outer loop
      vertex 215.68925893543948 110.19116189658318 9
      vertex 215.36458256229943 110.975 9
      vertex 215.36458256229943 258.855 9
    endloop
  endfacet
  facet normal 0 0 -1
    outer loop
      vertex 6.1 153.8 9
      vertex 6.1 260.48 9
      vertex 6.210741064560528 154.6411618965832 9
    endloop
  endfacet
  facet normal 0 0 -1
    outer loop
      vertex 6.210741064560528 154.6411618965832 9
      vertex 6.535417437700574 258.855 9
      vertex 6.535417437700574 155.425 9
    endloop
  endfacet
  facet normal 0 0 -1
    outer loop
      vertex 6.535417437700574 155.425 9
      vertex 6.535417437700574 258.855 9
      vertex 7.051902961143719 156.09809703885628 9
    endloop
  endfacet
  facet normal 0 0 -1
    outer loop
      vertex 7.051902961143719 156.09809703885628 9
      vertex 7.051902961143719 258.18190296114375 9
      vertex 7.725 156.61458256229943 9
    endloop
  endfacet
  facet normal 0 0 -1
    outer loop
      vertex 7.725 156.61458256229943 9
      vertex 7.725 257.66541743770057 9
      vertex 8.508838103416807 156.93925893543948 9
    endloop
  endfacet
  facet normal 0 0 -1
    outer loop
      vertex 8.508838103416807 156.93925893543948 9
      vertex 8.508838103416807 257.3407410645605 9
      vertex 9.35 157.05 9
    endloop
  endfacet
  facet normal 0 0 -1
    outer loop
      vertex 9.35 157.05 9
      vertex 10.191161896583193 257.3407410645605 9
      vertex 10.191161896583193 156.93925893543948 9
    endloop
  endfacet
  facet normal 0 0 -1
    outer loop
      vertex 10.191161896583193 156.93925893543948 9
      vertex 10.191161896583193 257.3407410645605 9
      vertex 10.975 156.61458256229943 9
    endloop
  endfacet
  facet normal 0 0 1
    outer loop
      vertex 3 347 10.6
      vertex 3 103 10.6
      vertex 92.68 103 10.6
    endloop
  endfacet
  facet normal 0 0 -1
    outer loop
      vertex 6.210741064560528 154.6411618965832 9
      vertex 6.210741064560528 259.63883810341684 9
      vertex 6.535417437700574 258.855 9
    endloop
  endfacet
  facet normal 0 0 -1
    outer loop
      vertex 7.051902961143719 156.09809703885628 9
      vertex 6.535417437700574 258.855 9
      vertex 7.051902961143719 258.18190296114375 9
    endloop
  endfacet
  facet normal 0 0 -1
    outer loop
      vertex 6.210741064560528 154.6411618965832 9
      vertex 6.1 260.48 9
      vertex 6.210741064560528 259.63883810341684 9
    endloop
  endfacet
  facet normal 0 0 -1
    outer loop
      vertex 7.725 156.61458256229943 9
      vertex 7.051902961143719 258.18190296114375 9
      vertex 7.725 257.66541743770057 9
    endloop
  endfacet
  facet normal 0 0 -1
    outer loop
      vertex 8.508838103416807 156.93925893543948 9
      vertex 7.725 257.66541743770057 9
      vertex 8.508838103416807 257.3407410645605 9
    endloop
  endfacet
  facet normal 0 0 -1
    outer loop
      vertex 9.35 157.05 9
      vertex 8.508838103416807 257.3407410645605 9
      vertex 9.35 257.23 9
    endloop
  endfacet
  facet normal 0 0 -1
    outer loop
      vertex 9.35 157.05 9
      vertex 9.35 257.23 9
      vertex 10.191161896583193 257.3407410645605 9
    endloop
  endfacet
  facet normal 0 0 -1
    outer loop
      vertex 10.975 156.61458256229943 9
      vertex 10.191161896583193 257.3407410645605 9
      vertex 10.975 257.66541743770057 9
    endloop
  endfacet
  facet normal 0 0 -1
    outer loop
      vertex 6.1 260.48 9
      vertex 3 103 9
      vertex 3 335.19221967963387 9
    endloop
  endfacet
  facet normal 0 0 -1
    outer loop
      vertex 8.218629150101524 259.34862915010154 9
      vertex 10.481370849898475 261.6113708498985 9
      vertex 8.737706508215856 259.00179274798194 9
    endloop
  endfacet
  facet normal 0 0 -1
    outer loop
      vertex 8.737706508215856 259.00179274798194 9
      vertex 10.481370849898475 261.6113708498985 9
      vertex 9.35 258.88 9
    endloop
  endfacet
  facet normal 0 0 -1
    outer loop
      vertex 9.35 258.88 9
      vertex 10.481370849898475 261.6113708498985 9
      vertex 9.962293491784143 259.00179274798194 9
    endloop
  endfacet
  facet normal 0 0 -1
    outer loop
      vertex 9.962293491784143 259.00179274798194 9
      vertex 10.481370849898475 261.6113708498985 9
      vertex 10.481370849898475 259.34862915010154 9
    endloop
  endfacet
  facet normal 0 0 -1
    outer loop
      vertex 7.8717927479819405 259.86770650821586 9
      vertex 10.481370849898475 261.6113708498985 9
      vertex 8.218629150101524 259.34862915010154 9
    endloop
  endfacet
  facet normal 0 0 -1
    outer loop
      vertex 7.8717927479819405 259.86770650821586 9
      vertex 7.75 260.48 9
      vertex 10.481370849898475 261.6113708498985 9
    endloop
  endfacet
  facet normal 0 0 -1
    outer loop
      vertex 7.75 260.48 9
      vertex 7.8717927479819405 261.0922934917842 9
      vertex 10.481370849898475 261.6113708498985 9
    endloop
  endfacet
  facet normal 0 0 -1
    outer loop
      vertex 7.8717927479819405 261.0922934917842 9
      vertex 8.218629150101524 261.6113708498985 9
      vertex 10.481370849898475 261.6113708498985 9
    endloop
  endfacet
  facet normal 0 0 -1
    outer loop
      vertex 8.218629150101524 261.6113708498985 9
      vertex 8.737706508215856 261.9582072520181 9
      vertex 9.35 262.08000000000004 9
    endloop
  endfacet
  facet normal 0 0 -1
    outer loop
      vertex 10.481370849898475 259.34862915010154 9
      vertex 10.481370849898475 261.6113708498985 9
      vertex 10.828207252018059 259.86770650821586 9
    endloop
  endfacet
  facet normal 0 0 -1
    outer loop
      vertex 10.481370849898475 261.6113708498985 9
      vertex 10.95 260.48 9
      vertex 10.828207252018059 259.86770650821586 9
    endloop
  endfacet
  facet normal 0 0 -1
    outer loop
      vertex 10.828207252018059 261.0922934917842 9
      vertex 10.95 260.48 9
      vertex 10.481370849898475 261.6113708498985 9
    endloop
  endfacet
  facet normal 0 0 -1
    outer loop
      vertex 8.218629150101524 261.6113708498985 9
      vertex 9.35 262.08000000000004 9
      vertex 9.962293491784143 261.9582072520181 9
    endloop
  endfacet
  facet normal 0 0 -1
    outer loop
      vertex 8.218629150101524 261.6113708498985 9
      vertex 9.962293491784143 261.9582072520181 9
      vertex 10.481370849898475 261.6113708498985 9
    endloop
  endfacet
  facet normal 0 0 -1
    outer loop
      vertex 12.164582562299426 155.425 9
      vertex 11.64809703885628 156.09809703885628 9
      vertex 133.125 257.66541743770057 9
    endloop
  endfacet
  facet normal 0 0 -1
    outer loop
      vertex 10.975 156.61458256229943 9
      vertex 133.125 257.66541743770057 9
      vertex 11.64809703885628 156.09809703885628 9
    endloop
  endfacet
  facet normal 0 0 -1
    outer loop
      vertex 12.6 153.8 9
      vertex 12.489258935439471 154.6411618965832 9
      vertex 133.9088381034168 257.3407410645605 9
    endloop
  endfacet
  facet normal 0 0 -1
    outer loop
      vertex 12.164582562299426 152.175 9
      vertex 12.489258935439471 152.9588381034168 9
      vertex 135.5911618965832 257.3407410645605 9
    endloop
  endfacet
  facet normal 0 0 -1
    outer loop
      vertex 12.489258935439471 152.9588381034168 9
      vertex 12.6 153.8 9
      vertex 134.75 257.23 9
    endloop
  endfacet
  facet normal 0 0 -1
    outer loop
      vertex 12.489258935439471 154.6411618965832 9
      vertex 12.164582562299426 155.425 9
      vertex 133.125 257.66541743770057 9
    endloop
  endfacet
  facet normal 0 0 -1
    outer loop
      vertex 135.5911618965832 257.3407410645605 9
      vertex 136.375 257.66541743770057 9
      vertex 12.489258935439471 110.19116189658318 9
    endloop
  endfacet
  facet normal 0 0 -1
    outer loop
      vertex 12.6 153.8 9
      vertex 133.9088381034168 257.3407410645605 9
      vertex 134.75 257.23 9
    endloop
  endfacet
  facet normal 0 0 -1
    outer loop
      vertex 12.489258935439471 154.6411618965832 9
      vertex 133.125 257.66541743770057 9
      vertex 133.9088381034168 257.3407410645605 9
    endloop
  endfacet
  facet normal 0 0 -1
    outer loop
      vertex 12.489258935439471 152.9588381034168 9
      vertex 134.75 257.23 9
      vertex 135.5911618965832 257.3407410645605 9
    endloop
  endfacet
  facet normal 0 0 -1
    outer loop
      vertex 10.975 156.61458256229943 9
      vertex 10.975 257.66541743770057 9
      vertex 133.125 257.66541743770057 9
    endloop
  endfacet
  facet normal 0 0 -1
    outer loop
      vertex 10.975 257.66541743770057 9
      vertex 11.64809703885628 258.18190296114375 9
      vertex 133.125 257.66541743770057 9
    endloop
  endfacet
  facet normal 0 0 -1
    outer loop
      vertex 11.64809703885628 258.18190296114375 9
      vertex 12.164582562299426 258.855 9
      vertex 131.93541743770058 258.855 9
    endloop
  endfacet
  facet normal 0 0 -1
    outer loop
      vertex 12.164582562299426 258.855 9
      vertex 12.489258935439471 259.63883810341684 9
      vertex 131.61074106456053 259.63883810341684 9
    endloop
  endfacet
  facet normal 0 0 -1
    outer loop
      vertex 12.489258935439471 259.63883810341684 9
      vertex 12.6 260.48 9
      vertex 131.5 260.48 9
    endloop
  endfacet
  facet normal 0 0 -1
    outer loop
      vertex 12.6 260.48 9
      vertex 12.489258935439471 261.3211618965832 9
      vertex 131.61074106456053 261.3211618965832 9
    endloop
  endfacet
  facet normal 0 0 -1
    outer loop
      vertex 12.489258935439471 261.3211618965832 9
      vertex 12.164582562299426 262.105 9
      vertex 131.61074106456053 261.3211618965832 9
    endloop
  endfacet
  facet normal 0 0 -1
    outer loop
      vertex 12.164582562299426 262.105 9
      vertex 11.64809703885628 262.7780970388563 9
      vertex 131.93541743770058 262.105 9
    endloop
  endfacet
  facet normal 0 0 1
    outer loop
      vertex 76.125 347 10.6
      vertex 3 347 10.6
      vertex 92.68 103 10.6
    endloop
  endfacet
  facet normal 0 0 -1
    outer loop
      vertex 12.164582562299426 258.855 9
      vertex 131.61074106456053 259.63883810341684 9
      vertex 131.93541743770058 258.855 9
    endloop
  endfacet
  facet normal 0 0 -1
    outer loop
      vertex 12.489258935439471 259.63883810341684 9
      vertex 131.5 260.48 9
      vertex 131.61074106456053 259.63883810341684 9
    endloop
  endfacet
  facet normal 0 0 -1
    outer loop
      vertex 11.64809703885628 258.18190296114375 9
      vertex 132.45190296114373 258.18190296114375 9
      vertex 133.125 257.66541743770057 9
    endloop
  endfacet
  facet normal 0 0 -1
    outer loop
      vertex 11.64809703885628 258.18190296114375 9
      vertex 131.93541743770058 258.855 9
      vertex 132.45190296114373 258.18190296114375 9
    endloop
  endfacet
  facet normal 0 0 -1
    outer loop
      vertex 12.6 260.48 9
      vertex 131.61074106456053 261.3211618965832 9
      vertex 131.5 260.48 9
    endloop
  endfacet
  facet normal 0 0 -1
    outer loop
      vertex 12.164582562299426 262.105 9
      vertex 131.93541743770058 262.105 9
      vertex 131.61074106456053 261.3211618965832 9
    endloop
  endfacet
  facet normal 0 0 -1
    outer loop
      vertex 11.64809703885628 262.7780970388563 9
      vertex 132.45190296114373 262.7780970388563 9
      vertex 131.93541743770058 262.105 9
    endloop
  endfacet
  facet normal 0 0 1
    outer loop
      vertex 92.18 347 10.6
      vertex 76.125 347 10.6
      vertex 92.68 103 10.6
    endloop
  endfacet
  facet normal 0 0 1
    outer loop
      vertex 92.18 347 10.6
      vertex 92.68 103 10.6
      vertex 92.68 347 10.6
    endloop
  endfacet
  facet normal 0 0 -1
    outer loop
      vertex 6.1 260.48 9
      vertex 3 335.19221967963387 9
      vertex 6.210741064560528 261.3211618965832 9
    endloop
  endfacet
  facet normal 0 0 -1
    outer loop
      vertex 6.210741064560528 261.3211618965832 9
      vertex 3 335.19221967963387 9
      vertex 6.535417437700574 262.105 9
    endloop
  endfacet
  facet normal 0 0 -1
    outer loop
      vertex 6.535417437700574 262.105 9
      vertex 3 335.19221967963387 9
      vertex 7.051902961143719 262.7780970388563 9
    endloop
  endfacet
  facet normal 0 0 -1
    outer loop
      vertex 7.051902961143719 262.7780970388563 9
      vertex 3 335.19221967963387 9
      vertex 7.725 263.29458256229947 9
    endloop
  endfacet
  facet normal 0 0 -1
    outer loop
      vertex 7.725 263.29458256229947 9
      vertex 3 335.19221967963387 9
      vertex 8.508838103416807 263.6192589354395 9
    endloop
  endfacet
  facet normal 0 0 -1
    outer loop
      vertex 8.508838103416807 263.6192589354395 9
      vertex 3 335.19221967963387 9
      vertex 9.35 263.73 9
    endloop
  endfacet
  facet normal 0 0 -1
    outer loop
      vertex 9.35 263.73 9
      vertex 3 335.19221967963387 9
      vertex 10.191161896583193 263.6192589354395 9
    endloop
  endfacet
  facet normal 0 0 -1
    outer loop
      vertex 10.191161896583193 263.6192589354395 9
      vertex 10.191161896583193 334.8107410645605 9
      vertex 10.975 263.29458256229947 9
    endloop
  endfacet
  facet normal 0 0 -1
    outer loop
      vertex 10.191161896583193 263.6192589354395 9
      vertex 3 335.19221967963387 9
      vertex 6.535417437700574 336.325 9
    endloop
  endfacet
  facet normal 0 0 -1
    outer loop
      vertex 10.191161896583193 263.6192589354395 9
      vertex 7.051902961143719 335.6519029611437 9
      vertex 7.725 335.13541743770054 9
    endloop
  endfacet
  facet normal 0 0 -1
    outer loop
      vertex 10.191161896583193 263.6192589354395 9
      vertex 7.725 335.13541743770054 9
      vertex 8.508838103416807 334.8107410645605 9
    endloop
  endfacet
  facet normal 0 0 -1
    outer loop
      vertex 10.191161896583193 263.6192589354395 9
      vertex 6.535417437700574 336.325 9
      vertex 7.051902961143719 335.6519029611437 9
    endloop
  endfacet
  facet normal 0 0 -1
    outer loop
      vertex 10.191161896583193 263.6192589354395 9
      vertex 8.508838103416807 334.8107410645605 9
      vertex 9.35 334.7 9
    endloop
  endfacet
  facet normal 0 0 -1
    outer loop
      vertex 10.191161896583193 263.6192589354395 9
      vertex 9.35 334.7 9
      vertex 10.191161896583193 334.8107410645605 9
    endloop
  endfacet
  facet normal 0 0 -1
    outer loop
      vertex 10.975 263.29458256229947 9
      vertex 10.191161896583193 334.8107410645605 9
      vertex 10.975 335.13541743770054 9
    endloop
  endfacet
  facet normal 0 0 -1
    outer loop
      vertex 10.975 263.29458256229947 9
      vertex 10.975 335.13541743770054 9
      vertex 11.64809703885628 262.7780970388563 9
    endloop
  endfacet
  facet normal 0 0 -1
    outer loop
      vertex 6.210741064560528 337.1088381034168 9
      vertex 3 335.19221967963387 9
      vertex 6.1 337.95 9
    endloop
  endfacet
  facet normal 0 0 -1
    outer loop
      vertex 6.535417437700574 336.325 9
      vertex 3 335.19221967963387 9
      vertex 6.210741064560528 337.1088381034168 9
    endloop
  endfacet
  facet normal 0 0 -1
    outer loop
      vertex 6.1 337.95 9
      vertex 3 335.19221967963387 9
      vertex 3 347 9
    endloop
  endfacet
  facet normal 0 0 -1
    outer loop
      vertex 8.218629150101524 336.8186291501015 9
      vertex 7.8717927479819405 337.33770650821583 9
      vertex 10.481370849898475 339.08137084989846 9
    endloop
  endfacet
  facet normal 0 0 -1
    outer loop
      vertex 7.8717927479819405 337.33770650821583 9
      vertex 7.75 337.95 9
      vertex 10.481370849898475 339.08137084989846 9
    endloop
  endfacet
  facet normal 0 0 -1
    outer loop
      vertex 8.218629150101524 336.8186291501015 9
      vertex 10.828207252018059 337.33770650821583 9
      vertex 8.737706508215856 336.4717927479819 9
    endloop
  endfacet
  facet normal 0 0 -1
    outer loop
      vertex 8.737706508215856 336.4717927479819 9
      vertex 10.481370849898475 336.8186291501015 9
      vertex 9.35 336.34999999999997 9
    endloop
  endfacet
  facet normal 0 0 -1
    outer loop
      vertex 9.35 336.34999999999997 9
      vertex 10.481370849898475 336.8186291501015 9
      vertex 9.962293491784143 336.4717927479819 9
    endloop
  endfacet
  facet normal 0 0 -1
    outer loop
      vertex 8.737706508215856 336.4717927479819 9
      vertex 10.828207252018059 337.33770650821583 9
      vertex 10.481370849898475 336.8186291501015 9
    endloop
  endfacet
  facet normal 0 0 -1
    outer loop
      vertex 8.218629150101524 336.8186291501015 9
      vertex 10.481370849898475 339.08137084989846 9
      vertex 10.828207252018059 338.56229349178415 9
    endloop
  endfacet
  facet normal 0 0 -1
    outer loop
      vertex 8.218629150101524 336.8186291501015 9
      vertex 10.95 337.95 9
      vertex 10.828207252018059 337.33770650821583 9
    endloop
  endfacet
  facet normal 0 0 -1
    outer loop
      vertex 8.218629150101524 336.8186291501015 9
      vertex 10.828207252018059 338.56229349178415 9
      vertex 10.95 337.95 9
    endloop
  endfacet
  facet normal 0 0 -1
    outer loop
      vertex 7.75 337.95 9
      vertex 7.8717927479819405 338.56229349178415 9
      vertex 10.481370849898475 339.08137084989846 9
    endloop
  endfacet
  facet normal 0 0 -1
    outer loop
      vertex 7.8717927479819405 338.56229349178415 9
      vertex 8.218629150101524 339.08137084989846 9
      vertex 10.481370849898475 339.08137084989846 9
    endloop
  endfacet
  facet normal 0 0 -1
    outer loop
      vertex 8.218629150101524 339.08137084989846 9
      vertex 8.737706508215856 339.42820725201807 9
      vertex 9.35 339.55 9
    endloop
  endfacet
  facet normal 0 0 -1
    outer loop
      vertex 8.218629150101524 339.08137084989846 9
      vertex 9.35 339.55 9
      vertex 9.962293491784143 339.42820725201807 9
    endloop
  endfacet
  facet normal 0 0 -1
    outer loop
      vertex 8.218629150101524 339.08137084989846 9
      vertex 9.962293491784143 339.42820725201807 9
      vertex 10.481370849898475 339.08137084989846 9
    endloop
  endfacet
  facet normal 0 0 -1
    outer loop
      vertex 6.1 337.95 9
      vertex 3 347 9
      vertex 6.210741064560528 338.79116189658316 9
    endloop
  endfacet
  facet normal 0 0 -1
    outer loop
      vertex 6.210741064560528 338.79116189658316 9
      vertex 3 347 9
      vertex 6.535417437700574 339.575 9
    endloop
  endfacet
  facet normal 0 0 -1
    outer loop
      vertex 6.535417437700574 339.575 9
      vertex 3 347 9
      vertex 7.051902961143719 340.24809703885626 9
    endloop
  endfacet
  facet normal 0 0 -1
    outer loop
      vertex 7.051902961143719 340.24809703885626 9
      vertex 3 347 9
      vertex 7.725 340.76458256229944 9
    endloop
  endfacet
  facet normal 0 0 -1
    outer loop
      vertex 7.725 340.76458256229944 9
      vertex 3 347 9
      vertex 8.508838103416807 341.0892589354395 9
    endloop
  endfacet
  facet normal 0 0 -1
    outer loop
      vertex 8.508838103416807 341.0892589354395 9
      vertex 3 347 9
      vertex 9.35 341.2 9
    endloop
  endfacet
  facet normal 0 0 -1
    outer loop
      vertex 9.35 341.2 9
      vertex 92.18 347 9
      vertex 10.191161896583193 341.0892589354395 9
    endloop
  endfacet
  facet normal 0 0 -1
    outer loop
      vertex 9.35 341.2 9
      vertex 3 347 9
      vertex 92.18 347 9
    endloop
  endfacet
  facet normal 0 0 -1
    outer loop
      vertex 12.6 337.95 9
      vertex 12.489258935439471 338.79116189658316 9
      vertex 92.18 347 9
    endloop
  endfacet
  facet normal 0 0 -1
    outer loop
      vertex 12.489258935439471 338.79116189658316 9
      vertex 12.164582562299426 339.575 9
      vertex 92.18 347 9
    endloop
  endfacet
  facet normal 0 0 -1
    outer loop
      vertex 12.164582562299426 339.575 9
      vertex 11.64809703885628 340.24809703885626 9
      vertex 92.18 347 9
    endloop
  endfacet
  facet normal 0 0 -1
    outer loop
      vertex 10.191161896583193 341.0892589354395 9
      vertex 92.18 347 9
      vertex 10.975 340.76458256229944 9
    endloop
  endfacet
  facet normal 0 0 -1
    outer loop
      vertex 10.975 340.76458256229944 9
      vertex 92.18 347 9
      vertex 11.64809703885628 340.24809703885626 9
    endloop
  endfacet
  facet normal 0 0 -1
    outer loop
      vertex 11.64809703885628 262.7780970388563 9
      vertex 10.975 335.13541743770054 9
      vertex 132.45190296114373 262.7780970388563 9
    endloop
  endfacet
  facet normal 0 0 -1
    outer loop
      vertex 10.975 335.13541743770054 9
      vertex 11.64809703885628 335.6519029611437 9
      vertex 132.45190296114373 262.7780970388563 9
    endloop
  endfacet
  facet normal 0 0 -1
    outer loop
      vertex 11.64809703885628 335.6519029611437 9
      vertex 12.164582562299426 336.325 9
      vertex 132.45190296114373 262.7780970388563 9
    endloop
  endfacet
  facet normal 0 0 -1
    outer loop
      vertex 12.164582562299426 336.325 9
      vertex 12.489258935439471 337.1088381034168 9
      vertex 133.125 263.29458256229947 9
    endloop
  endfacet
  facet normal 0 0 -1
    outer loop
      vertex 12.489258935439471 337.1088381034168 9
      vertex 12.6 337.95 9
      vertex 133.125 263.29458256229947 9
    endloop
  endfacet
  facet normal 0 0 -1
    outer loop
      vertex 12.164582562299426 336.325 9
      vertex 133.125 263.29458256229947 9
      vertex 132.45190296114373 262.7780970388563 9
    endloop
  endfacet
  facet normal 0 1 0
    outer loop
      vertex 92.18 347 10.6
      vertex 92.68 347 10.6
      vertex 92.18 347 9
    endloop
  endfacet
  facet normal 0 0 -1
    outer loop
      vertex 209.3 260.48 9
      vertex 12.489258935439471 110.19116189658318 9
      vertex 209.41074106456054 261.3211618965832 9
    endloop
  endfacet
  facet normal 0 0 -1
    outer loop
      vertex 209.41074106456054 261.3211618965832 9
      vertex 12.489258935439471 110.19116189658318 9
      vertex 209.7354174377006 262.105 9
    endloop
  endfacet
  facet normal 0 0 -1
    outer loop
      vertex 209.7354174377006 262.105 9
      vertex 12.489258935439471 110.19116189658318 9
      vertex 210.25190296114374 262.7780970388563 9
    endloop
  endfacet
  facet normal 0 0 -1
    outer loop
      vertex 136.375 257.66541743770057 9
      vertex 308 347 9
      vertex 12.489258935439471 110.19116189658318 9
    endloop
  endfacet
  facet normal 0 0 -1
    outer loop
      vertex 133.61862915010153 259.34862915010154 9
      vertex 135.88137084989847 261.6113708498985 9
      vertex 134.13770650821584 259.00179274798194 9
    endloop
  endfacet
  facet normal 0 0 -1
    outer loop
      vertex 134.13770650821584 259.00179274798194 9
      vertex 136.22820725201805 261.0922934917842 9
      vertex 134.75 258.88 9
    endloop
  endfacet
  facet normal 0 0 -1
    outer loop
      vertex 133.27179274798195 259.86770650821586 9
      vertex 135.88137084989847 261.6113708498985 9
      vertex 133.61862915010153 259.34862915010154 9
    endloop
  endfacet
  facet normal 0 0 -1
    outer loop
      vertex 133.27179274798195 259.86770650821586 9
      vertex 133.15 260.48 9
      vertex 135.88137084989847 261.6113708498985 9
    endloop
  endfacet
  facet normal 0 0 -1
    outer loop
      vertex 133.15 260.48 9
      vertex 133.27179274798195 261.0922934917842 9
      vertex 135.88137084989847 261.6113708498985 9
    endloop
  endfacet
  facet normal 0 0 -1
    outer loop
      vertex 133.27179274798195 261.0922934917842 9
      vertex 133.61862915010153 261.6113708498985 9
      vertex 135.88137084989847 261.6113708498985 9
    endloop
  endfacet
  facet normal 0 0 -1
    outer loop
      vertex 133.61862915010153 261.6113708498985 9
      vertex 134.13770650821584 261.9582072520181 9
      vertex 134.75 262.08000000000004 9
    endloop
  endfacet
  facet normal 0 0 -1
    outer loop
      vertex 133.61862915010153 261.6113708498985 9
      vertex 134.75 262.08000000000004 9
      vertex 135.36229349178416 261.9582072520181 9
    endloop
  endfacet
  facet normal 0 0 -1
    outer loop
      vertex 133.61862915010153 261.6113708498985 9
      vertex 135.36229349178416 261.9582072520181 9
      vertex 135.88137084989847 261.6113708498985 9
    endloop
  endfacet
  facet normal 0 0 -1
    outer loop
      vertex 134.75 258.88 9
      vertex 136.22820725201805 261.0922934917842 9
      vertex 135.36229349178416 259.00179274798194 9
    endloop
  endfacet
  facet normal 0 0 -1
    outer loop
      vertex 135.36229349178416 259.00179274798194 9
      vertex 136.22820725201805 261.0922934917842 9
      vertex 135.88137084989847 259.34862915010154 9
    endloop
  endfacet
  facet normal 0 0 -1
    outer loop
      vertex 135.88137084989847 259.34862915010154 9
      vertex 136.35 260.48 9
      vertex 136.22820725201805 259.86770650821586 9
    endloop
  endfacet
  facet normal 0 0 -1
    outer loop
      vertex 134.13770650821584 259.00179274798194 9
      vertex 135.88137084989847 261.6113708498985 9
      vertex 136.22820725201805 261.0922934917842 9
    endloop
  endfacet
  facet normal 0 0 -1
    outer loop
      vertex 135.88137084989847 259.34862915010154 9
      vertex 136.22820725201805 261.0922934917842 9
      vertex 136.35 260.48 9
    endloop
  endfacet
  facet normal 0 0 1
    outer loop
      vertex 308 103 10.6
      vertex 133.32 347 10.6
      vertex 133.32 103 10.6
    endloop
  endfacet
  facet normal 0 0 -1
    outer loop
      vertex 133.125 112.16458256229942 9
      vertex 209.3 260.48 9
      vertex 209.41074106456054 259.63883810341684 9
    endloop
  endfacet
  facet normal 0 0 -1
    outer loop
      vertex 135.5911618965832 112.48925893543947 9
      vertex 210.25190296114374 258.18190296114375 9
      vertex 210.925 257.66541743770057 9
    endloop
  endfacet
  facet normal 0 0 -1
    outer loop
      vertex 136.375 112.16458256229942 9
      vertex 210.925 257.66541743770057 9
      vertex 211.7088381034168 257.3407410645605 9
    endloop
  endfacet
  facet normal 0 0 -1
    outer loop
      vertex 137.04809703885627 111.64809703885628 9
      vertex 211.7088381034168 257.3407410645605 9
      vertex 212.55 257.23 9
    endloop
  endfacet
  facet normal 0 0 -1
    outer loop
      vertex 133.9088381034168 112.48925893543947 9
      vertex 209.41074106456054 259.63883810341684 9
      vertex 209.7354174377006 258.855 9
    endloop
  endfacet
  facet normal 0 0 -1
    outer loop
      vertex 134.75 112.6 9
      vertex 209.7354174377006 258.855 9
      vertex 210.25190296114374 258.18190296114375 9
    endloop
  endfacet
  facet normal 0 0 -1
    outer loop
      vertex 212.55 112.6 9
      vertex 212.55 257.23 9
      vertex 213.3911618965832 257.3407410645605 9
    endloop
  endfacet
  facet normal 0 0 -1
    outer loop
      vertex 214.175 112.16458256229942 9
      vertex 213.3911618965832 257.3407410645605 9
      vertex 214.175 257.66541743770057 9
    endloop
  endfacet
  facet normal 0 0 -1
    outer loop
      vertex 214.84809703885628 111.64809703885628 9
      vertex 214.175 257.66541743770057 9
      vertex 214.84809703885628 258.18190296114375 9
    endloop
  endfacet
  facet normal 0 0 -1
    outer loop
      vertex 214.84809703885628 111.64809703885628 9
      vertex 214.84809703885628 258.18190296114375 9
      vertex 215.36458256229943 258.855 9
    endloop
  endfacet
  facet normal 0 0 -1
    outer loop
      vertex 215.68925893543948 110.19116189658318 9
      vertex 215.36458256229943 258.855 9
      vertex 215.68925893543948 259.63883810341684 9
    endloop
  endfacet
  facet normal 0 0 -1
    outer loop
      vertex 210.25190296114374 262.7780970388563 9
      vertex 12.489258935439471 110.19116189658318 9
      vertex 308 347 9
    endloop
  endfacet
  facet normal 0 0 1
    outer loop
      vertex 308 103 10.6
      vertex 133.82 347 10.6
      vertex 133.32 347 10.6
    endloop
  endfacet
  facet normal 0 0 -1
    outer loop
      vertex 211.41862915010154 259.34862915010154 9
      vertex 213.68137084989849 261.6113708498985 9
      vertex 211.93770650821585 259.00179274798194 9
    endloop
  endfacet
  facet normal 0 0 -1
    outer loop
      vertex 211.93770650821585 259.00179274798194 9
      vertex 214.02820725201806 261.0922934917842 9
      vertex 212.55 258.88 9
    endloop
  endfacet
  facet normal 0 0 -1
    outer loop
      vertex 212.55 258.88 9
      vertex 214.02820725201806 261.0922934917842 9
      vertex 213.16229349178417 259.00179274798194 9
    endloop
  endfacet
  facet normal 0 0 -1
    outer loop
      vertex 213.16229349178417 259.00179274798194 9
      vertex 214.02820725201806 261.0922934917842 9
      vertex 213.68137084989849 259.34862915010154 9
    endloop
  endfacet
  facet normal 0 0 -1
    outer loop
      vertex 213.68137084989849 259.34862915010154 9
      vertex 214.15 260.48 9
      vertex 214.02820725201806 259.86770650821586 9
    endloop
  endfacet
  facet normal 0 0 -1
    outer loop
      vertex 211.41862915010154 259.34862915010154 9
      vertex 211.07179274798196 259.86770650821586 9
      vertex 213.68137084989849 261.6113708498985 9
    endloop
  endfacet
  facet normal 0 0 -1
    outer loop
      vertex 211.07179274798196 259.86770650821586 9
      vertex 210.95000000000002 260.48 9
      vertex 213.68137084989849 261.6113708498985 9
    endloop
  endfacet
  facet normal 0 0 -1
    outer loop
      vertex 210.95000000000002 260.48 9
      vertex 211.07179274798196 261.0922934917842 9
      vertex 213.68137084989849 261.6113708498985 9
    endloop
  endfacet
  facet normal 0 0 -1
    outer loop
      vertex 211.07179274798196 261.0922934917842 9
      vertex 211.41862915010154 261.6113708498985 9
      vertex 213.68137084989849 261.6113708498985 9
    endloop
  endfacet
  facet normal 0 0 -1
    outer loop
      vertex 211.41862915010154 261.6113708498985 9
      vertex 211.93770650821585 261.9582072520181 9
      vertex 212.55 262.08000000000004 9
    endloop
  endfacet
  facet normal 0 0 -1
    outer loop
      vertex 211.41862915010154 261.6113708498985 9
      vertex 212.55 262.08000000000004 9
      vertex 213.16229349178417 261.9582072520181 9
    endloop
  endfacet
  facet normal 0 0 -1
    outer loop
      vertex 211.93770650821585 259.00179274798194 9
      vertex 213.68137084989849 261.6113708498985 9
      vertex 214.02820725201806 261.0922934917842 9
    endloop
  endfacet
  facet normal 0 0 -1
    outer loop
      vertex 213.68137084989849 259.34862915010154 9
      vertex 214.02820725201806 261.0922934917842 9
      vertex 214.15 260.48 9
    endloop
  endfacet
  facet normal 0 0 -1
    outer loop
      vertex 211.41862915010154 261.6113708498985 9
      vertex 213.16229349178417 261.9582072520181 9
      vertex 213.68137084989849 261.6113708498985 9
    endloop
  endfacet
  facet normal 0 0 -1
    outer loop
      vertex 12.6 337.95 9
      vertex 209.3 337.95 9
      vertex 133.125 263.29458256229947 9
    endloop
  endfacet
  facet normal 0 0 -1
    outer loop
      vertex 135.5911618965832 263.6192589354395 9
      vertex 209.41074106456054 337.1088381034168 9
      vertex 136.375 263.29458256229947 9
    endloop
  endfacet
  facet normal 0 0 -1
    outer loop
      vertex 137.56458256229942 262.105 9
      vertex 137.04809703885627 262.7780970388563 9
      vertex 210.25190296114374 335.6519029611437 9
    endloop
  endfacet
  facet normal 0 0 -1
    outer loop
      vertex 136.375 263.29458256229947 9
      vertex 209.7354174377006 336.325 9
      vertex 137.04809703885627 262.7780970388563 9
    endloop
  endfacet
  facet normal 0 0 -1
    outer loop
      vertex 133.125 263.29458256229947 9
      vertex 209.3 337.95 9
      vertex 133.9088381034168 263.6192589354395 9
    endloop
  endfacet
  facet normal 0 0 -1
    outer loop
      vertex 133.9088381034168 263.6192589354395 9
      vertex 209.3 337.95 9
      vertex 134.75 263.73 9
    endloop
  endfacet
  facet normal 0 0 -1
    outer loop
      vertex 134.75 263.73 9
      vertex 209.3 337.95 9
      vertex 135.5911618965832 263.6192589354395 9
    endloop
  endfacet
  facet normal 0 0 -1
    outer loop
      vertex 12.6 337.95 9
      vertex 92.18 347 9
      vertex 209.3 337.95 9
    endloop
  endfacet
  facet normal 0 1 0
    outer loop
      vertex 92.68 347 10.6
      vertex 133.32 347 10.6
      vertex 92.18 347 9
    endloop
  endfacet
  facet normal 0 1 0
    outer loop
      vertex 92.18 347 9
      vertex 133.82 347 10.6
      vertex 133.82 347 9
    endloop
  endfacet
  facet normal 0 1 0
    outer loop
      vertex 92.18 347 9
      vertex 133.32 347 10.6
      vertex 133.82 347 10.6
    endloop
  endfacet
  facet normal 0 0 -1
    outer loop
      vertex 133.82 347 9
      vertex 209.3 337.95 9
      vertex 92.18 347 9
    endloop
  endfacet
  facet normal 0 0 -1
    outer loop
      vertex 137.88925893543947 259.63883810341684 9
      vertex 138 260.48 9
      vertex 212.55 334.7 9
    endloop
  endfacet
  facet normal 0 0 -1
    outer loop
      vertex 138 260.48 9
      vertex 137.88925893543947 261.3211618965832 9
      vertex 211.7088381034168 334.8107410645605 9
    endloop
  endfacet
  facet normal 0 0 -1
    outer loop
      vertex 137.88925893543947 261.3211618965832 9
      vertex 137.56458256229942 262.105 9
      vertex 210.925 335.13541743770054 9
    endloop
  endfacet
  facet normal 0 0 -1
    outer loop
      vertex 137.88925893543947 261.3211618965832 9
      vertex 210.925 335.13541743770054 9
      vertex 211.7088381034168 334.8107410645605 9
    endloop
  endfacet
  facet normal 0 0 -1
    outer loop
      vertex 137.88925893543947 259.63883810341684 9
      vertex 212.55 334.7 9
      vertex 213.3911618965832 334.8107410645605 9
    endloop
  endfacet
  facet normal 0 0 -1
    outer loop
      vertex 138 260.48 9
      vertex 211.7088381034168 334.8107410645605 9
      vertex 212.55 334.7 9
    endloop
  endfacet
  facet normal 0 0 -1
    outer loop
      vertex 137.04809703885627 262.7780970388563 9
      vertex 209.7354174377006 336.325 9
      vertex 210.25190296114374 335.6519029611437 9
    endloop
  endfacet
  facet normal 0 0 -1
    outer loop
      vertex 136.375 263.29458256229947 9
      vertex 209.41074106456054 337.1088381034168 9
      vertex 209.7354174377006 336.325 9
    endloop
  endfacet
  facet normal 0 0 -1
    outer loop
      vertex 135.5911618965832 263.6192589354395 9
      vertex 209.3 337.95 9
      vertex 209.41074106456054 337.1088381034168 9
    endloop
  endfacet
  facet normal 0 0 -1
    outer loop
      vertex 137.56458256229942 262.105 9
      vertex 210.25190296114374 335.6519029611437 9
      vertex 210.925 335.13541743770054 9
    endloop
  endfacet
  facet normal 0 0 -1
    outer loop
      vertex 136.375 257.66541743770057 9
      vertex 137.04809703885627 258.18190296114375 9
      vertex 308 347 9
    endloop
  endfacet
  facet normal 0 0 -1
    outer loop
      vertex 137.04809703885627 258.18190296114375 9
      vertex 137.56458256229942 258.855 9
      vertex 308 347 9
    endloop
  endfacet
  facet normal 0 0 -1
    outer loop
      vertex 137.56458256229942 258.855 9
      vertex 137.88925893543947 259.63883810341684 9
      vertex 308 347 9
    endloop
  endfacet
  facet normal 0 0 -1
    outer loop
      vertex 133.82 347 9
      vertex 209.41074106456054 338.79116189658316 9
      vertex 209.3 337.95 9
    endloop
  endfacet
  facet normal 0 0 -1
    outer loop
      vertex 133.82 347 9
      vertex 209.7354174377006 339.575 9
      vertex 209.41074106456054 338.79116189658316 9
    endloop
  endfacet
  facet normal 0 0 -1
    outer loop
      vertex 133.82 347 9
      vertex 210.25190296114374 340.24809703885626 9
      vertex 209.7354174377006 339.575 9
    endloop
  endfacet
  facet normal 0 0 -1
    outer loop
      vertex 133.82 347 9
      vertex 210.925 340.76458256229944 9
      vertex 210.25190296114374 340.24809703885626 9
    endloop
  endfacet
  facet normal 0 0 -1
    outer loop
      vertex 133.82 347 9
      vertex 211.7088381034168 341.0892589354395 9
      vertex 210.925 340.76458256229944 9
    endloop
  endfacet
  facet normal 0 0 -1
    outer loop
      vertex 133.82 347 9
      vertex 212.55 341.2 9
      vertex 211.7088381034168 341.0892589354395 9
    endloop
  endfacet
  facet normal 0 0 -1
    outer loop
      vertex 137.88925893543947 259.63883810341684 9
      vertex 213.3911618965832 334.8107410645605 9
      vertex 308 347 9
    endloop
  endfacet
  facet normal 0 0 -1
    outer loop
      vertex 211.41862915010154 336.8186291501015 9
      vertex 214.02820725201806 337.33770650821583 9
      vertex 211.93770650821585 336.4717927479819 9
    endloop
  endfacet
  facet normal 0 0 -1
    outer loop
      vertex 211.41862915010154 336.8186291501015 9
      vertex 211.07179274798196 337.33770650821583 9
      vertex 213.68137084989849 339.08137084989846 9
    endloop
  endfacet
  facet normal 0 0 -1
    outer loop
      vertex 211.07179274798196 337.33770650821583 9
      vertex 210.95000000000002 337.95 9
      vertex 213.68137084989849 339.08137084989846 9
    endloop
  endfacet
  facet normal 0 0 -1
    outer loop
      vertex 211.93770650821585 336.4717927479819 9
      vertex 213.68137084989849 336.8186291501015 9
      vertex 212.55 336.34999999999997 9
    endloop
  endfacet
  facet normal 0 0 -1
    outer loop
      vertex 212.55 336.34999999999997 9
      vertex 213.68137084989849 336.8186291501015 9
      vertex 213.16229349178417 336.4717927479819 9
    endloop
  endfacet
  facet normal 0 0 -1
    outer loop
      vertex 211.93770650821585 336.4717927479819 9
      vertex 214.02820725201806 337.33770650821583 9
      vertex 213.68137084989849 336.8186291501015 9
    endloop
  endfacet
  facet normal 0 0 -1
    outer loop
      vertex 211.41862915010154 336.8186291501015 9
      vertex 214.15 337.95 9
      vertex 214.02820725201806 337.33770650821583 9
    endloop
  endfacet
  facet normal 0 0 -1
    outer loop
      vertex 211.41862915010154 336.8186291501015 9
      vertex 213.68137084989849 339.08137084989846 9
      vertex 214.02820725201806 338.56229349178415 9
    endloop
  endfacet
  facet normal 0 0 -1
    outer loop
      vertex 211.41862915010154 336.8186291501015 9
      vertex 214.02820725201806 338.56229349178415 9
      vertex 214.15 337.95 9
    endloop
  endfacet
  facet normal 0 0 -1
    outer loop
      vertex 210.95000000000002 337.95 9
      vertex 211.07179274798196 338.56229349178415 9
      vertex 213.68137084989849 339.08137084989846 9
    endloop
  endfacet
  facet normal 0 0 -1
    outer loop
      vertex 211.07179274798196 338.56229349178415 9
      vertex 211.41862915010154 339.08137084989846 9
      vertex 213.68137084989849 339.08137084989846 9
    endloop
  endfacet
  facet normal 0 0 -1
    outer loop
      vertex 211.41862915010154 339.08137084989846 9
      vertex 211.93770650821585 339.42820725201807 9
      vertex 212.55 339.55 9
    endloop
  endfacet
  facet normal 0 0 -1
    outer loop
      vertex 211.41862915010154 339.08137084989846 9
      vertex 212.55 339.55 9
      vertex 213.16229349178417 339.42820725201807 9
    endloop
  endfacet
  facet normal 0 0 -1
    outer loop
      vertex 211.41862915010154 339.08137084989846 9
      vertex 213.16229349178417 339.42820725201807 9
      vertex 213.68137084989849 339.08137084989846 9
    endloop
  endfacet
  facet normal 0 0 -1
    outer loop
      vertex 133.82 347 9
      vertex 308 347 9
      vertex 212.55 341.2 9
    endloop
  endfacet
  facet normal 0 0 -1
    outer loop
      vertex 308 103 9
      vertex 212.55 106.1 9
      vertex 213.3911618965832 106.21074106456052 9
    endloop
  endfacet
  facet normal 0 0 -1
    outer loop
      vertex 308 103 9
      vertex 213.3911618965832 106.21074106456052 9
      vertex 214.175 106.53541743770057 9
    endloop
  endfacet
  facet normal 0 0 -1
    outer loop
      vertex 308 103 9
      vertex 214.175 106.53541743770057 9
      vertex 214.84809703885628 107.05190296114371 9
    endloop
  endfacet
  facet normal 0 0 -1
    outer loop
      vertex 308 103 9
      vertex 214.84809703885628 107.05190296114371 9
      vertex 215.36458256229943 107.725 9
    endloop
  endfacet
  facet normal 0 0 -1
    outer loop
      vertex 308 103 9
      vertex 215.36458256229943 107.725 9
      vertex 215.68925893543948 108.5088381034168 9
    endloop
  endfacet
  facet normal 0 0 -1
    outer loop
      vertex 308 103 9
      vertex 215.68925893543948 108.5088381034168 9
      vertex 215.8 109.35 9
    endloop
  endfacet
  facet normal 0 0 -1
    outer loop
      vertex 308 103 9
      vertex 215.8 109.35 9
      vertex 215.68925893543948 110.19116189658318 9
    endloop
  endfacet
  facet normal 0 0 -1
    outer loop
      vertex 308 103 9
      vertex 215.68925893543948 110.19116189658318 9
      vertex 215.68925893543948 259.63883810341684 9
    endloop
  endfacet
  facet normal 0 0 -1
    outer loop
      vertex 308 103 9
      vertex 215.68925893543948 259.63883810341684 9
      vertex 215.8 260.48 9
    endloop
  endfacet
  facet normal 0 0 -1
    outer loop
      vertex 308 103 9
      vertex 215.8 260.48 9
      vertex 215.68925893543948 261.3211618965832 9
    endloop
  endfacet
  facet normal 0 0 -1
    outer loop
      vertex 308 103 9
      vertex 215.68925893543948 261.3211618965832 9
      vertex 215.36458256229943 262.105 9
    endloop
  endfacet
  facet normal 0 0 1
    outer loop
      vertex 234.875 347 10.6
      vertex 133.82 347 10.6
      vertex 308 103 10.6
    endloop
  endfacet
  facet normal 0 0 -1
    outer loop
      vertex 308 103 9
      vertex 215.36458256229943 262.105 9
      vertex 308 347 9
    endloop
  endfacet
  facet normal 1 0 0
    outer loop
      vertex 308 103 9
      vertex 308 347 9
      vertex 308 103 10.6
    endloop
  endfacet
  facet normal 0 0 1
    outer loop
      vertex 308 103 10.6
      vertex 308 347 10.6
      vertex 234.875 347 10.6
    endloop
  endfacet
  facet normal 1 0 0
    outer loop
      vertex 308 103 10.6
      vertex 308 347 9
      vertex 308 347 10.6
    endloop
  endfacet
  facet normal 0 0 -1
    outer loop
      vertex 215.36458256229943 262.105 9
      vertex 214.84809703885628 262.7780970388563 9
      vertex 308 347 9
    endloop
  endfacet
  facet normal 0 0 -1
    outer loop
      vertex 210.25190296114374 262.7780970388563 9
      vertex 308 347 9
      vertex 210.925 263.29458256229947 9
    endloop
  endfacet
  facet normal 0 0 -1
    outer loop
      vertex 210.925 263.29458256229947 9
      vertex 308 347 9
      vertex 211.7088381034168 263.6192589354395 9
    endloop
  endfacet
  facet normal 0 0 -1
    outer loop
      vertex 211.7088381034168 263.6192589354395 9
      vertex 308 347 9
      vertex 212.55 263.73 9
    endloop
  endfacet
  facet normal 0 0 -1
    outer loop
      vertex 212.55 263.73 9
      vertex 308 347 9
      vertex 213.3911618965832 263.6192589354395 9
    endloop
  endfacet
  facet normal 0 0 -1
    outer loop
      vertex 213.3911618965832 263.6192589354395 9
      vertex 308 347 9
      vertex 214.175 263.29458256229947 9
    endloop
  endfacet
  facet normal 0 0 -1
    outer loop
      vertex 214.175 263.29458256229947 9
      vertex 308 347 9
      vertex 214.84809703885628 262.7780970388563 9
    endloop
  endfacet
  facet normal 0 0 -1
    outer loop
      vertex 213.3911618965832 334.8107410645605 9
      vertex 214.175 335.13541743770054 9
      vertex 308 347 9
    endloop
  endfacet
  facet normal 0 0 -1
    outer loop
      vertex 214.175 335.13541743770054 9
      vertex 214.84809703885628 335.6519029611437 9
      vertex 308 347 9
    endloop
  endfacet
  facet normal 0 0 -1
    outer loop
      vertex 214.84809703885628 335.6519029611437 9
      vertex 215.36458256229943 336.325 9
      vertex 308 347 9
    endloop
  endfacet
  facet normal 0 0 -1
    outer loop
      vertex 215.36458256229943 336.325 9
      vertex 215.68925893543948 337.1088381034168 9
      vertex 308 347 9
    endloop
  endfacet
  facet normal 0 0 -1
    outer loop
      vertex 215.68925893543948 337.1088381034168 9
      vertex 215.8 337.95 9
      vertex 308 347 9
    endloop
  endfacet
  facet normal 0 0 -1
    outer loop
      vertex 215.8 337.95 9
      vertex 215.68925893543948 338.79116189658316 9
      vertex 308 347 9
    endloop
  endfacet
  facet normal 0 0 -1
    outer loop
      vertex 215.36458256229943 339.575 9
      vertex 308 347 9
      vertex 215.68925893543948 338.79116189658316 9
    endloop
  endfacet
  facet normal 0 0 -1
    outer loop
      vertex 215.36458256229943 339.575 9
      vertex 214.84809703885628 340.24809703885626 9
      vertex 308 347 9
    endloop
  endfacet
  facet normal 0 0 -1
    outer loop
      vertex 308 347 9
      vertex 213.3911618965832 341.0892589354395 9
      vertex 212.55 341.2 9
    endloop
  endfacet
  facet normal 0 0 -1
    outer loop
      vertex 308 347 9
      vertex 214.175 340.76458256229944 9
      vertex 213.3911618965832 341.0892589354395 9
    endloop
  endfacet
  facet normal 0 0 -1
    outer loop
      vertex 308 347 9
      vertex 214.84809703885628 340.24809703885626 9
      vertex 214.175 340.76458256229944 9
    endloop
  endfacet
  facet normal -1 0 0
    outer loop
      vertex 92.68 80 10.6
      vertex 92.68 347 124
      vertex 92.68 103 10.6
    endloop
  endfacet
  facet normal 0 0 -1
    outer loop
      vertex 92.68 80 10.6
      vertex 133.32 103 10.6
      vertex 133.32 80 10.6
    endloop
  endfacet
  facet normal 0 -1 0
    outer loop
      vertex 92.68 80 10.6
      vertex 133.32 80 10.6
      vertex 133.32 80 135.6
    endloop
  endfacet
  facet normal 1 0 0
    outer loop
      vertex 133.32 80 10.6
      vertex 133.32 103 10.6
      vertex 133.32 80 135.6
    endloop
  endfacet
  facet normal 0 0 -1
    outer loop
      vertex 92.68 80 10.6
      vertex 92.68 103 10.6
      vertex 133.32 103 10.6
    endloop
  endfacet
  facet normal 1 0 0
    outer loop
      vertex 133.32 80 135.6
      vertex 133.32 103 10.6
      vertex 133.32 347 10.6
    endloop
  endfacet
  facet normal -1 0 0
    outer loop
      vertex 92.68 80 10.6
      vertex 92.68 80 135.6
      vertex 92.68 347 135.6
    endloop
  endfacet
  facet normal 0 -1 0
    outer loop
      vertex 92.68 80 10.6
      vertex 133.32 80 135.6
      vertex 92.68 80 135.6
    endloop
  endfacet
  facet normal 0 0 1
    outer loop
      vertex 92.68 80 135.6
      vertex 133.32 80 135.6
      vertex 92.68 347 135.6
    endloop
  endfacet
  facet normal -1 0 0
    outer loop
      vertex 92.68 347 124
      vertex 92.68 347 10.6
      vertex 92.68 103 10.6
    endloop
  endfacet
  facet normal 0 1 0
    outer loop
      vertex 92.68 347 124
      vertex 133.32 347 10.6
      vertex 92.68 347 10.6
    endloop
  endfacet
  facet normal 0 1 0
    outer loop
      vertex 92.68 347 124
      vertex 133.32 347 124
      vertex 133.32 347 10.6
    endloop
  endfacet
  facet normal -1 0 0
    outer loop
      vertex 92.68 80 10.6
      vertex 92.68 347 135.6
      vertex 92.68 347 124
    endloop
  endfacet
  facet normal 1 0 0
    outer loop
      vertex 133.32 80 135.6
      vertex 133.32 347 10.6
      vertex 133.32 347 124
    endloop
  endfacet
  facet normal 1 0 0
    outer loop
      vertex 133.32 80 135.6
      vertex 133.32 347 124
      vertex 133.32 347 135.6
    endloop
  endfacet
  facet normal 0 0 1
    outer loop
      vertex 133.32 80 135.6
      vertex 133.32 347 135.6
      vertex 92.68 347 135.6
    endloop
  endfacet
  facet normal 0 -1 0
    outer loop
      vertex 320 207 7
      vertex 406 207 3.1777777777777776
      vertex 406 207 82
    endloop
  endfacet
  facet normal 0 -1 0
    outer loop
      vertex 320 207 7
      vertex 406 207 153
      vertex 320 207 82
    endloop
  endfacet
  facet normal 0 -1 0
    outer loop
      vertex 320 207 7
      vertex 406 207 82
      vertex 406 207 153
    endloop
  endfacet
  facet normal 0 1 0
    outer loop
      vertex 320 347 7
      vertex 320 347 150
      vertex 406 347 7
    endloop
  endfacet
  facet normal -1 0 0
    outer loop
      vertex 320 207 82
      vertex 320 207 153
      vertex 320 347 82
    endloop
  endfacet
  facet normal -1 0 0
    outer loop
      vertex 320 347 82
      vertex 320 207 153
      vertex 320 347 153
    endloop
  endfacet
  facet normal 0 -1 0
    outer loop
      vertex 320 207 82
      vertex 406 207 153
      vertex 320 207 153
    endloop
  endfacet
  facet normal 1 0 0
    outer loop
      vertex 406 207 82
      vertex 406 347 82
      vertex 406 207 153
    endloop
  endfacet
  facet normal 0 0 1
    outer loop
      vertex 320 207 153
      vertex 406 207 153
      vertex 320 347 153
    endloop
  endfacet
  facet normal 0 1 0
    outer loop
      vertex 406 347 7
      vertex 320 347 150
      vertex 406 347 150
    endloop
  endfacet
  facet normal 1 0 0
    outer loop
      vertex 406 347 82
      vertex 406 347 153
      vertex 406 207 153
    endloop
  endfacet
  facet normal 0 0 1
    outer loop
      vertex 320 347 153
      vertex 406 207 153
      vertex 406 347 153
    endloop
  endfacet
endsolid OpenSCAD_Model
