solid OpenSCAD_Model
  facet normal -0.7933533402912278 -0.6087614290087301 0
    outer loop
      vertex 209.7354174377006 161.325 3
      vertex 210.25190296114374 160.65190296114372 3
      vertex 209.7354174377006 161.325 9
    endloop
  endfacet
  facet normal -0.9238795325112883 -0.38268343236508623 -1.671183282528558e-18
    outer loop
      vertex 209.7354174377006 161.325 3
      vertex 209.41074106456054 162.10883810341682 9
      vertex 209.41074106456054 162.10883810341682 3
    endloop
  endfacet
  facet normal -0.9914448613738099 -0.13052619222005493 5.703374308825044e-19
    outer loop
      vertex 209.41074106456054 162.10883810341682 3
      vertex 209.3 162.95 9
      vertex 209.3 162.95 3
    endloop
  endfacet
  facet normal -0.9914448613738099 0.13052619222005493 -5.703374308825044e-19
    outer loop
      vertex 209.3 162.95 3
      vertex 209.41074106456054 163.79116189658316 9
      vertex 209.41074106456054 163.79116189658316 3
    endloop
  endfacet
  facet normal -0.6087614290087512 -0.7933533402912116 0
    outer loop
      vertex 210.925 160.13541743770054 3
      vertex 210.925 160.13541743770054 9
      vertex 210.25190296114374 160.65190296114372 3
    endloop
  endfacet
  facet normal -0.38268343236509805 -0.9238795325112834 8.83846084085481e-19
    outer loop
      vertex 210.925 160.13541743770054 3
      vertex 211.7088381034168 159.8107410645605 3
      vertex 211.7088381034168 159.8107410645605 9
    endloop
  endfacet
  facet normal -0.13052619222001766 -0.9914448613738149 3.0279886357046047e-19
    outer loop
      vertex 211.7088381034168 159.8107410645605 3
      vertex 212.55 159.7 3
      vertex 212.55 159.7 9
    endloop
  endfacet
  facet normal 0.13052619222001766 -0.9914448613738149 -3.0279886357046047e-19
    outer loop
      vertex 212.55 159.7 3
      vertex 213.3911618965832 159.8107410645605 3
      vertex 213.3911618965832 159.8107410645605 9
    endloop
  endfacet
  facet normal -0.7933533402912278 -0.6087614290087301 0
    outer loop
      vertex 210.25190296114374 160.65190296114372 3
      vertex 210.25190296114374 160.65190296114372 9
      vertex 209.7354174377006 161.325 9
    endloop
  endfacet
  facet normal -0.9238795325112883 -0.38268343236508623 0
    outer loop
      vertex 209.7354174377006 161.325 3
      vertex 209.7354174377006 161.325 9
      vertex 209.41074106456054 162.10883810341682 9
    endloop
  endfacet
  facet normal -0.9914448613738099 -0.13052619222005493 0
    outer loop
      vertex 209.41074106456054 162.10883810341682 3
      vertex 209.41074106456054 162.10883810341682 9
      vertex 209.3 162.95 9
    endloop
  endfacet
  facet normal -0.9914448613738099 0.13052619222005493 0
    outer loop
      vertex 209.3 162.95 3
      vertex 209.3 162.95 9
      vertex 209.41074106456054 163.79116189658316 9
    endloop
  endfacet
  facet normal 0 0 1
    outer loop
      vertex 209.7354174377006 161.325 9
      vertex 210.25190296114374 160.65190296114372 9
      vertex 209.7354174377006 164.575 9
    endloop
  endfacet
  facet normal 0 0 1
    outer loop
      vertex 209.7354174377006 161.325 9
      vertex 209.41074106456054 163.79116189658316 9
      vertex 209.41074106456054 162.10883810341682 9
    endloop
  endfacet
  facet normal 0 0 1
    outer loop
      vertex 209.41074106456054 162.10883810341682 9
      vertex 209.41074106456054 163.79116189658316 9
      vertex 209.3 162.95 9
    endloop
  endfacet
  facet normal 0 0 1
    outer loop
      vertex 209.7354174377006 161.325 9
      vertex 209.7354174377006 164.575 9
      vertex 209.41074106456054 163.79116189658316 9
    endloop
  endfacet
  facet normal 0 0 1
    outer loop
      vertex 210.25190296114374 160.65190296114372 9
      vertex 210.25190296114374 165.24809703885626 9
      vertex 209.7354174377006 164.575 9
    endloop
  endfacet
  facet normal -0.6087614290087512 -0.7933533402912116 0
    outer loop
      vertex 210.25190296114374 160.65190296114372 3
      vertex 210.925 160.13541743770054 9
      vertex 210.25190296114374 160.65190296114372 9
    endloop
  endfacet
  facet normal -0.38268343236509805 -0.9238795325112834 0
    outer loop
      vertex 210.925 160.13541743770054 3
      vertex 211.7088381034168 159.8107410645605 9
      vertex 210.925 160.13541743770054 9
    endloop
  endfacet
  facet normal -0.13052619222001766 -0.9914448613738149 0
    outer loop
      vertex 211.7088381034168 159.8107410645605 3
      vertex 212.55 159.7 9
      vertex 211.7088381034168 159.8107410645605 9
    endloop
  endfacet
  facet normal 0.13052619222001766 -0.9914448613738149 0
    outer loop
      vertex 212.55 159.7 3
      vertex 213.3911618965832 159.8107410645605 9
      vertex 212.55 159.7 9
    endloop
  endfacet
  facet normal 0.38268343236509805 -0.9238795325112834 0
    outer loop
      vertex 213.3911618965832 159.8107410645605 3
      vertex 214.175 160.13541743770054 9
      vertex 213.3911618965832 159.8107410645605 9
    endloop
  endfacet
  facet normal 0 0 1
    outer loop
      vertex 210.925 160.13541743770054 9
      vertex 211.7088381034168 159.8107410645605 9
      vertex 211.41862915010154 161.81862915010151 9
    endloop
  endfacet
  facet normal 0 0 1
    outer loop
      vertex 211.7088381034168 159.8107410645605 9
      vertex 212.55 159.7 9
      vertex 211.93770650821585 161.4717927479819 9
    endloop
  endfacet
  facet normal 0 0 1
    outer loop
      vertex 212.55 159.7 9
      vertex 212.55 161.34999999999997 9
      vertex 211.93770650821585 161.4717927479819 9
    endloop
  endfacet
  facet normal 0 0 1
    outer loop
      vertex 212.55 159.7 9
      vertex 213.3911618965832 159.8107410645605 9
      vertex 212.55 161.34999999999997 9
    endloop
  endfacet
  facet normal 0 0 1
    outer loop
      vertex 213.3911618965832 159.8107410645605 9
      vertex 214.175 160.13541743770054 9
      vertex 213.16229349178417 161.4717927479819 9
    endloop
  endfacet
  facet normal 0 0 1
    outer loop
      vertex 210.925 160.13541743770054 9
      vertex 210.25190296114374 165.24809703885626 9
      vertex 210.25190296114374 160.65190296114372 9
    endloop
  endfacet
  facet normal 0 0 1
    outer loop
      vertex 210.925 160.13541743770054 9
      vertex 211.07179274798196 162.33770650821583 9
      vertex 210.95000000000002 162.95 9
    endloop
  endfacet
  facet normal 0 0 1
    outer loop
      vertex 210.925 160.13541743770054 9
      vertex 211.41862915010154 161.81862915010151 9
      vertex 211.07179274798196 162.33770650821583 9
    endloop
  endfacet
  facet normal 0 0 1
    outer loop
      vertex 211.7088381034168 159.8107410645605 9
      vertex 211.93770650821585 161.4717927479819 9
      vertex 211.41862915010154 161.81862915010151 9
    endloop
  endfacet
  facet normal 0 0 1
    outer loop
      vertex 210.925 160.13541743770054 9
      vertex 210.95000000000002 162.95 9
      vertex 210.925 165.76458256229944 9
    endloop
  endfacet
  facet normal 0 0 1
    outer loop
      vertex 213.3911618965832 159.8107410645605 9
      vertex 213.16229349178417 161.4717927479819 9
      vertex 212.55 161.34999999999997 9
    endloop
  endfacet
  facet normal 0 0 1
    outer loop
      vertex 213.16229349178417 161.4717927479819 9
      vertex 214.175 160.13541743770054 9
      vertex 213.68137084989849 161.81862915010151 9
    endloop
  endfacet
  facet normal -0.9238795325112883 0.38268343236508623 1.671183282528558e-18
    outer loop
      vertex 209.41074106456054 163.79116189658316 3
      vertex 209.7354174377006 164.575 9
      vertex 209.7354174377006 164.575 3
    endloop
  endfacet
  facet normal -0.7933533402912278 0.6087614290087301 -3.182098403644553e-18
    outer loop
      vertex 209.7354174377006 164.575 3
      vertex 210.25190296114374 165.24809703885626 9
      vertex 210.25190296114374 165.24809703885626 3
    endloop
  endfacet
  facet normal -0.6087614290087512 0.7933533402912116 0
    outer loop
      vertex 210.25190296114374 165.24809703885626 3
      vertex 210.25190296114374 165.24809703885626 9
      vertex 210.925 165.76458256229944 3
    endloop
  endfacet
  facet normal -0.38268343236509805 0.9238795325112834 0
    outer loop
      vertex 210.925 165.76458256229944 3
      vertex 210.925 165.76458256229944 9
      vertex 211.7088381034168 166.0892589354395 3
    endloop
  endfacet
  facet normal -0.13052619222001766 0.9914448613738149 0
    outer loop
      vertex 211.7088381034168 166.0892589354395 3
      vertex 211.7088381034168 166.0892589354395 9
      vertex 212.55 166.2 3
    endloop
  endfacet
  facet normal 0.13052619222001766 0.9914448613738149 0
    outer loop
      vertex 212.55 166.2 3
      vertex 212.55 166.2 9
      vertex 213.3911618965832 166.0892589354395 3
    endloop
  endfacet
  facet normal 0.38268343236509805 0.9238795325112834 0
    outer loop
      vertex 213.3911618965832 166.0892589354395 3
      vertex 213.3911618965832 166.0892589354395 9
      vertex 214.175 165.76458256229944 3
    endloop
  endfacet
  facet normal -0.9238795325112883 0.38268343236508623 0
    outer loop
      vertex 209.41074106456054 163.79116189658316 3
      vertex 209.41074106456054 163.79116189658316 9
      vertex 209.7354174377006 164.575 9
    endloop
  endfacet
  facet normal -0.7933533402912278 0.6087614290087301 0
    outer loop
      vertex 209.7354174377006 164.575 3
      vertex 209.7354174377006 164.575 9
      vertex 210.25190296114374 165.24809703885626 9
    endloop
  endfacet
  facet normal -0.6087614290087512 0.7933533402912116 0
    outer loop
      vertex 210.925 165.76458256229944 3
      vertex 210.25190296114374 165.24809703885626 9
      vertex 210.925 165.76458256229944 9
    endloop
  endfacet
  facet normal -0.38268343236509805 0.9238795325112834 0
    outer loop
      vertex 211.7088381034168 166.0892589354395 3
      vertex 210.925 165.76458256229944 9
      vertex 211.7088381034168 166.0892589354395 9
    endloop
  endfacet
  facet normal -0.13052619222001766 0.9914448613738149 0
    outer loop
      vertex 212.55 166.2 3
      vertex 211.7088381034168 166.0892589354395 9
      vertex 212.55 166.2 9
    endloop
  endfacet
  facet normal 0.13052619222001766 0.9914448613738149 0
    outer loop
      vertex 213.3911618965832 166.0892589354395 3
      vertex 212.55 166.2 9
      vertex 213.3911618965832 166.0892589354395 9
    endloop
  endfacet
  facet normal 0 0 1
    outer loop
      vertex 210.925 160.13541743770054 9
      vertex 210.925 165.76458256229944 9
      vertex 210.25190296114374 165.24809703885626 9
    endloop
  endfacet
  facet normal 0 0 1
    outer loop
      vertex 210.95000000000002 162.95 9
      vertex 211.07179274798196 163.56229349178415 9
      vertex 210.925 165.76458256229944 9
    endloop
  endfacet
  facet normal 0 0 1
    outer loop
      vertex 211.07179274798196 163.56229349178415 9
      vertex 211.41862915010154 164.08137084989846 9
      vertex 210.925 165.76458256229944 9
    endloop
  endfacet
  facet normal 0 0 1
    outer loop
      vertex 211.41862915010154 164.08137084989846 9
      vertex 211.93770650821585 164.42820725201807 9
      vertex 210.925 165.76458256229944 9
    endloop
  endfacet
  facet normal 0 0 1
    outer loop
      vertex 211.93770650821585 164.42820725201807 9
      vertex 211.7088381034168 166.0892589354395 9
      vertex 210.925 165.76458256229944 9
    endloop
  endfacet
  facet normal 0 0 1
    outer loop
      vertex 211.93770650821585 164.42820725201807 9
      vertex 212.55 164.55 9
      vertex 211.7088381034168 166.0892589354395 9
    endloop
  endfacet
  facet normal 0 0 1
    outer loop
      vertex 212.55 164.55 9
      vertex 213.16229349178417 164.42820725201807 9
      vertex 212.55 166.2 9
    endloop
  endfacet
  facet normal 0 0 1
    outer loop
      vertex 213.68137084989849 164.08137084989846 9
      vertex 213.3911618965832 166.0892589354395 9
      vertex 213.16229349178417 164.42820725201807 9
    endloop
  endfacet
  facet normal 0 0 1
    outer loop
      vertex 211.7088381034168 166.0892589354395 9
      vertex 212.55 164.55 9
      vertex 212.55 166.2 9
    endloop
  endfacet
  facet normal 0 0 1
    outer loop
      vertex 213.16229349178417 164.42820725201807 9
      vertex 213.3911618965832 166.0892589354395 9
      vertex 212.55 166.2 9
    endloop
  endfacet
  facet normal 0 0 1
    outer loop
      vertex 213.68137084989849 164.08137084989846 9
      vertex 214.175 165.76458256229944 9
      vertex 213.3911618965832 166.0892589354395 9
    endloop
  endfacet
  facet normal 0.38268343236509805 -0.9238795325112834 -8.83846084085481e-19
    outer loop
      vertex 213.3911618965832 159.8107410645605 3
      vertex 214.175 160.13541743770054 3
      vertex 214.175 160.13541743770054 9
    endloop
  endfacet
  facet normal 0.6087614290087512 -0.7933533402912116 3.640863312336451e-18
    outer loop
      vertex 214.175 160.13541743770054 3
      vertex 214.84809703885628 160.65190296114372 3
      vertex 214.84809703885628 160.65190296114372 9
    endloop
  endfacet
  facet normal 0.7933533402912278 -0.6087614290087301 0
    outer loop
      vertex 214.84809703885628 160.65190296114372 3
      vertex 215.36458256229943 161.325 3
      vertex 214.84809703885628 160.65190296114372 9
    endloop
  endfacet
  facet normal 0.9238795325112883 -0.38268343236508623 0
    outer loop
      vertex 215.36458256229943 161.325 3
      vertex 215.68925893543948 162.10883810341682 3
      vertex 215.36458256229943 161.325 9
    endloop
  endfacet
  facet normal 0.9914448613738099 -0.13052619222005493 0
    outer loop
      vertex 215.68925893543948 162.10883810341682 3
      vertex 215.8 162.95 3
      vertex 215.68925893543948 162.10883810341682 9
    endloop
  endfacet
  facet normal 0.9914448613738099 0.13052619222005493 0
    outer loop
      vertex 215.8 162.95 3
      vertex 215.68925893543948 163.79116189658316 3
      vertex 215.8 162.95 9
    endloop
  endfacet
  facet normal 0.6087614290087512 -0.7933533402912116 0
    outer loop
      vertex 214.175 160.13541743770054 3
      vertex 214.84809703885628 160.65190296114372 9
      vertex 214.175 160.13541743770054 9
    endloop
  endfacet
  facet normal 0.7933533402912278 -0.6087614290087301 0
    outer loop
      vertex 215.36458256229943 161.325 3
      vertex 215.36458256229943 161.325 9
      vertex 214.84809703885628 160.65190296114372 9
    endloop
  endfacet
  facet normal 0.9238795325112883 -0.38268343236508623 0
    outer loop
      vertex 215.68925893543948 162.10883810341682 3
      vertex 215.68925893543948 162.10883810341682 9
      vertex 215.36458256229943 161.325 9
    endloop
  endfacet
  facet normal 0.9914448613738099 -0.13052619222005493 0
    outer loop
      vertex 215.8 162.95 3
      vertex 215.8 162.95 9
      vertex 215.68925893543948 162.10883810341682 9
    endloop
  endfacet
  facet normal 0.9914448613738099 0.13052619222005493 5.703374308825044e-19
    outer loop
      vertex 215.8 162.95 9
      vertex 215.68925893543948 163.79116189658316 3
      vertex 215.68925893543948 163.79116189658316 9
    endloop
  endfacet
  facet normal 0 0 1
    outer loop
      vertex 213.68137084989849 161.81862915010151 9
      vertex 214.175 160.13541743770054 9
      vertex 214.02820725201806 162.33770650821583 9
    endloop
  endfacet
  facet normal 0 0 1
    outer loop
      vertex 214.175 160.13541743770054 9
      vertex 214.15 162.95 9
      vertex 214.02820725201806 162.33770650821583 9
    endloop
  endfacet
  facet normal 0 0 1
    outer loop
      vertex 214.175 160.13541743770054 9
      vertex 214.84809703885628 160.65190296114372 9
      vertex 214.175 165.76458256229944 9
    endloop
  endfacet
  facet normal 0 0 1
    outer loop
      vertex 214.175 160.13541743770054 9
      vertex 214.175 165.76458256229944 9
      vertex 214.15 162.95 9
    endloop
  endfacet
  facet normal 0 0 1
    outer loop
      vertex 214.84809703885628 160.65190296114372 9
      vertex 215.36458256229943 161.325 9
      vertex 214.84809703885628 165.24809703885626 9
    endloop
  endfacet
  facet normal 0 0 1
    outer loop
      vertex 215.36458256229943 161.325 9
      vertex 215.68925893543948 162.10883810341682 9
      vertex 215.36458256229943 164.575 9
    endloop
  endfacet
  facet normal 0 0 1
    outer loop
      vertex 215.68925893543948 162.10883810341682 9
      vertex 215.8 162.95 9
      vertex 215.68925893543948 163.79116189658316 9
    endloop
  endfacet
  facet normal 0 0 1
    outer loop
      vertex 215.68925893543948 162.10883810341682 9
      vertex 215.68925893543948 163.79116189658316 9
      vertex 215.36458256229943 164.575 9
    endloop
  endfacet
  facet normal 0.7933533402912278 0.6087614290087301 0
    outer loop
      vertex 215.36458256229943 164.575 3
      vertex 214.84809703885628 165.24809703885626 3
      vertex 215.36458256229943 164.575 9
    endloop
  endfacet
  facet normal 0.6087614290087512 0.7933533402912116 0
    outer loop
      vertex 214.175 165.76458256229944 3
      vertex 214.175 165.76458256229944 9
      vertex 214.84809703885628 165.24809703885626 3
    endloop
  endfacet
  facet normal 0.9238795325112883 0.38268343236508623 -1.671183282528558e-18
    outer loop
      vertex 215.36458256229943 164.575 3
      vertex 215.68925893543948 163.79116189658316 9
      vertex 215.68925893543948 163.79116189658316 3
    endloop
  endfacet
  facet normal 0.9238795325112883 0.38268343236508623 0
    outer loop
      vertex 215.36458256229943 164.575 3
      vertex 215.36458256229943 164.575 9
      vertex 215.68925893543948 163.79116189658316 9
    endloop
  endfacet
  facet normal 0.7933533402912278 0.6087614290087301 0
    outer loop
      vertex 214.84809703885628 165.24809703885626 3
      vertex 214.84809703885628 165.24809703885626 9
      vertex 215.36458256229943 164.575 9
    endloop
  endfacet
  facet normal 0.6087614290087512 0.7933533402912116 0
    outer loop
      vertex 214.84809703885628 165.24809703885626 3
      vertex 214.175 165.76458256229944 9
      vertex 214.84809703885628 165.24809703885626 9
    endloop
  endfacet
  facet normal 0.38268343236509805 0.9238795325112834 8.83846084085481e-19
    outer loop
      vertex 213.3911618965832 166.0892589354395 9
      vertex 214.175 165.76458256229944 9
      vertex 214.175 165.76458256229944 3
    endloop
  endfacet
  facet normal 0 0 1
    outer loop
      vertex 214.15 162.95 9
      vertex 214.175 165.76458256229944 9
      vertex 214.02820725201806 163.56229349178415 9
    endloop
  endfacet
  facet normal 0 0 1
    outer loop
      vertex 214.84809703885628 160.65190296114372 9
      vertex 214.84809703885628 165.24809703885626 9
      vertex 214.175 165.76458256229944 9
    endloop
  endfacet
  facet normal 0 0 1
    outer loop
      vertex 213.68137084989849 164.08137084989846 9
      vertex 214.02820725201806 163.56229349178415 9
      vertex 214.175 165.76458256229944 9
    endloop
  endfacet
  facet normal 0 0 1
    outer loop
      vertex 215.36458256229943 161.325 9
      vertex 215.36458256229943 164.575 9
      vertex 214.84809703885628 165.24809703885626 9
    endloop
  endfacet
  facet normal -0.7933533402912278 -0.6087614290087301 0
    outer loop
      vertex 209.7354174377006 83.85500000000002 3
      vertex 210.25190296114374 83.18190296114375 3
      vertex 209.7354174377006 83.85500000000002 9
    endloop
  endfacet
  facet normal -0.9238795325112883 -0.38268343236508623 -1.671183282528558e-18
    outer loop
      vertex 209.7354174377006 83.85500000000002 3
      vertex 209.41074106456054 84.63883810341684 9
      vertex 209.41074106456054 84.63883810341684 3
    endloop
  endfacet
  facet normal -0.6087614290087512 -0.7933533402912116 0
    outer loop
      vertex 210.925 82.66541743770057 3
      vertex 210.925 82.66541743770057 9
      vertex 210.25190296114374 83.18190296114375 3
    endloop
  endfacet
  facet normal -0.38268343236509805 -0.9238795325112834 8.83846084085481e-19
    outer loop
      vertex 210.925 82.66541743770057 3
      vertex 211.7088381034168 82.34074106456052 3
      vertex 211.7088381034168 82.34074106456052 9
    endloop
  endfacet
  facet normal -0.13052619222001766 -0.9914448613738149 3.0279886357046047e-19
    outer loop
      vertex 211.7088381034168 82.34074106456052 3
      vertex 212.55 82.23000000000002 3
      vertex 212.55 82.23000000000002 9
    endloop
  endfacet
  facet normal 0.13052619222001766 -0.9914448613738149 -3.0279886357046047e-19
    outer loop
      vertex 212.55 82.23000000000002 3
      vertex 213.3911618965832 82.34074106456052 3
      vertex 213.3911618965832 82.34074106456052 9
    endloop
  endfacet
  facet normal -0.7933533402912278 -0.6087614290087301 0
    outer loop
      vertex 210.25190296114374 83.18190296114375 3
      vertex 210.25190296114374 83.18190296114375 9
      vertex 209.7354174377006 83.85500000000002 9
    endloop
  endfacet
  facet normal -0.9238795325112883 -0.38268343236508623 0
    outer loop
      vertex 209.7354174377006 83.85500000000002 3
      vertex 209.7354174377006 83.85500000000002 9
      vertex 209.41074106456054 84.63883810341684 9
    endloop
  endfacet
  facet normal -0.6087614290087512 -0.7933533402912116 0
    outer loop
      vertex 210.25190296114374 83.18190296114375 3
      vertex 210.925 82.66541743770057 9
      vertex 210.25190296114374 83.18190296114375 9
    endloop
  endfacet
  facet normal -0.38268343236509805 -0.9238795325112834 0
    outer loop
      vertex 210.925 82.66541743770057 3
      vertex 211.7088381034168 82.34074106456052 9
      vertex 210.925 82.66541743770057 9
    endloop
  endfacet
  facet normal -0.13052619222001766 -0.9914448613738149 0
    outer loop
      vertex 211.7088381034168 82.34074106456052 3
      vertex 212.55 82.23000000000002 9
      vertex 211.7088381034168 82.34074106456052 9
    endloop
  endfacet
  facet normal 0.13052619222001766 -0.9914448613738149 0
    outer loop
      vertex 212.55 82.23000000000002 3
      vertex 213.3911618965832 82.34074106456052 9
      vertex 212.55 82.23000000000002 9
    endloop
  endfacet
  facet normal 0.38268343236509805 -0.9238795325112834 0
    outer loop
      vertex 213.3911618965832 82.34074106456052 3
      vertex 214.175 82.66541743770057 9
      vertex 213.3911618965832 82.34074106456052 9
    endloop
  endfacet
  facet normal 0 0 1
    outer loop
      vertex 210.925 82.66541743770057 9
      vertex 211.07179274798196 84.86770650821586 9
      vertex 210.95000000000002 85.48000000000002 9
    endloop
  endfacet
  facet normal 0 0 1
    outer loop
      vertex 210.925 82.66541743770057 9
      vertex 211.7088381034168 82.34074106456052 9
      vertex 211.41862915010154 84.34862915010154 9
    endloop
  endfacet
  facet normal 0 0 1
    outer loop
      vertex 211.7088381034168 82.34074106456052 9
      vertex 211.93770650821585 84.00179274798194 9
      vertex 211.41862915010154 84.34862915010154 9
    endloop
  endfacet
  facet normal 0 0 1
    outer loop
      vertex 210.925 82.66541743770057 9
      vertex 211.41862915010154 84.34862915010154 9
      vertex 211.07179274798196 84.86770650821586 9
    endloop
  endfacet
  facet normal 0 0 1
    outer loop
      vertex 211.7088381034168 82.34074106456052 9
      vertex 212.55 82.23000000000002 9
      vertex 211.93770650821585 84.00179274798194 9
    endloop
  endfacet
  facet normal 0 0 1
    outer loop
      vertex 212.55 82.23000000000002 9
      vertex 213.3911618965832 82.34074106456052 9
      vertex 212.55 83.88 9
    endloop
  endfacet
  facet normal 0 0 1
    outer loop
      vertex 213.3911618965832 82.34074106456052 9
      vertex 214.175 82.66541743770057 9
      vertex 213.16229349178417 84.00179274798194 9
    endloop
  endfacet
  facet normal 0 0 1
    outer loop
      vertex 211.93770650821585 84.00179274798194 9
      vertex 212.55 82.23000000000002 9
      vertex 212.55 83.88 9
    endloop
  endfacet
  facet normal 0 0 1
    outer loop
      vertex 213.3911618965832 82.34074106456052 9
      vertex 213.16229349178417 84.00179274798194 9
      vertex 212.55 83.88 9
    endloop
  endfacet
  facet normal 0 0 1
    outer loop
      vertex 213.16229349178417 84.00179274798194 9
      vertex 214.175 82.66541743770057 9
      vertex 213.68137084989849 84.34862915010154 9
    endloop
  endfacet
  facet normal 0.38268343236509805 -0.9238795325112834 -8.83846084085481e-19
    outer loop
      vertex 213.3911618965832 82.34074106456052 3
      vertex 214.175 82.66541743770057 3
      vertex 214.175 82.66541743770057 9
    endloop
  endfacet
  facet normal 0.6087614290087512 -0.7933533402912116 3.640863312336451e-18
    outer loop
      vertex 214.175 82.66541743770057 3
      vertex 214.84809703885628 83.18190296114375 3
      vertex 214.84809703885628 83.18190296114375 9
    endloop
  endfacet
  facet normal 0.7933533402912278 -0.6087614290087301 0
    outer loop
      vertex 214.84809703885628 83.18190296114375 3
      vertex 215.36458256229943 83.85500000000002 3
      vertex 214.84809703885628 83.18190296114375 9
    endloop
  endfacet
  facet normal 0.9238795325112883 -0.38268343236508623 0
    outer loop
      vertex 215.36458256229943 83.85500000000002 3
      vertex 215.68925893543948 84.63883810341684 3
      vertex 215.36458256229943 83.85500000000002 9
    endloop
  endfacet
  facet normal 0.6087614290087512 -0.7933533402912116 0
    outer loop
      vertex 214.175 82.66541743770057 3
      vertex 214.84809703885628 83.18190296114375 9
      vertex 214.175 82.66541743770057 9
    endloop
  endfacet
  facet normal 0.7933533402912278 -0.6087614290087301 0
    outer loop
      vertex 215.36458256229943 83.85500000000002 3
      vertex 215.36458256229943 83.85500000000002 9
      vertex 214.84809703885628 83.18190296114375 9
    endloop
  endfacet
  facet normal 0.9238795325112883 -0.38268343236508623 1.671183282528558e-18
    outer loop
      vertex 215.36458256229943 83.85500000000002 9
      vertex 215.68925893543948 84.63883810341684 3
      vertex 215.68925893543948 84.63883810341684 9
    endloop
  endfacet
  facet normal 0 0 1
    outer loop
      vertex 213.68137084989849 84.34862915010154 9
      vertex 214.175 82.66541743770057 9
      vertex 214.02820725201806 84.86770650821586 9
    endloop
  endfacet
  facet normal 0 0 1
    outer loop
      vertex 214.175 82.66541743770057 9
      vertex 214.15 85.48000000000002 9
      vertex 214.02820725201806 84.86770650821586 9
    endloop
  endfacet
  facet normal -0.9914448613738099 -0.13052619222005493 5.703374308825044e-19
    outer loop
      vertex 209.41074106456054 84.63883810341684 3
      vertex 209.3 85.48000000000002 9
      vertex 209.3 85.48000000000002 3
    endloop
  endfacet
  facet normal -0.9914448613738099 0.13052619222005493 -5.703374308825044e-19
    outer loop
      vertex 209.3 85.48000000000002 3
      vertex 209.41074106456054 86.32116189658319 9
      vertex 209.41074106456054 86.32116189658319 3
    endloop
  endfacet
  facet normal -0.9238795325112883 0.38268343236508623 1.671183282528558e-18
    outer loop
      vertex 209.41074106456054 86.32116189658319 3
      vertex 209.7354174377006 87.10500000000002 9
      vertex 209.7354174377006 87.10500000000002 3
    endloop
  endfacet
  facet normal -0.7933533402912278 0.6087614290087301 -3.182098403644553e-18
    outer loop
      vertex 209.7354174377006 87.10500000000002 3
      vertex 210.25190296114374 87.77809703885629 9
      vertex 210.25190296114374 87.77809703885629 3
    endloop
  endfacet
  facet normal -0.6087614290087512 0.7933533402912116 0
    outer loop
      vertex 210.25190296114374 87.77809703885629 3
      vertex 210.25190296114374 87.77809703885629 9
      vertex 210.925 88.29458256229947 3
    endloop
  endfacet
  facet normal -0.38268343236509805 0.9238795325112834 0
    outer loop
      vertex 210.925 88.29458256229947 3
      vertex 210.925 88.29458256229947 9
      vertex 211.7088381034168 88.61925893543952 3
    endloop
  endfacet
  facet normal -0.13052619222001766 0.9914448613738149 0
    outer loop
      vertex 211.7088381034168 88.61925893543952 3
      vertex 211.7088381034168 88.61925893543952 9
      vertex 212.55 88.73000000000002 3
    endloop
  endfacet
  facet normal 0.13052619222001766 0.9914448613738149 0
    outer loop
      vertex 212.55 88.73000000000002 3
      vertex 212.55 88.73000000000002 9
      vertex 213.3911618965832 88.61925893543952 3
    endloop
  endfacet
  facet normal 0.38268343236509805 0.9238795325112834 0
    outer loop
      vertex 213.3911618965832 88.61925893543952 3
      vertex 213.3911618965832 88.61925893543952 9
      vertex 214.175 88.29458256229947 3
    endloop
  endfacet
  facet normal -0.9914448613738099 -0.13052619222005493 0
    outer loop
      vertex 209.41074106456054 84.63883810341684 3
      vertex 209.41074106456054 84.63883810341684 9
      vertex 209.3 85.48000000000002 9
    endloop
  endfacet
  facet normal -0.9914448613738099 0.13052619222005493 0
    outer loop
      vertex 209.3 85.48000000000002 3
      vertex 209.3 85.48000000000002 9
      vertex 209.41074106456054 86.32116189658319 9
    endloop
  endfacet
  facet normal -0.9238795325112883 0.38268343236508623 0
    outer loop
      vertex 209.41074106456054 86.32116189658319 3
      vertex 209.41074106456054 86.32116189658319 9
      vertex 209.7354174377006 87.10500000000002 9
    endloop
  endfacet
  facet normal 0 0 1
    outer loop
      vertex 209.7354174377006 83.85500000000002 9
      vertex 209.41074106456054 86.32116189658319 9
      vertex 209.41074106456054 84.63883810341684 9
    endloop
  endfacet
  facet normal 0 0 1
    outer loop
      vertex 209.7354174377006 83.85500000000002 9
      vertex 210.25190296114374 83.18190296114375 9
      vertex 209.7354174377006 87.10500000000002 9
    endloop
  endfacet
  facet normal 0 0 1
    outer loop
      vertex 209.41074106456054 84.63883810341684 9
      vertex 209.41074106456054 86.32116189658319 9
      vertex 209.3 85.48000000000002 9
    endloop
  endfacet
  facet normal 0 0 1
    outer loop
      vertex 209.7354174377006 83.85500000000002 9
      vertex 209.7354174377006 87.10500000000002 9
      vertex 209.41074106456054 86.32116189658319 9
    endloop
  endfacet
  facet normal 0 0 1
    outer loop
      vertex 210.25190296114374 83.18190296114375 9
      vertex 210.25190296114374 87.77809703885629 9
      vertex 209.7354174377006 87.10500000000002 9
    endloop
  endfacet
  facet normal -0.7933533402912278 0.6087614290087301 0
    outer loop
      vertex 209.7354174377006 87.10500000000002 3
      vertex 209.7354174377006 87.10500000000002 9
      vertex 210.25190296114374 87.77809703885629 9
    endloop
  endfacet
  facet normal 0 0 1
    outer loop
      vertex 210.925 82.66541743770057 9
      vertex 210.25190296114374 87.77809703885629 9
      vertex 210.25190296114374 83.18190296114375 9
    endloop
  endfacet
  facet normal 0 0 1
    outer loop
      vertex 210.925 82.66541743770057 9
      vertex 210.95000000000002 85.48000000000002 9
      vertex 210.925 88.29458256229947 9
    endloop
  endfacet
  facet normal 0 0 1
    outer loop
      vertex 210.925 82.66541743770057 9
      vertex 210.925 88.29458256229947 9
      vertex 210.25190296114374 87.77809703885629 9
    endloop
  endfacet
  facet normal 0 0 1
    outer loop
      vertex 210.95000000000002 85.48000000000002 9
      vertex 211.07179274798196 86.09229349178418 9
      vertex 210.925 88.29458256229947 9
    endloop
  endfacet
  facet normal 0 0 1
    outer loop
      vertex 211.07179274798196 86.09229349178418 9
      vertex 211.41862915010154 86.61137084989849 9
      vertex 210.925 88.29458256229947 9
    endloop
  endfacet
  facet normal 0 0 1
    outer loop
      vertex 211.41862915010154 86.61137084989849 9
      vertex 211.93770650821585 86.9582072520181 9
      vertex 210.925 88.29458256229947 9
    endloop
  endfacet
  facet normal -0.6087614290087512 0.7933533402912116 0
    outer loop
      vertex 210.925 88.29458256229947 3
      vertex 210.25190296114374 87.77809703885629 9
      vertex 210.925 88.29458256229947 9
    endloop
  endfacet
  facet normal -0.38268343236509805 0.9238795325112834 0
    outer loop
      vertex 211.7088381034168 88.61925893543952 3
      vertex 210.925 88.29458256229947 9
      vertex 211.7088381034168 88.61925893543952 9
    endloop
  endfacet
  facet normal -0.13052619222001766 0.9914448613738149 0
    outer loop
      vertex 212.55 88.73000000000002 3
      vertex 211.7088381034168 88.61925893543952 9
      vertex 212.55 88.73000000000002 9
    endloop
  endfacet
  facet normal 0.13052619222001766 0.9914448613738149 0
    outer loop
      vertex 213.3911618965832 88.61925893543952 3
      vertex 212.55 88.73000000000002 9
      vertex 213.3911618965832 88.61925893543952 9
    endloop
  endfacet
  facet normal 0 0 1
    outer loop
      vertex 211.93770650821585 86.9582072520181 9
      vertex 211.7088381034168 88.61925893543952 9
      vertex 210.925 88.29458256229947 9
    endloop
  endfacet
  facet normal 0 0 1
    outer loop
      vertex 211.93770650821585 86.9582072520181 9
      vertex 212.55 87.08000000000004 9
      vertex 211.7088381034168 88.61925893543952 9
    endloop
  endfacet
  facet normal 0 0 1
    outer loop
      vertex 212.55 87.08000000000004 9
      vertex 213.16229349178417 86.9582072520181 9
      vertex 212.55 88.73000000000002 9
    endloop
  endfacet
  facet normal 0 0 1
    outer loop
      vertex 212.55 87.08000000000004 9
      vertex 212.55 88.73000000000002 9
      vertex 211.7088381034168 88.61925893543952 9
    endloop
  endfacet
  facet normal 0 0 1
    outer loop
      vertex 213.68137084989849 86.61137084989849 9
      vertex 213.3911618965832 88.61925893543952 9
      vertex 213.16229349178417 86.9582072520181 9
    endloop
  endfacet
  facet normal 0 0 1
    outer loop
      vertex 213.68137084989849 86.61137084989849 9
      vertex 214.175 88.29458256229947 9
      vertex 213.3911618965832 88.61925893543952 9
    endloop
  endfacet
  facet normal 0 0 1
    outer loop
      vertex 213.16229349178417 86.9582072520181 9
      vertex 213.3911618965832 88.61925893543952 9
      vertex 212.55 88.73000000000002 9
    endloop
  endfacet
  facet normal 0.9914448613738099 -0.13052619222005493 0
    outer loop
      vertex 215.68925893543948 84.63883810341684 3
      vertex 215.8 85.48000000000002 3
      vertex 215.68925893543948 84.63883810341684 9
    endloop
  endfacet
  facet normal 0.9914448613738099 0.13052619222005493 0
    outer loop
      vertex 215.8 85.48000000000002 3
      vertex 215.68925893543948 86.32116189658319 3
      vertex 215.8 85.48000000000002 9
    endloop
  endfacet
  facet normal 0.9238795325112883 0.38268343236508623 -1.671183282528558e-18
    outer loop
      vertex 215.36458256229943 87.10500000000002 3
      vertex 215.68925893543948 86.32116189658319 9
      vertex 215.68925893543948 86.32116189658319 3
    endloop
  endfacet
  facet normal 0.6087614290087512 0.7933533402912116 0
    outer loop
      vertex 214.175 88.29458256229947 3
      vertex 214.175 88.29458256229947 9
      vertex 214.84809703885628 87.77809703885629 3
    endloop
  endfacet
  facet normal 0.7933533402912278 0.6087614290087301 0
    outer loop
      vertex 215.36458256229943 87.10500000000002 3
      vertex 214.84809703885628 87.77809703885629 3
      vertex 215.36458256229943 87.10500000000002 9
    endloop
  endfacet
  facet normal 0.9238795325112883 0.38268343236508623 0
    outer loop
      vertex 215.36458256229943 87.10500000000002 3
      vertex 215.36458256229943 87.10500000000002 9
      vertex 215.68925893543948 86.32116189658319 9
    endloop
  endfacet
  facet normal 0.9914448613738099 -0.13052619222005493 0
    outer loop
      vertex 215.8 85.48000000000002 3
      vertex 215.8 85.48000000000002 9
      vertex 215.68925893543948 84.63883810341684 9
    endloop
  endfacet
  facet normal 0.9914448613738099 0.13052619222005493 0
    outer loop
      vertex 215.68925893543948 86.32116189658319 3
      vertex 215.68925893543948 86.32116189658319 9
      vertex 215.8 85.48000000000002 9
    endloop
  endfacet
  facet normal 0 0 1
    outer loop
      vertex 214.175 82.66541743770057 9
      vertex 214.84809703885628 83.18190296114375 9
      vertex 214.175 88.29458256229947 9
    endloop
  endfacet
  facet normal 0 0 1
    outer loop
      vertex 214.175 82.66541743770057 9
      vertex 214.175 88.29458256229947 9
      vertex 214.15 85.48000000000002 9
    endloop
  endfacet
  facet normal 0 0 1
    outer loop
      vertex 214.84809703885628 83.18190296114375 9
      vertex 215.36458256229943 83.85500000000002 9
      vertex 214.84809703885628 87.77809703885629 9
    endloop
  endfacet
  facet normal 0 0 1
    outer loop
      vertex 215.36458256229943 83.85500000000002 9
      vertex 215.68925893543948 84.63883810341684 9
      vertex 215.36458256229943 87.10500000000002 9
    endloop
  endfacet
  facet normal 0 0 1
    outer loop
      vertex 214.84809703885628 83.18190296114375 9
      vertex 214.84809703885628 87.77809703885629 9
      vertex 214.175 88.29458256229947 9
    endloop
  endfacet
  facet normal 0 0 1
    outer loop
      vertex 214.15 85.48000000000002 9
      vertex 214.175 88.29458256229947 9
      vertex 214.02820725201806 86.09229349178418 9
    endloop
  endfacet
  facet normal 0 0 1
    outer loop
      vertex 213.68137084989849 86.61137084989849 9
      vertex 214.02820725201806 86.09229349178418 9
      vertex 214.175 88.29458256229947 9
    endloop
  endfacet
  facet normal 0 0 1
    outer loop
      vertex 215.36458256229943 83.85500000000002 9
      vertex 215.36458256229943 87.10500000000002 9
      vertex 214.84809703885628 87.77809703885629 9
    endloop
  endfacet
  facet normal 0 0 1
    outer loop
      vertex 215.68925893543948 84.63883810341684 9
      vertex 215.8 85.48000000000002 9
      vertex 215.68925893543948 86.32116189658319 9
    endloop
  endfacet
  facet normal 0 0 1
    outer loop
      vertex 215.36458256229943 87.10500000000002 9
      vertex 215.68925893543948 84.63883810341684 9
      vertex 215.68925893543948 86.32116189658319 9
    endloop
  endfacet
  facet normal 0.6087614290087512 0.7933533402912116 0
    outer loop
      vertex 214.84809703885628 87.77809703885629 3
      vertex 214.175 88.29458256229947 9
      vertex 214.84809703885628 87.77809703885629 9
    endloop
  endfacet
  facet normal 0.38268343236509805 0.9238795325112834 8.83846084085481e-19
    outer loop
      vertex 213.3911618965832 88.61925893543952 9
      vertex 214.175 88.29458256229947 9
      vertex 214.175 88.29458256229947 3
    endloop
  endfacet
  facet normal 0.7933533402912278 0.6087614290087301 0
    outer loop
      vertex 214.84809703885628 87.77809703885629 3
      vertex 214.84809703885628 87.77809703885629 9
      vertex 215.36458256229943 87.10500000000002 9
    endloop
  endfacet
  facet normal -0.9238795325112883 -0.38268343236508623 -1.671183282528558e-18
    outer loop
      vertex 131.93541743770058 83.85500000000002 3
      vertex 131.61074106456053 84.63883810341684 9
      vertex 131.61074106456053 84.63883810341684 3
    endloop
  endfacet
  facet normal -0.6087614290087512 -0.7933533402912116 0
    outer loop
      vertex 133.125 82.66541743770057 3
      vertex 133.125 82.66541743770057 9
      vertex 132.45190296114373 83.18190296114375 3
    endloop
  endfacet
  facet normal -0.7933533402912278 -0.6087614290087301 3.182098403644553e-18
    outer loop
      vertex 132.45190296114373 83.18190296114375 3
      vertex 131.93541743770058 83.85500000000002 9
      vertex 131.93541743770058 83.85500000000002 3
    endloop
  endfacet
  facet normal -0.13052619222001766 -0.9914448613738149 3.0279886357046047e-19
    outer loop
      vertex 133.9088381034168 82.34074106456052 3
      vertex 134.75 82.23000000000002 3
      vertex 134.75 82.23000000000002 9
    endloop
  endfacet
  facet normal -0.38268343236509805 -0.9238795325112834 8.83846084085481e-19
    outer loop
      vertex 133.125 82.66541743770057 3
      vertex 133.9088381034168 82.34074106456052 3
      vertex 133.9088381034168 82.34074106456052 9
    endloop
  endfacet
  facet normal 0.13052619222001766 -0.9914448613738149 -3.0279886357046047e-19
    outer loop
      vertex 134.75 82.23000000000002 3
      vertex 135.5911618965832 82.34074106456052 3
      vertex 135.5911618965832 82.34074106456052 9
    endloop
  endfacet
  facet normal -0.6087614290087512 -0.7933533402912116 0
    outer loop
      vertex 132.45190296114373 83.18190296114375 3
      vertex 133.125 82.66541743770057 9
      vertex 132.45190296114373 83.18190296114375 9
    endloop
  endfacet
  facet normal -0.38268343236509805 -0.9238795325112834 0
    outer loop
      vertex 133.125 82.66541743770057 3
      vertex 133.9088381034168 82.34074106456052 9
      vertex 133.125 82.66541743770057 9
    endloop
  endfacet
  facet normal -0.7933533402912278 -0.6087614290087301 0
    outer loop
      vertex 132.45190296114373 83.18190296114375 3
      vertex 132.45190296114373 83.18190296114375 9
      vertex 131.93541743770058 83.85500000000002 9
    endloop
  endfacet
  facet normal -0.9238795325112883 -0.38268343236508623 0
    outer loop
      vertex 131.93541743770058 83.85500000000002 3
      vertex 131.93541743770058 83.85500000000002 9
      vertex 131.61074106456053 84.63883810341684 9
    endloop
  endfacet
  facet normal -0.13052619222001766 -0.9914448613738149 0
    outer loop
      vertex 133.9088381034168 82.34074106456052 3
      vertex 134.75 82.23000000000002 9
      vertex 133.9088381034168 82.34074106456052 9
    endloop
  endfacet
  facet normal 0.13052619222001766 -0.9914448613738149 0
    outer loop
      vertex 134.75 82.23000000000002 3
      vertex 135.5911618965832 82.34074106456052 9
      vertex 134.75 82.23000000000002 9
    endloop
  endfacet
  facet normal 0 0 1
    outer loop
      vertex 133.125 82.66541743770057 9
      vertex 133.9088381034168 82.34074106456052 9
      vertex 133.61862915010153 84.34862915010154 9
    endloop
  endfacet
  facet normal 0 0 1
    outer loop
      vertex 133.125 82.66541743770057 9
      vertex 133.61862915010153 84.34862915010154 9
      vertex 133.27179274798195 84.86770650821586 9
    endloop
  endfacet
  facet normal 0 0 1
    outer loop
      vertex 133.125 82.66541743770057 9
      vertex 133.27179274798195 84.86770650821586 9
      vertex 133.15 85.48000000000002 9
    endloop
  endfacet
  facet normal 0 0 1
    outer loop
      vertex 133.9088381034168 82.34074106456052 9
      vertex 134.75 82.23000000000002 9
      vertex 134.13770650821584 84.00179274798194 9
    endloop
  endfacet
  facet normal 0 0 1
    outer loop
      vertex 134.75 82.23000000000002 9
      vertex 135.5911618965832 82.34074106456052 9
      vertex 134.75 83.88 9
    endloop
  endfacet
  facet normal 0 0 1
    outer loop
      vertex 133.9088381034168 82.34074106456052 9
      vertex 134.13770650821584 84.00179274798194 9
      vertex 133.61862915010153 84.34862915010154 9
    endloop
  endfacet
  facet normal 0 0 1
    outer loop
      vertex 134.75 82.23000000000002 9
      vertex 134.75 83.88 9
      vertex 134.13770650821584 84.00179274798194 9
    endloop
  endfacet
  facet normal 0 0 1
    outer loop
      vertex 134.75 83.88 9
      vertex 135.5911618965832 82.34074106456052 9
      vertex 135.36229349178416 84.00179274798194 9
    endloop
  endfacet
  facet normal 0.38268343236509805 -0.9238795325112834 -8.83846084085481e-19
    outer loop
      vertex 135.5911618965832 82.34074106456052 3
      vertex 136.375 82.66541743770057 3
      vertex 136.375 82.66541743770057 9
    endloop
  endfacet
  facet normal 0.6087614290087512 -0.7933533402912116 3.640863312336451e-18
    outer loop
      vertex 136.375 82.66541743770057 3
      vertex 137.04809703885627 83.18190296114375 3
      vertex 137.04809703885627 83.18190296114375 9
    endloop
  endfacet
  facet normal 0.7933533402912278 -0.6087614290087301 0
    outer loop
      vertex 137.04809703885627 83.18190296114375 3
      vertex 137.56458256229942 83.85500000000002 3
      vertex 137.04809703885627 83.18190296114375 9
    endloop
  endfacet
  facet normal 0.9238795325112883 -0.38268343236508623 0
    outer loop
      vertex 137.56458256229942 83.85500000000002 3
      vertex 137.88925893543947 84.63883810341684 3
      vertex 137.56458256229942 83.85500000000002 9
    endloop
  endfacet
  facet normal 0.38268343236509805 -0.9238795325112834 0
    outer loop
      vertex 135.5911618965832 82.34074106456052 3
      vertex 136.375 82.66541743770057 9
      vertex 135.5911618965832 82.34074106456052 9
    endloop
  endfacet
  facet normal 0.6087614290087512 -0.7933533402912116 0
    outer loop
      vertex 136.375 82.66541743770057 3
      vertex 137.04809703885627 83.18190296114375 9
      vertex 136.375 82.66541743770057 9
    endloop
  endfacet
  facet normal 0.7933533402912278 -0.6087614290087301 0
    outer loop
      vertex 137.56458256229942 83.85500000000002 3
      vertex 137.56458256229942 83.85500000000002 9
      vertex 137.04809703885627 83.18190296114375 9
    endloop
  endfacet
  facet normal 0.9238795325112883 -0.38268343236508623 1.671183282528558e-18
    outer loop
      vertex 137.56458256229942 83.85500000000002 9
      vertex 137.88925893543947 84.63883810341684 3
      vertex 137.88925893543947 84.63883810341684 9
    endloop
  endfacet
  facet normal 0 0 1
    outer loop
      vertex 135.36229349178416 84.00179274798194 9
      vertex 135.5911618965832 82.34074106456052 9
      vertex 136.375 82.66541743770057 9
    endloop
  endfacet
  facet normal 0 0 1
    outer loop
      vertex 135.36229349178416 84.00179274798194 9
      vertex 136.375 82.66541743770057 9
      vertex 135.88137084989847 84.34862915010154 9
    endloop
  endfacet
  facet normal 0 0 1
    outer loop
      vertex 136.375 82.66541743770057 9
      vertex 136.22820725201805 84.86770650821586 9
      vertex 135.88137084989847 84.34862915010154 9
    endloop
  endfacet
  facet normal 0 0 1
    outer loop
      vertex 136.375 82.66541743770057 9
      vertex 136.35 85.48000000000002 9
      vertex 136.22820725201805 84.86770650821586 9
    endloop
  endfacet
  facet normal -0.9914448613738099 -0.13052619222005493 5.703374308825044e-19
    outer loop
      vertex 131.61074106456053 84.63883810341684 3
      vertex 131.5 85.48000000000002 9
      vertex 131.5 85.48000000000002 3
    endloop
  endfacet
  facet normal -0.9914448613738099 0.13052619222005493 -5.703374308825044e-19
    outer loop
      vertex 131.5 85.48000000000002 3
      vertex 131.61074106456053 86.32116189658319 9
      vertex 131.61074106456053 86.32116189658319 3
    endloop
  endfacet
  facet normal -0.9238795325112883 0.38268343236508623 1.671183282528558e-18
    outer loop
      vertex 131.61074106456053 86.32116189658319 3
      vertex 131.93541743770058 87.10500000000002 9
      vertex 131.93541743770058 87.10500000000002 3
    endloop
  endfacet
  facet normal -0.7933533402912278 0.6087614290087301 -3.182098403644553e-18
    outer loop
      vertex 131.93541743770058 87.10500000000002 3
      vertex 132.45190296114373 87.77809703885629 9
      vertex 132.45190296114373 87.77809703885629 3
    endloop
  endfacet
  facet normal -0.6087614290087512 0.7933533402912116 0
    outer loop
      vertex 132.45190296114373 87.77809703885629 3
      vertex 132.45190296114373 87.77809703885629 9
      vertex 133.125 88.29458256229947 3
    endloop
  endfacet
  facet normal -0.38268343236509805 0.9238795325112834 0
    outer loop
      vertex 133.125 88.29458256229947 3
      vertex 133.125 88.29458256229947 9
      vertex 133.9088381034168 88.61925893543952 3
    endloop
  endfacet
  facet normal -0.13052619222001766 0.9914448613738149 0
    outer loop
      vertex 133.9088381034168 88.61925893543952 3
      vertex 133.9088381034168 88.61925893543952 9
      vertex 134.75 88.73000000000002 3
    endloop
  endfacet
  facet normal 0.13052619222001766 0.9914448613738149 0
    outer loop
      vertex 134.75 88.73000000000002 3
      vertex 134.75 88.73000000000002 9
      vertex 135.5911618965832 88.61925893543952 3
    endloop
  endfacet
  facet normal -0.9914448613738099 -0.13052619222005493 0
    outer loop
      vertex 131.61074106456053 84.63883810341684 3
      vertex 131.61074106456053 84.63883810341684 9
      vertex 131.5 85.48000000000002 9
    endloop
  endfacet
  facet normal -0.9914448613738099 0.13052619222005493 0
    outer loop
      vertex 131.5 85.48000000000002 3
      vertex 131.5 85.48000000000002 9
      vertex 131.61074106456053 86.32116189658319 9
    endloop
  endfacet
  facet normal -0.9238795325112883 0.38268343236508623 0
    outer loop
      vertex 131.61074106456053 86.32116189658319 3
      vertex 131.61074106456053 86.32116189658319 9
      vertex 131.93541743770058 87.10500000000002 9
    endloop
  endfacet
  facet normal 0 0 1
    outer loop
      vertex 131.93541743770058 83.85500000000002 9
      vertex 131.61074106456053 86.32116189658319 9
      vertex 131.61074106456053 84.63883810341684 9
    endloop
  endfacet
  facet normal 0 0 1
    outer loop
      vertex 131.61074106456053 84.63883810341684 9
      vertex 131.61074106456053 86.32116189658319 9
      vertex 131.5 85.48000000000002 9
    endloop
  endfacet
  facet normal 0 0 1
    outer loop
      vertex 132.45190296114373 83.18190296114375 9
      vertex 131.93541743770058 87.10500000000002 9
      vertex 131.93541743770058 83.85500000000002 9
    endloop
  endfacet
  facet normal 0 0 1
    outer loop
      vertex 133.125 82.66541743770057 9
      vertex 132.45190296114373 87.77809703885629 9
      vertex 132.45190296114373 83.18190296114375 9
    endloop
  endfacet
  facet normal 0 0 1
    outer loop
      vertex 131.93541743770058 83.85500000000002 9
      vertex 131.93541743770058 87.10500000000002 9
      vertex 131.61074106456053 86.32116189658319 9
    endloop
  endfacet
  facet normal 0 0 1
    outer loop
      vertex 133.125 82.66541743770057 9
      vertex 133.15 85.48000000000002 9
      vertex 133.125 88.29458256229947 9
    endloop
  endfacet
  facet normal 0 0 1
    outer loop
      vertex 132.45190296114373 83.18190296114375 9
      vertex 132.45190296114373 87.77809703885629 9
      vertex 131.93541743770058 87.10500000000002 9
    endloop
  endfacet
  facet normal 0 0 1
    outer loop
      vertex 133.125 82.66541743770057 9
      vertex 133.125 88.29458256229947 9
      vertex 132.45190296114373 87.77809703885629 9
    endloop
  endfacet
  facet normal 0 0 1
    outer loop
      vertex 133.15 85.48000000000002 9
      vertex 133.27179274798195 86.09229349178418 9
      vertex 133.125 88.29458256229947 9
    endloop
  endfacet
  facet normal 0 0 1
    outer loop
      vertex 133.27179274798195 86.09229349178418 9
      vertex 133.61862915010153 86.61137084989849 9
      vertex 133.125 88.29458256229947 9
    endloop
  endfacet
  facet normal 0 0 1
    outer loop
      vertex 133.61862915010153 86.61137084989849 9
      vertex 134.13770650821584 86.9582072520181 9
      vertex 133.125 88.29458256229947 9
    endloop
  endfacet
  facet normal -0.7933533402912278 0.6087614290087301 0
    outer loop
      vertex 131.93541743770058 87.10500000000002 3
      vertex 131.93541743770058 87.10500000000002 9
      vertex 132.45190296114373 87.77809703885629 9
    endloop
  endfacet
  facet normal -0.6087614290087512 0.7933533402912116 0
    outer loop
      vertex 133.125 88.29458256229947 3
      vertex 132.45190296114373 87.77809703885629 9
      vertex 133.125 88.29458256229947 9
    endloop
  endfacet
  facet normal -0.38268343236509805 0.9238795325112834 0
    outer loop
      vertex 133.9088381034168 88.61925893543952 3
      vertex 133.125 88.29458256229947 9
      vertex 133.9088381034168 88.61925893543952 9
    endloop
  endfacet
  facet normal -0.13052619222001766 0.9914448613738149 0
    outer loop
      vertex 134.75 88.73000000000002 3
      vertex 133.9088381034168 88.61925893543952 9
      vertex 134.75 88.73000000000002 9
    endloop
  endfacet
  facet normal 0.13052619222001766 0.9914448613738149 3.0279886357046047e-19
    outer loop
      vertex 134.75 88.73000000000002 9
      vertex 135.5911618965832 88.61925893543952 9
      vertex 135.5911618965832 88.61925893543952 3
    endloop
  endfacet
  facet normal 0 0 1
    outer loop
      vertex 134.13770650821584 86.9582072520181 9
      vertex 133.9088381034168 88.61925893543952 9
      vertex 133.125 88.29458256229947 9
    endloop
  endfacet
  facet normal 0 0 1
    outer loop
      vertex 134.13770650821584 86.9582072520181 9
      vertex 134.75 87.08000000000004 9
      vertex 133.9088381034168 88.61925893543952 9
    endloop
  endfacet
  facet normal 0 0 1
    outer loop
      vertex 134.75 87.08000000000004 9
      vertex 134.75 88.73000000000002 9
      vertex 133.9088381034168 88.61925893543952 9
    endloop
  endfacet
  facet normal 0 0 1
    outer loop
      vertex 134.75 87.08000000000004 9
      vertex 135.36229349178416 86.9582072520181 9
      vertex 134.75 88.73000000000002 9
    endloop
  endfacet
  facet normal 0 0 1
    outer loop
      vertex 135.36229349178416 86.9582072520181 9
      vertex 135.5911618965832 88.61925893543952 9
      vertex 134.75 88.73000000000002 9
    endloop
  endfacet
  facet normal 0.9914448613738099 -0.13052619222005493 0
    outer loop
      vertex 137.88925893543947 84.63883810341684 3
      vertex 138 85.48000000000002 3
      vertex 137.88925893543947 84.63883810341684 9
    endloop
  endfacet
  facet normal 0.9914448613738099 0.13052619222005493 0
    outer loop
      vertex 138 85.48000000000002 3
      vertex 137.88925893543947 86.32116189658319 3
      vertex 138 85.48000000000002 9
    endloop
  endfacet
  facet normal 0.9238795325112883 0.38268343236508623 0
    outer loop
      vertex 137.88925893543947 86.32116189658319 3
      vertex 137.56458256229942 87.10500000000002 3
      vertex 137.88925893543947 86.32116189658319 9
    endloop
  endfacet
  facet normal 0.38268343236509805 0.9238795325112834 0
    outer loop
      vertex 135.5911618965832 88.61925893543952 3
      vertex 135.5911618965832 88.61925893543952 9
      vertex 136.375 88.29458256229947 3
    endloop
  endfacet
  facet normal 0.6087614290087512 0.7933533402912116 -3.640863312336451e-18
    outer loop
      vertex 137.04809703885627 87.77809703885629 3
      vertex 136.375 88.29458256229947 3
      vertex 136.375 88.29458256229947 9
    endloop
  endfacet
  facet normal 0.7933533402912278 0.6087614290087301 0
    outer loop
      vertex 137.56458256229942 87.10500000000002 3
      vertex 137.04809703885627 87.77809703885629 3
      vertex 137.56458256229942 87.10500000000002 9
    endloop
  endfacet
  facet normal 0.9914448613738099 -0.13052619222005493 0
    outer loop
      vertex 138 85.48000000000002 3
      vertex 138 85.48000000000002 9
      vertex 137.88925893543947 84.63883810341684 9
    endloop
  endfacet
  facet normal 0.9914448613738099 0.13052619222005493 0
    outer loop
      vertex 137.88925893543947 86.32116189658319 3
      vertex 137.88925893543947 86.32116189658319 9
      vertex 138 85.48000000000002 9
    endloop
  endfacet
  facet normal 0.9238795325112883 0.38268343236508623 0
    outer loop
      vertex 137.56458256229942 87.10500000000002 3
      vertex 137.56458256229942 87.10500000000002 9
      vertex 137.88925893543947 86.32116189658319 9
    endloop
  endfacet
  facet normal 0 0 1
    outer loop
      vertex 136.375 82.66541743770057 9
      vertex 137.04809703885627 83.18190296114375 9
      vertex 136.375 88.29458256229947 9
    endloop
  endfacet
  facet normal 0 0 1
    outer loop
      vertex 136.375 82.66541743770057 9
      vertex 136.375 88.29458256229947 9
      vertex 136.35 85.48000000000002 9
    endloop
  endfacet
  facet normal 0 0 1
    outer loop
      vertex 136.22820725201805 86.09229349178418 9
      vertex 136.375 88.29458256229947 9
      vertex 135.88137084989847 86.61137084989849 9
    endloop
  endfacet
  facet normal 0 0 1
    outer loop
      vertex 137.04809703885627 83.18190296114375 9
      vertex 137.04809703885627 87.77809703885629 9
      vertex 136.375 88.29458256229947 9
    endloop
  endfacet
  facet normal 0 0 1
    outer loop
      vertex 136.35 85.48000000000002 9
      vertex 136.375 88.29458256229947 9
      vertex 136.22820725201805 86.09229349178418 9
    endloop
  endfacet
  facet normal 0 0 1
    outer loop
      vertex 137.04809703885627 83.18190296114375 9
      vertex 137.56458256229942 83.85500000000002 9
      vertex 137.04809703885627 87.77809703885629 9
    endloop
  endfacet
  facet normal 0 0 1
    outer loop
      vertex 137.56458256229942 83.85500000000002 9
      vertex 137.88925893543947 84.63883810341684 9
      vertex 137.56458256229942 87.10500000000002 9
    endloop
  endfacet
  facet normal 0 0 1
    outer loop
      vertex 137.88925893543947 84.63883810341684 9
      vertex 138 85.48000000000002 9
      vertex 137.88925893543947 86.32116189658319 9
    endloop
  endfacet
  facet normal 0 0 1
    outer loop
      vertex 137.56458256229942 83.85500000000002 9
      vertex 137.56458256229942 87.10500000000002 9
      vertex 137.04809703885627 87.77809703885629 9
    endloop
  endfacet
  facet normal 0 0 1
    outer loop
      vertex 137.88925893543947 84.63883810341684 9
      vertex 137.88925893543947 86.32116189658319 9
      vertex 137.56458256229942 87.10500000000002 9
    endloop
  endfacet
  facet normal 0.38268343236509805 0.9238795325112834 0
    outer loop
      vertex 136.375 88.29458256229947 3
      vertex 135.5911618965832 88.61925893543952 9
      vertex 136.375 88.29458256229947 9
    endloop
  endfacet
  facet normal 0.6087614290087512 0.7933533402912116 0
    outer loop
      vertex 137.04809703885627 87.77809703885629 3
      vertex 136.375 88.29458256229947 9
      vertex 137.04809703885627 87.77809703885629 9
    endloop
  endfacet
  facet normal 0.7933533402912278 0.6087614290087301 0
    outer loop
      vertex 137.04809703885627 87.77809703885629 3
      vertex 137.04809703885627 87.77809703885629 9
      vertex 137.56458256229942 87.10500000000002 9
    endloop
  endfacet
  facet normal 0 0 1
    outer loop
      vertex 135.36229349178416 86.9582072520181 9
      vertex 135.88137084989847 86.61137084989849 9
      vertex 135.5911618965832 88.61925893543952 9
    endloop
  endfacet
  facet normal 0 0 1
    outer loop
      vertex 135.88137084989847 86.61137084989849 9
      vertex 136.375 88.29458256229947 9
      vertex 135.5911618965832 88.61925893543952 9
    endloop
  endfacet
  facet normal -0.7933533402912313 -0.6087614290087254 -3.50398349682102e-18
    outer loop
      vertex 7.051902961143719 160.65190296114372 3
      vertex 6.535417437700574 161.325 9
      vertex 6.535417437700574 161.325 3
    endloop
  endfacet
  facet normal -0.9238795325112901 -0.38268343236508173 0
    outer loop
      vertex 6.210741064560528 162.10883810341682 3
      vertex 6.535417437700574 161.325 3
      vertex 6.210741064560528 162.10883810341682 9
    endloop
  endfacet
  facet normal -0.9914448613738099 -0.13052619222005493 5.703374308825044e-19
    outer loop
      vertex 6.210741064560528 162.10883810341682 3
      vertex 6.1 162.95 9
      vertex 6.1 162.95 3
    endloop
  endfacet
  facet normal -0.9914448613738099 0.13052619222005493 -5.703374308825044e-19
    outer loop
      vertex 6.1 162.95 3
      vertex 6.210741064560528 163.79116189658316 9
      vertex 6.210741064560528 163.79116189658316 3
    endloop
  endfacet
  facet normal -0.7933533402912313 -0.6087614290087254 0
    outer loop
      vertex 7.051902961143719 160.65190296114372 3
      vertex 7.051902961143719 160.65190296114372 9
      vertex 6.535417437700574 161.325 9
    endloop
  endfacet
  facet normal -0.9238795325112901 -0.38268343236508173 0
    outer loop
      vertex 6.535417437700574 161.325 3
      vertex 6.535417437700574 161.325 9
      vertex 6.210741064560528 162.10883810341682 9
    endloop
  endfacet
  facet normal -0.9914448613738099 -0.13052619222005493 0
    outer loop
      vertex 6.210741064560528 162.10883810341682 3
      vertex 6.210741064560528 162.10883810341682 9
      vertex 6.1 162.95 9
    endloop
  endfacet
  facet normal -0.9914448613738099 0.13052619222005493 0
    outer loop
      vertex 6.1 162.95 3
      vertex 6.1 162.95 9
      vertex 6.210741064560528 163.79116189658316 9
    endloop
  endfacet
  facet normal 0 0 1
    outer loop
      vertex 7.051902961143719 160.65190296114372 9
      vertex 6.535417437700574 164.575 9
      vertex 6.535417437700574 161.325 9
    endloop
  endfacet
  facet normal 0 0 1
    outer loop
      vertex 6.210741064560528 162.10883810341682 9
      vertex 6.210741064560528 163.79116189658316 9
      vertex 6.1 162.95 9
    endloop
  endfacet
  facet normal 0 0 1
    outer loop
      vertex 6.210741064560528 162.10883810341682 9
      vertex 6.535417437700574 161.325 9
      vertex 6.210741064560528 163.79116189658316 9
    endloop
  endfacet
  facet normal 0 0 1
    outer loop
      vertex 6.535417437700574 161.325 9
      vertex 6.535417437700574 164.575 9
      vertex 6.210741064560528 163.79116189658316 9
    endloop
  endfacet
  facet normal 0 0 1
    outer loop
      vertex 7.051902961143719 160.65190296114372 9
      vertex 7.051902961143719 165.24809703885626 9
      vertex 6.535417437700574 164.575 9
    endloop
  endfacet
  facet normal -0.6087614290087451 -0.7933533402912164 -5.442560884716338e-18
    outer loop
      vertex 7.051902961143719 160.65190296114372 3
      vertex 7.725 160.13541743770054 3
      vertex 7.725 160.13541743770054 9
    endloop
  endfacet
  facet normal -0.3826834323650943 -0.9238795325112849 1.448500202991304e-18
    outer loop
      vertex 7.725 160.13541743770054 3
      vertex 8.508838103416807 159.8107410645605 3
      vertex 8.508838103416807 159.8107410645605 9
    endloop
  endfacet
  facet normal -0.13052619222001904 -0.9914448613738148 -3.993560547229546e-20
    outer loop
      vertex 8.508838103416807 159.8107410645605 3
      vertex 9.35 159.7 3
      vertex 9.35 159.7 9
    endloop
  endfacet
  facet normal 0.13052619222001904 -0.9914448613738148 3.993560547229546e-20
    outer loop
      vertex 9.35 159.7 3
      vertex 10.191161896583193 159.8107410645605 3
      vertex 10.191161896583193 159.8107410645605 9
    endloop
  endfacet
  facet normal 0.3826834323650943 -0.9238795325112849 -1.448500202991304e-18
    outer loop
      vertex 10.191161896583193 159.8107410645605 3
      vertex 10.975 160.13541743770054 3
      vertex 10.975 160.13541743770054 9
    endloop
  endfacet
  facet normal 0.6087614290087451 -0.7933533402912164 5.442560884716338e-18
    outer loop
      vertex 10.975 160.13541743770054 3
      vertex 11.64809703885628 160.65190296114372 3
      vertex 11.64809703885628 160.65190296114372 9
    endloop
  endfacet
  facet normal 0.793353340291231 -0.6087614290087262 0
    outer loop
      vertex 11.64809703885628 160.65190296114372 3
      vertex 12.164582562299426 161.325 3
      vertex 11.64809703885628 160.65190296114372 9
    endloop
  endfacet
  facet normal 0.9238795325112904 -0.3826834323650808 0
    outer loop
      vertex 12.164582562299426 161.325 3
      vertex 12.489258935439471 162.10883810341682 3
      vertex 12.164582562299426 161.325 9
    endloop
  endfacet
  facet normal 0.9914448613738099 -0.13052619222005493 0
    outer loop
      vertex 12.489258935439471 162.10883810341682 3
      vertex 12.6 162.95 3
      vertex 12.489258935439471 162.10883810341682 9
    endloop
  endfacet
  facet normal 0.9914448613738099 0.13052619222005493 0
    outer loop
      vertex 12.6 162.95 3
      vertex 12.489258935439471 163.79116189658316 3
      vertex 12.6 162.95 9
    endloop
  endfacet
  facet normal -0.3826834323650943 -0.9238795325112849 0
    outer loop
      vertex 7.725 160.13541743770054 3
      vertex 8.508838103416807 159.8107410645605 9
      vertex 7.725 160.13541743770054 9
    endloop
  endfacet
  facet normal -0.6087614290087451 -0.7933533402912164 0
    outer loop
      vertex 7.051902961143719 160.65190296114372 3
      vertex 7.725 160.13541743770054 9
      vertex 7.051902961143719 160.65190296114372 9
    endloop
  endfacet
  facet normal -0.13052619222001904 -0.9914448613738148 0
    outer loop
      vertex 8.508838103416807 159.8107410645605 3
      vertex 9.35 159.7 9
      vertex 8.508838103416807 159.8107410645605 9
    endloop
  endfacet
  facet normal 0.13052619222001904 -0.9914448613738148 0
    outer loop
      vertex 9.35 159.7 3
      vertex 10.191161896583193 159.8107410645605 9
      vertex 9.35 159.7 9
    endloop
  endfacet
  facet normal 0.3826834323650943 -0.9238795325112849 0
    outer loop
      vertex 10.191161896583193 159.8107410645605 3
      vertex 10.975 160.13541743770054 9
      vertex 10.191161896583193 159.8107410645605 9
    endloop
  endfacet
  facet normal 0 0 1
    outer loop
      vertex 7.725 160.13541743770054 9
      vertex 8.508838103416807 159.8107410645605 9
      vertex 8.218629150101524 161.81862915010151 9
    endloop
  endfacet
  facet normal 0 0 1
    outer loop
      vertex 8.508838103416807 159.8107410645605 9
      vertex 9.35 159.7 9
      vertex 8.737706508215856 161.4717927479819 9
    endloop
  endfacet
  facet normal 0 0 1
    outer loop
      vertex 9.35 159.7 9
      vertex 9.35 161.34999999999997 9
      vertex 8.737706508215856 161.4717927479819 9
    endloop
  endfacet
  facet normal 0 0 1
    outer loop
      vertex 9.35 159.7 9
      vertex 10.191161896583193 159.8107410645605 9
      vertex 9.35 161.34999999999997 9
    endloop
  endfacet
  facet normal 0 0 1
    outer loop
      vertex 10.191161896583193 159.8107410645605 9
      vertex 10.975 160.13541743770054 9
      vertex 9.962293491784143 161.4717927479819 9
    endloop
  endfacet
  facet normal 0 0 1
    outer loop
      vertex 7.725 160.13541743770054 9
      vertex 8.218629150101524 161.81862915010151 9
      vertex 7.8717927479819405 162.33770650821583 9
    endloop
  endfacet
  facet normal 0 0 1
    outer loop
      vertex 7.051902961143719 160.65190296114372 9
      vertex 7.725 160.13541743770054 9
      vertex 7.051902961143719 165.24809703885626 9
    endloop
  endfacet
  facet normal 0 0 1
    outer loop
      vertex 7.725 160.13541743770054 9
      vertex 7.8717927479819405 162.33770650821583 9
      vertex 7.75 162.95 9
    endloop
  endfacet
  facet normal 0 0 1
    outer loop
      vertex 8.508838103416807 159.8107410645605 9
      vertex 8.737706508215856 161.4717927479819 9
      vertex 8.218629150101524 161.81862915010151 9
    endloop
  endfacet
  facet normal 0 0 1
    outer loop
      vertex 7.725 160.13541743770054 9
      vertex 7.75 162.95 9
      vertex 7.725 165.76458256229944 9
    endloop
  endfacet
  facet normal 0 0 1
    outer loop
      vertex 10.191161896583193 159.8107410645605 9
      vertex 9.962293491784143 161.4717927479819 9
      vertex 9.35 161.34999999999997 9
    endloop
  endfacet
  facet normal 0 0 1
    outer loop
      vertex 9.962293491784143 161.4717927479819 9
      vertex 10.975 160.13541743770054 9
      vertex 10.481370849898475 161.81862915010151 9
    endloop
  endfacet
  facet normal 0.6087614290087451 -0.7933533402912164 0
    outer loop
      vertex 10.975 160.13541743770054 3
      vertex 11.64809703885628 160.65190296114372 9
      vertex 10.975 160.13541743770054 9
    endloop
  endfacet
  facet normal 0.793353340291231 -0.6087614290087262 0
    outer loop
      vertex 12.164582562299426 161.325 3
      vertex 12.164582562299426 161.325 9
      vertex 11.64809703885628 160.65190296114372 9
    endloop
  endfacet
  facet normal 0.9238795325112904 -0.3826834323650808 0
    outer loop
      vertex 12.489258935439471 162.10883810341682 3
      vertex 12.489258935439471 162.10883810341682 9
      vertex 12.164582562299426 161.325 9
    endloop
  endfacet
  facet normal 0.9914448613738099 -0.13052619222005493 0
    outer loop
      vertex 12.6 162.95 3
      vertex 12.6 162.95 9
      vertex 12.489258935439471 162.10883810341682 9
    endloop
  endfacet
  facet normal 0.9914448613738099 0.13052619222005493 5.703374308825044e-19
    outer loop
      vertex 12.6 162.95 9
      vertex 12.489258935439471 163.79116189658316 3
      vertex 12.489258935439471 163.79116189658316 9
    endloop
  endfacet
  facet normal 0 0 1
    outer loop
      vertex 10.481370849898475 161.81862915010151 9
      vertex 10.975 160.13541743770054 9
      vertex 10.828207252018059 162.33770650821583 9
    endloop
  endfacet
  facet normal 0 0 1
    outer loop
      vertex 10.975 160.13541743770054 9
      vertex 10.95 162.95 9
      vertex 10.828207252018059 162.33770650821583 9
    endloop
  endfacet
  facet normal 0 0 1
    outer loop
      vertex 10.975 160.13541743770054 9
      vertex 11.64809703885628 160.65190296114372 9
      vertex 10.975 165.76458256229944 9
    endloop
  endfacet
  facet normal 0 0 1
    outer loop
      vertex 10.975 160.13541743770054 9
      vertex 10.975 165.76458256229944 9
      vertex 10.95 162.95 9
    endloop
  endfacet
  facet normal 0 0 1
    outer loop
      vertex 11.64809703885628 160.65190296114372 9
      vertex 12.164582562299426 161.325 9
      vertex 11.64809703885628 165.24809703885626 9
    endloop
  endfacet
  facet normal 0 0 1
    outer loop
      vertex 12.164582562299426 161.325 9
      vertex 12.489258935439471 162.10883810341682 9
      vertex 12.164582562299426 164.575 9
    endloop
  endfacet
  facet normal 0 0 1
    outer loop
      vertex 12.489258935439471 162.10883810341682 9
      vertex 12.489258935439471 163.79116189658316 9
      vertex 12.164582562299426 164.575 9
    endloop
  endfacet
  facet normal 0 0 1
    outer loop
      vertex 12.489258935439471 162.10883810341682 9
      vertex 12.6 162.95 9
      vertex 12.489258935439471 163.79116189658316 9
    endloop
  endfacet
  facet normal -0.9238795325112901 0.38268343236508173 4.865765136796434e-18
    outer loop
      vertex 6.210741064560528 163.79116189658316 3
      vertex 6.535417437700574 164.575 9
      vertex 6.535417437700574 164.575 3
    endloop
  endfacet
  facet normal -0.7933533402912313 0.6087614290087254 3.50398349682102e-18
    outer loop
      vertex 6.535417437700574 164.575 3
      vertex 7.051902961143719 165.24809703885626 9
      vertex 7.051902961143719 165.24809703885626 3
    endloop
  endfacet
  facet normal -0.9238795325112901 0.38268343236508173 0
    outer loop
      vertex 6.210741064560528 163.79116189658316 3
      vertex 6.210741064560528 163.79116189658316 9
      vertex 6.535417437700574 164.575 9
    endloop
  endfacet
  facet normal -0.7933533402912313 0.6087614290087254 0
    outer loop
      vertex 6.535417437700574 164.575 3
      vertex 6.535417437700574 164.575 9
      vertex 7.051902961143719 165.24809703885626 9
    endloop
  endfacet
  facet normal -0.6087614290087451 0.7933533402912164 0
    outer loop
      vertex 7.051902961143719 165.24809703885626 3
      vertex 7.051902961143719 165.24809703885626 9
      vertex 7.725 165.76458256229944 3
    endloop
  endfacet
  facet normal -0.3826834323650943 0.9238795325112849 0
    outer loop
      vertex 7.725 165.76458256229944 3
      vertex 7.725 165.76458256229944 9
      vertex 8.508838103416807 166.0892589354395 3
    endloop
  endfacet
  facet normal -0.13052619222001904 0.9914448613738148 0
    outer loop
      vertex 8.508838103416807 166.0892589354395 3
      vertex 8.508838103416807 166.0892589354395 9
      vertex 9.35 166.2 3
    endloop
  endfacet
  facet normal 0.13052619222001904 0.9914448613738148 0
    outer loop
      vertex 9.35 166.2 3
      vertex 9.35 166.2 9
      vertex 10.191161896583193 166.0892589354395 3
    endloop
  endfacet
  facet normal 0.3826834323650943 0.9238795325112849 0
    outer loop
      vertex 10.191161896583193 166.0892589354395 3
      vertex 10.191161896583193 166.0892589354395 9
      vertex 10.975 165.76458256229944 3
    endloop
  endfacet
  facet normal 0.9238795325112904 0.3826834323650808 1.038202313018956e-18
    outer loop
      vertex 12.164582562299426 164.575 3
      vertex 12.489258935439471 163.79116189658316 9
      vertex 12.489258935439471 163.79116189658316 3
    endloop
  endfacet
  facet normal 0.793353340291231 0.6087614290087262 0
    outer loop
      vertex 12.164582562299426 164.575 3
      vertex 11.64809703885628 165.24809703885626 3
      vertex 12.164582562299426 164.575 9
    endloop
  endfacet
  facet normal 0.6087614290087451 0.7933533402912164 0
    outer loop
      vertex 10.975 165.76458256229944 3
      vertex 10.975 165.76458256229944 9
      vertex 11.64809703885628 165.24809703885626 3
    endloop
  endfacet
  facet normal -0.6087614290087451 0.7933533402912164 5.442560884716338e-18
    outer loop
      vertex 7.051902961143719 165.24809703885626 9
      vertex 7.725 165.76458256229944 9
      vertex 7.725 165.76458256229944 3
    endloop
  endfacet
  facet normal -0.3826834323650943 0.9238795325112849 0
    outer loop
      vertex 8.508838103416807 166.0892589354395 3
      vertex 7.725 165.76458256229944 9
      vertex 8.508838103416807 166.0892589354395 9
    endloop
  endfacet
  facet normal -0.13052619222001904 0.9914448613738148 0
    outer loop
      vertex 9.35 166.2 3
      vertex 8.508838103416807 166.0892589354395 9
      vertex 9.35 166.2 9
    endloop
  endfacet
  facet normal 0.13052619222001904 0.9914448613738148 0
    outer loop
      vertex 10.191161896583193 166.0892589354395 3
      vertex 9.35 166.2 9
      vertex 10.191161896583193 166.0892589354395 9
    endloop
  endfacet
  facet normal 0 0 1
    outer loop
      vertex 7.725 160.13541743770054 9
      vertex 7.725 165.76458256229944 9
      vertex 7.051902961143719 165.24809703885626 9
    endloop
  endfacet
  facet normal 0 0 1
    outer loop
      vertex 7.75 162.95 9
      vertex 7.8717927479819405 163.56229349178415 9
      vertex 7.725 165.76458256229944 9
    endloop
  endfacet
  facet normal 0 0 1
    outer loop
      vertex 7.8717927479819405 163.56229349178415 9
      vertex 8.218629150101524 164.08137084989846 9
      vertex 7.725 165.76458256229944 9
    endloop
  endfacet
  facet normal 0 0 1
    outer loop
      vertex 8.218629150101524 164.08137084989846 9
      vertex 8.737706508215856 164.42820725201807 9
      vertex 7.725 165.76458256229944 9
    endloop
  endfacet
  facet normal 0 0 1
    outer loop
      vertex 8.737706508215856 164.42820725201807 9
      vertex 9.35 164.55 9
      vertex 8.508838103416807 166.0892589354395 9
    endloop
  endfacet
  facet normal 0 0 1
    outer loop
      vertex 8.737706508215856 164.42820725201807 9
      vertex 8.508838103416807 166.0892589354395 9
      vertex 7.725 165.76458256229944 9
    endloop
  endfacet
  facet normal 0 0 1
    outer loop
      vertex 9.35 164.55 9
      vertex 9.962293491784143 164.42820725201807 9
      vertex 9.35 166.2 9
    endloop
  endfacet
  facet normal 0 0 1
    outer loop
      vertex 10.481370849898475 164.08137084989846 9
      vertex 10.191161896583193 166.0892589354395 9
      vertex 9.962293491784143 164.42820725201807 9
    endloop
  endfacet
  facet normal 0 0 1
    outer loop
      vertex 8.508838103416807 166.0892589354395 9
      vertex 9.35 164.55 9
      vertex 9.35 166.2 9
    endloop
  endfacet
  facet normal 0 0 1
    outer loop
      vertex 9.962293491784143 164.42820725201807 9
      vertex 10.191161896583193 166.0892589354395 9
      vertex 9.35 166.2 9
    endloop
  endfacet
  facet normal 0 0 1
    outer loop
      vertex 10.481370849898475 164.08137084989846 9
      vertex 10.975 165.76458256229944 9
      vertex 10.191161896583193 166.0892589354395 9
    endloop
  endfacet
  facet normal 0.9238795325112904 0.3826834323650808 0
    outer loop
      vertex 12.164582562299426 164.575 3
      vertex 12.164582562299426 164.575 9
      vertex 12.489258935439471 163.79116189658316 9
    endloop
  endfacet
  facet normal 0.793353340291231 0.6087614290087262 0
    outer loop
      vertex 11.64809703885628 165.24809703885626 3
      vertex 11.64809703885628 165.24809703885626 9
      vertex 12.164582562299426 164.575 9
    endloop
  endfacet
  facet normal 0.6087614290087451 0.7933533402912164 0
    outer loop
      vertex 11.64809703885628 165.24809703885626 3
      vertex 10.975 165.76458256229944 9
      vertex 11.64809703885628 165.24809703885626 9
    endloop
  endfacet
  facet normal 0.3826834323650943 0.9238795325112849 0
    outer loop
      vertex 10.975 165.76458256229944 3
      vertex 10.191161896583193 166.0892589354395 9
      vertex 10.975 165.76458256229944 9
    endloop
  endfacet
  facet normal 0 0 1
    outer loop
      vertex 10.95 162.95 9
      vertex 10.975 165.76458256229944 9
      vertex 10.828207252018059 163.56229349178415 9
    endloop
  endfacet
  facet normal 0 0 1
    outer loop
      vertex 11.64809703885628 160.65190296114372 9
      vertex 11.64809703885628 165.24809703885626 9
      vertex 10.975 165.76458256229944 9
    endloop
  endfacet
  facet normal 0 0 1
    outer loop
      vertex 10.828207252018059 163.56229349178415 9
      vertex 10.975 165.76458256229944 9
      vertex 10.481370849898475 164.08137084989846 9
    endloop
  endfacet
  facet normal 0 0 1
    outer loop
      vertex 12.164582562299426 161.325 9
      vertex 12.164582562299426 164.575 9
      vertex 11.64809703885628 165.24809703885626 9
    endloop
  endfacet
  facet normal -0.7933533402912313 -0.6087614290087254 -3.50398349682102e-18
    outer loop
      vertex 7.051902961143719 83.18190296114375 3
      vertex 6.535417437700574 83.85500000000002 9
      vertex 6.535417437700574 83.85500000000002 3
    endloop
  endfacet
  facet normal -0.9238795325112901 -0.38268343236508173 -4.865765136796434e-18
    outer loop
      vertex 6.535417437700574 83.85500000000002 3
      vertex 6.210741064560528 84.63883810341684 9
      vertex 6.210741064560528 84.63883810341684 3
    endloop
  endfacet
  facet normal -0.7933533402912313 -0.6087614290087254 0
    outer loop
      vertex 7.051902961143719 83.18190296114375 3
      vertex 7.051902961143719 83.18190296114375 9
      vertex 6.535417437700574 83.85500000000002 9
    endloop
  endfacet
  facet normal -0.9238795325112901 -0.38268343236508173 0
    outer loop
      vertex 6.535417437700574 83.85500000000002 3
      vertex 6.535417437700574 83.85500000000002 9
      vertex 6.210741064560528 84.63883810341684 9
    endloop
  endfacet
  facet normal -0.6087614290087451 -0.7933533402912164 -5.442560884716338e-18
    outer loop
      vertex 7.051902961143719 83.18190296114375 3
      vertex 7.725 82.66541743770057 3
      vertex 7.725 82.66541743770057 9
    endloop
  endfacet
  facet normal -0.3826834323650943 -0.9238795325112849 1.448500202991304e-18
    outer loop
      vertex 7.725 82.66541743770057 3
      vertex 8.508838103416807 82.34074106456052 3
      vertex 8.508838103416807 82.34074106456052 9
    endloop
  endfacet
  facet normal -0.13052619222001904 -0.9914448613738148 -3.993560547229546e-20
    outer loop
      vertex 8.508838103416807 82.34074106456052 3
      vertex 9.35 82.23000000000002 3
      vertex 9.35 82.23000000000002 9
    endloop
  endfacet
  facet normal 0.13052619222001904 -0.9914448613738148 3.993560547229546e-20
    outer loop
      vertex 9.35 82.23000000000002 3
      vertex 10.191161896583193 82.34074106456052 3
      vertex 10.191161896583193 82.34074106456052 9
    endloop
  endfacet
  facet normal 0.3826834323650943 -0.9238795325112849 -1.448500202991304e-18
    outer loop
      vertex 10.191161896583193 82.34074106456052 3
      vertex 10.975 82.66541743770057 3
      vertex 10.975 82.66541743770057 9
    endloop
  endfacet
  facet normal 0.6087614290087451 -0.7933533402912164 5.442560884716338e-18
    outer loop
      vertex 10.975 82.66541743770057 3
      vertex 11.64809703885628 83.18190296114375 3
      vertex 11.64809703885628 83.18190296114375 9
    endloop
  endfacet
  facet normal 0.793353340291231 -0.6087614290087262 0
    outer loop
      vertex 11.64809703885628 83.18190296114375 3
      vertex 12.164582562299426 83.85500000000002 3
      vertex 11.64809703885628 83.18190296114375 9
    endloop
  endfacet
  facet normal 0.9238795325112904 -0.3826834323650808 0
    outer loop
      vertex 12.164582562299426 83.85500000000002 3
      vertex 12.489258935439471 84.63883810341684 3
      vertex 12.164582562299426 83.85500000000002 9
    endloop
  endfacet
  facet normal -0.6087614290087451 -0.7933533402912164 0
    outer loop
      vertex 7.051902961143719 83.18190296114375 3
      vertex 7.725 82.66541743770057 9
      vertex 7.051902961143719 83.18190296114375 9
    endloop
  endfacet
  facet normal -0.3826834323650943 -0.9238795325112849 0
    outer loop
      vertex 7.725 82.66541743770057 3
      vertex 8.508838103416807 82.34074106456052 9
      vertex 7.725 82.66541743770057 9
    endloop
  endfacet
  facet normal -0.13052619222001904 -0.9914448613738148 0
    outer loop
      vertex 8.508838103416807 82.34074106456052 3
      vertex 9.35 82.23000000000002 9
      vertex 8.508838103416807 82.34074106456052 9
    endloop
  endfacet
  facet normal 0.13052619222001904 -0.9914448613738148 0
    outer loop
      vertex 9.35 82.23000000000002 3
      vertex 10.191161896583193 82.34074106456052 9
      vertex 9.35 82.23000000000002 9
    endloop
  endfacet
  facet normal 0.3826834323650943 -0.9238795325112849 0
    outer loop
      vertex 10.191161896583193 82.34074106456052 3
      vertex 10.975 82.66541743770057 9
      vertex 10.191161896583193 82.34074106456052 9
    endloop
  endfacet
  facet normal 0 0 1
    outer loop
      vertex 8.508838103416807 82.34074106456052 9
      vertex 9.35 82.23000000000002 9
      vertex 8.737706508215856 84.00179274798194 9
    endloop
  endfacet
  facet normal 0 0 1
    outer loop
      vertex 7.725 82.66541743770057 9
      vertex 8.218629150101524 84.34862915010154 9
      vertex 7.8717927479819405 84.86770650821586 9
    endloop
  endfacet
  facet normal 0 0 1
    outer loop
      vertex 7.725 82.66541743770057 9
      vertex 7.8717927479819405 84.86770650821586 9
      vertex 7.75 85.48000000000002 9
    endloop
  endfacet
  facet normal 0 0 1
    outer loop
      vertex 7.725 82.66541743770057 9
      vertex 8.508838103416807 82.34074106456052 9
      vertex 8.218629150101524 84.34862915010154 9
    endloop
  endfacet
  facet normal 0 0 1
    outer loop
      vertex 8.508838103416807 82.34074106456052 9
      vertex 8.737706508215856 84.00179274798194 9
      vertex 8.218629150101524 84.34862915010154 9
    endloop
  endfacet
  facet normal 0 0 1
    outer loop
      vertex 9.35 82.23000000000002 9
      vertex 10.191161896583193 82.34074106456052 9
      vertex 9.35 83.88 9
    endloop
  endfacet
  facet normal 0 0 1
    outer loop
      vertex 10.191161896583193 82.34074106456052 9
      vertex 10.975 82.66541743770057 9
      vertex 9.962293491784143 84.00179274798194 9
    endloop
  endfacet
  facet normal 0 0 1
    outer loop
      vertex 8.737706508215856 84.00179274798194 9
      vertex 9.35 82.23000000000002 9
      vertex 9.35 83.88 9
    endloop
  endfacet
  facet normal 0 0 1
    outer loop
      vertex 10.191161896583193 82.34074106456052 9
      vertex 9.962293491784143 84.00179274798194 9
      vertex 9.35 83.88 9
    endloop
  endfacet
  facet normal 0 0 1
    outer loop
      vertex 9.962293491784143 84.00179274798194 9
      vertex 10.975 82.66541743770057 9
      vertex 10.481370849898475 84.34862915010154 9
    endloop
  endfacet
  facet normal 0.6087614290087451 -0.7933533402912164 0
    outer loop
      vertex 10.975 82.66541743770057 3
      vertex 11.64809703885628 83.18190296114375 9
      vertex 10.975 82.66541743770057 9
    endloop
  endfacet
  facet normal 0.793353340291231 -0.6087614290087262 0
    outer loop
      vertex 12.164582562299426 83.85500000000002 3
      vertex 12.164582562299426 83.85500000000002 9
      vertex 11.64809703885628 83.18190296114375 9
    endloop
  endfacet
  facet normal 0.9238795325112904 -0.3826834323650808 -1.038202313018956e-18
    outer loop
      vertex 12.164582562299426 83.85500000000002 9
      vertex 12.489258935439471 84.63883810341684 3
      vertex 12.489258935439471 84.63883810341684 9
    endloop
  endfacet
  facet normal 0 0 1
    outer loop
      vertex 10.481370849898475 84.34862915010154 9
      vertex 10.975 82.66541743770057 9
      vertex 10.828207252018059 84.86770650821586 9
    endloop
  endfacet
  facet normal 0 0 1
    outer loop
      vertex 10.975 82.66541743770057 9
      vertex 10.95 85.48000000000002 9
      vertex 10.828207252018059 84.86770650821586 9
    endloop
  endfacet
  facet normal -0.9914448613738099 -0.13052619222005493 5.703374308825044e-19
    outer loop
      vertex 6.210741064560528 84.63883810341684 3
      vertex 6.1 85.48000000000002 9
      vertex 6.1 85.48000000000002 3
    endloop
  endfacet
  facet normal -0.9914448613738099 0.13052619222005493 -5.703374308825044e-19
    outer loop
      vertex 6.1 85.48000000000002 3
      vertex 6.210741064560528 86.32116189658319 9
      vertex 6.210741064560528 86.32116189658319 3
    endloop
  endfacet
  facet normal -0.9238795325112901 0.38268343236508173 4.865765136796434e-18
    outer loop
      vertex 6.210741064560528 86.32116189658319 3
      vertex 6.535417437700574 87.10500000000002 9
      vertex 6.535417437700574 87.10500000000002 3
    endloop
  endfacet
  facet normal -0.7933533402912313 0.6087614290087254 3.50398349682102e-18
    outer loop
      vertex 6.535417437700574 87.10500000000002 3
      vertex 7.051902961143719 87.77809703885629 9
      vertex 7.051902961143719 87.77809703885629 3
    endloop
  endfacet
  facet normal -0.9914448613738099 -0.13052619222005493 0
    outer loop
      vertex 6.210741064560528 84.63883810341684 3
      vertex 6.210741064560528 84.63883810341684 9
      vertex 6.1 85.48000000000002 9
    endloop
  endfacet
  facet normal -0.9914448613738099 0.13052619222005493 0
    outer loop
      vertex 6.1 85.48000000000002 3
      vertex 6.1 85.48000000000002 9
      vertex 6.210741064560528 86.32116189658319 9
    endloop
  endfacet
  facet normal -0.9238795325112901 0.38268343236508173 0
    outer loop
      vertex 6.210741064560528 86.32116189658319 3
      vertex 6.210741064560528 86.32116189658319 9
      vertex 6.535417437700574 87.10500000000002 9
    endloop
  endfacet
  facet normal 0 0 1
    outer loop
      vertex 6.210741064560528 84.63883810341684 9
      vertex 6.210741064560528 86.32116189658319 9
      vertex 6.1 85.48000000000002 9
    endloop
  endfacet
  facet normal 0 0 1
    outer loop
      vertex 6.535417437700574 83.85500000000002 9
      vertex 6.210741064560528 86.32116189658319 9
      vertex 6.210741064560528 84.63883810341684 9
    endloop
  endfacet
  facet normal 0 0 1
    outer loop
      vertex 7.051902961143719 83.18190296114375 9
      vertex 6.535417437700574 87.10500000000002 9
      vertex 6.535417437700574 83.85500000000002 9
    endloop
  endfacet
  facet normal 0 0 1
    outer loop
      vertex 6.535417437700574 83.85500000000002 9
      vertex 6.535417437700574 87.10500000000002 9
      vertex 6.210741064560528 86.32116189658319 9
    endloop
  endfacet
  facet normal 0 0 1
    outer loop
      vertex 7.051902961143719 83.18190296114375 9
      vertex 7.051902961143719 87.77809703885629 9
      vertex 6.535417437700574 87.10500000000002 9
    endloop
  endfacet
  facet normal -0.7933533402912313 0.6087614290087254 0
    outer loop
      vertex 6.535417437700574 87.10500000000002 3
      vertex 6.535417437700574 87.10500000000002 9
      vertex 7.051902961143719 87.77809703885629 9
    endloop
  endfacet
  facet normal -0.6087614290087451 0.7933533402912164 0
    outer loop
      vertex 7.051902961143719 87.77809703885629 3
      vertex 7.051902961143719 87.77809703885629 9
      vertex 7.725 88.29458256229947 3
    endloop
  endfacet
  facet normal -0.3826834323650943 0.9238795325112849 0
    outer loop
      vertex 7.725 88.29458256229947 3
      vertex 7.725 88.29458256229947 9
      vertex 8.508838103416807 88.61925893543952 3
    endloop
  endfacet
  facet normal -0.13052619222001904 0.9914448613738148 0
    outer loop
      vertex 8.508838103416807 88.61925893543952 3
      vertex 8.508838103416807 88.61925893543952 9
      vertex 9.35 88.73000000000002 3
    endloop
  endfacet
  facet normal 0.13052619222001904 0.9914448613738148 0
    outer loop
      vertex 9.35 88.73000000000002 3
      vertex 9.35 88.73000000000002 9
      vertex 10.191161896583193 88.61925893543952 3
    endloop
  endfacet
  facet normal 0.3826834323650943 0.9238795325112849 0
    outer loop
      vertex 10.191161896583193 88.61925893543952 3
      vertex 10.191161896583193 88.61925893543952 9
      vertex 10.975 88.29458256229947 3
    endloop
  endfacet
  facet normal 0.9238795325112904 0.3826834323650808 1.038202313018956e-18
    outer loop
      vertex 12.164582562299426 87.10500000000002 3
      vertex 12.489258935439471 86.32116189658319 9
      vertex 12.489258935439471 86.32116189658319 3
    endloop
  endfacet
  facet normal 0.9914448613738099 -0.13052619222005493 0
    outer loop
      vertex 12.489258935439471 84.63883810341684 3
      vertex 12.6 85.48000000000002 3
      vertex 12.489258935439471 84.63883810341684 9
    endloop
  endfacet
  facet normal 0.9914448613738099 0.13052619222005493 0
    outer loop
      vertex 12.6 85.48000000000002 3
      vertex 12.489258935439471 86.32116189658319 3
      vertex 12.6 85.48000000000002 9
    endloop
  endfacet
  facet normal 0.6087614290087451 0.7933533402912164 0
    outer loop
      vertex 10.975 88.29458256229947 3
      vertex 10.975 88.29458256229947 9
      vertex 11.64809703885628 87.77809703885629 3
    endloop
  endfacet
  facet normal 0.793353340291231 0.6087614290087262 0
    outer loop
      vertex 12.164582562299426 87.10500000000002 3
      vertex 11.64809703885628 87.77809703885629 3
      vertex 12.164582562299426 87.10500000000002 9
    endloop
  endfacet
  facet normal 0 0 1
    outer loop
      vertex 7.051902961143719 83.18190296114375 9
      vertex 7.725 82.66541743770057 9
      vertex 7.051902961143719 87.77809703885629 9
    endloop
  endfacet
  facet normal 0 0 1
    outer loop
      vertex 7.725 82.66541743770057 9
      vertex 7.75 85.48000000000002 9
      vertex 7.725 88.29458256229947 9
    endloop
  endfacet
  facet normal 0 0 1
    outer loop
      vertex 7.725 82.66541743770057 9
      vertex 7.725 88.29458256229947 9
      vertex 7.051902961143719 87.77809703885629 9
    endloop
  endfacet
  facet normal 0 0 1
    outer loop
      vertex 7.75 85.48000000000002 9
      vertex 7.8717927479819405 86.09229349178418 9
      vertex 7.725 88.29458256229947 9
    endloop
  endfacet
  facet normal 0 0 1
    outer loop
      vertex 7.8717927479819405 86.09229349178418 9
      vertex 8.218629150101524 86.61137084989849 9
      vertex 7.725 88.29458256229947 9
    endloop
  endfacet
  facet normal 0 0 1
    outer loop
      vertex 8.218629150101524 86.61137084989849 9
      vertex 8.737706508215856 86.9582072520181 9
      vertex 7.725 88.29458256229947 9
    endloop
  endfacet
  facet normal -0.6087614290087451 0.7933533402912164 5.442560884716338e-18
    outer loop
      vertex 7.051902961143719 87.77809703885629 9
      vertex 7.725 88.29458256229947 9
      vertex 7.725 88.29458256229947 3
    endloop
  endfacet
  facet normal -0.3826834323650943 0.9238795325112849 0
    outer loop
      vertex 8.508838103416807 88.61925893543952 3
      vertex 7.725 88.29458256229947 9
      vertex 8.508838103416807 88.61925893543952 9
    endloop
  endfacet
  facet normal -0.13052619222001904 0.9914448613738148 0
    outer loop
      vertex 9.35 88.73000000000002 3
      vertex 8.508838103416807 88.61925893543952 9
      vertex 9.35 88.73000000000002 9
    endloop
  endfacet
  facet normal 0.13052619222001904 0.9914448613738148 0
    outer loop
      vertex 10.191161896583193 88.61925893543952 3
      vertex 9.35 88.73000000000002 9
      vertex 10.191161896583193 88.61925893543952 9
    endloop
  endfacet
  facet normal 0 0 1
    outer loop
      vertex 8.737706508215856 86.9582072520181 9
      vertex 8.508838103416807 88.61925893543952 9
      vertex 7.725 88.29458256229947 9
    endloop
  endfacet
  facet normal 0 0 1
    outer loop
      vertex 8.737706508215856 86.9582072520181 9
      vertex 9.35 87.08000000000004 9
      vertex 8.508838103416807 88.61925893543952 9
    endloop
  endfacet
  facet normal 0 0 1
    outer loop
      vertex 9.35 87.08000000000004 9
      vertex 9.962293491784143 86.9582072520181 9
      vertex 9.35 88.73000000000002 9
    endloop
  endfacet
  facet normal 0 0 1
    outer loop
      vertex 9.35 87.08000000000004 9
      vertex 9.35 88.73000000000002 9
      vertex 8.508838103416807 88.61925893543952 9
    endloop
  endfacet
  facet normal 0 0 1
    outer loop
      vertex 10.481370849898475 86.61137084989849 9
      vertex 10.191161896583193 88.61925893543952 9
      vertex 9.962293491784143 86.9582072520181 9
    endloop
  endfacet
  facet normal 0 0 1
    outer loop
      vertex 10.481370849898475 86.61137084989849 9
      vertex 10.975 88.29458256229947 9
      vertex 10.191161896583193 88.61925893543952 9
    endloop
  endfacet
  facet normal 0 0 1
    outer loop
      vertex 9.962293491784143 86.9582072520181 9
      vertex 10.191161896583193 88.61925893543952 9
      vertex 9.35 88.73000000000002 9
    endloop
  endfacet
  facet normal 0.9238795325112904 0.3826834323650808 0
    outer loop
      vertex 12.164582562299426 87.10500000000002 3
      vertex 12.164582562299426 87.10500000000002 9
      vertex 12.489258935439471 86.32116189658319 9
    endloop
  endfacet
  facet normal 0.9914448613738099 -0.13052619222005493 0
    outer loop
      vertex 12.6 85.48000000000002 3
      vertex 12.6 85.48000000000002 9
      vertex 12.489258935439471 84.63883810341684 9
    endloop
  endfacet
  facet normal 0.9914448613738099 0.13052619222005493 0
    outer loop
      vertex 12.489258935439471 86.32116189658319 3
      vertex 12.489258935439471 86.32116189658319 9
      vertex 12.6 85.48000000000002 9
    endloop
  endfacet
  facet normal 0 0 1
    outer loop
      vertex 10.975 82.66541743770057 9
      vertex 11.64809703885628 83.18190296114375 9
      vertex 10.975 88.29458256229947 9
    endloop
  endfacet
  facet normal 0 0 1
    outer loop
      vertex 10.975 82.66541743770057 9
      vertex 10.975 88.29458256229947 9
      vertex 10.95 85.48000000000002 9
    endloop
  endfacet
  facet normal 0 0 1
    outer loop
      vertex 11.64809703885628 83.18190296114375 9
      vertex 12.164582562299426 83.85500000000002 9
      vertex 11.64809703885628 87.77809703885629 9
    endloop
  endfacet
  facet normal 0 0 1
    outer loop
      vertex 12.164582562299426 83.85500000000002 9
      vertex 12.489258935439471 84.63883810341684 9
      vertex 12.164582562299426 87.10500000000002 9
    endloop
  endfacet
  facet normal 0 0 1
    outer loop
      vertex 11.64809703885628 83.18190296114375 9
      vertex 11.64809703885628 87.77809703885629 9
      vertex 10.975 88.29458256229947 9
    endloop
  endfacet
  facet normal 0 0 1
    outer loop
      vertex 10.95 85.48000000000002 9
      vertex 10.975 88.29458256229947 9
      vertex 10.828207252018059 86.09229349178418 9
    endloop
  endfacet
  facet normal 0 0 1
    outer loop
      vertex 10.481370849898475 86.61137084989849 9
      vertex 10.828207252018059 86.09229349178418 9
      vertex 10.975 88.29458256229947 9
    endloop
  endfacet
  facet normal 0 0 1
    outer loop
      vertex 12.164582562299426 83.85500000000002 9
      vertex 12.164582562299426 87.10500000000002 9
      vertex 11.64809703885628 87.77809703885629 9
    endloop
  endfacet
  facet normal 0 0 1
    outer loop
      vertex 12.164582562299426 87.10500000000002 9
      vertex 12.489258935439471 84.63883810341684 9
      vertex 12.489258935439471 86.32116189658319 9
    endloop
  endfacet
  facet normal 0 0 1
    outer loop
      vertex 12.489258935439471 84.63883810341684 9
      vertex 12.6 85.48000000000002 9
      vertex 12.489258935439471 86.32116189658319 9
    endloop
  endfacet
  facet normal 0.6087614290087451 0.7933533402912164 0
    outer loop
      vertex 11.64809703885628 87.77809703885629 3
      vertex 10.975 88.29458256229947 9
      vertex 11.64809703885628 87.77809703885629 9
    endloop
  endfacet
  facet normal 0.3826834323650943 0.9238795325112849 0
    outer loop
      vertex 10.975 88.29458256229947 3
      vertex 10.191161896583193 88.61925893543952 9
      vertex 10.975 88.29458256229947 9
    endloop
  endfacet
  facet normal 0.793353340291231 0.6087614290087262 0
    outer loop
      vertex 11.64809703885628 87.77809703885629 3
      vertex 11.64809703885628 87.77809703885629 9
      vertex 12.164582562299426 87.10500000000002 9
    endloop
  endfacet
  facet normal 0.8314696123025406 0.5555702330196092 -5.887240550333412e-20
    outer loop
      vertex 211.41862915010154 161.81862915010151 3
      vertex 211.07179274798196 162.33770650821583 3
      vertex 211.07179274798196 162.33770650821583 9
    endloop
  endfacet
  facet normal 0.5555702330196407 0.8314696123025196 3.3851475538603216e-18
    outer loop
      vertex 211.93770650821585 161.4717927479819 3
      vertex 211.41862915010154 161.81862915010151 3
      vertex 211.41862915010154 161.81862915010151 9
    endloop
  endfacet
  facet normal 0.980785280403231 0.19509032201612567 -1.4539956525362302e-18
    outer loop
      vertex 211.07179274798196 162.33770650821583 3
      vertex 210.95000000000002 162.95 3
      vertex 210.95000000000002 162.95 9
    endloop
  endfacet
  facet normal 0.980785280403231 -0.19509032201612567 1.4539956525362302e-18
    outer loop
      vertex 210.95000000000002 162.95 3
      vertex 211.07179274798196 163.56229349178415 3
      vertex 211.07179274798196 163.56229349178415 9
    endloop
  endfacet
  facet normal 0.19509032201612567 0.980785280403231 0
    outer loop
      vertex 211.93770650821585 161.4717927479819 3
      vertex 211.93770650821585 161.4717927479819 9
      vertex 212.55 161.34999999999997 3
    endloop
  endfacet
  facet normal -0.19509032201612567 0.980785280403231 0
    outer loop
      vertex 212.55 161.34999999999997 3
      vertex 212.55 161.34999999999997 9
      vertex 213.16229349178417 161.4717927479819 3
    endloop
  endfacet
  facet normal -0.5555702330196407 0.8314696123025196 0
    outer loop
      vertex 213.16229349178417 161.4717927479819 3
      vertex 213.16229349178417 161.4717927479819 9
      vertex 213.68137084989849 161.81862915010151 3
    endloop
  endfacet
  facet normal 0.8314696123025406 0.5555702330196092 0
    outer loop
      vertex 211.41862915010154 161.81862915010151 3
      vertex 211.07179274798196 162.33770650821583 9
      vertex 211.41862915010154 161.81862915010151 9
    endloop
  endfacet
  facet normal 0.5555702330196407 0.8314696123025196 0
    outer loop
      vertex 211.93770650821585 161.4717927479819 3
      vertex 211.41862915010154 161.81862915010151 9
      vertex 211.93770650821585 161.4717927479819 9
    endloop
  endfacet
  facet normal 0.980785280403231 0.19509032201612567 0
    outer loop
      vertex 211.07179274798196 162.33770650821583 3
      vertex 210.95000000000002 162.95 9
      vertex 211.07179274798196 162.33770650821583 9
    endloop
  endfacet
  facet normal 0.980785280403231 -0.19509032201612567 0
    outer loop
      vertex 210.95000000000002 162.95 3
      vertex 211.07179274798196 163.56229349178415 9
      vertex 210.95000000000002 162.95 9
    endloop
  endfacet
  facet normal 0.19509032201612567 0.980785280403231 0
    outer loop
      vertex 212.55 161.34999999999997 3
      vertex 211.93770650821585 161.4717927479819 9
      vertex 212.55 161.34999999999997 9
    endloop
  endfacet
  facet normal -0.19509032201612567 0.980785280403231 0
    outer loop
      vertex 213.16229349178417 161.4717927479819 3
      vertex 212.55 161.34999999999997 9
      vertex 213.16229349178417 161.4717927479819 9
    endloop
  endfacet
  facet normal -0.5555702330196407 0.8314696123025196 0
    outer loop
      vertex 213.68137084989849 161.81862915010151 3
      vertex 213.16229349178417 161.4717927479819 9
      vertex 213.68137084989849 161.81862915010151 9
    endloop
  endfacet
  facet normal 0.8314696123025406 -0.5555702330196092 5.887240550333412e-20
    outer loop
      vertex 211.07179274798196 163.56229349178415 3
      vertex 211.41862915010154 164.08137084989846 3
      vertex 211.41862915010154 164.08137084989846 9
    endloop
  endfacet
  facet normal 0.5555702330196407 -0.8314696123025196 -3.3851475538603216e-18
    outer loop
      vertex 211.41862915010154 164.08137084989846 3
      vertex 211.93770650821585 164.42820725201807 3
      vertex 211.93770650821585 164.42820725201807 9
    endloop
  endfacet
  facet normal 0.19509032201612567 -0.980785280403231 1.4539956525362302e-18
    outer loop
      vertex 211.93770650821585 164.42820725201807 3
      vertex 212.55 164.55 3
      vertex 212.55 164.55 9
    endloop
  endfacet
  facet normal -0.5555702330196407 -0.8314696123025196 0
    outer loop
      vertex 213.68137084989849 164.08137084989846 3
      vertex 213.68137084989849 164.08137084989846 9
      vertex 213.16229349178417 164.42820725201807 3
    endloop
  endfacet
  facet normal -0.19509032201612567 -0.980785280403231 -1.4539956525362302e-18
    outer loop
      vertex 212.55 164.55 3
      vertex 213.16229349178417 164.42820725201807 3
      vertex 213.16229349178417 164.42820725201807 9
    endloop
  endfacet
  facet normal 0.8314696123025406 -0.5555702330196092 0
    outer loop
      vertex 211.07179274798196 163.56229349178415 3
      vertex 211.41862915010154 164.08137084989846 9
      vertex 211.07179274798196 163.56229349178415 9
    endloop
  endfacet
  facet normal 0.5555702330196407 -0.8314696123025196 0
    outer loop
      vertex 211.41862915010154 164.08137084989846 3
      vertex 211.93770650821585 164.42820725201807 9
      vertex 211.41862915010154 164.08137084989846 9
    endloop
  endfacet
  facet normal 0.19509032201612567 -0.980785280403231 0
    outer loop
      vertex 211.93770650821585 164.42820725201807 3
      vertex 212.55 164.55 9
      vertex 211.93770650821585 164.42820725201807 9
    endloop
  endfacet
  facet normal -0.19509032201612567 -0.980785280403231 0
    outer loop
      vertex 212.55 164.55 3
      vertex 213.16229349178417 164.42820725201807 9
      vertex 212.55 164.55 9
    endloop
  endfacet
  facet normal -0.5555702330196407 -0.8314696123025196 0
    outer loop
      vertex 213.16229349178417 164.42820725201807 3
      vertex 213.68137084989849 164.08137084989846 9
      vertex 213.16229349178417 164.42820725201807 9
    endloop
  endfacet
  facet normal -0.8314696123025406 0.5555702330196092 0
    outer loop
      vertex 213.68137084989849 161.81862915010151 3
      vertex 213.68137084989849 161.81862915010151 9
      vertex 214.02820725201806 162.33770650821583 3
    endloop
  endfacet
  facet normal -0.980785280403231 0.19509032201612567 0
    outer loop
      vertex 214.02820725201806 162.33770650821583 3
      vertex 214.02820725201806 162.33770650821583 9
      vertex 214.15 162.95 3
    endloop
  endfacet
  facet normal -0.980785280403231 -0.19509032201612567 0
    outer loop
      vertex 214.15 162.95 3
      vertex 214.15 162.95 9
      vertex 214.02820725201806 163.56229349178415 3
    endloop
  endfacet
  facet normal -0.8314696123025406 0.5555702330196092 5.887240550333412e-20
    outer loop
      vertex 213.68137084989849 161.81862915010151 9
      vertex 214.02820725201806 162.33770650821583 9
      vertex 214.02820725201806 162.33770650821583 3
    endloop
  endfacet
  facet normal -0.980785280403231 0.19509032201612567 0
    outer loop
      vertex 214.15 162.95 3
      vertex 214.02820725201806 162.33770650821583 9
      vertex 214.15 162.95 9
    endloop
  endfacet
  facet normal -0.980785280403231 -0.19509032201612567 0
    outer loop
      vertex 214.02820725201806 163.56229349178415 3
      vertex 214.15 162.95 9
      vertex 214.02820725201806 163.56229349178415 9
    endloop
  endfacet
  facet normal -0.8314696123025406 -0.5555702330196092 -5.887240550333412e-20
    outer loop
      vertex 213.68137084989849 164.08137084989846 3
      vertex 214.02820725201806 163.56229349178415 3
      vertex 214.02820725201806 163.56229349178415 9
    endloop
  endfacet
  facet normal -0.8314696123025406 -0.5555702330196092 0
    outer loop
      vertex 213.68137084989849 164.08137084989846 3
      vertex 214.02820725201806 163.56229349178415 9
      vertex 213.68137084989849 164.08137084989846 9
    endloop
  endfacet
  facet normal 0.5555702330196407 0.8314696123025196 0
    outer loop
      vertex 211.41862915010154 84.34862915010154 3
      vertex 211.41862915010154 84.34862915010154 9
      vertex 211.93770650821585 84.00179274798194 3
    endloop
  endfacet
  facet normal 0.19509032201612567 0.980785280403231 0
    outer loop
      vertex 211.93770650821585 84.00179274798194 3
      vertex 211.93770650821585 84.00179274798194 9
      vertex 212.55 83.88 3
    endloop
  endfacet
  facet normal -0.19509032201612567 0.980785280403231 0
    outer loop
      vertex 212.55 83.88 3
      vertex 212.55 83.88 9
      vertex 213.16229349178417 84.00179274798194 3
    endloop
  endfacet
  facet normal -0.5555702330196407 0.8314696123025196 0
    outer loop
      vertex 213.16229349178417 84.00179274798194 3
      vertex 213.16229349178417 84.00179274798194 9
      vertex 213.68137084989849 84.34862915010154 3
    endloop
  endfacet
  facet normal 0.5555702330196407 0.8314696123025196 0
    outer loop
      vertex 211.93770650821585 84.00179274798194 3
      vertex 211.41862915010154 84.34862915010154 9
      vertex 211.93770650821585 84.00179274798194 9
    endloop
  endfacet
  facet normal 0.19509032201612567 0.980785280403231 0
    outer loop
      vertex 212.55 83.88 3
      vertex 211.93770650821585 84.00179274798194 9
      vertex 212.55 83.88 9
    endloop
  endfacet
  facet normal -0.19509032201612567 0.980785280403231 0
    outer loop
      vertex 213.16229349178417 84.00179274798194 3
      vertex 212.55 83.88 9
      vertex 213.16229349178417 84.00179274798194 9
    endloop
  endfacet
  facet normal -0.5555702330196407 0.8314696123025196 0
    outer loop
      vertex 213.68137084989849 84.34862915010154 3
      vertex 213.16229349178417 84.00179274798194 9
      vertex 213.68137084989849 84.34862915010154 9
    endloop
  endfacet
  facet normal 0.980785280403231 0.19509032201612567 -1.4539956525362302e-18
    outer loop
      vertex 211.07179274798196 84.86770650821586 3
      vertex 210.95000000000002 85.48000000000002 3
      vertex 210.95000000000002 85.48000000000002 9
    endloop
  endfacet
  facet normal 0.980785280403231 -0.19509032201612567 1.4539956525362302e-18
    outer loop
      vertex 210.95000000000002 85.48000000000002 3
      vertex 211.07179274798196 86.09229349178418 3
      vertex 211.07179274798196 86.09229349178418 9
    endloop
  endfacet
  facet normal 0.8314696123025406 0.5555702330196092 -5.887240550333412e-20
    outer loop
      vertex 211.41862915010154 84.34862915010154 3
      vertex 211.07179274798196 84.86770650821586 3
      vertex 211.07179274798196 84.86770650821586 9
    endloop
  endfacet
  facet normal 0.8314696123025406 -0.5555702330196092 5.887240550333412e-20
    outer loop
      vertex 211.07179274798196 86.09229349178418 3
      vertex 211.41862915010154 86.61137084989849 3
      vertex 211.41862915010154 86.61137084989849 9
    endloop
  endfacet
  facet normal 0.5555702330196407 -0.8314696123025196 -3.3851475538603216e-18
    outer loop
      vertex 211.41862915010154 86.61137084989849 3
      vertex 211.93770650821585 86.9582072520181 3
      vertex 211.93770650821585 86.9582072520181 9
    endloop
  endfacet
  facet normal 0.19509032201612567 -0.980785280403231 1.4539956525362302e-18
    outer loop
      vertex 211.93770650821585 86.9582072520181 3
      vertex 212.55 87.08000000000004 3
      vertex 212.55 87.08000000000004 9
    endloop
  endfacet
  facet normal -0.19509032201612567 -0.980785280403231 -1.4539956525362302e-18
    outer loop
      vertex 212.55 87.08000000000004 3
      vertex 213.16229349178417 86.9582072520181 3
      vertex 213.16229349178417 86.9582072520181 9
    endloop
  endfacet
  facet normal -0.5555702330196407 -0.8314696123025196 0
    outer loop
      vertex 213.68137084989849 86.61137084989849 3
      vertex 213.68137084989849 86.61137084989849 9
      vertex 213.16229349178417 86.9582072520181 3
    endloop
  endfacet
  facet normal 0.980785280403231 0.19509032201612567 0
    outer loop
      vertex 211.07179274798196 84.86770650821586 3
      vertex 210.95000000000002 85.48000000000002 9
      vertex 211.07179274798196 84.86770650821586 9
    endloop
  endfacet
  facet normal 0.980785280403231 -0.19509032201612567 0
    outer loop
      vertex 210.95000000000002 85.48000000000002 3
      vertex 211.07179274798196 86.09229349178418 9
      vertex 210.95000000000002 85.48000000000002 9
    endloop
  endfacet
  facet normal 0.8314696123025406 0.5555702330196092 0
    outer loop
      vertex 211.41862915010154 84.34862915010154 3
      vertex 211.07179274798196 84.86770650821586 9
      vertex 211.41862915010154 84.34862915010154 9
    endloop
  endfacet
  facet normal 0.8314696123025406 -0.5555702330196092 0
    outer loop
      vertex 211.07179274798196 86.09229349178418 3
      vertex 211.41862915010154 86.61137084989849 9
      vertex 211.07179274798196 86.09229349178418 9
    endloop
  endfacet
  facet normal 0.5555702330196407 -0.8314696123025196 0
    outer loop
      vertex 211.41862915010154 86.61137084989849 3
      vertex 211.93770650821585 86.9582072520181 9
      vertex 211.41862915010154 86.61137084989849 9
    endloop
  endfacet
  facet normal 0.19509032201612567 -0.980785280403231 0
    outer loop
      vertex 211.93770650821585 86.9582072520181 3
      vertex 212.55 87.08000000000004 9
      vertex 211.93770650821585 86.9582072520181 9
    endloop
  endfacet
  facet normal -0.19509032201612567 -0.980785280403231 0
    outer loop
      vertex 212.55 87.08000000000004 3
      vertex 213.16229349178417 86.9582072520181 9
      vertex 212.55 87.08000000000004 9
    endloop
  endfacet
  facet normal -0.5555702330196407 -0.8314696123025196 0
    outer loop
      vertex 213.16229349178417 86.9582072520181 3
      vertex 213.68137084989849 86.61137084989849 9
      vertex 213.16229349178417 86.9582072520181 9
    endloop
  endfacet
  facet normal -0.8314696123025406 0.5555702330196092 0
    outer loop
      vertex 213.68137084989849 84.34862915010154 3
      vertex 213.68137084989849 84.34862915010154 9
      vertex 214.02820725201806 84.86770650821586 3
    endloop
  endfacet
  facet normal -0.980785280403231 0.19509032201612567 0
    outer loop
      vertex 214.02820725201806 84.86770650821586 3
      vertex 214.02820725201806 84.86770650821586 9
      vertex 214.15 85.48000000000002 3
    endloop
  endfacet
  facet normal -0.980785280403231 -0.19509032201612567 0
    outer loop
      vertex 214.15 85.48000000000002 3
      vertex 214.15 85.48000000000002 9
      vertex 214.02820725201806 86.09229349178418 3
    endloop
  endfacet
  facet normal -0.8314696123025406 -0.5555702330196092 -5.887240550333412e-20
    outer loop
      vertex 213.68137084989849 86.61137084989849 3
      vertex 214.02820725201806 86.09229349178418 3
      vertex 214.02820725201806 86.09229349178418 9
    endloop
  endfacet
  facet normal -0.8314696123025406 0.5555702330196092 5.887240550333412e-20
    outer loop
      vertex 213.68137084989849 84.34862915010154 9
      vertex 214.02820725201806 84.86770650821586 9
      vertex 214.02820725201806 84.86770650821586 3
    endloop
  endfacet
  facet normal -0.980785280403231 0.19509032201612567 0
    outer loop
      vertex 214.15 85.48000000000002 3
      vertex 214.02820725201806 84.86770650821586 9
      vertex 214.15 85.48000000000002 9
    endloop
  endfacet
  facet normal -0.980785280403231 -0.19509032201612567 0
    outer loop
      vertex 214.02820725201806 86.09229349178418 3
      vertex 214.15 85.48000000000002 9
      vertex 214.02820725201806 86.09229349178418 9
    endloop
  endfacet
  facet normal -0.8314696123025406 -0.5555702330196092 0
    outer loop
      vertex 213.68137084989849 86.61137084989849 3
      vertex 214.02820725201806 86.09229349178418 9
      vertex 213.68137084989849 86.61137084989849 9
    endloop
  endfacet
  facet normal 0.5555702330196407 0.8314696123025196 0
    outer loop
      vertex 133.61862915010153 84.34862915010154 3
      vertex 133.61862915010153 84.34862915010154 9
      vertex 134.13770650821584 84.00179274798194 3
    endloop
  endfacet
  facet normal 0.19509032201612567 0.980785280403231 0
    outer loop
      vertex 134.13770650821584 84.00179274798194 3
      vertex 134.13770650821584 84.00179274798194 9
      vertex 134.75 83.88 3
    endloop
  endfacet
  facet normal -0.19509032201612567 0.980785280403231 0
    outer loop
      vertex 134.75 83.88 3
      vertex 134.75 83.88 9
      vertex 135.36229349178416 84.00179274798194 3
    endloop
  endfacet
  facet normal 0.5555702330196407 0.8314696123025196 0
    outer loop
      vertex 134.13770650821584 84.00179274798194 3
      vertex 133.61862915010153 84.34862915010154 9
      vertex 134.13770650821584 84.00179274798194 9
    endloop
  endfacet
  facet normal 0.19509032201612567 0.980785280403231 0
    outer loop
      vertex 134.75 83.88 3
      vertex 134.13770650821584 84.00179274798194 9
      vertex 134.75 83.88 9
    endloop
  endfacet
  facet normal -0.19509032201612567 0.980785280403231 0
    outer loop
      vertex 135.36229349178416 84.00179274798194 3
      vertex 134.75 83.88 9
      vertex 135.36229349178416 84.00179274798194 9
    endloop
  endfacet
  facet normal -0.5555702330196407 0.8314696123025196 0
    outer loop
      vertex 135.36229349178416 84.00179274798194 3
      vertex 135.36229349178416 84.00179274798194 9
      vertex 135.88137084989847 84.34862915010154 3
    endloop
  endfacet
  facet normal -0.5555702330196407 0.8314696123025196 -3.3851475538603216e-18
    outer loop
      vertex 135.36229349178416 84.00179274798194 9
      vertex 135.88137084989847 84.34862915010154 9
      vertex 135.88137084989847 84.34862915010154 3
    endloop
  endfacet
  facet normal 0.8314696123025406 0.5555702330196092 -5.887240550333412e-20
    outer loop
      vertex 133.61862915010153 84.34862915010154 3
      vertex 133.27179274798195 84.86770650821586 3
      vertex 133.27179274798195 84.86770650821586 9
    endloop
  endfacet
  facet normal 0.980785280403231 0.19509032201612567 -1.4539956525362302e-18
    outer loop
      vertex 133.27179274798195 84.86770650821586 3
      vertex 133.15 85.48000000000002 3
      vertex 133.15 85.48000000000002 9
    endloop
  endfacet
  facet normal 0.980785280403231 -0.19509032201612567 1.4539956525362302e-18
    outer loop
      vertex 133.15 85.48000000000002 3
      vertex 133.27179274798195 86.09229349178418 3
      vertex 133.27179274798195 86.09229349178418 9
    endloop
  endfacet
  facet normal 0.8314696123025406 -0.5555702330196092 5.887240550333412e-20
    outer loop
      vertex 133.27179274798195 86.09229349178418 3
      vertex 133.61862915010153 86.61137084989849 3
      vertex 133.61862915010153 86.61137084989849 9
    endloop
  endfacet
  facet normal 0.5555702330196407 -0.8314696123025196 -3.3851475538603216e-18
    outer loop
      vertex 133.61862915010153 86.61137084989849 3
      vertex 134.13770650821584 86.9582072520181 3
      vertex 134.13770650821584 86.9582072520181 9
    endloop
  endfacet
  facet normal 0.19509032201612567 -0.980785280403231 1.4539956525362302e-18
    outer loop
      vertex 134.13770650821584 86.9582072520181 3
      vertex 134.75 87.08000000000004 3
      vertex 134.75 87.08000000000004 9
    endloop
  endfacet
  facet normal -0.19509032201612567 -0.980785280403231 -1.4539956525362302e-18
    outer loop
      vertex 134.75 87.08000000000004 3
      vertex 135.36229349178416 86.9582072520181 3
      vertex 135.36229349178416 86.9582072520181 9
    endloop
  endfacet
  facet normal 0.8314696123025406 0.5555702330196092 0
    outer loop
      vertex 133.61862915010153 84.34862915010154 3
      vertex 133.27179274798195 84.86770650821586 9
      vertex 133.61862915010153 84.34862915010154 9
    endloop
  endfacet
  facet normal 0.980785280403231 0.19509032201612567 0
    outer loop
      vertex 133.27179274798195 84.86770650821586 3
      vertex 133.15 85.48000000000002 9
      vertex 133.27179274798195 84.86770650821586 9
    endloop
  endfacet
  facet normal 0.980785280403231 -0.19509032201612567 0
    outer loop
      vertex 133.15 85.48000000000002 3
      vertex 133.27179274798195 86.09229349178418 9
      vertex 133.15 85.48000000000002 9
    endloop
  endfacet
  facet normal 0.8314696123025406 -0.5555702330196092 0
    outer loop
      vertex 133.27179274798195 86.09229349178418 3
      vertex 133.61862915010153 86.61137084989849 9
      vertex 133.27179274798195 86.09229349178418 9
    endloop
  endfacet
  facet normal 0.5555702330196407 -0.8314696123025196 0
    outer loop
      vertex 133.61862915010153 86.61137084989849 3
      vertex 134.13770650821584 86.9582072520181 9
      vertex 133.61862915010153 86.61137084989849 9
    endloop
  endfacet
  facet normal 0.19509032201612567 -0.980785280403231 0
    outer loop
      vertex 134.13770650821584 86.9582072520181 3
      vertex 134.75 87.08000000000004 9
      vertex 134.13770650821584 86.9582072520181 9
    endloop
  endfacet
  facet normal -0.19509032201612567 -0.980785280403231 0
    outer loop
      vertex 134.75 87.08000000000004 3
      vertex 135.36229349178416 86.9582072520181 9
      vertex 134.75 87.08000000000004 9
    endloop
  endfacet
  facet normal -0.8314696123025406 0.5555702330196092 0
    outer loop
      vertex 135.88137084989847 84.34862915010154 3
      vertex 135.88137084989847 84.34862915010154 9
      vertex 136.22820725201805 84.86770650821586 3
    endloop
  endfacet
  facet normal -0.980785280403231 0.19509032201612567 0
    outer loop
      vertex 136.22820725201805 84.86770650821586 3
      vertex 136.22820725201805 84.86770650821586 9
      vertex 136.35 85.48000000000002 3
    endloop
  endfacet
  facet normal -0.980785280403231 -0.19509032201612567 0
    outer loop
      vertex 136.35 85.48000000000002 3
      vertex 136.35 85.48000000000002 9
      vertex 136.22820725201805 86.09229349178418 3
    endloop
  endfacet
  facet normal -0.8314696123025406 -0.5555702330196092 0
    outer loop
      vertex 136.22820725201805 86.09229349178418 3
      vertex 136.22820725201805 86.09229349178418 9
      vertex 135.88137084989847 86.61137084989849 3
    endloop
  endfacet
  facet normal -0.5555702330196407 -0.8314696123025196 3.3851475538603216e-18
    outer loop
      vertex 135.36229349178416 86.9582072520181 3
      vertex 135.88137084989847 86.61137084989849 3
      vertex 135.88137084989847 86.61137084989849 9
    endloop
  endfacet
  facet normal -0.8314696123025406 0.5555702330196092 5.887240550333412e-20
    outer loop
      vertex 135.88137084989847 84.34862915010154 9
      vertex 136.22820725201805 84.86770650821586 9
      vertex 136.22820725201805 84.86770650821586 3
    endloop
  endfacet
  facet normal -0.980785280403231 0.19509032201612567 0
    outer loop
      vertex 136.35 85.48000000000002 3
      vertex 136.22820725201805 84.86770650821586 9
      vertex 136.35 85.48000000000002 9
    endloop
  endfacet
  facet normal -0.980785280403231 -0.19509032201612567 0
    outer loop
      vertex 136.22820725201805 86.09229349178418 3
      vertex 136.35 85.48000000000002 9
      vertex 136.22820725201805 86.09229349178418 9
    endloop
  endfacet
  facet normal -0.8314696123025406 -0.5555702330196092 0
    outer loop
      vertex 135.88137084989847 86.61137084989849 3
      vertex 136.22820725201805 86.09229349178418 9
      vertex 135.88137084989847 86.61137084989849 9
    endloop
  endfacet
  facet normal -0.5555702330196407 -0.8314696123025196 0
    outer loop
      vertex 135.36229349178416 86.9582072520181 3
      vertex 135.88137084989847 86.61137084989849 9
      vertex 135.36229349178416 86.9582072520181 9
    endloop
  endfacet
  facet normal 0.8314696123025367 0.5555702330196151 2.4393603344360702e-18
    outer loop
      vertex 8.218629150101524 161.81862915010151 3
      vertex 7.8717927479819405 162.33770650821583 3
      vertex 7.8717927479819405 162.33770650821583 9
    endloop
  endfacet
  facet normal 0.5555702330196288 0.8314696123025275 -2.3780451768846175e-18
    outer loop
      vertex 8.737706508215856 161.4717927479819 3
      vertex 8.218629150101524 161.81862915010151 3
      vertex 8.218629150101524 161.81862915010151 9
    endloop
  endfacet
  facet normal 0.9807852804032315 0.19509032201612295 -6.99458004531974e-20
    outer loop
      vertex 7.8717927479819405 162.33770650821583 3
      vertex 7.75 162.95 3
      vertex 7.75 162.95 9
    endloop
  endfacet
  facet normal 0.9807852804032315 -0.19509032201612295 6.99458004531974e-20
    outer loop
      vertex 7.75 162.95 3
      vertex 7.8717927479819405 163.56229349178415 3
      vertex 7.8717927479819405 163.56229349178415 9
    endloop
  endfacet
  facet normal 0.19509032201613002 0.9807852804032301 0
    outer loop
      vertex 8.737706508215856 161.4717927479819 3
      vertex 8.737706508215856 161.4717927479819 9
      vertex 9.35 161.34999999999997 3
    endloop
  endfacet
  facet normal -0.19509032201613002 0.9807852804032301 0
    outer loop
      vertex 9.35 161.34999999999997 3
      vertex 9.35 161.34999999999997 9
      vertex 9.962293491784143 161.4717927479819 3
    endloop
  endfacet
  facet normal -0.5555702330196288 0.8314696123025275 0
    outer loop
      vertex 9.962293491784143 161.4717927479819 3
      vertex 9.962293491784143 161.4717927479819 9
      vertex 10.481370849898475 161.81862915010151 3
    endloop
  endfacet
  facet normal -0.8314696123025367 0.5555702330196151 0
    outer loop
      vertex 10.481370849898475 161.81862915010151 3
      vertex 10.481370849898475 161.81862915010151 9
      vertex 10.828207252018059 162.33770650821583 3
    endloop
  endfacet
  facet normal -0.9807852804032315 0.19509032201612295 0
    outer loop
      vertex 10.828207252018059 162.33770650821583 3
      vertex 10.828207252018059 162.33770650821583 9
      vertex 10.95 162.95 3
    endloop
  endfacet
  facet normal -0.9807852804032315 -0.19509032201612295 0
    outer loop
      vertex 10.95 162.95 3
      vertex 10.95 162.95 9
      vertex 10.828207252018059 163.56229349178415 3
    endloop
  endfacet
  facet normal 0.8314696123025367 0.5555702330196151 0
    outer loop
      vertex 8.218629150101524 161.81862915010151 3
      vertex 7.8717927479819405 162.33770650821583 9
      vertex 8.218629150101524 161.81862915010151 9
    endloop
  endfacet
  facet normal 0.5555702330196288 0.8314696123025275 0
    outer loop
      vertex 8.737706508215856 161.4717927479819 3
      vertex 8.218629150101524 161.81862915010151 9
      vertex 8.737706508215856 161.4717927479819 9
    endloop
  endfacet
  facet normal 0.9807852804032315 0.19509032201612295 0
    outer loop
      vertex 7.8717927479819405 162.33770650821583 3
      vertex 7.75 162.95 9
      vertex 7.8717927479819405 162.33770650821583 9
    endloop
  endfacet
  facet normal 0.9807852804032315 -0.19509032201612295 0
    outer loop
      vertex 7.75 162.95 3
      vertex 7.8717927479819405 163.56229349178415 9
      vertex 7.75 162.95 9
    endloop
  endfacet
  facet normal 0.19509032201613002 0.9807852804032301 0
    outer loop
      vertex 9.35 161.34999999999997 3
      vertex 8.737706508215856 161.4717927479819 9
      vertex 9.35 161.34999999999997 9
    endloop
  endfacet
  facet normal -0.19509032201613002 0.9807852804032301 0
    outer loop
      vertex 9.962293491784143 161.4717927479819 3
      vertex 9.35 161.34999999999997 9
      vertex 9.962293491784143 161.4717927479819 9
    endloop
  endfacet
  facet normal -0.5555702330196288 0.8314696123025275 0
    outer loop
      vertex 10.481370849898475 161.81862915010151 3
      vertex 9.962293491784143 161.4717927479819 9
      vertex 10.481370849898475 161.81862915010151 9
    endloop
  endfacet
  facet normal -0.8314696123025367 0.5555702330196151 0
    outer loop
      vertex 10.828207252018059 162.33770650821583 3
      vertex 10.481370849898475 161.81862915010151 9
      vertex 10.828207252018059 162.33770650821583 9
    endloop
  endfacet
  facet normal -0.9807852804032315 0.19509032201612295 0
    outer loop
      vertex 10.95 162.95 3
      vertex 10.828207252018059 162.33770650821583 9
      vertex 10.95 162.95 9
    endloop
  endfacet
  facet normal -0.9807852804032315 -0.19509032201612295 0
    outer loop
      vertex 10.828207252018059 163.56229349178415 3
      vertex 10.95 162.95 9
      vertex 10.828207252018059 163.56229349178415 9
    endloop
  endfacet
  facet normal 0.8314696123025367 -0.5555702330196151 -2.4393603344360702e-18
    outer loop
      vertex 7.8717927479819405 163.56229349178415 3
      vertex 8.218629150101524 164.08137084989846 3
      vertex 8.218629150101524 164.08137084989846 9
    endloop
  endfacet
  facet normal 0.5555702330196288 -0.8314696123025275 2.3780451768846175e-18
    outer loop
      vertex 8.218629150101524 164.08137084989846 3
      vertex 8.737706508215856 164.42820725201807 3
      vertex 8.737706508215856 164.42820725201807 9
    endloop
  endfacet
  facet normal 0.19509032201613002 -0.9807852804032301 -1.197916705114116e-18
    outer loop
      vertex 8.737706508215856 164.42820725201807 3
      vertex 9.35 164.55 3
      vertex 9.35 164.55 9
    endloop
  endfacet
  facet normal -0.19509032201613002 -0.9807852804032301 1.197916705114116e-18
    outer loop
      vertex 9.35 164.55 3
      vertex 9.962293491784143 164.42820725201807 3
      vertex 9.962293491784143 164.42820725201807 9
    endloop
  endfacet
  facet normal -0.5555702330196288 -0.8314696123025275 0
    outer loop
      vertex 10.481370849898475 164.08137084989846 3
      vertex 10.481370849898475 164.08137084989846 9
      vertex 9.962293491784143 164.42820725201807 3
    endloop
  endfacet
  facet normal -0.8314696123025367 -0.5555702330196151 0
    outer loop
      vertex 10.828207252018059 163.56229349178415 3
      vertex 10.828207252018059 163.56229349178415 9
      vertex 10.481370849898475 164.08137084989846 3
    endloop
  endfacet
  facet normal 0.8314696123025367 -0.5555702330196151 0
    outer loop
      vertex 7.8717927479819405 163.56229349178415 3
      vertex 8.218629150101524 164.08137084989846 9
      vertex 7.8717927479819405 163.56229349178415 9
    endloop
  endfacet
  facet normal 0.5555702330196288 -0.8314696123025275 0
    outer loop
      vertex 8.218629150101524 164.08137084989846 3
      vertex 8.737706508215856 164.42820725201807 9
      vertex 8.218629150101524 164.08137084989846 9
    endloop
  endfacet
  facet normal 0.19509032201613002 -0.9807852804032301 0
    outer loop
      vertex 8.737706508215856 164.42820725201807 3
      vertex 9.35 164.55 9
      vertex 8.737706508215856 164.42820725201807 9
    endloop
  endfacet
  facet normal -0.19509032201613002 -0.9807852804032301 0
    outer loop
      vertex 9.35 164.55 3
      vertex 9.962293491784143 164.42820725201807 9
      vertex 9.35 164.55 9
    endloop
  endfacet
  facet normal -0.5555702330196288 -0.8314696123025275 0
    outer loop
      vertex 9.962293491784143 164.42820725201807 3
      vertex 10.481370849898475 164.08137084989846 9
      vertex 9.962293491784143 164.42820725201807 9
    endloop
  endfacet
  facet normal -0.8314696123025367 -0.5555702330196151 2.4393603344360702e-18
    outer loop
      vertex 10.828207252018059 163.56229349178415 9
      vertex 10.481370849898475 164.08137084989846 9
      vertex 10.481370849898475 164.08137084989846 3
    endloop
  endfacet
  facet normal 0.5555702330196288 0.8314696123025275 0
    outer loop
      vertex 8.218629150101524 84.34862915010154 3
      vertex 8.218629150101524 84.34862915010154 9
      vertex 8.737706508215856 84.00179274798194 3
    endloop
  endfacet
  facet normal 0.19509032201613002 0.9807852804032301 0
    outer loop
      vertex 8.737706508215856 84.00179274798194 3
      vertex 8.737706508215856 84.00179274798194 9
      vertex 9.35 83.88 3
    endloop
  endfacet
  facet normal -0.19509032201613002 0.9807852804032301 0
    outer loop
      vertex 9.35 83.88 3
      vertex 9.35 83.88 9
      vertex 9.962293491784143 84.00179274798194 3
    endloop
  endfacet
  facet normal -0.5555702330196288 0.8314696123025275 0
    outer loop
      vertex 9.962293491784143 84.00179274798194 3
      vertex 9.962293491784143 84.00179274798194 9
      vertex 10.481370849898475 84.34862915010154 3
    endloop
  endfacet
  facet normal 0.5555702330196288 0.8314696123025275 0
    outer loop
      vertex 8.737706508215856 84.00179274798194 3
      vertex 8.218629150101524 84.34862915010154 9
      vertex 8.737706508215856 84.00179274798194 9
    endloop
  endfacet
  facet normal 0.19509032201613002 0.9807852804032301 0
    outer loop
      vertex 9.35 83.88 3
      vertex 8.737706508215856 84.00179274798194 9
      vertex 9.35 83.88 9
    endloop
  endfacet
  facet normal -0.19509032201613002 0.9807852804032301 0
    outer loop
      vertex 9.962293491784143 84.00179274798194 3
      vertex 9.35 83.88 9
      vertex 9.962293491784143 84.00179274798194 9
    endloop
  endfacet
  facet normal -0.5555702330196288 0.8314696123025275 0
    outer loop
      vertex 10.481370849898475 84.34862915010154 3
      vertex 9.962293491784143 84.00179274798194 9
      vertex 10.481370849898475 84.34862915010154 9
    endloop
  endfacet
  facet normal 0.8314696123025367 0.5555702330196151 2.4393603344360702e-18
    outer loop
      vertex 8.218629150101524 84.34862915010154 3
      vertex 7.8717927479819405 84.86770650821586 3
      vertex 7.8717927479819405 84.86770650821586 9
    endloop
  endfacet
  facet normal 0.9807852804032315 0.19509032201612295 -6.99458004531974e-20
    outer loop
      vertex 7.8717927479819405 84.86770650821586 3
      vertex 7.75 85.48000000000002 3
      vertex 7.75 85.48000000000002 9
    endloop
  endfacet
  facet normal 0.9807852804032315 -0.19509032201612295 6.99458004531974e-20
    outer loop
      vertex 7.75 85.48000000000002 3
      vertex 7.8717927479819405 86.09229349178418 3
      vertex 7.8717927479819405 86.09229349178418 9
    endloop
  endfacet
  facet normal 0.8314696123025367 -0.5555702330196151 -2.4393603344360702e-18
    outer loop
      vertex 7.8717927479819405 86.09229349178418 3
      vertex 8.218629150101524 86.61137084989849 3
      vertex 8.218629150101524 86.61137084989849 9
    endloop
  endfacet
  facet normal 0.5555702330196288 -0.8314696123025275 2.3780451768846175e-18
    outer loop
      vertex 8.218629150101524 86.61137084989849 3
      vertex 8.737706508215856 86.9582072520181 3
      vertex 8.737706508215856 86.9582072520181 9
    endloop
  endfacet
  facet normal -0.8314696123025367 0.5555702330196151 0
    outer loop
      vertex 10.481370849898475 84.34862915010154 3
      vertex 10.481370849898475 84.34862915010154 9
      vertex 10.828207252018059 84.86770650821586 3
    endloop
  endfacet
  facet normal 0.19509032201613002 -0.9807852804032301 -1.197916705114116e-18
    outer loop
      vertex 8.737706508215856 86.9582072520181 3
      vertex 9.35 87.08000000000004 3
      vertex 9.35 87.08000000000004 9
    endloop
  endfacet
  facet normal -0.19509032201613002 -0.9807852804032301 1.197916705114116e-18
    outer loop
      vertex 9.35 87.08000000000004 3
      vertex 9.962293491784143 86.9582072520181 3
      vertex 9.962293491784143 86.9582072520181 9
    endloop
  endfacet
  facet normal -0.5555702330196288 -0.8314696123025275 0
    outer loop
      vertex 10.481370849898475 86.61137084989849 3
      vertex 10.481370849898475 86.61137084989849 9
      vertex 9.962293491784143 86.9582072520181 3
    endloop
  endfacet
  facet normal -0.9807852804032315 0.19509032201612295 0
    outer loop
      vertex 10.828207252018059 84.86770650821586 3
      vertex 10.828207252018059 84.86770650821586 9
      vertex 10.95 85.48000000000002 3
    endloop
  endfacet
  facet normal -0.9807852804032315 -0.19509032201612295 0
    outer loop
      vertex 10.95 85.48000000000002 3
      vertex 10.95 85.48000000000002 9
      vertex 10.828207252018059 86.09229349178418 3
    endloop
  endfacet
  facet normal -0.8314696123025367 -0.5555702330196151 2.4393603344360702e-18
    outer loop
      vertex 10.481370849898475 86.61137084989849 3
      vertex 10.828207252018059 86.09229349178418 3
      vertex 10.828207252018059 86.09229349178418 9
    endloop
  endfacet
  facet normal 0.9807852804032315 0.19509032201612295 0
    outer loop
      vertex 7.8717927479819405 84.86770650821586 3
      vertex 7.75 85.48000000000002 9
      vertex 7.8717927479819405 84.86770650821586 9
    endloop
  endfacet
  facet normal 0.9807852804032315 -0.19509032201612295 0
    outer loop
      vertex 7.75 85.48000000000002 3
      vertex 7.8717927479819405 86.09229349178418 9
      vertex 7.75 85.48000000000002 9
    endloop
  endfacet
  facet normal 0.8314696123025367 0.5555702330196151 0
    outer loop
      vertex 8.218629150101524 84.34862915010154 3
      vertex 7.8717927479819405 84.86770650821586 9
      vertex 8.218629150101524 84.34862915010154 9
    endloop
  endfacet
  facet normal 0.8314696123025367 -0.5555702330196151 0
    outer loop
      vertex 7.8717927479819405 86.09229349178418 3
      vertex 8.218629150101524 86.61137084989849 9
      vertex 7.8717927479819405 86.09229349178418 9
    endloop
  endfacet
  facet normal 0.5555702330196288 -0.8314696123025275 0
    outer loop
      vertex 8.218629150101524 86.61137084989849 3
      vertex 8.737706508215856 86.9582072520181 9
      vertex 8.218629150101524 86.61137084989849 9
    endloop
  endfacet
  facet normal 0.19509032201613002 -0.9807852804032301 0
    outer loop
      vertex 8.737706508215856 86.9582072520181 3
      vertex 9.35 87.08000000000004 9
      vertex 8.737706508215856 86.9582072520181 9
    endloop
  endfacet
  facet normal -0.19509032201613002 -0.9807852804032301 0
    outer loop
      vertex 9.35 87.08000000000004 3
      vertex 9.962293491784143 86.9582072520181 9
      vertex 9.35 87.08000000000004 9
    endloop
  endfacet
  facet normal -0.8314696123025367 -0.5555702330196151 0
    outer loop
      vertex 10.481370849898475 86.61137084989849 3
      vertex 10.828207252018059 86.09229349178418 9
      vertex 10.481370849898475 86.61137084989849 9
    endloop
  endfacet
  facet normal -0.5555702330196288 -0.8314696123025275 0
    outer loop
      vertex 9.962293491784143 86.9582072520181 3
      vertex 10.481370849898475 86.61137084989849 9
      vertex 9.962293491784143 86.9582072520181 9
    endloop
  endfacet
  facet normal -0.8314696123025367 0.5555702330196151 -2.4393603344360702e-18
    outer loop
      vertex 10.481370849898475 84.34862915010154 9
      vertex 10.828207252018059 84.86770650821586 9
      vertex 10.828207252018059 84.86770650821586 3
    endloop
  endfacet
  facet normal -0.9807852804032315 0.19509032201612295 0
    outer loop
      vertex 10.95 85.48000000000002 3
      vertex 10.828207252018059 84.86770650821586 9
      vertex 10.95 85.48000000000002 9
    endloop
  endfacet
  facet normal -0.9807852804032315 -0.19509032201612295 0
    outer loop
      vertex 10.828207252018059 86.09229349178418 3
      vertex 10.95 85.48000000000002 9
      vertex 10.828207252018059 86.09229349178418 9
    endloop
  endfacet
  facet normal 0 0 -1
    outer loop
      vertex 0 172.02549575070822 0
      vertex 0 175 0
      vertex 44.06491925667453 172.29773594092347 0
    endloop
  endfacet
  facet normal 0 -1 0
    outer loop
      vertex 3 172 3
      vertex 6.7542857142857144 172 3
      vertex 76.125 172 55.1
    endloop
  endfacet
  facet normal 0 0 -1
    outer loop
      vertex 0 175 0
      vertex 97.84 175 0
      vertex 44.06491925667453 172.29773594092347 0
    endloop
  endfacet
  facet normal 0 -1 0
    outer loop
      vertex 6.7542857142857144 172 3
      vertex 76.125 172 10.6
      vertex 76.125 172 55.1
    endloop
  endfacet
  facet normal 0 1 0
    outer loop
      vertex 3 175 3
      vertex 76.125 175 55.1
      vertex 76.125 175 10.6
    endloop
  endfacet
  facet normal -1 0 0
    outer loop
      vertex 0 172.05019205734396 2.974715931920091
      vertex 0 175 177.8
      vertex 0 175 3
    endloop
  endfacet
  facet normal 0 1 0
    outer loop
      vertex 3 175 3
      vertex 3 175 177.8
      vertex 76.125 175 55.1
    endloop
  endfacet
  facet normal 0 -1 0
    outer loop
      vertex 3 172 3
      vertex 76.125 172 55.1
      vertex 84.33000000000001 172 127.52775681356646
    endloop
  endfacet
  facet normal 0 -1 0
    outer loop
      vertex 3 172 3
      vertex 83.70775681356646 172 128.15
      vertex 83.48 172 129
    endloop
  endfacet
  facet normal 0 -1 0
    outer loop
      vertex 3 172 3
      vertex 83.48 172 129
      vertex 83.70775681356646 172 129.85
    endloop
  endfacet
  facet normal 0 -1 0
    outer loop
      vertex 6.7542857142857144 172 3
      vertex 92.18 172 3
      vertex 76.125 172 10.6
    endloop
  endfacet
  facet normal 0 1 0
    outer loop
      vertex 3 175 3
      vertex 76.125 175 10.6
      vertex 92.18 175 3
    endloop
  endfacet
  facet normal 0 1 0
    outer loop
      vertex 50.02007387698546 175 1.5126505521830835
      vertex 97.84 175 2.9517366835313514
      vertex 97.84 175 0
    endloop
  endfacet
  facet normal 0 0 -1
    outer loop
      vertex 44.06491925667453 172.29773594092347 0
      vertex 107.84 172.72864864864863 0
      vertex 97.84 172 0
    endloop
  endfacet
  facet normal 0 0 -1
    outer loop
      vertex 44.06491925667453 172.29773594092347 0
      vertex 97.84 175 0
      vertex 128.16000000000003 175 0
    endloop
  endfacet
  facet normal 0 -1 0
    outer loop
      vertex 76.125 172 10.6
      vertex 92.18 172 3
      vertex 92.18 172 10.6
    endloop
  endfacet
  facet normal 0 1 0
    outer loop
      vertex 76.125 175 10.6
      vertex 92.18 175 10.6
      vertex 92.18 175 3
    endloop
  endfacet
  facet normal 0 0 -1
    outer loop
      vertex 44.06491925667453 172.29773594092347 0
      vertex 128.16000000000003 175 0
      vertex 107.84 172.72864864864863 0
    endloop
  endfacet
  facet normal 0 -1 0
    outer loop
      vertex 97.84 172 0
      vertex 107.84 172 3
      vertex 97.84 172 3
    endloop
  endfacet
  facet normal 0 -1 0
    outer loop
      vertex 97.84 172 0
      vertex 107.84 172 0
      vertex 107.84 172 3
    endloop
  endfacet
  facet normal 0 0 -1
    outer loop
      vertex 97.84 172 0
      vertex 107.84 172.72864864864863 0
      vertex 107.84 172 0
    endloop
  endfacet
  facet normal 0 1 0
    outer loop
      vertex 97.84 175 0
      vertex 97.84 175 2.9517366835313514
      vertex 128.16000000000003 175 0
    endloop
  endfacet
  facet normal 0 1 0
    outer loop
      vertex 97.84 175 2.9517366835313514
      vertex 97.84 175 3
      vertex 128.16000000000003 175 3
    endloop
  endfacet
  facet normal 0 -1 0
    outer loop
      vertex 3 172 3
      vertex 84.33000000000001 172 127.52775681356646
      vertex 83.70775681356646 172 128.15
    endloop
  endfacet
  facet normal 0 1 0
    outer loop
      vertex 76.125 175 55.1
      vertex 80.18 175 123
      vertex 92.18 175 55.1
    endloop
  endfacet
  facet normal 0 -1 0
    outer loop
      vertex 76.125 172 55.1
      vertex 92.18 172 55.1
      vertex 85.18 172 127.3
    endloop
  endfacet
  facet normal -1 0 0
    outer loop
      vertex 0 172.05019205734396 2.974715931920091
      vertex 0 172.0252790571551 176.2888417610348
      vertex 0 172.02528271366367 176.31434119528117
    endloop
  endfacet
  facet normal -1 0 0
    outer loop
      vertex 0 172.05019205734396 2.974715931920091
      vertex 0 172.02528271366367 176.31434119528117
      vertex 0 175 177.8
    endloop
  endfacet
  facet normal 0 -1 0
    outer loop
      vertex 3 172 3
      vertex 83.70775681356646 172 129.85
      vertex 3 172 177.8
    endloop
  endfacet
  facet normal 0 1 0
    outer loop
      vertex 76.125 175 55.1
      vertex 3 175 177.8
      vertex 80.18 175 123
    endloop
  endfacet
  facet normal -1 0 0
    outer loop
      vertex 0 172.02528271366367 176.31434119528117
      vertex 0 172 177.8
      vertex 0 175 177.8
    endloop
  endfacet
  facet normal 0 0 1
    outer loop
      vertex 0 172 177.8
      vertex 0.025714285714285717 172 177.8
      vertex 0 175 177.8
    endloop
  endfacet
  facet normal 0 0 1
    outer loop
      vertex 0.025714285714285717 172 177.8
      vertex 3 175 177.8
      vertex 0 175 177.8
    endloop
  endfacet
  facet normal 0 1 0
    outer loop
      vertex 3 175 177.8
      vertex 80.18 175 135
      vertex 80.18 175 123
    endloop
  endfacet
  facet normal 0 -1 0
    outer loop
      vertex 76.125 172 55.1
      vertex 85.18 172 127.3
      vertex 84.33000000000001 172 127.52775681356646
    endloop
  endfacet
  facet normal 0 1 0
    outer loop
      vertex 92.18 175 55.1
      vertex 80.18 175 123
      vertex 90.18 175 123
    endloop
  endfacet
  facet normal 0 -1 0
    outer loop
      vertex 92.18 172 55.1
      vertex 92.18 172 124
      vertex 85.18 172 127.3
    endloop
  endfacet
  facet normal 0 1 0
    outer loop
      vertex 92.18 175 55.1
      vertex 90.18 175 123
      vertex 90.18 175 135
    endloop
  endfacet
  facet normal 0 1 0
    outer loop
      vertex 92.18 175 55.1
      vertex 90.18 175 135
      vertex 92.18 175 124
    endloop
  endfacet
  facet normal 0 -1 0
    outer loop
      vertex 85.18 172 127.3
      vertex 92.18 172 124
      vertex 86.03 172 127.52775681356646
    endloop
  endfacet
  facet normal 0 -1 0
    outer loop
      vertex 86.03 172 127.52775681356646
      vertex 92.18 172 124
      vertex 86.65224318643355 172 128.15
    endloop
  endfacet
  facet normal 0 -1 0
    outer loop
      vertex 92.18 172 124
      vertex 86.88000000000001 172 129
      vertex 86.65224318643355 172 128.15
    endloop
  endfacet
  facet normal 0 -1 0
    outer loop
      vertex 86.88000000000001 172 129
      vertex 133.82 172 124
      vertex 86.65224318643355 172 129.85
    endloop
  endfacet
  facet normal 0 -1 0
    outer loop
      vertex 92.18 172 124
      vertex 133.82 172 124
      vertex 86.88000000000001 172 129
    endloop
  endfacet
  facet normal 0 -1 0
    outer loop
      vertex 86.03 172 130.47224318643356
      vertex 86.65224318643355 172 129.85
      vertex 139.97 172 130.47224318643356
    endloop
  endfacet
  facet normal 0 1 0
    outer loop
      vertex 92.18 175 124
      vertex 90.18 175 135
      vertex 135.82 175 135
    endloop
  endfacet
  facet normal 0 -1 0
    outer loop
      vertex 3 172 177.8
      vertex 83.70775681356646 172 129.85
      vertex 84.33000000000001 172 130.47224318643356
    endloop
  endfacet
  facet normal 0 -1 0
    outer loop
      vertex 3 172 177.8
      vertex 84.33000000000001 172 130.47224318643356
      vertex 85.18 172 130.7
    endloop
  endfacet
  facet normal 0 1 0
    outer loop
      vertex 3 175 177.8
      vertex 90.18 175 135
      vertex 80.18 175 135
    endloop
  endfacet
  facet normal 0 1 0
    outer loop
      vertex 3 175 177.8
      vertex 135.82 175 135
      vertex 90.18 175 135
    endloop
  endfacet
  facet normal 0 0 1
    outer loop
      vertex 0.025714285714285717 172 177.8
      vertex 3 172 177.8
      vertex 222 175 177.8
    endloop
  endfacet
  facet normal 0 0 1
    outer loop
      vertex 0.025714285714285717 172 177.8
      vertex 222 175 177.8
      vertex 3 175 177.8
    endloop
  endfacet
  facet normal 0 -1 0
    outer loop
      vertex 3 172 177.8
      vertex 85.18 172 130.7
      vertex 222 172 177.8
    endloop
  endfacet
  facet normal 0 0 -1
    outer loop
      vertex 107.84 172.72864864864863 0
      vertex 128.16000000000003 175 0
      vertex 111.70184344109005 172.7547421854128 0
    endloop
  endfacet
  facet normal 0 0 -1
    outer loop
      vertex 111.70184344109005 172.7547421854128 0
      vertex 128.16000000000003 172 0
      vertex 118.16000000000001 172 0
    endloop
  endfacet
  facet normal 0 1 0
    outer loop
      vertex 97.84 175 2.9517366835313514
      vertex 128.16000000000003 175 3
      vertex 128.16000000000003 175 0
    endloop
  endfacet
  facet normal 0 -1 0
    outer loop
      vertex 118.16000000000001 172 0
      vertex 128.16000000000003 172 3
      vertex 118.16000000000001 172 3
    endloop
  endfacet
  facet normal 0 0 -1
    outer loop
      vertex 111.70184344109005 172.7547421854128 0
      vertex 128.16000000000003 175 0
      vertex 128.16000000000003 172 0
    endloop
  endfacet
  facet normal 0 -1 0
    outer loop
      vertex 118.16000000000001 172 0
      vertex 128.16000000000003 172 0
      vertex 128.16000000000003 172 3
    endloop
  endfacet
  facet normal 0 1 0
    outer loop
      vertex 133.82 175 3
      vertex 133.82 175 10.6
      vertex 222 175 3
    endloop
  endfacet
  facet normal 0 -1 0
    outer loop
      vertex 133.82 172 3
      vertex 222 172 10.6
      vertex 133.82 172 10.6
    endloop
  endfacet
  facet normal 0 1 0
    outer loop
      vertex 133.82 175 55.1
      vertex 133.82 175 107.82923520434119
      vertex 222 175 55.1
    endloop
  endfacet
  facet normal 0 -1 0
    outer loop
      vertex 133.82 172 55.1
      vertex 222 172 55.1
      vertex 139.97 172 127.52775681356646
    endloop
  endfacet
  facet normal 0 -1 0
    outer loop
      vertex 133.82 172 3
      vertex 222 172 3
      vertex 222 172 10.6
    endloop
  endfacet
  facet normal 0 1 0
    outer loop
      vertex 133.82 175 10.6
      vertex 222 175 10.6
      vertex 222 175 3
    endloop
  endfacet
  facet normal 0 -1 0
    outer loop
      vertex 222 172 55.1
      vertex 222 172 62.67400000000001
      vertex 140.82 172 127.3
    endloop
  endfacet
  facet normal 0 1 0
    outer loop
      vertex 222 175 55.1
      vertex 145.82 175 123
      vertex 222 175 62.67400000000001
    endloop
  endfacet
  facet normal 0 -1 0
    outer loop
      vertex 133.82 172 55.1
      vertex 139.97 172 127.52775681356646
      vertex 133.82 172 124
    endloop
  endfacet
  facet normal 0 -1 0
    outer loop
      vertex 86.65224318643355 172 129.85
      vertex 133.82 172 124
      vertex 139.12 172 129
    endloop
  endfacet
  facet normal 0 1 0
    outer loop
      vertex 92.18 175 124
      vertex 135.82 175 135
      vertex 133.82 175 124
    endloop
  endfacet
  facet normal 0 -1 0
    outer loop
      vertex 86.65224318643355 172 129.85
      vertex 139.12 172 129
      vertex 139.34775681356643 172 129.85
    endloop
  endfacet
  facet normal 0 -1 0
    outer loop
      vertex 86.65224318643355 172 129.85
      vertex 139.34775681356643 172 129.85
      vertex 139.97 172 130.47224318643356
    endloop
  endfacet
  facet normal 0 -1 0
    outer loop
      vertex 86.03 172 130.47224318643356
      vertex 139.97 172 130.47224318643356
      vertex 140.82 172 130.7
    endloop
  endfacet
  facet normal 0 1 0
    outer loop
      vertex 133.82 175 107.82923520434119
      vertex 133.82 175 124
      vertex 135.82 175 123
    endloop
  endfacet
  facet normal 0 1 0
    outer loop
      vertex 133.82 175 124
      vertex 135.82 175 135
      vertex 135.82 175 123
    endloop
  endfacet
  facet normal 0 -1 0
    outer loop
      vertex 133.82 172 124
      vertex 139.34775681356643 172 128.15
      vertex 139.12 172 129
    endloop
  endfacet
  facet normal 0 -1 0
    outer loop
      vertex 133.82 172 124
      vertex 139.97 172 127.52775681356646
      vertex 139.34775681356643 172 128.15
    endloop
  endfacet
  facet normal 0 1 0
    outer loop
      vertex 222 175 55.1
      vertex 133.82 175 107.82923520434119
      vertex 135.82 175 123
    endloop
  endfacet
  facet normal 0 -1 0
    outer loop
      vertex 222 172 55.1
      vertex 140.82 172 127.3
      vertex 139.97 172 127.52775681356646
    endloop
  endfacet
  facet normal 0 1 0
    outer loop
      vertex 222 175 55.1
      vertex 135.82 175 123
      vertex 145.82 175 123
    endloop
  endfacet
  facet normal 0 -1 0
    outer loop
      vertex 140.82 172 127.3
      vertex 222 172 141.8206600515899
      vertex 141.67 172 127.52775681356646
    endloop
  endfacet
  facet normal 0 -1 0
    outer loop
      vertex 141.67 172 127.52775681356646
      vertex 222 172 141.8206600515899
      vertex 142.29224318643355 172 128.15
    endloop
  endfacet
  facet normal 0 -1 0
    outer loop
      vertex 142.29224318643355 172 128.15
      vertex 222 172 141.8206600515899
      vertex 142.51999999999998 172 129
    endloop
  endfacet
  facet normal 0 -1 0
    outer loop
      vertex 85.18 172 130.7
      vertex 86.03 172 130.47224318643356
      vertex 222 172 177.8
    endloop
  endfacet
  facet normal 0 1 0
    outer loop
      vertex 3 175 177.8
      vertex 222 175 177.8
      vertex 135.82 175 135
    endloop
  endfacet
  facet normal 0 -1 0
    outer loop
      vertex 86.03 172 130.47224318643356
      vertex 140.82 172 130.7
      vertex 222 172 141.8206600515899
    endloop
  endfacet
  facet normal 0 -1 0
    outer loop
      vertex 141.67 172 130.47224318643356
      vertex 222 172 141.8206600515899
      vertex 140.82 172 130.7
    endloop
  endfacet
  facet normal 0 -1 0
    outer loop
      vertex 142.29224318643355 172 129.85
      vertex 142.51999999999998 172 129
      vertex 222 172 141.8206600515899
    endloop
  endfacet
  facet normal 0 -1 0
    outer loop
      vertex 142.29224318643355 172 129.85
      vertex 222 172 141.8206600515899
      vertex 141.67 172 130.47224318643356
    endloop
  endfacet
  facet normal 0 1 0
    outer loop
      vertex 135.82 175 135
      vertex 222 175 177.8
      vertex 145.82 175 135
    endloop
  endfacet
  facet normal 0 0 1
    outer loop
      vertex 3 172 177.8
      vertex 222 172 177.8
      vertex 222 175 177.8
    endloop
  endfacet
  facet normal 0 -1 0
    outer loop
      vertex 222 172 62.67400000000001
      vertex 222 172 115.12600000000002
      vertex 140.82 172 127.3
    endloop
  endfacet
  facet normal 0 1 0
    outer loop
      vertex 222 175 62.67400000000001
      vertex 145.82 175 123
      vertex 222 175 115.12600000000002
    endloop
  endfacet
  facet normal 0 -1 0
    outer loop
      vertex 140.82 172 127.3
      vertex 222 172 115.12600000000002
      vertex 222 172 123.12600000000002
    endloop
  endfacet
  facet normal 0 1 0
    outer loop
      vertex 145.82 175 123
      vertex 222 175 123.12600000000002
      vertex 222 175 115.12600000000002
    endloop
  endfacet
  facet normal 0 -1 0
    outer loop
      vertex 140.82 172 127.3
      vertex 222 172 123.12600000000002
      vertex 222 172 141.8206600515899
    endloop
  endfacet
  facet normal 0 1 0
    outer loop
      vertex 145.82 175 123
      vertex 145.82 175 135
      vertex 222 175 177.8
    endloop
  endfacet
  facet normal 0 -1 0
    outer loop
      vertex 86.03 172 130.47224318643356
      vertex 222 172 141.8206600515899
      vertex 222 172 177.8
    endloop
  endfacet
  facet normal 0 1 0
    outer loop
      vertex 145.82 175 123
      vertex 222 175 177.8
      vertex 222 175 123.12600000000002
    endloop
  endfacet
  facet normal 0.25881904510252635 0 0.9659258262890668
    outer loop
      vertex 84.33000000000001 172 127.52775681356646
      vertex 85.18 172 127.3
      vertex 84.33000000000001 175 127.52775681356646
    endloop
  endfacet
  facet normal -0.25881904510252635 0 0.9659258262890668
    outer loop
      vertex 85.18 172 127.3
      vertex 86.03 172 127.52775681356646
      vertex 85.18 175 127.3
    endloop
  endfacet
  facet normal 0.7071067811865476 0 0.7071067811865476
    outer loop
      vertex 84.33000000000001 172 127.52775681356646
      vertex 84.33000000000001 175 127.52775681356646
      vertex 83.70775681356646 175 128.15
    endloop
  endfacet
  facet normal 0.25881904510252635 0 0.9659258262890668
    outer loop
      vertex 85.18 172 127.3
      vertex 85.18 175 127.3
      vertex 84.33000000000001 175 127.52775681356646
    endloop
  endfacet
  facet normal 0.9659258262890668 4.688609672293447e-19 0.25881904510252635
    outer loop
      vertex 83.70775681356646 172 128.15
      vertex 83.48 175 129
      vertex 83.48 172 129
    endloop
  endfacet
  facet normal 0.9659258262890668 -4.688609672293447e-19 -0.25881904510252635
    outer loop
      vertex 83.48 172 129
      vertex 83.70775681356646 175 129.85
      vertex 83.70775681356646 172 129.85
    endloop
  endfacet
  facet normal 0.9659258262890668 0 0.25881904510252635
    outer loop
      vertex 83.70775681356646 172 128.15
      vertex 83.70775681356646 175 128.15
      vertex 83.48 175 129
    endloop
  endfacet
  facet normal 0.9659258262890668 0 -0.25881904510252635
    outer loop
      vertex 83.48 172 129
      vertex 83.48 175 129
      vertex 83.70775681356646 175 129.85
    endloop
  endfacet
  facet normal 0.7071067811865476 2.2600132627506188e-18 0.7071067811865476
    outer loop
      vertex 84.33000000000001 172 127.52775681356646
      vertex 83.70775681356646 175 128.15
      vertex 83.70775681356646 172 128.15
    endloop
  endfacet
  facet normal 0.7071067811865556 3.927394757440871e-18 -0.7071067811865395
    outer loop
      vertex 83.70775681356646 172 129.85
      vertex 84.33000000000001 175 130.47224318643356
      vertex 84.33000000000001 172 130.47224318643356
    endloop
  endfacet
  facet normal 0.7071067811865556 0 -0.7071067811865395
    outer loop
      vertex 83.70775681356646 172 129.85
      vertex 83.70775681356646 175 129.85
      vertex 84.33000000000001 175 130.47224318643356
    endloop
  endfacet
  facet normal 0.2588190451024962 0 -0.9659258262890749
    outer loop
      vertex 84.33000000000001 172 130.47224318643356
      vertex 84.33000000000001 175 130.47224318643356
      vertex 85.18 175 130.7
    endloop
  endfacet
  facet normal 0.2588190451024962 -4.6743240747219454e-18 -0.9659258262890749
    outer loop
      vertex 84.33000000000001 172 130.47224318643356
      vertex 85.18 175 130.7
      vertex 85.18 172 130.7
    endloop
  endfacet
  facet normal -0.2588190451024962 0 -0.9659258262890749
    outer loop
      vertex 85.18 172 130.7
      vertex 85.18 175 130.7
      vertex 86.03 175 130.47224318643356
    endloop
  endfacet
  facet normal -0.7071067811865476 0 0.7071067811865476
    outer loop
      vertex 86.03 172 127.52775681356646
      vertex 86.65224318643355 172 128.15
      vertex 86.03 175 127.52775681356646
    endloop
  endfacet
  facet normal -0.25881904510252635 -4.688609672293447e-19 0.9659258262890668
    outer loop
      vertex 85.18 175 127.3
      vertex 86.03 172 127.52775681356646
      vertex 86.03 175 127.52775681356646
    endloop
  endfacet
  facet normal -0.9659258262890668 0 0.25881904510252635
    outer loop
      vertex 86.65224318643355 172 128.15
      vertex 86.88000000000001 172 129
      vertex 86.65224318643355 175 128.15
    endloop
  endfacet
  facet normal -0.2588190451024962 4.6743240747219454e-18 -0.9659258262890749
    outer loop
      vertex 85.18 172 130.7
      vertex 86.03 175 130.47224318643356
      vertex 86.03 172 130.47224318643356
    endloop
  endfacet
  facet normal -0.9659258262890668 0 -0.25881904510252635
    outer loop
      vertex 86.88000000000001 172 129
      vertex 86.65224318643355 172 129.85
      vertex 86.88000000000001 175 129
    endloop
  endfacet
  facet normal -0.7071067811865556 -3.927394757440871e-18 -0.7071067811865395
    outer loop
      vertex 86.03 172 130.47224318643356
      vertex 86.65224318643355 175 129.85
      vertex 86.65224318643355 172 129.85
    endloop
  endfacet
  facet normal -0.7071067811865476 -2.2600132627506188e-18 0.7071067811865476
    outer loop
      vertex 86.03 175 127.52775681356646
      vertex 86.65224318643355 172 128.15
      vertex 86.65224318643355 175 128.15
    endloop
  endfacet
  facet normal -0.9659258262890668 0 0.25881904510252635
    outer loop
      vertex 86.88000000000001 172 129
      vertex 86.88000000000001 175 129
      vertex 86.65224318643355 175 128.15
    endloop
  endfacet
  facet normal -0.7071067811865556 0 -0.7071067811865395
    outer loop
      vertex 86.03 172 130.47224318643356
      vertex 86.03 175 130.47224318643356
      vertex 86.65224318643355 175 129.85
    endloop
  endfacet
  facet normal -0.9659258262890668 0 -0.25881904510252635
    outer loop
      vertex 86.65224318643355 172 129.85
      vertex 86.65224318643355 175 129.85
      vertex 86.88000000000001 175 129
    endloop
  endfacet
  facet normal 0.25881904510252635 0 0.9659258262890668
    outer loop
      vertex 139.97 172 127.52775681356646
      vertex 140.82 172 127.3
      vertex 139.97 175 127.52775681356646
    endloop
  endfacet
  facet normal 0.7071067811865395 0 0.7071067811865556
    outer loop
      vertex 139.97 172 127.52775681356646
      vertex 139.97 175 127.52775681356646
      vertex 139.34775681356643 175 128.15
    endloop
  endfacet
  facet normal 0.25881904510252635 0 0.9659258262890668
    outer loop
      vertex 140.82 172 127.3
      vertex 140.82 175 127.3
      vertex 139.97 175 127.52775681356646
    endloop
  endfacet
  facet normal -0.25881904510252635 0 0.9659258262890668
    outer loop
      vertex 140.82 172 127.3
      vertex 141.67 172 127.52775681356646
      vertex 140.82 175 127.3
    endloop
  endfacet
  facet normal -0.7071067811865395 0 0.7071067811865556
    outer loop
      vertex 141.67 172 127.52775681356646
      vertex 142.29224318643355 172 128.15
      vertex 141.67 175 127.52775681356646
    endloop
  endfacet
  facet normal -0.25881904510252635 0 0.9659258262890668
    outer loop
      vertex 141.67 172 127.52775681356646
      vertex 141.67 175 127.52775681356646
      vertex 140.82 175 127.3
    endloop
  endfacet
  facet normal 0.7071067811865395 -3.927394757440871e-18 0.7071067811865556
    outer loop
      vertex 139.97 172 127.52775681356646
      vertex 139.34775681356643 175 128.15
      vertex 139.34775681356643 172 128.15
    endloop
  endfacet
  facet normal 0.9659258262890749 4.6743240747219454e-18 0.2588190451024962
    outer loop
      vertex 139.34775681356643 172 128.15
      vertex 139.12 175 129
      vertex 139.12 172 129
    endloop
  endfacet
  facet normal 0.9659258262890749 -4.6743240747219454e-18 -0.2588190451024962
    outer loop
      vertex 139.12 172 129
      vertex 139.34775681356643 175 129.85
      vertex 139.34775681356643 172 129.85
    endloop
  endfacet
  facet normal 0.7071067811865475 1.0114802777708716e-17 -0.7071067811865475
    outer loop
      vertex 139.34775681356643 172 129.85
      vertex 139.97 175 130.47224318643356
      vertex 139.97 172 130.47224318643356
    endloop
  endfacet
  facet normal 0.9659258262890749 0 0.2588190451024962
    outer loop
      vertex 139.34775681356643 172 128.15
      vertex 139.34775681356643 175 128.15
      vertex 139.12 175 129
    endloop
  endfacet
  facet normal 0.9659258262890749 0 -0.2588190451024962
    outer loop
      vertex 139.12 172 129
      vertex 139.12 175 129
      vertex 139.34775681356643 175 129.85
    endloop
  endfacet
  facet normal 0.7071067811865475 0 -0.7071067811865475
    outer loop
      vertex 139.34775681356643 172 129.85
      vertex 139.34775681356643 175 129.85
      vertex 139.97 175 130.47224318643356
    endloop
  endfacet
  facet normal 0.2588190451024962 0 -0.9659258262890749
    outer loop
      vertex 139.97 172 130.47224318643356
      vertex 139.97 175 130.47224318643356
      vertex 140.82 175 130.7
    endloop
  endfacet
  facet normal -0.9659258262890749 0 0.2588190451024962
    outer loop
      vertex 142.29224318643355 172 128.15
      vertex 142.51999999999998 172 129
      vertex 142.29224318643355 175 128.15
    endloop
  endfacet
  facet normal -0.2588190451024962 0 -0.9659258262890749
    outer loop
      vertex 141.67 172 130.47224318643356
      vertex 140.82 172 130.7
      vertex 141.67 175 130.47224318643356
    endloop
  endfacet
  facet normal -0.9659258262890749 4.6743240747219454e-18 -0.2588190451024962
    outer loop
      vertex 142.29224318643355 172 129.85
      vertex 142.51999999999998 175 129
      vertex 142.51999999999998 172 129
    endloop
  endfacet
  facet normal -0.7071067811865475 0 -0.7071067811865475
    outer loop
      vertex 142.29224318643355 172 129.85
      vertex 141.67 172 130.47224318643356
      vertex 142.29224318643355 175 129.85
    endloop
  endfacet
  facet normal -0.7071067811865395 3.927394757440871e-18 0.7071067811865556
    outer loop
      vertex 141.67 175 127.52775681356646
      vertex 142.29224318643355 172 128.15
      vertex 142.29224318643355 175 128.15
    endloop
  endfacet
  facet normal -0.9659258262890749 -4.6743240747219454e-18 0.2588190451024962
    outer loop
      vertex 142.29224318643355 175 128.15
      vertex 142.51999999999998 172 129
      vertex 142.51999999999998 175 129
    endloop
  endfacet
  facet normal -0.9659258262890749 0 -0.2588190451024962
    outer loop
      vertex 142.29224318643355 172 129.85
      vertex 142.29224318643355 175 129.85
      vertex 142.51999999999998 175 129
    endloop
  endfacet
  facet normal -0.7071067811865475 0 -0.7071067811865475
    outer loop
      vertex 141.67 172 130.47224318643356
      vertex 141.67 175 130.47224318643356
      vertex 142.29224318643355 175 129.85
    endloop
  endfacet
  facet normal 0.2588190451024962 -4.6743240747219454e-18 -0.9659258262890749
    outer loop
      vertex 139.97 172 130.47224318643356
      vertex 140.82 175 130.7
      vertex 140.82 172 130.7
    endloop
  endfacet
  facet normal -0.2588190451024962 0 -0.9659258262890749
    outer loop
      vertex 140.82 172 130.7
      vertex 140.82 175 130.7
      vertex 141.67 175 130.47224318643356
    endloop
  endfacet
  facet normal 0 0 1
    outer loop
      vertex 76.125 172 10.6
      vertex 92.18 175 10.6
      vertex 76.125 175 10.6
    endloop
  endfacet
  facet normal 1 0 0
    outer loop
      vertex 76.125 172 10.6
      vertex 76.125 175 10.6
      vertex 76.125 172 55.1
    endloop
  endfacet
  facet normal 1 0 0
    outer loop
      vertex 76.125 175 10.6
      vertex 76.125 175 55.1
      vertex 76.125 172 55.1
    endloop
  endfacet
  facet normal 0 0 1
    outer loop
      vertex 76.125 172 10.6
      vertex 92.18 172 10.6
      vertex 92.18 175 10.6
    endloop
  endfacet
  facet normal 0 0 -1
    outer loop
      vertex 76.125 172 55.1
      vertex 76.125 175 55.1
      vertex 92.18 172 55.1
    endloop
  endfacet
  facet normal 0 0 -1
    outer loop
      vertex 76.125 175 55.1
      vertex 92.18 175 55.1
      vertex 92.18 172 55.1
    endloop
  endfacet
  facet normal 0 0 1
    outer loop
      vertex 133.82 172 10.6
      vertex 222 175 10.6
      vertex 133.82 175 10.6
    endloop
  endfacet
  facet normal 0 0 -1
    outer loop
      vertex 133.82 172 55.1
      vertex 133.82 175 55.1
      vertex 222 172 55.1
    endloop
  endfacet
  facet normal 0 0 1
    outer loop
      vertex 133.82 172 10.6
      vertex 222 172 10.6
      vertex 222 175 10.6
    endloop
  endfacet
  facet normal 0 0 -1
    outer loop
      vertex 133.82 175 55.1
      vertex 222 175 55.1
      vertex 222 172 55.1
    endloop
  endfacet
  facet normal 1 0 0
    outer loop
      vertex 92.18 172 3
      vertex 92.18 175 3
      vertex 92.18 172 10.6
    endloop
  endfacet
  facet normal 1 0 0
    outer loop
      vertex 92.18 175 3
      vertex 92.18 175 10.6
      vertex 92.18 172 10.6
    endloop
  endfacet
  facet normal 0 0 1
    outer loop
      vertex 97.84 172 3
      vertex 128.16000000000003 175 3
      vertex 97.84 175 3
    endloop
  endfacet
  facet normal 0 0 1
    outer loop
      vertex 97.84 172 3
      vertex 107.84 172 3
      vertex 128.16000000000003 175 3
    endloop
  endfacet
  facet normal 1 0 0
    outer loop
      vertex 92.18 172 55.1
      vertex 92.18 175 55.1
      vertex 92.18 172 124
    endloop
  endfacet
  facet normal 1 0 0
    outer loop
      vertex 92.18 175 55.1
      vertex 92.18 175 124
      vertex 92.18 172 124
    endloop
  endfacet
  facet normal 0 0 -1
    outer loop
      vertex 92.18 172 124
      vertex 92.18 175 124
      vertex 133.82 172 124
    endloop
  endfacet
  facet normal 0 0 1
    outer loop
      vertex 107.84 172 3
      vertex 113 172 3
      vertex 128.16000000000003 175 3
    endloop
  endfacet
  facet normal 0 0 1
    outer loop
      vertex 113 172 3
      vertex 118.16000000000001 172 3
      vertex 128.16000000000003 175 3
    endloop
  endfacet
  facet normal 0 0 1
    outer loop
      vertex 118.16000000000001 172 3
      vertex 128.16000000000003 172 3
      vertex 128.16000000000003 175 3
    endloop
  endfacet
  facet normal -1 0 0
    outer loop
      vertex 133.82 172 3
      vertex 133.82 175 10.6
      vertex 133.82 175 3
    endloop
  endfacet
  facet normal -1 0 0
    outer loop
      vertex 133.82 172 3
      vertex 133.82 172 10.6
      vertex 133.82 175 10.6
    endloop
  endfacet
  facet normal -1 0 0
    outer loop
      vertex 133.82 172 55.1
      vertex 133.82 175 107.82923520434119
      vertex 133.82 175 55.1
    endloop
  endfacet
  facet normal -1 0 0
    outer loop
      vertex 133.82 172 55.1
      vertex 133.82 175 124
      vertex 133.82 175 107.82923520434119
    endloop
  endfacet
  facet normal -1 0 0
    outer loop
      vertex 133.82 172 55.1
      vertex 133.82 172 124
      vertex 133.82 175 124
    endloop
  endfacet
  facet normal 0 0 -1
    outer loop
      vertex 92.18 175 124
      vertex 133.82 175 124
      vertex 133.82 172 124
    endloop
  endfacet
  facet normal 0 0 -1
    outer loop
      vertex 18.25 0 0
      vertex 18.25 6.010000000000019 0
      vertex 35.75 0 0
    endloop
  endfacet
  facet normal 0 0 1
    outer loop
      vertex 35.75 6.010000000000019 3
      vertex 18.25 6.010000000000019 3
      vertex 18.25 0 3
    endloop
  endfacet
  facet normal 0 0 1
    outer loop
      vertex 12.164582562299426 83.85500000000002 3
      vertex 3 6.010000000000019 3
      vertex 18.25 6.010000000000019 3
    endloop
  endfacet
  facet normal 0 0 1
    outer loop
      vertex 12.489258935439471 84.63883810341684 3
      vertex 18.25 6.010000000000019 3
      vertex 35.75 6.010000000000019 3
    endloop
  endfacet
  facet normal 0 0 1
    outer loop
      vertex 35.75 0 3
      vertex 35.75 6.010000000000019 3
      vertex 18.25 0 3
    endloop
  endfacet
  facet normal 0 0 -1
    outer loop
      vertex 18.25 6.010000000000019 0
      vertex 35.75 6.010000000000019 0
      vertex 35.75 0 0
    endloop
  endfacet
  facet normal 0 0 1
    outer loop
      vertex 12.489258935439471 84.63883810341684 3
      vertex 35.75 6.010000000000019 3
      vertex 54.25 6.010000000000019 3
    endloop
  endfacet
  facet normal 0 0 1
    outer loop
      vertex 12.489258935439471 84.63883810341684 3
      vertex 54.25 6.010000000000019 3
      vertex 71.75 6.010000000000019 3
    endloop
  endfacet
  facet normal 0 0 1
    outer loop
      vertex 6.535417437700574 83.85500000000002 3
      vertex 6.210741064560528 84.63883810341684 3
      vertex 3 6.010000000000019 3
    endloop
  endfacet
  facet normal 0 0 1
    outer loop
      vertex 6.210741064560528 84.63883810341684 3
      vertex 6.1 85.48000000000002 3
      vertex 3 6.010000000000019 3
    endloop
  endfacet
  facet normal 0 0 1
    outer loop
      vertex 7.051902961143719 83.18190296114375 3
      vertex 3 6.010000000000019 3
      vertex 7.725 82.66541743770057 3
    endloop
  endfacet
  facet normal 0 0 1
    outer loop
      vertex 8.508838103416807 82.34074106456052 3
      vertex 3 6.010000000000019 3
      vertex 9.35 82.23000000000002 3
    endloop
  endfacet
  facet normal 0 0 1
    outer loop
      vertex 7.725 82.66541743770057 3
      vertex 3 6.010000000000019 3
      vertex 8.508838103416807 82.34074106456052 3
    endloop
  endfacet
  facet normal 0 0 1
    outer loop
      vertex 7.051902961143719 83.18190296114375 3
      vertex 6.535417437700574 83.85500000000002 3
      vertex 3 6.010000000000019 3
    endloop
  endfacet
  facet normal 0 0 1
    outer loop
      vertex 9.35 82.23000000000002 3
      vertex 3 6.010000000000019 3
      vertex 10.191161896583193 82.34074106456052 3
    endloop
  endfacet
  facet normal 0 0 1
    outer loop
      vertex 10.191161896583193 82.34074106456052 3
      vertex 3 6.010000000000019 3
      vertex 10.975 82.66541743770057 3
    endloop
  endfacet
  facet normal 0 0 1
    outer loop
      vertex 10.975 82.66541743770057 3
      vertex 3 6.010000000000019 3
      vertex 11.64809703885628 83.18190296114375 3
    endloop
  endfacet
  facet normal 0 0 1
    outer loop
      vertex 11.64809703885628 83.18190296114375 3
      vertex 3 6.010000000000019 3
      vertex 12.164582562299426 83.85500000000002 3
    endloop
  endfacet
  facet normal 0 0 1
    outer loop
      vertex 12.164582562299426 83.85500000000002 3
      vertex 18.25 6.010000000000019 3
      vertex 12.489258935439471 84.63883810341684 3
    endloop
  endfacet
  facet normal 0 0 1
    outer loop
      vertex 8.218629150101524 84.34862915010154 3
      vertex 8.737706508215856 84.00179274798194 3
      vertex 9.35 83.88 3
    endloop
  endfacet
  facet normal 0 0 1
    outer loop
      vertex 8.218629150101524 84.34862915010154 3
      vertex 9.35 83.88 3
      vertex 9.962293491784143 84.00179274798194 3
    endloop
  endfacet
  facet normal 0 0 1
    outer loop
      vertex 8.218629150101524 84.34862915010154 3
      vertex 9.962293491784143 84.00179274798194 3
      vertex 10.481370849898475 84.34862915010154 3
    endloop
  endfacet
  facet normal 0 0 -1
    outer loop
      vertex 128.16000000000003 169 0
      vertex 18.25 6.010000000000019 0
      vertex 0 6.010000000000019 0
    endloop
  endfacet
  facet normal 0 0 -1
    outer loop
      vertex 54.25 0 0
      vertex 54.25 6.010000000000019 0
      vertex 71.75 0 0
    endloop
  endfacet
  facet normal 0 0 1
    outer loop
      vertex 71.75 6.010000000000019 3
      vertex 54.25 6.010000000000019 3
      vertex 54.25 0 3
    endloop
  endfacet
  facet normal 0 0 1
    outer loop
      vertex 71.75 0 3
      vertex 71.75 6.010000000000019 3
      vertex 54.25 0 3
    endloop
  endfacet
  facet normal 0 0 -1
    outer loop
      vertex 54.25 6.010000000000019 0
      vertex 71.75 6.010000000000019 0
      vertex 71.75 0 0
    endloop
  endfacet
  facet normal 0 0 1
    outer loop
      vertex 12.489258935439471 84.63883810341684 3
      vertex 71.75 6.010000000000019 3
      vertex 90.25 6.010000000000019 3
    endloop
  endfacet
  facet normal 0 0 1
    outer loop
      vertex 12.489258935439471 84.63883810341684 3
      vertex 90.25 6.010000000000019 3
      vertex 107.75 6.010000000000019 3
    endloop
  endfacet
  facet normal 0 0 1
    outer loop
      vertex 12.489258935439471 84.63883810341684 3
      vertex 107.75 6.010000000000019 3
      vertex 126.25 6.010000000000019 3
    endloop
  endfacet
  facet normal 0 0 -1
    outer loop
      vertex 90.25 0 0
      vertex 90.25 6.010000000000019 0
      vertex 107.75 0 0
    endloop
  endfacet
  facet normal 0 0 1
    outer loop
      vertex 107.75 6.010000000000019 3
      vertex 90.25 6.010000000000019 3
      vertex 90.25 0 3
    endloop
  endfacet
  facet normal 0 0 1
    outer loop
      vertex 107.75 0 3
      vertex 107.75 6.010000000000019 3
      vertex 90.25 0 3
    endloop
  endfacet
  facet normal 0 0 -1
    outer loop
      vertex 90.25 6.010000000000019 0
      vertex 107.75 6.010000000000019 0
      vertex 107.75 0 0
    endloop
  endfacet
  facet normal 0 0 1
    outer loop
      vertex 12.489258935439471 84.63883810341684 3
      vertex 126.25 6.010000000000019 3
      vertex 143.75 6.010000000000019 3
    endloop
  endfacet
  facet normal 0 0 1
    outer loop
      vertex 12.489258935439471 84.63883810341684 3
      vertex 143.75 6.010000000000019 3
      vertex 162.25 6.010000000000019 3
    endloop
  endfacet
  facet normal 0 0 -1
    outer loop
      vertex 128.16000000000003 169 0
      vertex 35.75 6.010000000000019 0
      vertex 18.25 6.010000000000019 0
    endloop
  endfacet
  facet normal 0 0 -1
    outer loop
      vertex 128.16000000000003 169 0
      vertex 54.25 6.010000000000019 0
      vertex 35.75 6.010000000000019 0
    endloop
  endfacet
  facet normal 0 0 1
    outer loop
      vertex 12.489258935439471 84.63883810341684 3
      vertex 222 0 3
      vertex 12.6 85.48000000000002 3
    endloop
  endfacet
  facet normal 0 0 -1
    outer loop
      vertex 128.16000000000003 169 0
      vertex 71.75 6.010000000000019 0
      vertex 54.25 6.010000000000019 0
    endloop
  endfacet
  facet normal 0 0 1
    outer loop
      vertex 12.6 85.48000000000002 3
      vertex 222 0 3
      vertex 12.6 162.95 3
    endloop
  endfacet
  facet normal 0 0 -1
    outer loop
      vertex 128.16000000000003 169 0
      vertex 90.25 6.010000000000019 0
      vertex 71.75 6.010000000000019 0
    endloop
  endfacet
  facet normal 0 0 -1
    outer loop
      vertex 128.16000000000003 169 0
      vertex 107.75 6.010000000000019 0
      vertex 90.25 6.010000000000019 0
    endloop
  endfacet
  facet normal 0 0 1
    outer loop
      vertex 6.1 85.48000000000002 3
      vertex 3 172 3
      vertex 3 6.010000000000019 3
    endloop
  endfacet
  facet normal 0 0 1
    outer loop
      vertex 8.218629150101524 84.34862915010154 3
      vertex 10.481370849898475 84.34862915010154 3
      vertex 7.8717927479819405 84.86770650821586 3
    endloop
  endfacet
  facet normal 0 0 1
    outer loop
      vertex 10.481370849898475 84.34862915010154 3
      vertex 7.75 85.48000000000002 3
      vertex 7.8717927479819405 84.86770650821586 3
    endloop
  endfacet
  facet normal 0 0 1
    outer loop
      vertex 10.481370849898475 84.34862915010154 3
      vertex 7.8717927479819405 86.09229349178418 3
      vertex 7.75 85.48000000000002 3
    endloop
  endfacet
  facet normal 0 0 1
    outer loop
      vertex 10.481370849898475 84.34862915010154 3
      vertex 8.218629150101524 86.61137084989849 3
      vertex 7.8717927479819405 86.09229349178418 3
    endloop
  endfacet
  facet normal 0 0 1
    outer loop
      vertex 10.481370849898475 84.34862915010154 3
      vertex 10.828207252018059 86.09229349178418 3
      vertex 10.481370849898475 86.61137084989849 3
    endloop
  endfacet
  facet normal 0 0 1
    outer loop
      vertex 10.481370849898475 84.34862915010154 3
      vertex 8.737706508215856 86.9582072520181 3
      vertex 8.218629150101524 86.61137084989849 3
    endloop
  endfacet
  facet normal 0 0 1
    outer loop
      vertex 10.481370849898475 84.34862915010154 3
      vertex 9.35 87.08000000000004 3
      vertex 8.737706508215856 86.9582072520181 3
    endloop
  endfacet
  facet normal 0 0 1
    outer loop
      vertex 10.481370849898475 84.34862915010154 3
      vertex 9.962293491784143 86.9582072520181 3
      vertex 9.35 87.08000000000004 3
    endloop
  endfacet
  facet normal 0 0 1
    outer loop
      vertex 10.481370849898475 84.34862915010154 3
      vertex 10.481370849898475 86.61137084989849 3
      vertex 9.962293491784143 86.9582072520181 3
    endloop
  endfacet
  facet normal 0 0 1
    outer loop
      vertex 10.481370849898475 84.34862915010154 3
      vertex 10.828207252018059 84.86770650821586 3
      vertex 10.95 85.48000000000002 3
    endloop
  endfacet
  facet normal 0 0 1
    outer loop
      vertex 10.481370849898475 84.34862915010154 3
      vertex 10.95 85.48000000000002 3
      vertex 10.828207252018059 86.09229349178418 3
    endloop
  endfacet
  facet normal 0 0 1
    outer loop
      vertex 6.210741064560528 86.32116189658319 3
      vertex 6.535417437700574 87.10500000000002 3
      vertex 6.535417437700574 161.325 3
    endloop
  endfacet
  facet normal 0 0 1
    outer loop
      vertex 6.535417437700574 87.10500000000002 3
      vertex 7.051902961143719 87.77809703885629 3
      vertex 7.051902961143719 160.65190296114372 3
    endloop
  endfacet
  facet normal 0 0 1
    outer loop
      vertex 6.1 85.48000000000002 3
      vertex 6.210741064560528 86.32116189658319 3
      vertex 3 172 3
    endloop
  endfacet
  facet normal 0 0 1
    outer loop
      vertex 7.051902961143719 87.77809703885629 3
      vertex 7.725 88.29458256229947 3
      vertex 7.725 160.13541743770054 3
    endloop
  endfacet
  facet normal 0 0 1
    outer loop
      vertex 7.725 88.29458256229947 3
      vertex 8.508838103416807 88.61925893543952 3
      vertex 8.508838103416807 159.8107410645605 3
    endloop
  endfacet
  facet normal 0 0 1
    outer loop
      vertex 8.508838103416807 88.61925893543952 3
      vertex 9.35 88.73000000000002 3
      vertex 9.35 159.7 3
    endloop
  endfacet
  facet normal 0 0 1
    outer loop
      vertex 9.35 88.73000000000002 3
      vertex 10.191161896583193 88.61925893543952 3
      vertex 10.191161896583193 159.8107410645605 3
    endloop
  endfacet
  facet normal 0 0 1
    outer loop
      vertex 10.975 88.29458256229947 3
      vertex 11.64809703885628 87.77809703885629 3
      vertex 10.975 160.13541743770054 3
    endloop
  endfacet
  facet normal 0 0 1
    outer loop
      vertex 10.191161896583193 88.61925893543952 3
      vertex 10.975 88.29458256229947 3
      vertex 10.975 160.13541743770054 3
    endloop
  endfacet
  facet normal 0 0 1
    outer loop
      vertex 12.164582562299426 87.10500000000002 3
      vertex 12.164582562299426 161.325 3
      vertex 11.64809703885628 87.77809703885629 3
    endloop
  endfacet
  facet normal 0 0 1
    outer loop
      vertex 12.164582562299426 87.10500000000002 3
      vertex 12.489258935439471 86.32116189658319 3
      vertex 12.489258935439471 162.10883810341682 3
    endloop
  endfacet
  facet normal 0 0 1
    outer loop
      vertex 12.6 85.48000000000002 3
      vertex 12.6 162.95 3
      vertex 12.489258935439471 86.32116189658319 3
    endloop
  endfacet
  facet normal 0 0 -1
    outer loop
      vertex 0 172.02549575070822 0
      vertex 97.84 169 0
      vertex 0 6.010000000000019 0
    endloop
  endfacet
  facet normal 0 0 1
    outer loop
      vertex 6.210741064560528 86.32116189658319 3
      vertex 6.535417437700574 161.325 3
      vertex 6.210741064560528 162.10883810341682 3
    endloop
  endfacet
  facet normal 0 0 1
    outer loop
      vertex 6.535417437700574 87.10500000000002 3
      vertex 7.051902961143719 160.65190296114372 3
      vertex 6.535417437700574 161.325 3
    endloop
  endfacet
  facet normal 0 0 1
    outer loop
      vertex 6.210741064560528 86.32116189658319 3
      vertex 6.210741064560528 162.10883810341682 3
      vertex 3 172 3
    endloop
  endfacet
  facet normal 0 0 1
    outer loop
      vertex 7.725 88.29458256229947 3
      vertex 8.508838103416807 159.8107410645605 3
      vertex 7.725 160.13541743770054 3
    endloop
  endfacet
  facet normal 0 0 1
    outer loop
      vertex 7.051902961143719 87.77809703885629 3
      vertex 7.725 160.13541743770054 3
      vertex 7.051902961143719 160.65190296114372 3
    endloop
  endfacet
  facet normal 0 0 1
    outer loop
      vertex 8.508838103416807 88.61925893543952 3
      vertex 9.35 159.7 3
      vertex 8.508838103416807 159.8107410645605 3
    endloop
  endfacet
  facet normal 0 0 1
    outer loop
      vertex 9.35 88.73000000000002 3
      vertex 10.191161896583193 159.8107410645605 3
      vertex 9.35 159.7 3
    endloop
  endfacet
  facet normal 0 0 1
    outer loop
      vertex 10.191161896583193 88.61925893543952 3
      vertex 10.975 160.13541743770054 3
      vertex 10.191161896583193 159.8107410645605 3
    endloop
  endfacet
  facet normal 0 0 1
    outer loop
      vertex 11.64809703885628 87.77809703885629 3
      vertex 11.64809703885628 160.65190296114372 3
      vertex 10.975 160.13541743770054 3
    endloop
  endfacet
  facet normal 0 0 1
    outer loop
      vertex 11.64809703885628 87.77809703885629 3
      vertex 12.164582562299426 161.325 3
      vertex 11.64809703885628 160.65190296114372 3
    endloop
  endfacet
  facet normal 0 0 1
    outer loop
      vertex 12.164582562299426 87.10500000000002 3
      vertex 12.489258935439471 162.10883810341682 3
      vertex 12.164582562299426 161.325 3
    endloop
  endfacet
  facet normal 0 0 1
    outer loop
      vertex 12.489258935439471 86.32116189658319 3
      vertex 12.6 162.95 3
      vertex 12.489258935439471 162.10883810341682 3
    endloop
  endfacet
  facet normal 0 0 1
    outer loop
      vertex 8.737706508215856 161.4717927479819 3
      vertex 9.35 161.34999999999997 3
      vertex 8.218629150101524 161.81862915010151 3
    endloop
  endfacet
  facet normal 0 0 1
    outer loop
      vertex 8.218629150101524 161.81862915010151 3
      vertex 10.481370849898475 161.81862915010151 3
      vertex 7.8717927479819405 162.33770650821583 3
    endloop
  endfacet
  facet normal 0 0 1
    outer loop
      vertex 7.8717927479819405 162.33770650821583 3
      vertex 10.481370849898475 161.81862915010151 3
      vertex 7.75 162.95 3
    endloop
  endfacet
  facet normal 0 0 1
    outer loop
      vertex 7.75 162.95 3
      vertex 10.481370849898475 161.81862915010151 3
      vertex 7.8717927479819405 163.56229349178415 3
    endloop
  endfacet
  facet normal 0 0 1
    outer loop
      vertex 7.8717927479819405 163.56229349178415 3
      vertex 10.481370849898475 161.81862915010151 3
      vertex 8.218629150101524 164.08137084989846 3
    endloop
  endfacet
  facet normal 0 0 1
    outer loop
      vertex 8.218629150101524 161.81862915010151 3
      vertex 9.35 161.34999999999997 3
      vertex 9.962293491784143 161.4717927479819 3
    endloop
  endfacet
  facet normal 0 0 1
    outer loop
      vertex 8.218629150101524 161.81862915010151 3
      vertex 9.962293491784143 161.4717927479819 3
      vertex 10.481370849898475 161.81862915010151 3
    endloop
  endfacet
  facet normal 0 0 1
    outer loop
      vertex 10.481370849898475 161.81862915010151 3
      vertex 10.828207252018059 162.33770650821583 3
      vertex 8.218629150101524 164.08137084989846 3
    endloop
  endfacet
  facet normal 0 0 1
    outer loop
      vertex 10.828207252018059 162.33770650821583 3
      vertex 10.95 162.95 3
      vertex 8.218629150101524 164.08137084989846 3
    endloop
  endfacet
  facet normal 0 0 1
    outer loop
      vertex 10.95 162.95 3
      vertex 10.828207252018059 163.56229349178415 3
      vertex 8.218629150101524 164.08137084989846 3
    endloop
  endfacet
  facet normal 0 0 1
    outer loop
      vertex 6.210741064560528 162.10883810341682 3
      vertex 6.1 162.95 3
      vertex 3 172 3
    endloop
  endfacet
  facet normal 0 0 1
    outer loop
      vertex 6.1 162.95 3
      vertex 6.210741064560528 163.79116189658316 3
      vertex 3 172 3
    endloop
  endfacet
  facet normal 0 0 1
    outer loop
      vertex 6.210741064560528 163.79116189658316 3
      vertex 6.535417437700574 164.575 3
      vertex 3 172 3
    endloop
  endfacet
  facet normal 0 0 1
    outer loop
      vertex 6.535417437700574 164.575 3
      vertex 7.051902961143719 165.24809703885626 3
      vertex 3 172 3
    endloop
  endfacet
  facet normal 0 0 1
    outer loop
      vertex 7.051902961143719 165.24809703885626 3
      vertex 6.7542857142857144 172 3
      vertex 3 172 3
    endloop
  endfacet
  facet normal 0 0 1
    outer loop
      vertex 10.828207252018059 163.56229349178415 3
      vertex 8.737706508215856 164.42820725201807 3
      vertex 8.218629150101524 164.08137084989846 3
    endloop
  endfacet
  facet normal 0 0 1
    outer loop
      vertex 8.737706508215856 164.42820725201807 3
      vertex 10.481370849898475 164.08137084989846 3
      vertex 9.35 164.55 3
    endloop
  endfacet
  facet normal 0 0 1
    outer loop
      vertex 10.828207252018059 163.56229349178415 3
      vertex 10.481370849898475 164.08137084989846 3
      vertex 8.737706508215856 164.42820725201807 3
    endloop
  endfacet
  facet normal 0 0 1
    outer loop
      vertex 9.35 164.55 3
      vertex 10.481370849898475 164.08137084989846 3
      vertex 9.962293491784143 164.42820725201807 3
    endloop
  endfacet
  facet normal 0 0 1
    outer loop
      vertex 7.051902961143719 165.24809703885626 3
      vertex 7.725 165.76458256229944 3
      vertex 6.7542857142857144 172 3
    endloop
  endfacet
  facet normal 0 0 1
    outer loop
      vertex 6.7542857142857144 172 3
      vertex 7.725 165.76458256229944 3
      vertex 8.508838103416807 166.0892589354395 3
    endloop
  endfacet
  facet normal 0 0 1
    outer loop
      vertex 6.7542857142857144 172 3
      vertex 8.508838103416807 166.0892589354395 3
      vertex 9.35 166.2 3
    endloop
  endfacet
  facet normal 0 0 1
    outer loop
      vertex 6.7542857142857144 172 3
      vertex 9.35 166.2 3
      vertex 10.191161896583193 166.0892589354395 3
    endloop
  endfacet
  facet normal 0 0 1
    outer loop
      vertex 6.7542857142857144 172 3
      vertex 10.975 165.76458256229944 3
      vertex 11.64809703885628 165.24809703885626 3
    endloop
  endfacet
  facet normal 0 0 1
    outer loop
      vertex 6.7542857142857144 172 3
      vertex 10.191161896583193 166.0892589354395 3
      vertex 10.975 165.76458256229944 3
    endloop
  endfacet
  facet normal 0 1 0
    outer loop
      vertex 0 175 3
      vertex 3 175 3
      vertex 50.02007387698546 175 1.5126505521830835
    endloop
  endfacet
  facet normal 0 1 0
    outer loop
      vertex 0 175 0
      vertex 0 175 3
      vertex 97.84 175 0
    endloop
  endfacet
  facet normal 0 0 -1
    outer loop
      vertex 0 172.02549575070822 0
      vertex 44.06491925667453 172.29773594092347 0
      vertex 97.84 169 0
    endloop
  endfacet
  facet normal 0 1 0
    outer loop
      vertex 3 175 3
      vertex 92.18 175 3
      vertex 50.02007387698546 175 1.5126505521830835
    endloop
  endfacet
  facet normal 0 1 0
    outer loop
      vertex 0 175 3
      vertex 50.02007387698546 175 1.5126505521830835
      vertex 97.84 175 0
    endloop
  endfacet
  facet normal 0 0 -1
    outer loop
      vertex 97.84 169 0
      vertex 107.84 169 0
      vertex 0 6.010000000000019 0
    endloop
  endfacet
  facet normal 0 0 -1
    outer loop
      vertex 107.84 169 0
      vertex 118.16000000000001 169 0
      vertex 0 6.010000000000019 0
    endloop
  endfacet
  facet normal 0 0 1
    outer loop
      vertex 6.7542857142857144 172 3
      vertex 11.64809703885628 165.24809703885626 3
      vertex 222 0 3
    endloop
  endfacet
  facet normal 0 0 1
    outer loop
      vertex 12.6 162.95 3
      vertex 222 0 3
      vertex 12.489258935439471 163.79116189658316 3
    endloop
  endfacet
  facet normal 0 0 1
    outer loop
      vertex 12.164582562299426 164.575 3
      vertex 12.489258935439471 163.79116189658316 3
      vertex 222 0 3
    endloop
  endfacet
  facet normal 0 0 1
    outer loop
      vertex 12.164582562299426 164.575 3
      vertex 222 0 3
      vertex 11.64809703885628 165.24809703885626 3
    endloop
  endfacet
  facet normal 0 0 -1
    outer loop
      vertex 118.16000000000001 169 0
      vertex 128.16000000000003 169 0
      vertex 0 6.010000000000019 0
    endloop
  endfacet
  facet normal 0 0 1
    outer loop
      vertex 6.7542857142857144 172 3
      vertex 132.45190296114373 83.18190296114375 3
      vertex 131.93541743770058 83.85500000000002 3
    endloop
  endfacet
  facet normal 0 0 1
    outer loop
      vertex 6.7542857142857144 172 3
      vertex 131.93541743770058 83.85500000000002 3
      vertex 131.61074106456053 84.63883810341684 3
    endloop
  endfacet
  facet normal 0 0 1
    outer loop
      vertex 6.7542857142857144 172 3
      vertex 131.61074106456053 84.63883810341684 3
      vertex 131.5 85.48000000000002 3
    endloop
  endfacet
  facet normal 0 0 1
    outer loop
      vertex 6.7542857142857144 172 3
      vertex 131.5 85.48000000000002 3
      vertex 92.18 172 3
    endloop
  endfacet
  facet normal 0 0 -1
    outer loop
      vertex 44.06491925667453 172.29773594092347 0
      vertex 97.84 172 0
      vertex 97.84 169 0
    endloop
  endfacet
  facet normal 0 1 0
    outer loop
      vertex 50.02007387698546 175 1.5126505521830835
      vertex 92.18 175 3
      vertex 97.84 175 3
    endloop
  endfacet
  facet normal 0 1 0
    outer loop
      vertex 50.02007387698546 175 1.5126505521830835
      vertex 97.84 175 3
      vertex 97.84 175 2.9517366835313514
    endloop
  endfacet
  facet normal 0 0 1
    outer loop
      vertex 92.18 172 3
      vertex 97.84 169 3
      vertex 97.84 172 3
    endloop
  endfacet
  facet normal 0 0 1
    outer loop
      vertex 92.18 172 3
      vertex 97.84 172 3
      vertex 92.18 175 3
    endloop
  endfacet
  facet normal 0 0 1
    outer loop
      vertex 92.18 175 3
      vertex 97.84 172 3
      vertex 97.84 175 3
    endloop
  endfacet
  facet normal 0 0 -1
    outer loop
      vertex 107.84 169 0
      vertex 107.84 172 0
      vertex 111.70184344109005 172.7547421854128 0
    endloop
  endfacet
  facet normal 0 0 1
    outer loop
      vertex 107.84 169 3
      vertex 113 172 3
      vertex 107.84 172 3
    endloop
  endfacet
  facet normal 0 0 -1
    outer loop
      vertex 107.84 172 0
      vertex 107.84 172.72864864864863 0
      vertex 111.70184344109005 172.7547421854128 0
    endloop
  endfacet
  facet normal 0 0 -1
    outer loop
      vertex 107.84 169 0
      vertex 111.70184344109005 172.7547421854128 0
      vertex 118.16000000000001 169 0
    endloop
  endfacet
  facet normal 0 0 1
    outer loop
      vertex 107.84 169 3
      vertex 118.16000000000001 169 3
      vertex 113 172 3
    endloop
  endfacet
  facet normal 0 0 -1
    outer loop
      vertex 126.25 0 0
      vertex 126.25 6.010000000000019 0
      vertex 143.75 0 0
    endloop
  endfacet
  facet normal 0 0 1
    outer loop
      vertex 143.75 6.010000000000019 3
      vertex 126.25 6.010000000000019 3
      vertex 126.25 0 3
    endloop
  endfacet
  facet normal 0 0 1
    outer loop
      vertex 143.75 0 3
      vertex 143.75 6.010000000000019 3
      vertex 126.25 0 3
    endloop
  endfacet
  facet normal 0 0 1
    outer loop
      vertex 12.489258935439471 84.63883810341684 3
      vertex 162.25 6.010000000000019 3
      vertex 179.75 6.010000000000019 3
    endloop
  endfacet
  facet normal 0 0 1
    outer loop
      vertex 12.489258935439471 84.63883810341684 3
      vertex 179.75 6.010000000000019 3
      vertex 198.25 6.010000000000019 3
    endloop
  endfacet
  facet normal 0 0 1
    outer loop
      vertex 12.489258935439471 84.63883810341684 3
      vertex 198.25 6.010000000000019 3
      vertex 216 0 3
    endloop
  endfacet
  facet normal 0 0 -1
    outer loop
      vertex 162.25 0 0
      vertex 162.25 6.010000000000019 0
      vertex 179.75 0 0
    endloop
  endfacet
  facet normal 0 0 1
    outer loop
      vertex 179.75 6.010000000000019 3
      vertex 162.25 6.010000000000019 3
      vertex 162.25 0 3
    endloop
  endfacet
  facet normal 0 0 1
    outer loop
      vertex 12.489258935439471 84.63883810341684 3
      vertex 216 0 3
      vertex 222 0 3
    endloop
  endfacet
  facet normal 0 0 -1
    outer loop
      vertex 128.16000000000003 169 0
      vertex 126.25 6.010000000000019 0
      vertex 107.75 6.010000000000019 0
    endloop
  endfacet
  facet normal 0 0 -1
    outer loop
      vertex 128.16000000000003 169 0
      vertex 143.75 0 0
      vertex 126.25 6.010000000000019 0
    endloop
  endfacet
  facet normal 0 0 -1
    outer loop
      vertex 128.16000000000003 169 0
      vertex 143.75 6.010000000000019 0
      vertex 143.75 0 0
    endloop
  endfacet
  facet normal 0 0 1
    outer loop
      vertex 133.61862915010153 84.34862915010154 3
      vertex 134.13770650821584 84.00179274798194 3
      vertex 134.75 83.88 3
    endloop
  endfacet
  facet normal 0 0 1
    outer loop
      vertex 133.61862915010153 84.34862915010154 3
      vertex 134.75 83.88 3
      vertex 135.36229349178416 84.00179274798194 3
    endloop
  endfacet
  facet normal 0 0 1
    outer loop
      vertex 133.61862915010153 84.34862915010154 3
      vertex 135.36229349178416 84.00179274798194 3
      vertex 135.88137084989847 84.34862915010154 3
    endloop
  endfacet
  facet normal 0 0 -1
    outer loop
      vertex 128.16000000000003 169 0
      vertex 162.25 6.010000000000019 0
      vertex 143.75 6.010000000000019 0
    endloop
  endfacet
  facet normal 0 0 -1
    outer loop
      vertex 128.16000000000003 169 0
      vertex 179.75 0 0
      vertex 162.25 6.010000000000019 0
    endloop
  endfacet
  facet normal 0 0 1
    outer loop
      vertex 133.125 82.66541743770057 3
      vertex 132.45190296114373 83.18190296114375 3
      vertex 222 0 3
    endloop
  endfacet
  facet normal 0 0 1
    outer loop
      vertex 133.125 82.66541743770057 3
      vertex 222 0 3
      vertex 133.9088381034168 82.34074106456052 3
    endloop
  endfacet
  facet normal 0 0 1
    outer loop
      vertex 133.9088381034168 82.34074106456052 3
      vertex 222 0 3
      vertex 134.75 82.23000000000002 3
    endloop
  endfacet
  facet normal 0 0 -1
    outer loop
      vertex 128.16000000000003 169 0
      vertex 179.75 6.010000000000019 0
      vertex 179.75 0 0
    endloop
  endfacet
  facet normal 0 0 1
    outer loop
      vertex 134.75 82.23000000000002 3
      vertex 222 0 3
      vertex 135.5911618965832 82.34074106456052 3
    endloop
  endfacet
  facet normal 0 0 1
    outer loop
      vertex 135.5911618965832 82.34074106456052 3
      vertex 222 0 3
      vertex 136.375 82.66541743770057 3
    endloop
  endfacet
  facet normal 0 0 1
    outer loop
      vertex 136.375 82.66541743770057 3
      vertex 222 0 3
      vertex 137.04809703885627 83.18190296114375 3
    endloop
  endfacet
  facet normal 0 0 1
    outer loop
      vertex 137.04809703885627 83.18190296114375 3
      vertex 222 0 3
      vertex 137.56458256229942 83.85500000000002 3
    endloop
  endfacet
  facet normal 0 0 1
    outer loop
      vertex 137.56458256229942 83.85500000000002 3
      vertex 222 0 3
      vertex 137.88925893543947 84.63883810341684 3
    endloop
  endfacet
  facet normal 0 0 1
    outer loop
      vertex 222 0 3
      vertex 137.04809703885627 87.77809703885629 3
      vertex 137.56458256229942 87.10500000000002 3
    endloop
  endfacet
  facet normal 0 0 1
    outer loop
      vertex 222 0 3
      vertex 138 85.48000000000002 3
      vertex 137.88925893543947 84.63883810341684 3
    endloop
  endfacet
  facet normal 0 0 1
    outer loop
      vertex 222 0 3
      vertex 137.88925893543947 86.32116189658319 3
      vertex 138 85.48000000000002 3
    endloop
  endfacet
  facet normal 0 0 1
    outer loop
      vertex 222 0 3
      vertex 137.56458256229942 87.10500000000002 3
      vertex 137.88925893543947 86.32116189658319 3
    endloop
  endfacet
  facet normal 0 0 -1
    outer loop
      vertex 128.16000000000003 169 0
      vertex 198.25 6.010000000000019 0
      vertex 179.75 6.010000000000019 0
    endloop
  endfacet
  facet normal 0 0 1
    outer loop
      vertex 179.75 0 3
      vertex 179.75 6.010000000000019 3
      vertex 162.25 0 3
    endloop
  endfacet
  facet normal 0 0 -1
    outer loop
      vertex 216 0 0
      vertex 198.25 0 0
      vertex 198.25 6.010000000000019 0
    endloop
  endfacet
  facet normal 0 0 1
    outer loop
      vertex 216 0 3
      vertex 198.25 6.010000000000019 3
      vertex 198.25 0 3
    endloop
  endfacet
  facet normal 0 0 -1
    outer loop
      vertex 222 0 0
      vertex 215.99 17.75 0
      vertex 222 17.75 0
    endloop
  endfacet
  facet normal 0 0 1
    outer loop
      vertex 222 0 3
      vertex 222 17.75 3
      vertex 215.99 17.75 3
    endloop
  endfacet
  facet normal 0 0 -1
    outer loop
      vertex 216 0 0
      vertex 198.25 6.010000000000019 0
      vertex 128.16000000000003 169 0
    endloop
  endfacet
  facet normal 0 0 -1
    outer loop
      vertex 216 0 0
      vertex 128.16000000000003 169 0
      vertex 222 0 0
    endloop
  endfacet
  facet normal 0 0 -1
    outer loop
      vertex 222 0 0
      vertex 128.16000000000003 172 0
      vertex 215.99 17.75 0
    endloop
  endfacet
  facet normal 0 0 1
    outer loop
      vertex 222 0 3
      vertex 215.99 17.75 3
      vertex 128.16000000000003 169 3
    endloop
  endfacet
  facet normal 0 0 -1
    outer loop
      vertex 128.16000000000003 172 0
      vertex 215.99 36.25 0
      vertex 215.99 17.75 0
    endloop
  endfacet
  facet normal 0 0 1
    outer loop
      vertex 128.16000000000003 169 3
      vertex 215.99 17.75 3
      vertex 215.99 36.25 3
    endloop
  endfacet
  facet normal 0 0 -1
    outer loop
      vertex 222 36.25 0
      vertex 215.99 36.25 0
      vertex 222 53.75 0
    endloop
  endfacet
  facet normal 0 0 1
    outer loop
      vertex 215.99 36.25 3
      vertex 222 36.25 3
      vertex 215.99 53.75 3
    endloop
  endfacet
  facet normal 0 0 -1
    outer loop
      vertex 215.99 36.25 0
      vertex 215.99 53.75 0
      vertex 222 53.75 0
    endloop
  endfacet
  facet normal 0 0 1
    outer loop
      vertex 222 36.25 3
      vertex 222 53.75 3
      vertex 215.99 53.75 3
    endloop
  endfacet
  facet normal 0 0 1
    outer loop
      vertex 212.55 82.23000000000002 3
      vertex 215.99 36.25 3
      vertex 215.99 53.75 3
    endloop
  endfacet
  facet normal 0 0 1
    outer loop
      vertex 210.925 82.66541743770057 3
      vertex 210.25190296114374 83.18190296114375 3
      vertex 215.99 36.25 3
    endloop
  endfacet
  facet normal 0 0 1
    outer loop
      vertex 210.925 82.66541743770057 3
      vertex 215.99 36.25 3
      vertex 211.7088381034168 82.34074106456052 3
    endloop
  endfacet
  facet normal 0 0 1
    outer loop
      vertex 211.7088381034168 82.34074106456052 3
      vertex 215.99 36.25 3
      vertex 212.55 82.23000000000002 3
    endloop
  endfacet
  facet normal 0 0 1
    outer loop
      vertex 211.41862915010154 84.34862915010154 3
      vertex 211.93770650821585 84.00179274798194 3
      vertex 212.55 83.88 3
    endloop
  endfacet
  facet normal 0 0 1
    outer loop
      vertex 211.41862915010154 84.34862915010154 3
      vertex 212.55 83.88 3
      vertex 213.16229349178417 84.00179274798194 3
    endloop
  endfacet
  facet normal 0 0 1
    outer loop
      vertex 211.41862915010154 84.34862915010154 3
      vertex 213.16229349178417 84.00179274798194 3
      vertex 213.68137084989849 84.34862915010154 3
    endloop
  endfacet
  facet normal 0 0 1
    outer loop
      vertex 212.55 82.23000000000002 3
      vertex 215.99 53.75 3
      vertex 215.99 72.25 3
    endloop
  endfacet
  facet normal 0 0 1
    outer loop
      vertex 214.84809703885628 83.18190296114375 3
      vertex 215.99 72.25 3
      vertex 222 72.25 3
    endloop
  endfacet
  facet normal 0 0 -1
    outer loop
      vertex 222 72.25 0
      vertex 215.99 72.25 0
      vertex 222 89.75 0
    endloop
  endfacet
  facet normal 0 0 1
    outer loop
      vertex 212.55 82.23000000000002 3
      vertex 215.99 72.25 3
      vertex 213.3911618965832 82.34074106456052 3
    endloop
  endfacet
  facet normal 0 0 1
    outer loop
      vertex 213.3911618965832 82.34074106456052 3
      vertex 215.99 72.25 3
      vertex 214.175 82.66541743770057 3
    endloop
  endfacet
  facet normal 0 0 1
    outer loop
      vertex 214.175 82.66541743770057 3
      vertex 215.99 72.25 3
      vertex 214.84809703885628 83.18190296114375 3
    endloop
  endfacet
  facet normal 0 0 1
    outer loop
      vertex 214.84809703885628 83.18190296114375 3
      vertex 222 72.25 3
      vertex 215.36458256229943 83.85500000000002 3
    endloop
  endfacet
  facet normal 0 0 1
    outer loop
      vertex 215.36458256229943 83.85500000000002 3
      vertex 222 72.25 3
      vertex 215.68925893543948 84.63883810341684 3
    endloop
  endfacet
  facet normal 0 0 1
    outer loop
      vertex 215.68925893543948 84.63883810341684 3
      vertex 222 72.25 3
      vertex 215.8 85.48000000000002 3
    endloop
  endfacet
  facet normal 0 0 -1
    outer loop
      vertex 215.99 72.25 0
      vertex 215.99 89.75 0
      vertex 222 89.75 0
    endloop
  endfacet
  facet normal 0 0 1
    outer loop
      vertex 215.8 85.48000000000002 3
      vertex 222 72.25 3
      vertex 215.99 89.75 3
    endloop
  endfacet
  facet normal 0 0 1
    outer loop
      vertex 222 72.25 3
      vertex 222 89.75 3
      vertex 215.99 89.75 3
    endloop
  endfacet
  facet normal 0 0 1
    outer loop
      vertex 6.7542857142857144 172 3
      vertex 222 0 3
      vertex 132.45190296114373 83.18190296114375 3
    endloop
  endfacet
  facet normal 0 0 1
    outer loop
      vertex 133.61862915010153 84.34862915010154 3
      vertex 135.88137084989847 84.34862915010154 3
      vertex 133.27179274798195 84.86770650821586 3
    endloop
  endfacet
  facet normal 0 0 1
    outer loop
      vertex 135.88137084989847 84.34862915010154 3
      vertex 133.15 85.48000000000002 3
      vertex 133.27179274798195 84.86770650821586 3
    endloop
  endfacet
  facet normal 0 0 1
    outer loop
      vertex 135.88137084989847 84.34862915010154 3
      vertex 133.27179274798195 86.09229349178418 3
      vertex 133.15 85.48000000000002 3
    endloop
  endfacet
  facet normal 0 0 1
    outer loop
      vertex 135.88137084989847 84.34862915010154 3
      vertex 133.61862915010153 86.61137084989849 3
      vertex 133.27179274798195 86.09229349178418 3
    endloop
  endfacet
  facet normal 0 0 1
    outer loop
      vertex 135.88137084989847 84.34862915010154 3
      vertex 134.13770650821584 86.9582072520181 3
      vertex 133.61862915010153 86.61137084989849 3
    endloop
  endfacet
  facet normal 0 0 1
    outer loop
      vertex 134.13770650821584 86.9582072520181 3
      vertex 136.22820725201805 84.86770650821586 3
      vertex 134.75 87.08000000000004 3
    endloop
  endfacet
  facet normal 0 0 1
    outer loop
      vertex 135.88137084989847 84.34862915010154 3
      vertex 136.22820725201805 84.86770650821586 3
      vertex 134.13770650821584 86.9582072520181 3
    endloop
  endfacet
  facet normal 0 0 1
    outer loop
      vertex 136.22820725201805 84.86770650821586 3
      vertex 136.35 85.48000000000002 3
      vertex 135.88137084989847 86.61137084989849 3
    endloop
  endfacet
  facet normal 0 0 1
    outer loop
      vertex 134.75 87.08000000000004 3
      vertex 136.22820725201805 84.86770650821586 3
      vertex 135.36229349178416 86.9582072520181 3
    endloop
  endfacet
  facet normal 0 0 1
    outer loop
      vertex 135.36229349178416 86.9582072520181 3
      vertex 136.22820725201805 84.86770650821586 3
      vertex 135.88137084989847 86.61137084989849 3
    endloop
  endfacet
  facet normal 0 0 1
    outer loop
      vertex 136.35 85.48000000000002 3
      vertex 136.22820725201805 86.09229349178418 3
      vertex 135.88137084989847 86.61137084989849 3
    endloop
  endfacet
  facet normal 0 0 1
    outer loop
      vertex 92.18 172 3
      vertex 131.5 85.48000000000002 3
      vertex 131.61074106456053 86.32116189658319 3
    endloop
  endfacet
  facet normal 0 0 1
    outer loop
      vertex 92.18 172 3
      vertex 131.61074106456053 86.32116189658319 3
      vertex 131.93541743770058 87.10500000000002 3
    endloop
  endfacet
  facet normal 0 0 1
    outer loop
      vertex 92.18 172 3
      vertex 131.93541743770058 87.10500000000002 3
      vertex 132.45190296114373 87.77809703885629 3
    endloop
  endfacet
  facet normal 0 0 1
    outer loop
      vertex 92.18 172 3
      vertex 132.45190296114373 87.77809703885629 3
      vertex 133.125 88.29458256229947 3
    endloop
  endfacet
  facet normal 0 0 1
    outer loop
      vertex 92.18 172 3
      vertex 133.125 88.29458256229947 3
      vertex 133.9088381034168 88.61925893543952 3
    endloop
  endfacet
  facet normal 0 0 1
    outer loop
      vertex 92.18 172 3
      vertex 133.9088381034168 88.61925893543952 3
      vertex 134.75 88.73000000000002 3
    endloop
  endfacet
  facet normal 0 0 1
    outer loop
      vertex 92.18 172 3
      vertex 134.75 88.73000000000002 3
      vertex 135.5911618965832 88.61925893543952 3
    endloop
  endfacet
  facet normal 0 0 1
    outer loop
      vertex 92.18 172 3
      vertex 135.5911618965832 88.61925893543952 3
      vertex 136.375 88.29458256229947 3
    endloop
  endfacet
  facet normal 0 0 1
    outer loop
      vertex 92.18 172 3
      vertex 136.375 88.29458256229947 3
      vertex 137.04809703885627 87.77809703885629 3
    endloop
  endfacet
  facet normal 0 0 1
    outer loop
      vertex 92.18 172 3
      vertex 222 0 3
      vertex 97.84 169 3
    endloop
  endfacet
  facet normal 0 0 1
    outer loop
      vertex 92.18 172 3
      vertex 137.04809703885627 87.77809703885629 3
      vertex 222 0 3
    endloop
  endfacet
  facet normal 0 0 1
    outer loop
      vertex 97.84 169 3
      vertex 222 0 3
      vertex 107.84 169 3
    endloop
  endfacet
  facet normal 0 0 1
    outer loop
      vertex 107.84 169 3
      vertex 222 0 3
      vertex 118.16000000000001 169 3
    endloop
  endfacet
  facet normal 0 0 1
    outer loop
      vertex 222 0 3
      vertex 128.16000000000003 169 3
      vertex 118.16000000000001 169 3
    endloop
  endfacet
  facet normal 0 0 -1
    outer loop
      vertex 222 0 0
      vertex 128.16000000000003 169 0
      vertex 128.16000000000003 172 0
    endloop
  endfacet
  facet normal 0 0 -1
    outer loop
      vertex 111.70184344109005 172.7547421854128 0
      vertex 118.16000000000001 172 0
      vertex 118.16000000000001 169 0
    endloop
  endfacet
  facet normal 0 0 1
    outer loop
      vertex 113 172 3
      vertex 118.16000000000001 169 3
      vertex 118.16000000000001 172 3
    endloop
  endfacet
  facet normal 0 0 1
    outer loop
      vertex 128.16000000000003 169 3
      vertex 133.82 172 3
      vertex 128.16000000000003 172 3
    endloop
  endfacet
  facet normal 0 0 1
    outer loop
      vertex 128.16000000000003 172 3
      vertex 133.82 172 3
      vertex 128.16000000000003 175 3
    endloop
  endfacet
  facet normal 0 0 1
    outer loop
      vertex 128.16000000000003 175 3
      vertex 133.82 172 3
      vertex 133.82 175 3
    endloop
  endfacet
  facet normal 0 0 -1
    outer loop
      vertex 128.16000000000003 172 0
      vertex 128.16000000000003 175 0
      vertex 222 175 0
    endloop
  endfacet
  facet normal 0 1 0
    outer loop
      vertex 128.16000000000003 175 0
      vertex 128.16000000000003 175 3
      vertex 222 175 0
    endloop
  endfacet
  facet normal 0 0 1
    outer loop
      vertex 128.16000000000003 169 3
      vertex 222 172 3
      vertex 133.82 172 3
    endloop
  endfacet
  facet normal 0 1 0
    outer loop
      vertex 128.16000000000003 175 3
      vertex 133.82 175 3
      vertex 222 175 0
    endloop
  endfacet
  facet normal 0 0 1
    outer loop
      vertex 210.25190296114374 83.18190296114375 3
      vertex 128.16000000000003 169 3
      vertex 215.99 36.25 3
    endloop
  endfacet
  facet normal 0 0 -1
    outer loop
      vertex 128.16000000000003 172 0
      vertex 215.99 53.75 0
      vertex 215.99 36.25 0
    endloop
  endfacet
  facet normal 0 0 -1
    outer loop
      vertex 128.16000000000003 172 0
      vertex 215.99 72.25 0
      vertex 215.99 53.75 0
    endloop
  endfacet
  facet normal 0 0 1
    outer loop
      vertex 209.7354174377006 83.85500000000002 3
      vertex 209.41074106456054 84.63883810341684 3
      vertex 128.16000000000003 169 3
    endloop
  endfacet
  facet normal 0 0 1
    outer loop
      vertex 209.7354174377006 83.85500000000002 3
      vertex 128.16000000000003 169 3
      vertex 210.25190296114374 83.18190296114375 3
    endloop
  endfacet
  facet normal 0 0 1
    outer loop
      vertex 128.16000000000003 169 3
      vertex 209.41074106456054 84.63883810341684 3
      vertex 209.3 85.48000000000002 3
    endloop
  endfacet
  facet normal 0 0 1
    outer loop
      vertex 128.16000000000003 169 3
      vertex 209.3 85.48000000000002 3
      vertex 209.41074106456054 86.32116189658319 3
    endloop
  endfacet
  facet normal 0 0 -1
    outer loop
      vertex 128.16000000000003 172 0
      vertex 215.99 89.75 0
      vertex 215.99 72.25 0
    endloop
  endfacet
  facet normal 0 0 -1
    outer loop
      vertex 128.16000000000003 172 0
      vertex 215.99 108.25 0
      vertex 215.99 89.75 0
    endloop
  endfacet
  facet normal 0 0 1
    outer loop
      vertex 213.68137084989849 84.34862915010154 3
      vertex 210.95000000000002 85.48000000000002 3
      vertex 211.07179274798196 84.86770650821586 3
    endloop
  endfacet
  facet normal 0 0 1
    outer loop
      vertex 213.68137084989849 84.34862915010154 3
      vertex 211.07179274798196 86.09229349178418 3
      vertex 210.95000000000002 85.48000000000002 3
    endloop
  endfacet
  facet normal 0 0 1
    outer loop
      vertex 211.41862915010154 84.34862915010154 3
      vertex 213.68137084989849 84.34862915010154 3
      vertex 211.07179274798196 84.86770650821586 3
    endloop
  endfacet
  facet normal 0 0 1
    outer loop
      vertex 213.68137084989849 84.34862915010154 3
      vertex 211.41862915010154 86.61137084989849 3
      vertex 211.07179274798196 86.09229349178418 3
    endloop
  endfacet
  facet normal 0 0 1
    outer loop
      vertex 213.68137084989849 84.34862915010154 3
      vertex 214.02820725201806 84.86770650821586 3
      vertex 211.93770650821585 86.9582072520181 3
    endloop
  endfacet
  facet normal 0 0 1
    outer loop
      vertex 213.68137084989849 84.34862915010154 3
      vertex 211.93770650821585 86.9582072520181 3
      vertex 211.41862915010154 86.61137084989849 3
    endloop
  endfacet
  facet normal 0 0 1
    outer loop
      vertex 211.93770650821585 86.9582072520181 3
      vertex 214.02820725201806 84.86770650821586 3
      vertex 212.55 87.08000000000004 3
    endloop
  endfacet
  facet normal 0 0 1
    outer loop
      vertex 212.55 87.08000000000004 3
      vertex 214.02820725201806 84.86770650821586 3
      vertex 213.16229349178417 86.9582072520181 3
    endloop
  endfacet
  facet normal 0 0 1
    outer loop
      vertex 213.68137084989849 86.61137084989849 3
      vertex 213.16229349178417 86.9582072520181 3
      vertex 214.02820725201806 84.86770650821586 3
    endloop
  endfacet
  facet normal 0 0 1
    outer loop
      vertex 213.68137084989849 86.61137084989849 3
      vertex 214.02820725201806 84.86770650821586 3
      vertex 214.15 85.48000000000002 3
    endloop
  endfacet
  facet normal 0 0 1
    outer loop
      vertex 213.68137084989849 86.61137084989849 3
      vertex 214.15 85.48000000000002 3
      vertex 214.02820725201806 86.09229349178418 3
    endloop
  endfacet
  facet normal 0 0 1
    outer loop
      vertex 215.8 85.48000000000002 3
      vertex 215.99 89.75 3
      vertex 215.99 108.25 3
    endloop
  endfacet
  facet normal 0 0 1
    outer loop
      vertex 215.8 85.48000000000002 3
      vertex 215.99 108.25 3
      vertex 215.99 125.75 3
    endloop
  endfacet
  facet normal 0 0 1
    outer loop
      vertex 209.41074106456054 86.32116189658319 3
      vertex 209.7354174377006 87.10500000000002 3
      vertex 209.7354174377006 161.325 3
    endloop
  endfacet
  facet normal 0 0 1
    outer loop
      vertex 209.7354174377006 87.10500000000002 3
      vertex 210.25190296114374 87.77809703885629 3
      vertex 210.25190296114374 160.65190296114372 3
    endloop
  endfacet
  facet normal 0 0 1
    outer loop
      vertex 210.25190296114374 87.77809703885629 3
      vertex 210.925 88.29458256229947 3
      vertex 210.925 160.13541743770054 3
    endloop
  endfacet
  facet normal 0 0 1
    outer loop
      vertex 210.925 88.29458256229947 3
      vertex 211.7088381034168 88.61925893543952 3
      vertex 211.7088381034168 159.8107410645605 3
    endloop
  endfacet
  facet normal 0 0 1
    outer loop
      vertex 211.7088381034168 88.61925893543952 3
      vertex 212.55 88.73000000000002 3
      vertex 212.55 159.7 3
    endloop
  endfacet
  facet normal 0 0 1
    outer loop
      vertex 212.55 88.73000000000002 3
      vertex 213.3911618965832 88.61925893543952 3
      vertex 213.3911618965832 159.8107410645605 3
    endloop
  endfacet
  facet normal 0 0 1
    outer loop
      vertex 214.175 88.29458256229947 3
      vertex 214.84809703885628 87.77809703885629 3
      vertex 214.175 160.13541743770054 3
    endloop
  endfacet
  facet normal 0 0 1
    outer loop
      vertex 213.3911618965832 88.61925893543952 3
      vertex 214.175 88.29458256229947 3
      vertex 214.175 160.13541743770054 3
    endloop
  endfacet
  facet normal 0 0 1
    outer loop
      vertex 215.36458256229943 87.10500000000002 3
      vertex 215.36458256229943 161.325 3
      vertex 214.84809703885628 87.77809703885629 3
    endloop
  endfacet
  facet normal 0 0 1
    outer loop
      vertex 215.8 85.48000000000002 3
      vertex 215.8 162.95 3
      vertex 215.68925893543948 86.32116189658319 3
    endloop
  endfacet
  facet normal 0 0 1
    outer loop
      vertex 215.36458256229943 87.10500000000002 3
      vertex 215.68925893543948 86.32116189658319 3
      vertex 215.68925893543948 162.10883810341682 3
    endloop
  endfacet
  facet normal 0 0 -1
    outer loop
      vertex 222 108.25 0
      vertex 215.99 108.25 0
      vertex 222 125.75 0
    endloop
  endfacet
  facet normal 0 0 1
    outer loop
      vertex 222 108.25 3
      vertex 215.99 125.75 3
      vertex 215.99 108.25 3
    endloop
  endfacet
  facet normal 0 0 1
    outer loop
      vertex 215.8 85.48000000000002 3
      vertex 215.99 125.75 3
      vertex 215.99 144.25 3
    endloop
  endfacet
  facet normal 0 0 -1
    outer loop
      vertex 215.99 108.25 0
      vertex 215.99 125.75 0
      vertex 222 125.75 0
    endloop
  endfacet
  facet normal 0 0 1
    outer loop
      vertex 222 108.25 3
      vertex 222 125.75 3
      vertex 215.99 125.75 3
    endloop
  endfacet
  facet normal 0 0 1
    outer loop
      vertex 128.16000000000003 169 3
      vertex 209.41074106456054 86.32116189658319 3
      vertex 209.41074106456054 162.10883810341682 3
    endloop
  endfacet
  facet normal 0 0 -1
    outer loop
      vertex 128.16000000000003 172 0
      vertex 215.99 125.75 0
      vertex 215.99 108.25 0
    endloop
  endfacet
  facet normal 0 0 -1
    outer loop
      vertex 128.16000000000003 172 0
      vertex 215.99 144.25 0
      vertex 215.99 125.75 0
    endloop
  endfacet
  facet normal 0 0 1
    outer loop
      vertex 128.16000000000003 169 3
      vertex 209.41074106456054 162.10883810341682 3
      vertex 209.3 162.95 3
    endloop
  endfacet
  facet normal 0 0 1
    outer loop
      vertex 128.16000000000003 169 3
      vertex 209.3 162.95 3
      vertex 209.41074106456054 163.79116189658316 3
    endloop
  endfacet
  facet normal 0 0 1
    outer loop
      vertex 128.16000000000003 169 3
      vertex 209.41074106456054 163.79116189658316 3
      vertex 209.7354174377006 164.575 3
    endloop
  endfacet
  facet normal 0 0 1
    outer loop
      vertex 128.16000000000003 169 3
      vertex 209.7354174377006 164.575 3
      vertex 210.25190296114374 165.24809703885626 3
    endloop
  endfacet
  facet normal 0 0 1
    outer loop
      vertex 128.16000000000003 169 3
      vertex 210.25190296114374 165.24809703885626 3
      vertex 210.925 165.76458256229944 3
    endloop
  endfacet
  facet normal 0 0 1
    outer loop
      vertex 128.16000000000003 169 3
      vertex 210.925 165.76458256229944 3
      vertex 211.7088381034168 166.0892589354395 3
    endloop
  endfacet
  facet normal 0 0 1
    outer loop
      vertex 128.16000000000003 169 3
      vertex 211.7088381034168 166.0892589354395 3
      vertex 212.55 166.2 3
    endloop
  endfacet
  facet normal 0 0 -1
    outer loop
      vertex 128.16000000000003 172 0
      vertex 222 162 0
      vertex 215.99 144.25 0
    endloop
  endfacet
  facet normal 0 0 1
    outer loop
      vertex 128.16000000000003 169 3
      vertex 212.55 166.2 3
      vertex 222 172 3
    endloop
  endfacet
  facet normal 0 0 -1
    outer loop
      vertex 128.16000000000003 172 0
      vertex 222 175 0
      vertex 222 162 0
    endloop
  endfacet
  facet normal 0 1 0
    outer loop
      vertex 133.82 175 3
      vertex 222 175 3
      vertex 222 175 0
    endloop
  endfacet
  facet normal 0 0 1
    outer loop
      vertex 209.41074106456054 86.32116189658319 3
      vertex 209.7354174377006 161.325 3
      vertex 209.41074106456054 162.10883810341682 3
    endloop
  endfacet
  facet normal 0 0 1
    outer loop
      vertex 209.7354174377006 87.10500000000002 3
      vertex 210.25190296114374 160.65190296114372 3
      vertex 209.7354174377006 161.325 3
    endloop
  endfacet
  facet normal 0 0 1
    outer loop
      vertex 210.25190296114374 87.77809703885629 3
      vertex 210.925 160.13541743770054 3
      vertex 210.25190296114374 160.65190296114372 3
    endloop
  endfacet
  facet normal 0 0 1
    outer loop
      vertex 210.925 88.29458256229947 3
      vertex 211.7088381034168 159.8107410645605 3
      vertex 210.925 160.13541743770054 3
    endloop
  endfacet
  facet normal 0 0 1
    outer loop
      vertex 211.7088381034168 88.61925893543952 3
      vertex 212.55 159.7 3
      vertex 211.7088381034168 159.8107410645605 3
    endloop
  endfacet
  facet normal 0 0 1
    outer loop
      vertex 212.55 88.73000000000002 3
      vertex 213.3911618965832 159.8107410645605 3
      vertex 212.55 159.7 3
    endloop
  endfacet
  facet normal 0 0 1
    outer loop
      vertex 213.3911618965832 88.61925893543952 3
      vertex 214.175 160.13541743770054 3
      vertex 213.3911618965832 159.8107410645605 3
    endloop
  endfacet
  facet normal 0 0 1
    outer loop
      vertex 215.8 85.48000000000002 3
      vertex 215.99 144.25 3
      vertex 215.8 162.95 3
    endloop
  endfacet
  facet normal 0 0 1
    outer loop
      vertex 214.84809703885628 87.77809703885629 3
      vertex 214.84809703885628 160.65190296114372 3
      vertex 214.175 160.13541743770054 3
    endloop
  endfacet
  facet normal 0 0 1
    outer loop
      vertex 214.84809703885628 87.77809703885629 3
      vertex 215.36458256229943 161.325 3
      vertex 214.84809703885628 160.65190296114372 3
    endloop
  endfacet
  facet normal 0 0 1
    outer loop
      vertex 215.36458256229943 87.10500000000002 3
      vertex 215.68925893543948 162.10883810341682 3
      vertex 215.36458256229943 161.325 3
    endloop
  endfacet
  facet normal 0 0 1
    outer loop
      vertex 215.68925893543948 86.32116189658319 3
      vertex 215.8 162.95 3
      vertex 215.68925893543948 162.10883810341682 3
    endloop
  endfacet
  facet normal 0 0 -1
    outer loop
      vertex 222 162 0
      vertex 222 144.25 0
      vertex 215.99 144.25 0
    endloop
  endfacet
  facet normal 0 0 1
    outer loop
      vertex 215.8 162.95 3
      vertex 215.99 144.25 3
      vertex 222 144.25 3
    endloop
  endfacet
  facet normal 0 0 1
    outer loop
      vertex 211.07179274798196 162.33770650821583 3
      vertex 213.68137084989849 161.81862915010151 3
      vertex 210.95000000000002 162.95 3
    endloop
  endfacet
  facet normal 0 0 1
    outer loop
      vertex 210.95000000000002 162.95 3
      vertex 213.68137084989849 161.81862915010151 3
      vertex 211.07179274798196 163.56229349178415 3
    endloop
  endfacet
  facet normal 0 0 1
    outer loop
      vertex 211.93770650821585 161.4717927479819 3
      vertex 212.55 161.34999999999997 3
      vertex 211.41862915010154 161.81862915010151 3
    endloop
  endfacet
  facet normal 0 0 1
    outer loop
      vertex 211.41862915010154 161.81862915010151 3
      vertex 212.55 161.34999999999997 3
      vertex 213.16229349178417 161.4717927479819 3
    endloop
  endfacet
  facet normal 0 0 1
    outer loop
      vertex 211.41862915010154 161.81862915010151 3
      vertex 213.68137084989849 161.81862915010151 3
      vertex 211.07179274798196 162.33770650821583 3
    endloop
  endfacet
  facet normal 0 0 1
    outer loop
      vertex 211.41862915010154 161.81862915010151 3
      vertex 213.16229349178417 161.4717927479819 3
      vertex 213.68137084989849 161.81862915010151 3
    endloop
  endfacet
  facet normal 0 0 1
    outer loop
      vertex 211.07179274798196 163.56229349178415 3
      vertex 213.68137084989849 161.81862915010151 3
      vertex 211.41862915010154 164.08137084989846 3
    endloop
  endfacet
  facet normal 0 0 1
    outer loop
      vertex 213.68137084989849 161.81862915010151 3
      vertex 214.02820725201806 162.33770650821583 3
      vertex 211.41862915010154 164.08137084989846 3
    endloop
  endfacet
  facet normal 0 0 1
    outer loop
      vertex 211.41862915010154 164.08137084989846 3
      vertex 214.02820725201806 162.33770650821583 3
      vertex 214.15 162.95 3
    endloop
  endfacet
  facet normal 0 0 1
    outer loop
      vertex 211.41862915010154 164.08137084989846 3
      vertex 214.15 162.95 3
      vertex 214.02820725201806 163.56229349178415 3
    endloop
  endfacet
  facet normal 0 0 1
    outer loop
      vertex 211.41862915010154 164.08137084989846 3
      vertex 214.02820725201806 163.56229349178415 3
      vertex 211.93770650821585 164.42820725201807 3
    endloop
  endfacet
  facet normal 0 0 1
    outer loop
      vertex 211.93770650821585 164.42820725201807 3
      vertex 213.68137084989849 164.08137084989846 3
      vertex 212.55 164.55 3
    endloop
  endfacet
  facet normal 0 0 1
    outer loop
      vertex 211.93770650821585 164.42820725201807 3
      vertex 214.02820725201806 163.56229349178415 3
      vertex 213.68137084989849 164.08137084989846 3
    endloop
  endfacet
  facet normal 0 0 1
    outer loop
      vertex 212.55 164.55 3
      vertex 213.68137084989849 164.08137084989846 3
      vertex 213.16229349178417 164.42820725201807 3
    endloop
  endfacet
  facet normal 0 0 1
    outer loop
      vertex 222 162 3
      vertex 215.8 162.95 3
      vertex 222 144.25 3
    endloop
  endfacet
  facet normal 0 0 1
    outer loop
      vertex 214.175 165.76458256229944 3
      vertex 214.84809703885628 165.24809703885626 3
      vertex 222 172 3
    endloop
  endfacet
  facet normal 0 0 1
    outer loop
      vertex 212.55 166.2 3
      vertex 213.3911618965832 166.0892589354395 3
      vertex 222 172 3
    endloop
  endfacet
  facet normal 0 0 1
    outer loop
      vertex 213.3911618965832 166.0892589354395 3
      vertex 214.175 165.76458256229944 3
      vertex 222 172 3
    endloop
  endfacet
  facet normal 0 0 1
    outer loop
      vertex 215.8 162.95 3
      vertex 222 172 3
      vertex 215.68925893543948 163.79116189658316 3
    endloop
  endfacet
  facet normal 0 0 1
    outer loop
      vertex 215.8 162.95 3
      vertex 222 162 3
      vertex 222 172 3
    endloop
  endfacet
  facet normal 0 0 1
    outer loop
      vertex 215.36458256229943 164.575 3
      vertex 215.68925893543948 163.79116189658316 3
      vertex 222 172 3
    endloop
  endfacet
  facet normal 0 0 1
    outer loop
      vertex 215.36458256229943 164.575 3
      vertex 222 172 3
      vertex 214.84809703885628 165.24809703885626 3
    endloop
  endfacet
  facet normal 1 0 0
    outer loop
      vertex 3 0 3.0100000000000002
      vertex 3 6.010000000000019 3.0100000000000002
      vertex 3 0 54.42400000000001
    endloop
  endfacet
  facet normal -1 0 0
    outer loop
      vertex 0 0 3.0100000000000002
      vertex 0 6.110000000000014 54.42400000000001
      vertex 0 6.010000000000019 3.0100000000000002
    endloop
  endfacet
  facet normal -1 0 0
    outer loop
      vertex 0 0 3.0100000000000002
      vertex 0 0 54.42400000000001
      vertex 0 6.110000000000014 54.42400000000001
    endloop
  endfacet
  facet normal 1 0 0
    outer loop
      vertex 3 6.010000000000019 3.0100000000000002
      vertex 3 6.110000000000014 54.42400000000001
      vertex 3 0 54.42400000000001
    endloop
  endfacet
  facet normal 1 0 0
    outer loop
      vertex 3 0 62.92400000000001
      vertex 3 6.110000000000014 62.92400000000001
      vertex 3 0 114.87600000000002
    endloop
  endfacet
  facet normal -1 0 0
    outer loop
      vertex 0 6.110000000000014 62.92400000000001
      vertex 0 0 62.92400000000001
      vertex 0 6.110000000000014 114.87600000000002
    endloop
  endfacet
  facet normal -1 0 0
    outer loop
      vertex 0 172.02549575070822 0
      vertex 0 6.010000000000019 0
      vertex 0 6.010000000000019 3.0100000000000002
    endloop
  endfacet
  facet normal 1 0 0
    outer loop
      vertex 3 172 3
      vertex 3 6.010000000000019 3.0100000000000002
      vertex 3 6.010000000000019 3
    endloop
  endfacet
  facet normal -1 0 0
    outer loop
      vertex 0 172.02549575070822 0
      vertex 0 6.010000000000019 3.0100000000000002
      vertex 0 6.110000000000014 54.42400000000001
    endloop
  endfacet
  facet normal -1 0 0
    outer loop
      vertex 0 172.02549575070822 0
      vertex 0 6.110000000000014 54.42400000000001
      vertex 0 6.110000000000014 62.92400000000001
    endloop
  endfacet
  facet normal -1 0 0
    outer loop
      vertex 0 172.02549575070822 0
      vertex 0 6.110000000000014 62.92400000000001
      vertex 0 6.110000000000014 114.87600000000002
    endloop
  endfacet
  facet normal -1 0 0
    outer loop
      vertex 0 172.02549575070822 0
      vertex 0 6.110000000000014 114.87600000000002
      vertex 0 6.110000000000014 123.37600000000002
    endloop
  endfacet
  facet normal 1 0 0
    outer loop
      vertex 3 172 177.8
      vertex 3 6.110000000000014 54.42400000000001
      vertex 3 6.010000000000019 3.0100000000000002
    endloop
  endfacet
  facet normal -1 0 0
    outer loop
      vertex 0 0 62.92400000000001
      vertex 0 0 114.87600000000002
      vertex 0 6.110000000000014 114.87600000000002
    endloop
  endfacet
  facet normal 1 0 0
    outer loop
      vertex 3 6.110000000000014 62.92400000000001
      vertex 3 6.110000000000014 114.87600000000002
      vertex 3 0 114.87600000000002
    endloop
  endfacet
  facet normal -1 0 0
    outer loop
      vertex 0 0 177.8
      vertex 0 6.110000000000014 123.37600000000002
      vertex 0 0 123.37600000000002
    endloop
  endfacet
  facet normal 1 0 0
    outer loop
      vertex 3 0 177.8
      vertex 3 0 123.37600000000002
      vertex 3 6.110000000000014 123.37600000000002
    endloop
  endfacet
  facet normal 1 0 0
    outer loop
      vertex 3 172 177.8
      vertex 3 6.110000000000014 62.92400000000001
      vertex 3 6.110000000000014 54.42400000000001
    endloop
  endfacet
  facet normal -1 0 0
    outer loop
      vertex 0 0 177.8
      vertex 0 172.02549575070822 0
      vertex 0 6.110000000000014 123.37600000000002
    endloop
  endfacet
  facet normal 1 0 0
    outer loop
      vertex 3 172 177.8
      vertex 3 6.110000000000014 114.87600000000002
      vertex 3 6.110000000000014 62.92400000000001
    endloop
  endfacet
  facet normal 1 0 0
    outer loop
      vertex 3 172 177.8
      vertex 3 6.110000000000014 123.37600000000002
      vertex 3 6.110000000000014 114.87600000000002
    endloop
  endfacet
  facet normal 1 0 0
    outer loop
      vertex 3 0 177.8
      vertex 3 6.110000000000014 123.37600000000002
      vertex 3 172 177.8
    endloop
  endfacet
  facet normal 0 0 1
    outer loop
      vertex 0 0 177.8
      vertex 3 0 177.8
      vertex 0 172 177.8
    endloop
  endfacet
  facet normal -1 0 0
    outer loop
      vertex 0 0 177.8
      vertex 0 172.05019205734396 2.974715931920091
      vertex 0 172.02549575070822 0
    endloop
  endfacet
  facet normal 1 0 0
    outer loop
      vertex 3 172 3
      vertex 3 172 177.8
      vertex 3 6.010000000000019 3.0100000000000002
    endloop
  endfacet
  facet normal -1 0 0
    outer loop
      vertex 0 172.02549575070822 0
      vertex 0 172.05019205734396 2.974715931920091
      vertex 0 175 3
    endloop
  endfacet
  facet normal -1 0 0
    outer loop
      vertex 0 172.02549575070822 0
      vertex 0 175 3
      vertex 0 175 0
    endloop
  endfacet
  facet normal 0 1 0
    outer loop
      vertex 0 175 3
      vertex 3 175 177.8
      vertex 3 175 3
    endloop
  endfacet
  facet normal -1 0 0
    outer loop
      vertex 0 0 177.8
      vertex 0 172.0252790571551 176.2888417610348
      vertex 0 172.05019205734396 2.974715931920091
    endloop
  endfacet
  facet normal -1 0 0
    outer loop
      vertex 0 0 177.8
      vertex 0 172.02528271366367 176.31434119528117
      vertex 0 172.0252790571551 176.2888417610348
    endloop
  endfacet
  facet normal -1 0 0
    outer loop
      vertex 0 0 177.8
      vertex 0 172 177.8
      vertex 0 172.02528271366367 176.31434119528117
    endloop
  endfacet
  facet normal 0 0 1
    outer loop
      vertex 3 0 177.8
      vertex 0.025714285714285717 172 177.8
      vertex 0 172 177.8
    endloop
  endfacet
  facet normal 0 0 1
    outer loop
      vertex 3 0 177.8
      vertex 3 172 177.8
      vertex 0.025714285714285717 172 177.8
    endloop
  endfacet
  facet normal 0 1 0
    outer loop
      vertex 0 175 3
      vertex 0 175 177.8
      vertex 3 175 177.8
    endloop
  endfacet
  facet normal 0 -1 0
    outer loop
      vertex 222 0 0
      vertex 228 0 3
      vertex 222 0 3
    endloop
  endfacet
  facet normal 0 -1 0
    outer loop
      vertex 222 0 0
      vertex 228 0 0
      vertex 228 0 3
    endloop
  endfacet
  facet normal 0 0 1
    outer loop
      vertex 222 0 3
      vertex 228 0 3
      vertex 222.01000000000002 17.75 3
    endloop
  endfacet
  facet normal 0 0 -1
    outer loop
      vertex 222 0 0
      vertex 228 18 0
      vertex 228 0 0
    endloop
  endfacet
  facet normal 1 0 0
    outer loop
      vertex 228 0 0
      vertex 228 18 0
      vertex 228 0 3
    endloop
  endfacet
  facet normal 0 0 -1
    outer loop
      vertex 222 0 0
      vertex 222 17.75 0
      vertex 222.01000000000002 17.75 0
    endloop
  endfacet
  facet normal 0 0 -1
    outer loop
      vertex 222 0 0
      vertex 222.01000000000002 17.75 0
      vertex 228 18 0
    endloop
  endfacet
  facet normal 0 0 1
    outer loop
      vertex 222 0 3
      vertex 222.01000000000002 17.75 3
      vertex 222 17.75 3
    endloop
  endfacet
  facet normal 1 0 0
    outer loop
      vertex 228 0 3
      vertex 228 18 0
      vertex 228 18 3
    endloop
  endfacet
  facet normal 0 0 1
    outer loop
      vertex 228 0 3
      vertex 228 18 3
      vertex 222.01000000000002 17.75 3
    endloop
  endfacet
  facet normal 0 0 -1
    outer loop
      vertex 228 18 0
      vertex 222.01000000000002 17.75 0
      vertex 222.01000000000002 18 0
    endloop
  endfacet
  facet normal 0 1 0
    outer loop
      vertex 228 18 0
      vertex 222.01000000000002 18 0
      vertex 222.01000000000002 18 3
    endloop
  endfacet
  facet normal 0 0 1
    outer loop
      vertex 228 18 3
      vertex 222.01000000000002 18 3
      vertex 222.01000000000002 17.75 3
    endloop
  endfacet
  facet normal 0 1 0
    outer loop
      vertex 228 18 0
      vertex 222.01000000000002 18 3
      vertex 228 18 3
    endloop
  endfacet
  facet normal 0 0 -1
    outer loop
      vertex 228 36 0
      vertex 222.01000000000002 36 0
      vertex 222.01000000000002 36.25 0
    endloop
  endfacet
  facet normal 0 -1 0
    outer loop
      vertex 228 36 3
      vertex 222.01000000000002 36 3
      vertex 222.01000000000002 36 0
    endloop
  endfacet
  facet normal 0 0 1
    outer loop
      vertex 228 36 3
      vertex 222.01000000000002 36.25 3
      vertex 222.01000000000002 36 3
    endloop
  endfacet
  facet normal 0 -1 0
    outer loop
      vertex 228 36 0
      vertex 228 36 3
      vertex 222.01000000000002 36 0
    endloop
  endfacet
  facet normal 0 0 1
    outer loop
      vertex 228 36 3
      vertex 222.01000000000002 53.75 3
      vertex 222.01000000000002 36.25 3
    endloop
  endfacet
  facet normal 0 0 -1
    outer loop
      vertex 222 36.25 0
      vertex 222 53.75 0
      vertex 222.01000000000002 36.25 0
    endloop
  endfacet
  facet normal 0 0 1
    outer loop
      vertex 222 36.25 3
      vertex 222.01000000000002 36.25 3
      vertex 222.01000000000002 53.75 3
    endloop
  endfacet
  facet normal 1 0 0
    outer loop
      vertex 228 36 0
      vertex 228 54 0
      vertex 228 36 3
    endloop
  endfacet
  facet normal 0 0 -1
    outer loop
      vertex 228 36 0
      vertex 222.01000000000002 36.25 0
      vertex 228 54 0
    endloop
  endfacet
  facet normal 0 0 -1
    outer loop
      vertex 222 53.75 0
      vertex 222.01000000000002 53.75 0
      vertex 222.01000000000002 36.25 0
    endloop
  endfacet
  facet normal 0 0 -1
    outer loop
      vertex 228 54 0
      vertex 222.01000000000002 36.25 0
      vertex 222.01000000000002 53.75 0
    endloop
  endfacet
  facet normal 0 0 1
    outer loop
      vertex 222 36.25 3
      vertex 222.01000000000002 53.75 3
      vertex 222 53.75 3
    endloop
  endfacet
  facet normal 1 0 0
    outer loop
      vertex 228 36 3
      vertex 228 54 0
      vertex 228 54 3
    endloop
  endfacet
  facet normal 0 0 1
    outer loop
      vertex 228 36 3
      vertex 228 54 3
      vertex 222.01000000000002 53.75 3
    endloop
  endfacet
  facet normal 0 0 -1
    outer loop
      vertex 228 54 0
      vertex 222.01000000000002 53.75 0
      vertex 222.01000000000002 54 0
    endloop
  endfacet
  facet normal 0 1 0
    outer loop
      vertex 228 54 0
      vertex 222.01000000000002 54 0
      vertex 222.01000000000002 54 3
    endloop
  endfacet
  facet normal 0 0 1
    outer loop
      vertex 228 54 3
      vertex 222.01000000000002 54 3
      vertex 222.01000000000002 53.75 3
    endloop
  endfacet
  facet normal 0 1 0
    outer loop
      vertex 228 54 0
      vertex 222.01000000000002 54 3
      vertex 228 54 3
    endloop
  endfacet
  facet normal 0 0 -1
    outer loop
      vertex 228 72 0
      vertex 222.01000000000002 72 0
      vertex 222.01000000000002 72.25 0
    endloop
  endfacet
  facet normal 0 -1 0
    outer loop
      vertex 228 72 3
      vertex 222.01000000000002 72 3
      vertex 222.01000000000002 72 0
    endloop
  endfacet
  facet normal 0 0 1
    outer loop
      vertex 228 72 3
      vertex 222.01000000000002 72.25 3
      vertex 222.01000000000002 72 3
    endloop
  endfacet
  facet normal 0 -1 0
    outer loop
      vertex 228 72 0
      vertex 228 72 3
      vertex 222.01000000000002 72 0
    endloop
  endfacet
  facet normal 0 0 -1
    outer loop
      vertex 222 72.25 0
      vertex 222 89.75 0
      vertex 222.01000000000002 72.25 0
    endloop
  endfacet
  facet normal 0 0 1
    outer loop
      vertex 222 72.25 3
      vertex 222.01000000000002 72.25 3
      vertex 222.01000000000002 89.75 3
    endloop
  endfacet
  facet normal 0 0 1
    outer loop
      vertex 228 72 3
      vertex 222.01000000000002 89.75 3
      vertex 222.01000000000002 72.25 3
    endloop
  endfacet
  facet normal 0 0 -1
    outer loop
      vertex 228 72 0
      vertex 222.01000000000002 72.25 0
      vertex 228 90 0
    endloop
  endfacet
  facet normal 1 0 0
    outer loop
      vertex 228 72 0
      vertex 228 90 0
      vertex 228 72 3
    endloop
  endfacet
  facet normal 0 0 -1
    outer loop
      vertex 222 89.75 0
      vertex 222.01000000000002 89.75 0
      vertex 222.01000000000002 72.25 0
    endloop
  endfacet
  facet normal 0 0 -1
    outer loop
      vertex 228 90 0
      vertex 222.01000000000002 72.25 0
      vertex 222.01000000000002 89.75 0
    endloop
  endfacet
  facet normal 0 0 1
    outer loop
      vertex 222 72.25 3
      vertex 222.01000000000002 89.75 3
      vertex 222 89.75 3
    endloop
  endfacet
  facet normal 1 0 0
    outer loop
      vertex 228 72 3
      vertex 228 90 0
      vertex 228 90 3
    endloop
  endfacet
  facet normal 0 0 1
    outer loop
      vertex 228 72 3
      vertex 228 90 3
      vertex 222.01000000000002 89.75 3
    endloop
  endfacet
  facet normal 0 0 -1
    outer loop
      vertex 228 90 0
      vertex 222.01000000000002 89.75 0
      vertex 222.01000000000002 90 0
    endloop
  endfacet
  facet normal 0 1 0
    outer loop
      vertex 228 90 0
      vertex 222.01000000000002 90 0
      vertex 222.01000000000002 90 3
    endloop
  endfacet
  facet normal 0 0 1
    outer loop
      vertex 228 90 3
      vertex 222.01000000000002 90 3
      vertex 222.01000000000002 89.75 3
    endloop
  endfacet
  facet normal 0 1 0
    outer loop
      vertex 228 90 0
      vertex 222.01000000000002 90 3
      vertex 228 90 3
    endloop
  endfacet
  facet normal 0 0 -1
    outer loop
      vertex 228 108 0
      vertex 222.01000000000002 108 0
      vertex 222.01000000000002 108.25 0
    endloop
  endfacet
  facet normal 0 -1 0
    outer loop
      vertex 228 108 3
      vertex 222.01000000000002 108 3
      vertex 222.01000000000002 108 0
    endloop
  endfacet
  facet normal 0 0 1
    outer loop
      vertex 228 108 3
      vertex 222.01000000000002 108.25 3
      vertex 222.01000000000002 108 3
    endloop
  endfacet
  facet normal 0 -1 0
    outer loop
      vertex 228 108 0
      vertex 228 108 3
      vertex 222.01000000000002 108 0
    endloop
  endfacet
  facet normal 0 0 -1
    outer loop
      vertex 222 108.25 0
      vertex 222 125.75 0
      vertex 222.01000000000002 108.25 0
    endloop
  endfacet
  facet normal 0 0 1
    outer loop
      vertex 222 108.25 3
      vertex 222.01000000000002 108.25 3
      vertex 222.01000000000002 125.75 3
    endloop
  endfacet
  facet normal 0 0 1
    outer loop
      vertex 228 108 3
      vertex 222.01000000000002 125.75 3
      vertex 222.01000000000002 108.25 3
    endloop
  endfacet
  facet normal 0 0 -1
    outer loop
      vertex 228 108 0
      vertex 222.01000000000002 108.25 0
      vertex 228 126 0
    endloop
  endfacet
  facet normal 1 0 0
    outer loop
      vertex 228 108 0
      vertex 228 126 0
      vertex 228 108 3
    endloop
  endfacet
  facet normal 0 0 -1
    outer loop
      vertex 222 125.75 0
      vertex 222.01000000000002 125.75 0
      vertex 222.01000000000002 108.25 0
    endloop
  endfacet
  facet normal 0 0 -1
    outer loop
      vertex 228 126 0
      vertex 222.01000000000002 108.25 0
      vertex 222.01000000000002 125.75 0
    endloop
  endfacet
  facet normal 0 0 1
    outer loop
      vertex 222 108.25 3
      vertex 222.01000000000002 125.75 3
      vertex 222 125.75 3
    endloop
  endfacet
  facet normal 1 0 0
    outer loop
      vertex 228 108 3
      vertex 228 126 0
      vertex 228 126 3
    endloop
  endfacet
  facet normal 0 0 1
    outer loop
      vertex 228 108 3
      vertex 228 126 3
      vertex 222.01000000000002 125.75 3
    endloop
  endfacet
  facet normal 0 0 -1
    outer loop
      vertex 228 126 0
      vertex 222.01000000000002 125.75 0
      vertex 222.01000000000002 126 0
    endloop
  endfacet
  facet normal 0 1 0
    outer loop
      vertex 228 126 0
      vertex 222.01000000000002 126 0
      vertex 222.01000000000002 126 3
    endloop
  endfacet
  facet normal 0 0 1
    outer loop
      vertex 228 126 3
      vertex 222.01000000000002 126 3
      vertex 222.01000000000002 125.75 3
    endloop
  endfacet
  facet normal 0 1 0
    outer loop
      vertex 228 126 0
      vertex 222.01000000000002 126 3
      vertex 228 126 3
    endloop
  endfacet
  facet normal 0 0 -1
    outer loop
      vertex 228 144 0
      vertex 222.01000000000002 144 0
      vertex 222.01000000000002 144.25 0
    endloop
  endfacet
  facet normal 0 -1 0
    outer loop
      vertex 228 144 3
      vertex 222.01000000000002 144 3
      vertex 222.01000000000002 144 0
    endloop
  endfacet
  facet normal 0 0 1
    outer loop
      vertex 228 144 3
      vertex 222.01000000000002 144.25 3
      vertex 222.01000000000002 144 3
    endloop
  endfacet
  facet normal 0 -1 0
    outer loop
      vertex 228 144 0
      vertex 228 144 3
      vertex 222.01000000000002 144 0
    endloop
  endfacet
  facet normal 0 0 -1
    outer loop
      vertex 222 162 0
      vertex 222.01000000000002 144.25 0
      vertex 222 144.25 0
    endloop
  endfacet
  facet normal 0 0 1
    outer loop
      vertex 222 162 3
      vertex 222 144.25 3
      vertex 222.01000000000002 144.25 3
    endloop
  endfacet
  facet normal 0 0 1
    outer loop
      vertex 228 144 3
      vertex 222 162 3
      vertex 222.01000000000002 144.25 3
    endloop
  endfacet
  facet normal 0 0 -1
    outer loop
      vertex 228 144 0
      vertex 222.01000000000002 144.25 0
      vertex 228 162 0
    endloop
  endfacet
  facet normal 1 0 0
    outer loop
      vertex 228 144 0
      vertex 228 162 0
      vertex 228 144 3
    endloop
  endfacet
  facet normal 0 0 -1
    outer loop
      vertex 222 162 0
      vertex 228 162 0
      vertex 222.01000000000002 144.25 0
    endloop
  endfacet
  facet normal 1 0 0
    outer loop
      vertex 228 144 3
      vertex 228 162 0
      vertex 228 162 3
    endloop
  endfacet
  facet normal 0 0 1
    outer loop
      vertex 228 144 3
      vertex 228 162 3
      vertex 222 162 3
    endloop
  endfacet
  facet normal 0 1 0
    outer loop
      vertex 222 162 0
      vertex 222 162 3
      vertex 228 162 0
    endloop
  endfacet
  facet normal 0 1 0
    outer loop
      vertex 222 162 3
      vertex 228 162 3
      vertex 228 162 0
    endloop
  endfacet
  facet normal -1 0 0
    outer loop
      vertex 18 -6 0
      vertex 18 -6 3
      vertex 18 -0.009999999999990905 0
    endloop
  endfacet
  facet normal 0 0 -1
    outer loop
      vertex 18 -6 0
      vertex 18 -0.009999999999990905 0
      vertex 18.25 -0.009999999999990905 0
    endloop
  endfacet
  facet normal -1 0 0
    outer loop
      vertex 18 -6 3
      vertex 18 -0.009999999999990905 3
      vertex 18 -0.009999999999990905 0
    endloop
  endfacet
  facet normal 0 -1 0
    outer loop
      vertex 18 -6 0
      vertex 36 -6 3
      vertex 18 -6 3
    endloop
  endfacet
  facet normal 0 0 1
    outer loop
      vertex 18 -6 3
      vertex 36 -6 3
      vertex 18 -0.009999999999990905 3
    endloop
  endfacet
  facet normal 0 0 -1
    outer loop
      vertex 18 -6 0
      vertex 18.25 -0.009999999999990905 0
      vertex 35.75 -0.009999999999990905 0
    endloop
  endfacet
  facet normal 0 0 1
    outer loop
      vertex 36 -6 3
      vertex 18.25 -0.009999999999990905 3
      vertex 18 -0.009999999999990905 3
    endloop
  endfacet
  facet normal 0 0 -1
    outer loop
      vertex 18.25 0 0
      vertex 35.75 0 0
      vertex 18.25 -0.009999999999990905 0
    endloop
  endfacet
  facet normal 0 0 1
    outer loop
      vertex 18.25 0 3
      vertex 18.25 -0.009999999999990905 3
      vertex 35.75 -0.009999999999990905 3
    endloop
  endfacet
  facet normal 0 -1 0
    outer loop
      vertex 18 -6 0
      vertex 36 -6 0
      vertex 36 -6 3
    endloop
  endfacet
  facet normal 0 0 -1
    outer loop
      vertex 18 -6 0
      vertex 36 -0.009999999999990905 0
      vertex 36 -6 0
    endloop
  endfacet
  facet normal 0 0 -1
    outer loop
      vertex 18 -6 0
      vertex 35.75 -0.009999999999990905 0
      vertex 36 -0.009999999999990905 0
    endloop
  endfacet
  facet normal 0 0 1
    outer loop
      vertex 36 -6 3
      vertex 35.75 -0.009999999999990905 3
      vertex 18.25 -0.009999999999990905 3
    endloop
  endfacet
  facet normal 0 0 -1
    outer loop
      vertex 35.75 0 0
      vertex 35.75 -0.009999999999990905 0
      vertex 18.25 -0.009999999999990905 0
    endloop
  endfacet
  facet normal 0 0 1
    outer loop
      vertex 18.25 0 3
      vertex 35.75 -0.009999999999990905 3
      vertex 35.75 0 3
    endloop
  endfacet
  facet normal 1 0 0
    outer loop
      vertex 36 -6 0
      vertex 36 -0.009999999999990905 3
      vertex 36 -6 3
    endloop
  endfacet
  facet normal 1 0 0
    outer loop
      vertex 36 -6 0
      vertex 36 -0.009999999999990905 0
      vertex 36 -0.009999999999990905 3
    endloop
  endfacet
  facet normal 0 0 1
    outer loop
      vertex 36 -6 3
      vertex 36 -0.009999999999990905 3
      vertex 35.75 -0.009999999999990905 3
    endloop
  endfacet
  facet normal -1 0 0
    outer loop
      vertex 54 -6 0
      vertex 54 -6 3
      vertex 54 -0.009999999999990905 0
    endloop
  endfacet
  facet normal 0 0 -1
    outer loop
      vertex 54 -6 0
      vertex 54 -0.009999999999990905 0
      vertex 54.25 -0.009999999999990905 0
    endloop
  endfacet
  facet normal -1 0 0
    outer loop
      vertex 54 -6 3
      vertex 54 -0.009999999999990905 3
      vertex 54 -0.009999999999990905 0
    endloop
  endfacet
  facet normal 0 -1 0
    outer loop
      vertex 54 -6 0
      vertex 72 -6 3
      vertex 54 -6 3
    endloop
  endfacet
  facet normal 0 0 1
    outer loop
      vertex 54 -6 3
      vertex 72 -6 3
      vertex 54 -0.009999999999990905 3
    endloop
  endfacet
  facet normal 0 0 -1
    outer loop
      vertex 54 -6 0
      vertex 54.25 -0.009999999999990905 0
      vertex 71.75 -0.009999999999990905 0
    endloop
  endfacet
  facet normal 0 0 1
    outer loop
      vertex 72 -6 3
      vertex 54.25 -0.009999999999990905 3
      vertex 54 -0.009999999999990905 3
    endloop
  endfacet
  facet normal 0 0 -1
    outer loop
      vertex 54.25 0 0
      vertex 71.75 0 0
      vertex 54.25 -0.009999999999990905 0
    endloop
  endfacet
  facet normal 0 0 1
    outer loop
      vertex 54.25 0 3
      vertex 54.25 -0.009999999999990905 3
      vertex 71.75 -0.009999999999990905 3
    endloop
  endfacet
  facet normal 0 -1 0
    outer loop
      vertex 54 -6 0
      vertex 72 -6 0
      vertex 72 -6 3
    endloop
  endfacet
  facet normal 0 0 -1
    outer loop
      vertex 54 -6 0
      vertex 72 -0.009999999999990905 0
      vertex 72 -6 0
    endloop
  endfacet
  facet normal 0 0 -1
    outer loop
      vertex 54 -6 0
      vertex 71.75 -0.009999999999990905 0
      vertex 72 -0.009999999999990905 0
    endloop
  endfacet
  facet normal 0 0 1
    outer loop
      vertex 72 -6 3
      vertex 71.75 -0.009999999999990905 3
      vertex 54.25 -0.009999999999990905 3
    endloop
  endfacet
  facet normal 0 0 -1
    outer loop
      vertex 71.75 0 0
      vertex 71.75 -0.009999999999990905 0
      vertex 54.25 -0.009999999999990905 0
    endloop
  endfacet
  facet normal 0 0 1
    outer loop
      vertex 54.25 0 3
      vertex 71.75 -0.009999999999990905 3
      vertex 71.75 0 3
    endloop
  endfacet
  facet normal 1 0 0
    outer loop
      vertex 72 -6 0
      vertex 72 -0.009999999999990905 3
      vertex 72 -6 3
    endloop
  endfacet
  facet normal 1 0 0
    outer loop
      vertex 72 -6 0
      vertex 72 -0.009999999999990905 0
      vertex 72 -0.009999999999990905 3
    endloop
  endfacet
  facet normal 0 0 1
    outer loop
      vertex 72 -6 3
      vertex 72 -0.009999999999990905 3
      vertex 71.75 -0.009999999999990905 3
    endloop
  endfacet
  facet normal -1 0 0
    outer loop
      vertex 90 -6 0
      vertex 90 -6 3
      vertex 90 -0.009999999999990905 0
    endloop
  endfacet
  facet normal 0 0 -1
    outer loop
      vertex 90 -6 0
      vertex 90 -0.009999999999990905 0
      vertex 90.25 -0.009999999999990905 0
    endloop
  endfacet
  facet normal -1 0 0
    outer loop
      vertex 90 -6 3
      vertex 90 -0.009999999999990905 3
      vertex 90 -0.009999999999990905 0
    endloop
  endfacet
  facet normal 0 -1 0
    outer loop
      vertex 90 -6 0
      vertex 108 -6 3
      vertex 90 -6 3
    endloop
  endfacet
  facet normal 0 0 1
    outer loop
      vertex 90 -6 3
      vertex 108 -6 3
      vertex 90 -0.009999999999990905 3
    endloop
  endfacet
  facet normal 0 0 -1
    outer loop
      vertex 90 -6 0
      vertex 90.25 -0.009999999999990905 0
      vertex 107.75 -0.009999999999990905 0
    endloop
  endfacet
  facet normal 0 0 1
    outer loop
      vertex 108 -6 3
      vertex 90.25 -0.009999999999990905 3
      vertex 90 -0.009999999999990905 3
    endloop
  endfacet
  facet normal 0 0 -1
    outer loop
      vertex 90.25 0 0
      vertex 107.75 0 0
      vertex 90.25 -0.009999999999990905 0
    endloop
  endfacet
  facet normal 0 0 1
    outer loop
      vertex 90.25 0 3
      vertex 90.25 -0.009999999999990905 3
      vertex 107.75 -0.009999999999990905 3
    endloop
  endfacet
  facet normal 0 -1 0
    outer loop
      vertex 90 -6 0
      vertex 108 -6 0
      vertex 108 -6 3
    endloop
  endfacet
  facet normal 0 0 -1
    outer loop
      vertex 90 -6 0
      vertex 108 -0.009999999999990905 0
      vertex 108 -6 0
    endloop
  endfacet
  facet normal 0 0 -1
    outer loop
      vertex 90 -6 0
      vertex 107.75 -0.009999999999990905 0
      vertex 108 -0.009999999999990905 0
    endloop
  endfacet
  facet normal 0 0 1
    outer loop
      vertex 108 -6 3
      vertex 107.75 -0.009999999999990905 3
      vertex 90.25 -0.009999999999990905 3
    endloop
  endfacet
  facet normal 0 0 -1
    outer loop
      vertex 107.75 0 0
      vertex 107.75 -0.009999999999990905 0
      vertex 90.25 -0.009999999999990905 0
    endloop
  endfacet
  facet normal 0 0 1
    outer loop
      vertex 90.25 0 3
      vertex 107.75 -0.009999999999990905 3
      vertex 107.75 0 3
    endloop
  endfacet
  facet normal 1 0 0
    outer loop
      vertex 108 -6 0
      vertex 108 -0.009999999999990905 3
      vertex 108 -6 3
    endloop
  endfacet
  facet normal 1 0 0
    outer loop
      vertex 108 -6 0
      vertex 108 -0.009999999999990905 0
      vertex 108 -0.009999999999990905 3
    endloop
  endfacet
  facet normal 0 0 1
    outer loop
      vertex 108 -6 3
      vertex 108 -0.009999999999990905 3
      vertex 107.75 -0.009999999999990905 3
    endloop
  endfacet
  facet normal -1 0 0
    outer loop
      vertex 126 -6 0
      vertex 126 -6 3
      vertex 126 -0.009999999999990905 0
    endloop
  endfacet
  facet normal 0 0 -1
    outer loop
      vertex 126 -6 0
      vertex 126 -0.009999999999990905 0
      vertex 126.25 -0.009999999999990905 0
    endloop
  endfacet
  facet normal -1 0 0
    outer loop
      vertex 126 -6 3
      vertex 126 -0.009999999999990905 3
      vertex 126 -0.009999999999990905 0
    endloop
  endfacet
  facet normal 0 -1 0
    outer loop
      vertex 126 -6 0
      vertex 144 -6 3
      vertex 126 -6 3
    endloop
  endfacet
  facet normal 0 0 1
    outer loop
      vertex 126 -6 3
      vertex 144 -6 3
      vertex 126 -0.009999999999990905 3
    endloop
  endfacet
  facet normal 0 0 -1
    outer loop
      vertex 126 -6 0
      vertex 126.25 -0.009999999999990905 0
      vertex 143.75 -0.009999999999990905 0
    endloop
  endfacet
  facet normal 0 0 1
    outer loop
      vertex 144 -6 3
      vertex 126.25 -0.009999999999990905 3
      vertex 126 -0.009999999999990905 3
    endloop
  endfacet
  facet normal 0 0 -1
    outer loop
      vertex 126.25 0 0
      vertex 143.75 0 0
      vertex 126.25 -0.009999999999990905 0
    endloop
  endfacet
  facet normal 0 0 1
    outer loop
      vertex 126.25 0 3
      vertex 126.25 -0.009999999999990905 3
      vertex 143.75 -0.009999999999990905 3
    endloop
  endfacet
  facet normal 0 -1 0
    outer loop
      vertex 126 -6 0
      vertex 144 -6 0
      vertex 144 -6 3
    endloop
  endfacet
  facet normal 0 0 -1
    outer loop
      vertex 126 -6 0
      vertex 144 -0.009999999999990905 0
      vertex 144 -6 0
    endloop
  endfacet
  facet normal 0 0 -1
    outer loop
      vertex 126 -6 0
      vertex 143.75 -0.009999999999990905 0
      vertex 144 -0.009999999999990905 0
    endloop
  endfacet
  facet normal 0 0 1
    outer loop
      vertex 144 -6 3
      vertex 143.75 -0.009999999999990905 3
      vertex 126.25 -0.009999999999990905 3
    endloop
  endfacet
  facet normal 0 0 -1
    outer loop
      vertex 143.75 0 0
      vertex 143.75 -0.009999999999990905 0
      vertex 126.25 -0.009999999999990905 0
    endloop
  endfacet
  facet normal 0 0 1
    outer loop
      vertex 126.25 0 3
      vertex 143.75 -0.009999999999990905 3
      vertex 143.75 0 3
    endloop
  endfacet
  facet normal 1 0 0
    outer loop
      vertex 144 -6 0
      vertex 144 -0.009999999999990905 3
      vertex 144 -6 3
    endloop
  endfacet
  facet normal 1 0 0
    outer loop
      vertex 144 -6 0
      vertex 144 -0.009999999999990905 0
      vertex 144 -0.009999999999990905 3
    endloop
  endfacet
  facet normal 0 0 1
    outer loop
      vertex 144 -6 3
      vertex 144 -0.009999999999990905 3
      vertex 143.75 -0.009999999999990905 3
    endloop
  endfacet
  facet normal -1 0 0
    outer loop
      vertex 162 -6 0
      vertex 162 -6 3
      vertex 162 -0.009999999999990905 0
    endloop
  endfacet
  facet normal 0 0 -1
    outer loop
      vertex 162 -6 0
      vertex 162 -0.009999999999990905 0
      vertex 162.25 -0.009999999999990905 0
    endloop
  endfacet
  facet normal -1 0 0
    outer loop
      vertex 162 -6 3
      vertex 162 -0.009999999999990905 3
      vertex 162 -0.009999999999990905 0
    endloop
  endfacet
  facet normal 0 -1 0
    outer loop
      vertex 162 -6 0
      vertex 180 -6 3
      vertex 162 -6 3
    endloop
  endfacet
  facet normal 0 0 1
    outer loop
      vertex 162 -6 3
      vertex 180 -6 3
      vertex 162 -0.009999999999990905 3
    endloop
  endfacet
  facet normal 0 0 -1
    outer loop
      vertex 162 -6 0
      vertex 162.25 -0.009999999999990905 0
      vertex 179.75 -0.009999999999990905 0
    endloop
  endfacet
  facet normal 0 0 1
    outer loop
      vertex 180 -6 3
      vertex 162.25 -0.009999999999990905 3
      vertex 162 -0.009999999999990905 3
    endloop
  endfacet
  facet normal 0 0 -1
    outer loop
      vertex 162.25 0 0
      vertex 179.75 0 0
      vertex 162.25 -0.009999999999990905 0
    endloop
  endfacet
  facet normal 0 0 1
    outer loop
      vertex 162.25 0 3
      vertex 162.25 -0.009999999999990905 3
      vertex 179.75 -0.009999999999990905 3
    endloop
  endfacet
  facet normal 0 -1 0
    outer loop
      vertex 162 -6 0
      vertex 180 -6 0
      vertex 180 -6 3
    endloop
  endfacet
  facet normal 0 0 -1
    outer loop
      vertex 162 -6 0
      vertex 180 -0.009999999999990905 0
      vertex 180 -6 0
    endloop
  endfacet
  facet normal 0 0 -1
    outer loop
      vertex 162 -6 0
      vertex 179.75 -0.009999999999990905 0
      vertex 180 -0.009999999999990905 0
    endloop
  endfacet
  facet normal 0 0 1
    outer loop
      vertex 180 -6 3
      vertex 179.75 -0.009999999999990905 3
      vertex 162.25 -0.009999999999990905 3
    endloop
  endfacet
  facet normal 0 0 -1
    outer loop
      vertex 179.75 0 0
      vertex 179.75 -0.009999999999990905 0
      vertex 162.25 -0.009999999999990905 0
    endloop
  endfacet
  facet normal 0 0 1
    outer loop
      vertex 162.25 0 3
      vertex 179.75 -0.009999999999990905 3
      vertex 179.75 0 3
    endloop
  endfacet
  facet normal 1 0 0
    outer loop
      vertex 180 -6 0
      vertex 180 -0.009999999999990905 3
      vertex 180 -6 3
    endloop
  endfacet
  facet normal 1 0 0
    outer loop
      vertex 180 -6 0
      vertex 180 -0.009999999999990905 0
      vertex 180 -0.009999999999990905 3
    endloop
  endfacet
  facet normal 0 0 1
    outer loop
      vertex 180 -6 3
      vertex 180 -0.009999999999990905 3
      vertex 179.75 -0.009999999999990905 3
    endloop
  endfacet
  facet normal -1 0 0
    outer loop
      vertex 198 -6 0
      vertex 198 -6 3
      vertex 198 -0.009999999999990905 0
    endloop
  endfacet
  facet normal 0 0 -1
    outer loop
      vertex 198 -6 0
      vertex 198 -0.009999999999990905 0
      vertex 198.25 -0.009999999999990905 0
    endloop
  endfacet
  facet normal -1 0 0
    outer loop
      vertex 198 -6 3
      vertex 198 -0.009999999999990905 3
      vertex 198 -0.009999999999990905 0
    endloop
  endfacet
  facet normal 0 -1 0
    outer loop
      vertex 198 -6 0
      vertex 216 -6 3
      vertex 198 -6 3
    endloop
  endfacet
  facet normal 0 0 1
    outer loop
      vertex 198 -6 3
      vertex 216 -6 3
      vertex 198 -0.009999999999990905 3
    endloop
  endfacet
  facet normal 0 0 -1
    outer loop
      vertex 198 -6 0
      vertex 198.25 -0.009999999999990905 0
      vertex 216 0 0
    endloop
  endfacet
  facet normal 0 0 1
    outer loop
      vertex 216 -6 3
      vertex 198.25 -0.009999999999990905 3
      vertex 198 -0.009999999999990905 3
    endloop
  endfacet
  facet normal 0 0 -1
    outer loop
      vertex 216 0 0
      vertex 198.25 -0.009999999999990905 0
      vertex 198.25 0 0
    endloop
  endfacet
  facet normal 0 0 1
    outer loop
      vertex 216 0 3
      vertex 198.25 0 3
      vertex 198.25 -0.009999999999990905 3
    endloop
  endfacet
  facet normal 0 -1 0
    outer loop
      vertex 198 -6 0
      vertex 216 -6 0
      vertex 216 -6 3
    endloop
  endfacet
  facet normal 0 0 -1
    outer loop
      vertex 198 -6 0
      vertex 216 0 0
      vertex 216 -6 0
    endloop
  endfacet
  facet normal 0 0 1
    outer loop
      vertex 216 -6 3
      vertex 216 0 3
      vertex 198.25 -0.009999999999990905 3
    endloop
  endfacet
  facet normal 1 0 0
    outer loop
      vertex 216 -6 0
      vertex 216 0 0
      vertex 216 -6 3
    endloop
  endfacet
  facet normal 1 0 0
    outer loop
      vertex 216 -6 3
      vertex 216 0 0
      vertex 216 0 3
    endloop
  endfacet
  facet normal -1 0 0
    outer loop
      vertex 222 172 54.67400000000001
      vertex 222 172 55.1
      vertex 222 175 55.1
    endloop
  endfacet
  facet normal -1 0 0
    outer loop
      vertex 222 172 54.67400000000001
      vertex 222 175 55.1
      vertex 222 175 54.67400000000001
    endloop
  endfacet
  facet normal 0 0 -1
    outer loop
      vertex 222 172 54.67400000000001
      vertex 222 175 54.67400000000001
      vertex 228 175 54.67400000000001
    endloop
  endfacet
  facet normal 0 1 0
    outer loop
      vertex 222 175 54.67400000000001
      vertex 222 175 55.1
      vertex 228 175 54.67400000000001
    endloop
  endfacet
  facet normal 0 0 -1
    outer loop
      vertex 222 172 54.67400000000001
      vertex 228 175 54.67400000000001
      vertex 228 172 54.67400000000001
    endloop
  endfacet
  facet normal 0 -1 0
    outer loop
      vertex 222 172 54.67400000000001
      vertex 228 172 62.67400000000001
      vertex 222 172 55.1
    endloop
  endfacet
  facet normal 0 -1 0
    outer loop
      vertex 222 172 55.1
      vertex 228 172 62.67400000000001
      vertex 222 172 62.67400000000001
    endloop
  endfacet
  facet normal 0 1 0
    outer loop
      vertex 222 175 55.1
      vertex 222 175 62.67400000000001
      vertex 228 175 54.67400000000001
    endloop
  endfacet
  facet normal 0 -1 0
    outer loop
      vertex 222 172 54.67400000000001
      vertex 228 172 54.67400000000001
      vertex 228 172 62.67400000000001
    endloop
  endfacet
  facet normal 1 0 0
    outer loop
      vertex 228 172 54.67400000000001
      vertex 228 175 54.67400000000001
      vertex 228 172 62.67400000000001
    endloop
  endfacet
  facet normal 0 1 0
    outer loop
      vertex 228 175 54.67400000000001
      vertex 222 175 62.67400000000001
      vertex 228 175 62.67400000000001
    endloop
  endfacet
  facet normal 1 0 0
    outer loop
      vertex 228 175 54.67400000000001
      vertex 228 175 62.67400000000001
      vertex 228 172 62.67400000000001
    endloop
  endfacet
  facet normal 0 0 1
    outer loop
      vertex 222 172 62.67400000000001
      vertex 228 172 62.67400000000001
      vertex 222 175 62.67400000000001
    endloop
  endfacet
  facet normal 0 0 1
    outer loop
      vertex 222 175 62.67400000000001
      vertex 228 172 62.67400000000001
      vertex 228 175 62.67400000000001
    endloop
  endfacet
  facet normal 0 0 -1
    outer loop
      vertex 222 172 115.12600000000002
      vertex 222 175 115.12600000000002
      vertex 228 175 115.12600000000002
    endloop
  endfacet
  facet normal 0 0 -1
    outer loop
      vertex 222 172 115.12600000000002
      vertex 228 175 115.12600000000002
      vertex 228 172 115.12600000000002
    endloop
  endfacet
  facet normal 0 -1 0
    outer loop
      vertex 222 172 115.12600000000002
      vertex 228 172 123.12600000000002
      vertex 222 172 123.12600000000002
    endloop
  endfacet
  facet normal 0 1 0
    outer loop
      vertex 222 175 115.12600000000002
      vertex 222 175 123.12600000000002
      vertex 228 175 115.12600000000002
    endloop
  endfacet
  facet normal 0 -1 0
    outer loop
      vertex 222 172 115.12600000000002
      vertex 228 172 115.12600000000002
      vertex 228 172 123.12600000000002
    endloop
  endfacet
  facet normal 1 0 0
    outer loop
      vertex 228 172 115.12600000000002
      vertex 228 175 115.12600000000002
      vertex 228 172 123.12600000000002
    endloop
  endfacet
  facet normal 0 1 0
    outer loop
      vertex 228 175 115.12600000000002
      vertex 222 175 123.12600000000002
      vertex 228 175 123.12600000000002
    endloop
  endfacet
  facet normal 1 0 0
    outer loop
      vertex 228 175 115.12600000000002
      vertex 228 175 123.12600000000002
      vertex 228 172 123.12600000000002
    endloop
  endfacet
  facet normal 0 0 1
    outer loop
      vertex 222 172 123.12600000000002
      vertex 228 172 123.12600000000002
      vertex 222 175 123.12600000000002
    endloop
  endfacet
  facet normal 0 0 1
    outer loop
      vertex 222 175 123.12600000000002
      vertex 228 172 123.12600000000002
      vertex 228 175 123.12600000000002
    endloop
  endfacet
  facet normal 0 1 0
    outer loop
      vertex 222 17.75 0
      vertex 215.99 17.75 0
      vertex 215.99 17.75 3
    endloop
  endfacet
  facet normal 0 1 0
    outer loop
      vertex 222 17.75 0
      vertex 215.99 17.75 3
      vertex 222 17.75 3
    endloop
  endfacet
  facet normal 1 0 0
    outer loop
      vertex 215.99 17.75 3
      vertex 215.99 17.75 0
      vertex 215.99 36.25 3
    endloop
  endfacet
  facet normal 0 1 0
    outer loop
      vertex 222 17.75 0
      vertex 222 17.75 3
      vertex 222.01000000000002 17.75 0
    endloop
  endfacet
  facet normal -1 0 0
    outer loop
      vertex 222.01000000000002 18 0
      vertex 222.01000000000002 17.75 0
      vertex 222.01000000000002 18 3
    endloop
  endfacet
  facet normal 0 1 0
    outer loop
      vertex 222 17.75 3
      vertex 222.01000000000002 17.75 3
      vertex 222.01000000000002 17.75 0
    endloop
  endfacet
  facet normal -1 0 0
    outer loop
      vertex 222.01000000000002 17.75 0
      vertex 222.01000000000002 17.75 3
      vertex 222.01000000000002 18 3
    endloop
  endfacet
  facet normal 1 0 0
    outer loop
      vertex 215.99 17.75 0
      vertex 215.99 36.25 0
      vertex 215.99 36.25 3
    endloop
  endfacet
  facet normal 0 -1 0
    outer loop
      vertex 215.99 36.25 3
      vertex 215.99 36.25 0
      vertex 222 36.25 3
    endloop
  endfacet
  facet normal 0 -1 0
    outer loop
      vertex 222 36.25 0
      vertex 222 36.25 3
      vertex 215.99 36.25 0
    endloop
  endfacet
  facet normal -1 0 0
    outer loop
      vertex 222.01000000000002 36 0
      vertex 222.01000000000002 36.25 3
      vertex 222.01000000000002 36.25 0
    endloop
  endfacet
  facet normal 0 -1 0
    outer loop
      vertex 222 36.25 0
      vertex 222.01000000000002 36.25 0
      vertex 222.01000000000002 36.25 3
    endloop
  endfacet
  facet normal -1 0 0
    outer loop
      vertex 222.01000000000002 36 3
      vertex 222.01000000000002 36.25 3
      vertex 222.01000000000002 36 0
    endloop
  endfacet
  facet normal 0 -1 0
    outer loop
      vertex 222 36.25 0
      vertex 222.01000000000002 36.25 3
      vertex 222 36.25 3
    endloop
  endfacet
  facet normal 0 1 0
    outer loop
      vertex 222 53.75 0
      vertex 215.99 53.75 0
      vertex 215.99 53.75 3
    endloop
  endfacet
  facet normal 0 1 0
    outer loop
      vertex 222 53.75 0
      vertex 215.99 53.75 3
      vertex 222 53.75 3
    endloop
  endfacet
  facet normal 1 0 0
    outer loop
      vertex 215.99 72.25 3
      vertex 215.99 53.75 3
      vertex 215.99 53.75 0
    endloop
  endfacet
  facet normal 0 1 0
    outer loop
      vertex 222 53.75 0
      vertex 222 53.75 3
      vertex 222.01000000000002 53.75 0
    endloop
  endfacet
  facet normal -1 0 0
    outer loop
      vertex 222.01000000000002 54 0
      vertex 222.01000000000002 53.75 0
      vertex 222.01000000000002 54 3
    endloop
  endfacet
  facet normal 0 1 0
    outer loop
      vertex 222 53.75 3
      vertex 222.01000000000002 53.75 3
      vertex 222.01000000000002 53.75 0
    endloop
  endfacet
  facet normal -1 0 0
    outer loop
      vertex 222.01000000000002 53.75 0
      vertex 222.01000000000002 53.75 3
      vertex 222.01000000000002 54 3
    endloop
  endfacet
  facet normal 1 0 0
    outer loop
      vertex 215.99 53.75 0
      vertex 215.99 72.25 0
      vertex 215.99 72.25 3
    endloop
  endfacet
  facet normal 0 -1 0
    outer loop
      vertex 222 72.25 3
      vertex 215.99 72.25 3
      vertex 215.99 72.25 0
    endloop
  endfacet
  facet normal 0 -1 0
    outer loop
      vertex 222 72.25 3
      vertex 215.99 72.25 0
      vertex 222 72.25 0
    endloop
  endfacet
  facet normal -1 0 0
    outer loop
      vertex 222.01000000000002 72 0
      vertex 222.01000000000002 72.25 3
      vertex 222.01000000000002 72.25 0
    endloop
  endfacet
  facet normal 0 -1 0
    outer loop
      vertex 222 72.25 0
      vertex 222.01000000000002 72.25 0
      vertex 222.01000000000002 72.25 3
    endloop
  endfacet
  facet normal -1 0 0
    outer loop
      vertex 222.01000000000002 72 3
      vertex 222.01000000000002 72.25 3
      vertex 222.01000000000002 72 0
    endloop
  endfacet
  facet normal 0 -1 0
    outer loop
      vertex 222 72.25 3
      vertex 222 72.25 0
      vertex 222.01000000000002 72.25 3
    endloop
  endfacet
  facet normal 0 1 0
    outer loop
      vertex 222 89.75 0
      vertex 215.99 89.75 0
      vertex 215.99 89.75 3
    endloop
  endfacet
  facet normal 0 1 0
    outer loop
      vertex 222 89.75 3
      vertex 222 89.75 0
      vertex 215.99 89.75 3
    endloop
  endfacet
  facet normal 0 1 0
    outer loop
      vertex 222 89.75 3
      vertex 222.01000000000002 89.75 0
      vertex 222 89.75 0
    endloop
  endfacet
  facet normal -1 0 0
    outer loop
      vertex 222.01000000000002 90 0
      vertex 222.01000000000002 89.75 0
      vertex 222.01000000000002 90 3
    endloop
  endfacet
  facet normal 0 1 0
    outer loop
      vertex 222 89.75 3
      vertex 222.01000000000002 89.75 3
      vertex 222.01000000000002 89.75 0
    endloop
  endfacet
  facet normal -1 0 0
    outer loop
      vertex 222.01000000000002 89.75 0
      vertex 222.01000000000002 89.75 3
      vertex 222.01000000000002 90 3
    endloop
  endfacet
  facet normal 1 0 0
    outer loop
      vertex 215.99 89.75 3
      vertex 215.99 89.75 0
      vertex 215.99 108.25 3
    endloop
  endfacet
  facet normal 1 0 0
    outer loop
      vertex 215.99 89.75 0
      vertex 215.99 108.25 0
      vertex 215.99 108.25 3
    endloop
  endfacet
  facet normal 0 -1 0
    outer loop
      vertex 222 108.25 3
      vertex 215.99 108.25 3
      vertex 215.99 108.25 0
    endloop
  endfacet
  facet normal 0 -1 0
    outer loop
      vertex 222 108.25 3
      vertex 215.99 108.25 0
      vertex 222 108.25 0
    endloop
  endfacet
  facet normal -1 0 0
    outer loop
      vertex 222.01000000000002 108 0
      vertex 222.01000000000002 108.25 3
      vertex 222.01000000000002 108.25 0
    endloop
  endfacet
  facet normal 0 -1 0
    outer loop
      vertex 222 108.25 0
      vertex 222.01000000000002 108.25 0
      vertex 222.01000000000002 108.25 3
    endloop
  endfacet
  facet normal -1 0 0
    outer loop
      vertex 222.01000000000002 108 3
      vertex 222.01000000000002 108.25 3
      vertex 222.01000000000002 108 0
    endloop
  endfacet
  facet normal 0 -1 0
    outer loop
      vertex 222 108.25 3
      vertex 222 108.25 0
      vertex 222.01000000000002 108.25 3
    endloop
  endfacet
  facet normal 0 1 0
    outer loop
      vertex 222 125.75 0
      vertex 215.99 125.75 0
      vertex 215.99 125.75 3
    endloop
  endfacet
  facet normal 0 1 0
    outer loop
      vertex 222 125.75 3
      vertex 222 125.75 0
      vertex 215.99 125.75 3
    endloop
  endfacet
  facet normal 0 1 0
    outer loop
      vertex 222 125.75 3
      vertex 222.01000000000002 125.75 0
      vertex 222 125.75 0
    endloop
  endfacet
  facet normal -1 0 0
    outer loop
      vertex 222.01000000000002 126 0
      vertex 222.01000000000002 125.75 0
      vertex 222.01000000000002 126 3
    endloop
  endfacet
  facet normal 0 1 0
    outer loop
      vertex 222 125.75 3
      vertex 222.01000000000002 125.75 3
      vertex 222.01000000000002 125.75 0
    endloop
  endfacet
  facet normal -1 0 0
    outer loop
      vertex 222.01000000000002 125.75 0
      vertex 222.01000000000002 125.75 3
      vertex 222.01000000000002 126 3
    endloop
  endfacet
  facet normal 1 0 0
    outer loop
      vertex 215.99 125.75 3
      vertex 215.99 125.75 0
      vertex 215.99 144.25 3
    endloop
  endfacet
  facet normal 1 0 0
    outer loop
      vertex 215.99 125.75 0
      vertex 215.99 144.25 0
      vertex 215.99 144.25 3
    endloop
  endfacet
  facet normal 0 -1 0
    outer loop
      vertex 222 144.25 3
      vertex 215.99 144.25 3
      vertex 215.99 144.25 0
    endloop
  endfacet
  facet normal 0 -1 0
    outer loop
      vertex 222 144.25 3
      vertex 215.99 144.25 0
      vertex 222 144.25 0
    endloop
  endfacet
  facet normal -1 0 0
    outer loop
      vertex 222.01000000000002 144 0
      vertex 222.01000000000002 144.25 3
      vertex 222.01000000000002 144.25 0
    endloop
  endfacet
  facet normal 0 -1 0
    outer loop
      vertex 222 144.25 0
      vertex 222.01000000000002 144.25 0
      vertex 222.01000000000002 144.25 3
    endloop
  endfacet
  facet normal -1 0 0
    outer loop
      vertex 222.01000000000002 144 3
      vertex 222.01000000000002 144.25 3
      vertex 222.01000000000002 144 0
    endloop
  endfacet
  facet normal 0 -1 0
    outer loop
      vertex 222 144.25 3
      vertex 222 144.25 0
      vertex 222.01000000000002 144.25 3
    endloop
  endfacet
  facet normal 0 0 -1
    outer loop
      vertex 3 0 3.0100000000000002
      vertex 0 0 3.0100000000000002
      vertex 3 6.010000000000019 3.0100000000000002
    endloop
  endfacet
  facet normal 0 0 -1
    outer loop
      vertex 0 0 3.0100000000000002
      vertex 0 6.010000000000019 3.0100000000000002
      vertex 3 6.010000000000019 3.0100000000000002
    endloop
  endfacet
  facet normal 0 -1 0
    outer loop
      vertex 3 6.010000000000019 3
      vertex 0 6.010000000000019 3.0100000000000002
      vertex 0 6.010000000000019 0
    endloop
  endfacet
  facet normal 0 -1 0
    outer loop
      vertex 3 6.010000000000019 3
      vertex 3 6.010000000000019 3.0100000000000002
      vertex 0 6.010000000000019 3.0100000000000002
    endloop
  endfacet
  facet normal 0 -1 0
    outer loop
      vertex 3 6.010000000000019 3
      vertex 0 6.010000000000019 0
      vertex 18.25 6.010000000000019 3
    endloop
  endfacet
  facet normal 0 -1 0
    outer loop
      vertex 0 6.010000000000019 0
      vertex 18.25 6.010000000000019 0
      vertex 18.25 6.010000000000019 3
    endloop
  endfacet
  facet normal 0 1 0
    outer loop
      vertex 18 -0.009999999999990905 0
      vertex 18 -0.009999999999990905 3
      vertex 18.25 -0.009999999999990905 0
    endloop
  endfacet
  facet normal -1 0 0
    outer loop
      vertex 18.25 0 0
      vertex 18.25 -0.009999999999990905 0
      vertex 18.25 -0.009999999999990905 3
    endloop
  endfacet
  facet normal 0 1 0
    outer loop
      vertex 18 -0.009999999999990905 3
      vertex 18.25 -0.009999999999990905 3
      vertex 18.25 -0.009999999999990905 0
    endloop
  endfacet
  facet normal -1 0 0
    outer loop
      vertex 18.25 0 0
      vertex 18.25 -0.009999999999990905 3
      vertex 18.25 0 3
    endloop
  endfacet
  facet normal -1 0 0
    outer loop
      vertex 18.25 0 0
      vertex 18.25 0 3
      vertex 18.25 6.010000000000019 0
    endloop
  endfacet
  facet normal -1 0 0
    outer loop
      vertex 18.25 0 3
      vertex 18.25 6.010000000000019 3
      vertex 18.25 6.010000000000019 0
    endloop
  endfacet
  facet normal 1 0 0
    outer loop
      vertex 35.75 0 0
      vertex 35.75 0 3
      vertex 35.75 -0.009999999999990905 0
    endloop
  endfacet
  facet normal 0 1 0
    outer loop
      vertex 35.75 -0.009999999999990905 0
      vertex 35.75 -0.009999999999990905 3
      vertex 36 -0.009999999999990905 0
    endloop
  endfacet
  facet normal 1 0 0
    outer loop
      vertex 35.75 0 3
      vertex 35.75 -0.009999999999990905 3
      vertex 35.75 -0.009999999999990905 0
    endloop
  endfacet
  facet normal 0 1 0
    outer loop
      vertex 35.75 -0.009999999999990905 3
      vertex 36 -0.009999999999990905 3
      vertex 36 -0.009999999999990905 0
    endloop
  endfacet
  facet normal 1 0 0
    outer loop
      vertex 35.75 0 3
      vertex 35.75 0 0
      vertex 35.75 6.010000000000019 3
    endloop
  endfacet
  facet normal 1 0 0
    outer loop
      vertex 35.75 6.010000000000019 3
      vertex 35.75 0 0
      vertex 35.75 6.010000000000019 0
    endloop
  endfacet
  facet normal 0 -1 0
    outer loop
      vertex 54.25 6.010000000000019 3
      vertex 35.75 6.010000000000019 3
      vertex 35.75 6.010000000000019 0
    endloop
  endfacet
  facet normal 0 1 0
    outer loop
      vertex 54 -0.009999999999990905 0
      vertex 54 -0.009999999999990905 3
      vertex 54.25 -0.009999999999990905 0
    endloop
  endfacet
  facet normal -1 0 0
    outer loop
      vertex 54.25 0 0
      vertex 54.25 -0.009999999999990905 0
      vertex 54.25 -0.009999999999990905 3
    endloop
  endfacet
  facet normal 0 1 0
    outer loop
      vertex 54 -0.009999999999990905 3
      vertex 54.25 -0.009999999999990905 3
      vertex 54.25 -0.009999999999990905 0
    endloop
  endfacet
  facet normal -1 0 0
    outer loop
      vertex 54.25 0 3
      vertex 54.25 0 0
      vertex 54.25 -0.009999999999990905 3
    endloop
  endfacet
  facet normal -1 0 0
    outer loop
      vertex 54.25 0 0
      vertex 54.25 0 3
      vertex 54.25 6.010000000000019 0
    endloop
  endfacet
  facet normal -1 0 0
    outer loop
      vertex 54.25 0 3
      vertex 54.25 6.010000000000019 3
      vertex 54.25 6.010000000000019 0
    endloop
  endfacet
  facet normal 0 -1 0
    outer loop
      vertex 35.75 6.010000000000019 0
      vertex 54.25 6.010000000000019 0
      vertex 54.25 6.010000000000019 3
    endloop
  endfacet
  facet normal 1 0 0
    outer loop
      vertex 71.75 0 3
      vertex 71.75 -0.009999999999990905 0
      vertex 71.75 0 0
    endloop
  endfacet
  facet normal 0 1 0
    outer loop
      vertex 71.75 -0.009999999999990905 0
      vertex 71.75 -0.009999999999990905 3
      vertex 72 -0.009999999999990905 0
    endloop
  endfacet
  facet normal 1 0 0
    outer loop
      vertex 71.75 0 3
      vertex 71.75 -0.009999999999990905 3
      vertex 71.75 -0.009999999999990905 0
    endloop
  endfacet
  facet normal 0 1 0
    outer loop
      vertex 71.75 -0.009999999999990905 3
      vertex 72 -0.009999999999990905 3
      vertex 72 -0.009999999999990905 0
    endloop
  endfacet
  facet normal 1 0 0
    outer loop
      vertex 71.75 0 3
      vertex 71.75 0 0
      vertex 71.75 6.010000000000019 3
    endloop
  endfacet
  facet normal 1 0 0
    outer loop
      vertex 71.75 6.010000000000019 3
      vertex 71.75 0 0
      vertex 71.75 6.010000000000019 0
    endloop
  endfacet
  facet normal 0 -1 0
    outer loop
      vertex 90.25 6.010000000000019 3
      vertex 71.75 6.010000000000019 3
      vertex 71.75 6.010000000000019 0
    endloop
  endfacet
  facet normal 0 -1 0
    outer loop
      vertex 71.75 6.010000000000019 0
      vertex 90.25 6.010000000000019 0
      vertex 90.25 6.010000000000019 3
    endloop
  endfacet
  facet normal 0 1 0
    outer loop
      vertex 90 -0.009999999999990905 0
      vertex 90 -0.009999999999990905 3
      vertex 90.25 -0.009999999999990905 0
    endloop
  endfacet
  facet normal -1 0 0
    outer loop
      vertex 90.25 0 0
      vertex 90.25 -0.009999999999990905 0
      vertex 90.25 -0.009999999999990905 3
    endloop
  endfacet
  facet normal 0 1 0
    outer loop
      vertex 90 -0.009999999999990905 3
      vertex 90.25 -0.009999999999990905 3
      vertex 90.25 -0.009999999999990905 0
    endloop
  endfacet
  facet normal -1 0 0
    outer loop
      vertex 90.25 0 3
      vertex 90.25 0 0
      vertex 90.25 -0.009999999999990905 3
    endloop
  endfacet
  facet normal -1 0 0
    outer loop
      vertex 90.25 0 0
      vertex 90.25 0 3
      vertex 90.25 6.010000000000019 0
    endloop
  endfacet
  facet normal -1 0 0
    outer loop
      vertex 90.25 0 3
      vertex 90.25 6.010000000000019 3
      vertex 90.25 6.010000000000019 0
    endloop
  endfacet
  facet normal 1 0 0
    outer loop
      vertex 107.75 0 3
      vertex 107.75 -0.009999999999990905 0
      vertex 107.75 0 0
    endloop
  endfacet
  facet normal 0 1 0
    outer loop
      vertex 107.75 -0.009999999999990905 0
      vertex 107.75 -0.009999999999990905 3
      vertex 108 -0.009999999999990905 0
    endloop
  endfacet
  facet normal 1 0 0
    outer loop
      vertex 107.75 0 3
      vertex 107.75 -0.009999999999990905 3
      vertex 107.75 -0.009999999999990905 0
    endloop
  endfacet
  facet normal 0 1 0
    outer loop
      vertex 107.75 -0.009999999999990905 3
      vertex 108 -0.009999999999990905 3
      vertex 108 -0.009999999999990905 0
    endloop
  endfacet
  facet normal 1 0 0
    outer loop
      vertex 107.75 0 3
      vertex 107.75 0 0
      vertex 107.75 6.010000000000019 3
    endloop
  endfacet
  facet normal 1 0 0
    outer loop
      vertex 107.75 6.010000000000019 3
      vertex 107.75 0 0
      vertex 107.75 6.010000000000019 0
    endloop
  endfacet
  facet normal 0 -1 0
    outer loop
      vertex 126.25 6.010000000000019 3
      vertex 107.75 6.010000000000019 3
      vertex 107.75 6.010000000000019 0
    endloop
  endfacet
  facet normal 0 1 0
    outer loop
      vertex 126 -0.009999999999990905 0
      vertex 126 -0.009999999999990905 3
      vertex 126.25 -0.009999999999990905 0
    endloop
  endfacet
  facet normal -1 0 0
    outer loop
      vertex 126.25 0 0
      vertex 126.25 -0.009999999999990905 0
      vertex 126.25 -0.009999999999990905 3
    endloop
  endfacet
  facet normal 0 1 0
    outer loop
      vertex 126 -0.009999999999990905 3
      vertex 126.25 -0.009999999999990905 3
      vertex 126.25 -0.009999999999990905 0
    endloop
  endfacet
  facet normal -1 0 0
    outer loop
      vertex 126.25 0 3
      vertex 126.25 0 0
      vertex 126.25 -0.009999999999990905 3
    endloop
  endfacet
  facet normal -1 0 0
    outer loop
      vertex 126.25 0 0
      vertex 126.25 0 3
      vertex 126.25 6.010000000000019 0
    endloop
  endfacet
  facet normal -1 0 0
    outer loop
      vertex 126.25 0 3
      vertex 126.25 6.010000000000019 3
      vertex 126.25 6.010000000000019 0
    endloop
  endfacet
  facet normal 0 -1 0
    outer loop
      vertex 107.75 6.010000000000019 0
      vertex 126.25 6.010000000000019 0
      vertex 126.25 6.010000000000019 3
    endloop
  endfacet
  facet normal 1 0 0
    outer loop
      vertex 143.75 0 3
      vertex 143.75 -0.009999999999990905 0
      vertex 143.75 0 0
    endloop
  endfacet
  facet normal 0 1 0
    outer loop
      vertex 143.75 -0.009999999999990905 0
      vertex 143.75 -0.009999999999990905 3
      vertex 144 -0.009999999999990905 0
    endloop
  endfacet
  facet normal 1 0 0
    outer loop
      vertex 143.75 0 3
      vertex 143.75 -0.009999999999990905 3
      vertex 143.75 -0.009999999999990905 0
    endloop
  endfacet
  facet normal 0 1 0
    outer loop
      vertex 143.75 -0.009999999999990905 3
      vertex 144 -0.009999999999990905 3
      vertex 144 -0.009999999999990905 0
    endloop
  endfacet
  facet normal 1 0 0
    outer loop
      vertex 143.75 0 3
      vertex 143.75 0 0
      vertex 143.75 6.010000000000019 3
    endloop
  endfacet
  facet normal 1 0 0
    outer loop
      vertex 143.75 0 0
      vertex 143.75 6.010000000000019 0
      vertex 143.75 6.010000000000019 3
    endloop
  endfacet
  facet normal 0 -1 0
    outer loop
      vertex 162.25 6.010000000000019 3
      vertex 143.75 6.010000000000019 3
      vertex 143.75 6.010000000000019 0
    endloop
  endfacet
  facet normal 0 -1 0
    outer loop
      vertex 143.75 6.010000000000019 0
      vertex 162.25 6.010000000000019 0
      vertex 162.25 6.010000000000019 3
    endloop
  endfacet
  facet normal 0 1 0
    outer loop
      vertex 162 -0.009999999999990905 0
      vertex 162 -0.009999999999990905 3
      vertex 162.25 -0.009999999999990905 0
    endloop
  endfacet
  facet normal -1 0 0
    outer loop
      vertex 162.25 0 0
      vertex 162.25 -0.009999999999990905 0
      vertex 162.25 -0.009999999999990905 3
    endloop
  endfacet
  facet normal 0 1 0
    outer loop
      vertex 162 -0.009999999999990905 3
      vertex 162.25 -0.009999999999990905 3
      vertex 162.25 -0.009999999999990905 0
    endloop
  endfacet
  facet normal -1 0 0
    outer loop
      vertex 162.25 0 3
      vertex 162.25 0 0
      vertex 162.25 -0.009999999999990905 3
    endloop
  endfacet
  facet normal -1 0 0
    outer loop
      vertex 162.25 0 0
      vertex 162.25 0 3
      vertex 162.25 6.010000000000019 0
    endloop
  endfacet
  facet normal -1 0 0
    outer loop
      vertex 162.25 0 3
      vertex 162.25 6.010000000000019 3
      vertex 162.25 6.010000000000019 0
    endloop
  endfacet
  facet normal 1 0 0
    outer loop
      vertex 179.75 0 3
      vertex 179.75 -0.009999999999990905 0
      vertex 179.75 0 0
    endloop
  endfacet
  facet normal 0 1 0
    outer loop
      vertex 179.75 -0.009999999999990905 0
      vertex 179.75 -0.009999999999990905 3
      vertex 180 -0.009999999999990905 0
    endloop
  endfacet
  facet normal 1 0 0
    outer loop
      vertex 179.75 0 3
      vertex 179.75 -0.009999999999990905 3
      vertex 179.75 -0.009999999999990905 0
    endloop
  endfacet
  facet normal 1 0 0
    outer loop
      vertex 179.75 0 3
      vertex 179.75 0 0
      vertex 179.75 6.010000000000019 3
    endloop
  endfacet
  facet normal 0 1 0
    outer loop
      vertex 179.75 -0.009999999999990905 3
      vertex 180 -0.009999999999990905 3
      vertex 180 -0.009999999999990905 0
    endloop
  endfacet
  facet normal 1 0 0
    outer loop
      vertex 179.75 0 0
      vertex 179.75 6.010000000000019 0
      vertex 179.75 6.010000000000019 3
    endloop
  endfacet
  facet normal 0 1 0
    outer loop
      vertex 198 -0.009999999999990905 0
      vertex 198 -0.009999999999990905 3
      vertex 198.25 -0.009999999999990905 0
    endloop
  endfacet
  facet normal -1 0 0
    outer loop
      vertex 198.25 0 0
      vertex 198.25 -0.009999999999990905 0
      vertex 198.25 -0.009999999999990905 3
    endloop
  endfacet
  facet normal 0 1 0
    outer loop
      vertex 198 -0.009999999999990905 3
      vertex 198.25 -0.009999999999990905 3
      vertex 198.25 -0.009999999999990905 0
    endloop
  endfacet
  facet normal -1 0 0
    outer loop
      vertex 198.25 0 3
      vertex 198.25 0 0
      vertex 198.25 -0.009999999999990905 3
    endloop
  endfacet
  facet normal -1 0 0
    outer loop
      vertex 198.25 0 0
      vertex 198.25 0 3
      vertex 198.25 6.010000000000019 0
    endloop
  endfacet
  facet normal -1 0 0
    outer loop
      vertex 198.25 0 3
      vertex 198.25 6.010000000000019 3
      vertex 198.25 6.010000000000019 0
    endloop
  endfacet
  facet normal 0 -1 0
    outer loop
      vertex 198.25 6.010000000000019 3
      vertex 179.75 6.010000000000019 3
      vertex 179.75 6.010000000000019 0
    endloop
  endfacet
  facet normal 0 -1 0
    outer loop
      vertex 179.75 6.010000000000019 0
      vertex 198.25 6.010000000000019 0
      vertex 198.25 6.010000000000019 3
    endloop
  endfacet
  facet normal 0 0 1
    outer loop
      vertex 0 0 54.42400000000001
      vertex 3 0 54.42400000000001
      vertex 0 6.110000000000014 54.42400000000001
    endloop
  endfacet
  facet normal 0 0 1
    outer loop
      vertex 3 0 54.42400000000001
      vertex 3 6.110000000000014 54.42400000000001
      vertex 0 6.110000000000014 54.42400000000001
    endloop
  endfacet
  facet normal 0 0 -1
    outer loop
      vertex 3 0 62.92400000000001
      vertex 0 0 62.92400000000001
      vertex 3 6.110000000000014 62.92400000000001
    endloop
  endfacet
  facet normal 0 0 -1
    outer loop
      vertex 0 6.110000000000014 62.92400000000001
      vertex 3 6.110000000000014 62.92400000000001
      vertex 0 0 62.92400000000001
    endloop
  endfacet
  facet normal 0 -1 0
    outer loop
      vertex 0 6.110000000000014 54.42400000000001
      vertex 3 6.110000000000014 54.42400000000001
      vertex 0 6.110000000000014 62.92400000000001
    endloop
  endfacet
  facet normal 0 -1 0
    outer loop
      vertex 0 6.110000000000014 62.92400000000001
      vertex 3 6.110000000000014 54.42400000000001
      vertex 3 6.110000000000014 62.92400000000001
    endloop
  endfacet
  facet normal 0 0 1
    outer loop
      vertex 0 0 114.87600000000002
      vertex 3 0 114.87600000000002
      vertex 0 6.110000000000014 114.87600000000002
    endloop
  endfacet
  facet normal 0 0 1
    outer loop
      vertex 3 0 114.87600000000002
      vertex 3 6.110000000000014 114.87600000000002
      vertex 0 6.110000000000014 114.87600000000002
    endloop
  endfacet
  facet normal 0 0 -1
    outer loop
      vertex 3 0 123.37600000000002
      vertex 0 0 123.37600000000002
      vertex 3 6.110000000000014 123.37600000000002
    endloop
  endfacet
  facet normal 0 0 -1
    outer loop
      vertex 0 0 123.37600000000002
      vertex 0 6.110000000000014 123.37600000000002
      vertex 3 6.110000000000014 123.37600000000002
    endloop
  endfacet
  facet normal 0 -1 0
    outer loop
      vertex 0 6.110000000000014 114.87600000000002
      vertex 3 6.110000000000014 114.87600000000002
      vertex 0 6.110000000000014 123.37600000000002
    endloop
  endfacet
  facet normal 0 -1 0
    outer loop
      vertex 0 6.110000000000014 123.37600000000002
      vertex 3 6.110000000000014 114.87600000000002
      vertex 3 6.110000000000014 123.37600000000002
    endloop
  endfacet
  facet normal 1 0 0
    outer loop
      vertex 97.84 169 0
      vertex 97.84 172 0
      vertex 97.84 169 3
    endloop
  endfacet
  facet normal 1 0 0
    outer loop
      vertex 97.84 169 3
      vertex 97.84 172 0
      vertex 97.84 172 3
    endloop
  endfacet
  facet normal 0 1 0
    outer loop
      vertex 97.84 169 0
      vertex 97.84 169 3
      vertex 107.84 169 0
    endloop
  endfacet
  facet normal 0 1 0
    outer loop
      vertex 97.84 169 3
      vertex 107.84 169 3
      vertex 107.84 169 0
    endloop
  endfacet
  facet normal -1 0 0
    outer loop
      vertex 107.84 169 0
      vertex 107.84 169 3
      vertex 107.84 172 3
    endloop
  endfacet
  facet normal -1 0 0
    outer loop
      vertex 107.84 169 0
      vertex 107.84 172 3
      vertex 107.84 172 0
    endloop
  endfacet
  facet normal 1 0 0
    outer loop
      vertex 118.16000000000001 169 0
      vertex 118.16000000000001 172 0
      vertex 118.16000000000001 169 3
    endloop
  endfacet
  facet normal 1 0 0
    outer loop
      vertex 118.16000000000001 169 3
      vertex 118.16000000000001 172 0
      vertex 118.16000000000001 172 3
    endloop
  endfacet
  facet normal 0 1 0
    outer loop
      vertex 118.16000000000001 169 0
      vertex 118.16000000000001 169 3
      vertex 128.16000000000003 169 0
    endloop
  endfacet
  facet normal 0 1 0
    outer loop
      vertex 118.16000000000001 169 3
      vertex 128.16000000000003 169 3
      vertex 128.16000000000003 169 0
    endloop
  endfacet
  facet normal -1 0 0
    outer loop
      vertex 128.16000000000003 169 0
      vertex 128.16000000000003 169 3
      vertex 128.16000000000003 172 3
    endloop
  endfacet
  facet normal -1 0 0
    outer loop
      vertex 128.16000000000003 169 0
      vertex 128.16000000000003 172 3
      vertex 128.16000000000003 172 0
    endloop
  endfacet
  facet normal 0 -1 0
    outer loop
      vertex 3 0 3.0100000000000002
      vertex 0 0 54.42400000000001
      vertex 0 0 3.0100000000000002
    endloop
  endfacet
  facet normal 0 -1 0
    outer loop
      vertex 3 0 3.0100000000000002
      vertex 3 0 54.42400000000001
      vertex 0 0 54.42400000000001
    endloop
  endfacet
  facet normal 0 -1 0
    outer loop
      vertex 3 0 62.92400000000001
      vertex 0 0 114.87600000000002
      vertex 0 0 62.92400000000001
    endloop
  endfacet
  facet normal 0 -1 0
    outer loop
      vertex 3 0 62.92400000000001
      vertex 3 0 114.87600000000002
      vertex 0 0 114.87600000000002
    endloop
  endfacet
  facet normal 0 -1 0
    outer loop
      vertex 0 0 177.8
      vertex 0 0 123.37600000000002
      vertex 3 0 123.37600000000002
    endloop
  endfacet
  facet normal 0 -1 0
    outer loop
      vertex 0 0 177.8
      vertex 3 0 123.37600000000002
      vertex 3 0 177.8
    endloop
  endfacet
  facet normal 0 1 0
    outer loop
      vertex 80.18 175 123
      vertex 85.18 175 127.3
      vertex 90.18 175 123
    endloop
  endfacet
  facet normal 0 1 0
    outer loop
      vertex 80.18 175 123
      vertex 83.70775681356646 175 128.15
      vertex 84.33000000000001 175 127.52775681356646
    endloop
  endfacet
  facet normal 0 1 0
    outer loop
      vertex 80.18 175 123
      vertex 84.33000000000001 175 127.52775681356646
      vertex 85.18 175 127.3
    endloop
  endfacet
  facet normal 0 1 0
    outer loop
      vertex 80.18 175 123
      vertex 83.48 175 129
      vertex 83.70775681356646 175 128.15
    endloop
  endfacet
  facet normal 0 1 0
    outer loop
      vertex 80.18 175 123
      vertex 83.70775681356646 175 129.85
      vertex 83.48 175 129
    endloop
  endfacet
  facet normal 0 1 0
    outer loop
      vertex 80.18 175 123
      vertex 80.18 175 135
      vertex 83.70775681356646 175 129.85
    endloop
  endfacet
  facet normal 0 1 0
    outer loop
      vertex 83.70775681356646 175 129.85
      vertex 80.18 175 135
      vertex 84.33000000000001 175 130.47224318643356
    endloop
  endfacet
  facet normal 0 1 0
    outer loop
      vertex 84.33000000000001 175 130.47224318643356
      vertex 80.18 175 135
      vertex 85.18 175 130.7
    endloop
  endfacet
  facet normal 0 1 0
    outer loop
      vertex 85.18 175 127.3
      vertex 86.03 175 127.52775681356646
      vertex 90.18 175 123
    endloop
  endfacet
  facet normal 0 1 0
    outer loop
      vertex 86.03 175 127.52775681356646
      vertex 86.65224318643355 175 128.15
      vertex 90.18 175 123
    endloop
  endfacet
  facet normal 0 1 0
    outer loop
      vertex 90.18 175 123
      vertex 86.65224318643355 175 128.15
      vertex 86.88000000000001 175 129
    endloop
  endfacet
  facet normal 0 1 0
    outer loop
      vertex 90.18 175 123
      vertex 86.88000000000001 175 129
      vertex 86.65224318643355 175 129.85
    endloop
  endfacet
  facet normal 0 1 0
    outer loop
      vertex 90.18 175 123
      vertex 86.65224318643355 175 129.85
      vertex 90.18 175 135
    endloop
  endfacet
  facet normal 0 1 0
    outer loop
      vertex 85.18 175 130.7
      vertex 90.18 175 135
      vertex 86.03 175 130.47224318643356
    endloop
  endfacet
  facet normal 0 1 0
    outer loop
      vertex 86.03 175 130.47224318643356
      vertex 90.18 175 135
      vertex 86.65224318643355 175 129.85
    endloop
  endfacet
  facet normal 0 1 0
    outer loop
      vertex 85.18 175 130.7
      vertex 80.18 175 135
      vertex 90.18 175 135
    endloop
  endfacet
  facet normal 0 -1 0
    outer loop
      vertex 216 0 0
      vertex 222 0 0
      vertex 216 0 3
    endloop
  endfacet
  facet normal 0 -1 0
    outer loop
      vertex 216 0 3
      vertex 222 0 0
      vertex 222 0 3
    endloop
  endfacet
  facet normal 1 0 0
    outer loop
      vertex 222 162 0
      vertex 222 172 3
      vertex 222 162 3
    endloop
  endfacet
  facet normal 1 0 0
    outer loop
      vertex 222 162 0
      vertex 222 175 0
      vertex 222 172 3
    endloop
  endfacet
  facet normal 1 0 0
    outer loop
      vertex 222 172 3
      vertex 222 175 0
      vertex 222 172 10.6
    endloop
  endfacet
  facet normal 1 0 0
    outer loop
      vertex 222 175 0
      vertex 222 175 3
      vertex 222 172 10.6
    endloop
  endfacet
  facet normal 1 0 0
    outer loop
      vertex 222 175 3
      vertex 222 175 10.6
      vertex 222 172 10.6
    endloop
  endfacet
  facet normal 1 0 0
    outer loop
      vertex 222 172 62.67400000000001
      vertex 222 175 62.67400000000001
      vertex 222 175 115.12600000000002
    endloop
  endfacet
  facet normal 0 1 0
    outer loop
      vertex 135.82 175 123
      vertex 139.34775681356643 175 128.15
      vertex 139.97 175 127.52775681356646
    endloop
  endfacet
  facet normal 0 1 0
    outer loop
      vertex 135.82 175 123
      vertex 139.97 175 127.52775681356646
      vertex 140.82 175 127.3
    endloop
  endfacet
  facet normal 0 1 0
    outer loop
      vertex 135.82 175 123
      vertex 139.12 175 129
      vertex 139.34775681356643 175 128.15
    endloop
  endfacet
  facet normal 0 1 0
    outer loop
      vertex 135.82 175 123
      vertex 139.34775681356643 175 129.85
      vertex 139.12 175 129
    endloop
  endfacet
  facet normal 0 1 0
    outer loop
      vertex 135.82 175 123
      vertex 140.82 175 127.3
      vertex 145.82 175 123
    endloop
  endfacet
  facet normal 0 1 0
    outer loop
      vertex 135.82 175 123
      vertex 135.82 175 135
      vertex 139.34775681356643 175 129.85
    endloop
  endfacet
  facet normal 0 1 0
    outer loop
      vertex 139.34775681356643 175 129.85
      vertex 135.82 175 135
      vertex 139.97 175 130.47224318643356
    endloop
  endfacet
  facet normal 0 1 0
    outer loop
      vertex 139.97 175 130.47224318643356
      vertex 135.82 175 135
      vertex 140.82 175 130.7
    endloop
  endfacet
  facet normal 0 1 0
    outer loop
      vertex 140.82 175 127.3
      vertex 141.67 175 127.52775681356646
      vertex 145.82 175 123
    endloop
  endfacet
  facet normal 0 1 0
    outer loop
      vertex 141.67 175 127.52775681356646
      vertex 142.29224318643355 175 128.15
      vertex 145.82 175 123
    endloop
  endfacet
  facet normal 0 1 0
    outer loop
      vertex 142.29224318643355 175 128.15
      vertex 142.51999999999998 175 129
      vertex 145.82 175 123
    endloop
  endfacet
  facet normal 0 1 0
    outer loop
      vertex 142.29224318643355 175 129.85
      vertex 145.82 175 123
      vertex 142.51999999999998 175 129
    endloop
  endfacet
  facet normal 0 1 0
    outer loop
      vertex 142.29224318643355 175 129.85
      vertex 145.82 175 135
      vertex 145.82 175 123
    endloop
  endfacet
  facet normal 0 1 0
    outer loop
      vertex 142.29224318643355 175 129.85
      vertex 141.67 175 130.47224318643356
      vertex 145.82 175 135
    endloop
  endfacet
  facet normal 0 1 0
    outer loop
      vertex 141.67 175 130.47224318643356
      vertex 140.82 175 130.7
      vertex 145.82 175 135
    endloop
  endfacet
  facet normal 0 1 0
    outer loop
      vertex 140.82 175 130.7
      vertex 135.82 175 135
      vertex 145.82 175 135
    endloop
  endfacet
  facet normal 1 0 0
    outer loop
      vertex 222 172 62.67400000000001
      vertex 222 175 115.12600000000002
      vertex 222 172 115.12600000000002
    endloop
  endfacet
  facet normal 1 0 0
    outer loop
      vertex 222 172 123.12600000000002
      vertex 222 175 123.12600000000002
      vertex 222 172 141.8206600515899
    endloop
  endfacet
  facet normal 1 0 0
    outer loop
      vertex 222 175 123.12600000000002
      vertex 222 175 177.8
      vertex 222 172 141.8206600515899
    endloop
  endfacet
  facet normal 1 0 0
    outer loop
      vertex 222 172 141.8206600515899
      vertex 222 175 177.8
      vertex 222 172 177.8
    endloop
  endfacet
endsolid OpenSCAD_Model
